{"type":"accel","timestamp":1531636253725,"x":-3.0622711181640625,"y":4.3961639404296875,"z":-1.0505218505859375,"roomId":5555}
{"type":"gyro","timestamp":1531636253727,"x":0.876617431640625,"y":-2.9219818115234375,"z":-2.129913330078125,"roomId":5555}
{"type":"accel","timestamp":1531636253745,"x":1.02520751953125,"y":6.917572021484375,"z":-8.675567626953125,"roomId":5555}
{"type":"gyro","timestamp":1531636253747,"x":2.3688812255859375,"y":-1.7339324951171875,"z":-0.0113677978515625,"roomId":5555}
{"type":"accel","timestamp":1531636253755,"x":4.3631439208984375,"y":8.531906127929688,"z":-11.929824829101562,"roomId":5555}
{"type":"accel","timestamp":1531636253767,"x":6.3306427001953125,"y":10.055206298828125,"z":-13.5809326171875,"roomId":5555}
{"type":"gyro","timestamp":1531636253769,"x":2.5655517578125,"y":-0.187225341796875,"z":1.4985504150390625,"roomId":5555}
{"type":"accel","timestamp":1531636253784,"x":8.60400390625,"y":11.227569580078125,"z":-15.255584716796875,"roomId":5555}
{"type":"gyro","timestamp":1531636253786,"x":1.904205322265625,"y":0.742431640625,"z":1.7263031005859375,"roomId":5555}
{"type":"accel","timestamp":1531636253795,"x":8.742660522460938,"y":11.477218627929688,"z":-14.869842529296875,"roomId":5555}
{"type":"gyro","timestamp":1531636253796,"x":1.405975341796875,"y":0.9180908203125,"z":1.454132080078125,"roomId":5555}
{"type":"accel","timestamp":1531636253805,"x":7.6973876953125,"y":11.492340087890625,"z":-13.573562622070312,"roomId":5555}
{"type":"gyro","timestamp":1531636253806,"x":0.748260498046875,"y":0.8607635498046875,"z":1.0195770263671875,"roomId":5555}
{"type":"accel","timestamp":1531636253823,"x":5.2991943359375,"y":9.745071411132812,"z":-6.5728302001953125,"roomId":5555}
{"type":"gyro","timestamp":1531636253824,"x":-0.8522186279296875,"y":0.5483856201171875,"z":0.2532806396484375,"roomId":5555}
{"type":"accel","timestamp":1531636253833,"x":5.070831298828125,"y":9.239089965820312,"z":-4.5714111328125,"roomId":5555}
{"type":"accel","timestamp":1531636253843,"x":4.969329833984375,"y":9.482330322265625,"z":-0.9246368408203125,"roomId":5555}
{"type":"gyro","timestamp":1531636253844,"x":-1.649017333984375,"y":0.6885833740234375,"z":0.1116485595703125,"roomId":5555}
{"type":"accel","timestamp":1531636253863,"x":3.357879638671875,"y":8.418060302734375,"z":-4.300445556640625,"roomId":5555}
{"type":"gyro","timestamp":1531636253864,"x":-1.085968017578125,"y":0.53924560546875,"z":0.2130889892578125,"roomId":5555}
{"type":"accel","timestamp":1531636253873,"x":3.43359375,"y":8.186614990234375,"z":-4.9267120361328125,"roomId":5555}
{"type":"gyro","timestamp":1531636253874,"x":-0.8255462646484375,"y":0.6310882568359375,"z":0.268218994140625,"roomId":5555}
{"type":"accel","timestamp":1531636253883,"x":3.8039093017578125,"y":8.133560180664062,"z":-5.070770263671875,"roomId":5555}
{"type":"gyro","timestamp":1531636253884,"x":-0.778564453125,"y":0.55218505859375,"z":0.385986328125,"roomId":5555}
{"type":"accel","timestamp":1531636253893,"x":3.4993438720703125,"y":7.9188995361328125,"z":-4.4375,"roomId":5555}
{"type":"gyro","timestamp":1531636253894,"x":-0.8837127685546875,"y":0.39031982421875,"z":0.5280609130859375,"roomId":5555}
{"type":"accel","timestamp":1531636253903,"x":2.9375152587890625,"y":7.3720245361328125,"z":-2.555206298828125,"roomId":5555}
{"type":"gyro","timestamp":1531636253904,"x":-1.079376220703125,"y":0.3827972412109375,"z":0.6788330078125,"roomId":5555}
{"type":"accel","timestamp":1531636253922,"x":2.13134765625,"y":6.584320068359375,"z":1.0599212646484375,"roomId":5555}
{"type":"gyro","timestamp":1531636253923,"x":-1.346343994140625,"y":0.7965545654296875,"z":1.112152099609375,"roomId":5555}
{"type":"accel","timestamp":1531636253935,"x":2.20245361328125,"y":5.650543212890625,"z":2.4705963134765625,"roomId":5555}
{"type":"gyro","timestamp":1531636253937,"x":-1.104522705078125,"y":0.9384002685546875,"z":1.394805908203125,"roomId":5555}
{"type":"accel","timestamp":1531636253953,"x":2.6243743896484375,"y":3.4962005615234375,"z":1.4540252685546875,"roomId":5555}
{"type":"gyro","timestamp":1531636253954,"x":-0.22052001953125,"y":1.029754638671875,"z":1.87359619140625,"roomId":5555}
{"type":"accel","timestamp":1531636253963,"x":3.3130950927734375,"y":2.8872528076171875,"z":-0.0391693115234375,"roomId":5555}
{"type":"gyro","timestamp":1531636253964,"x":0.1533660888671875,"y":1.0824127197265625,"z":2.0538177490234375,"roomId":5555}
{"type":"accel","timestamp":1531636253974,"x":4.873687744140625,"y":2.8655548095703125,"z":-1.31072998046875,"roomId":5555}
{"type":"gyro","timestamp":1531636253975,"x":0.407440185546875,"y":1.0818634033203125,"z":2.1427154541015625,"roomId":5555}
{"type":"accel","timestamp":1531636253992,"x":6.90618896484375,"y":3.10882568359375,"z":-3.5605621337890625,"roomId":5555}
{"type":"gyro","timestamp":1531636253994,"x":0.551788330078125,"y":0.916961669921875,"z":1.7863311767578125,"roomId":5555}
{"type":"accel","timestamp":1531636254002,"x":6.4580535888671875,"y":2.923187255859375,"z":-4.114715576171875,"roomId":5555}
{"type":"accel","timestamp":1531636254013,"x":5.3810577392578125,"y":2.4574127197265625,"z":-3.685272216796875,"roomId":5555}
{"type":"gyro","timestamp":1531636254014,"x":0.1779327392578125,"y":1.0455322265625,"z":1.092132568359375,"roomId":5555}
{"type":"accel","timestamp":1531636254032,"x":5.162750244140625,"y":1.8292999267578125,"z":-0.233612060546875,"roomId":5555}
{"type":"gyro","timestamp":1531636254033,"x":-0.2205047607421875,"y":1.3193511962890625,"z":0.534698486328125,"roomId":5555}
{"type":"accel","timestamp":1531636254052,"x":3.4625091552734375,"y":1.491058349609375,"z":2.20648193359375,"roomId":5555}
{"type":"gyro","timestamp":1531636254053,"x":0.0237274169921875,"y":1.1994781494140625,"z":-0.14154052734375,"roomId":5555}
{"type":"accel","timestamp":1531636254062,"x":1.8245086669921875,"y":1.3025360107421875,"z":2.50115966796875,"roomId":5555}
{"type":"gyro","timestamp":1531636254063,"x":0.2944183349609375,"y":1.047637939453125,"z":-0.4525299072265625,"roomId":5555}
{"type":"accel","timestamp":1531636254074,"x":0.5186004638671875,"y":1.4426116943359375,"z":2.2265777587890625,"roomId":5555}
{"type":"gyro","timestamp":1531636254076,"x":0.562957763671875,"y":0.8691558837890625,"z":-0.66473388671875,"roomId":5555}
{"type":"accel","timestamp":1531636254084,"x":-0.4291839599609375,"y":1.4412689208984375,"z":1.435455322265625,"roomId":5555}
{"type":"accel","timestamp":1531636254095,"x":-0.7421417236328125,"y":1.4390106201171875,"z":0.4110565185546875,"roomId":5555}
{"type":"gyro","timestamp":1531636254096,"x":0.8589630126953125,"y":0.3579254150390625,"z":-0.8173065185546875,"roomId":5555}
{"type":"accel","timestamp":1531636254112,"x":-0.281219482421875,"y":1.83392333984375,"z":-1.1901702880859375,"roomId":5555}
{"type":"gyro","timestamp":1531636254113,"x":0.805328369140625,"y":0.179534912109375,"z":-0.7073822021484375,"roomId":5555}
{"type":"accel","timestamp":1531636254132,"x":0.6450042724609375,"y":2.6988983154296875,"z":-2.5498046875,"roomId":5555}
{"type":"gyro","timestamp":1531636254132,"x":0.6006011962890625,"y":0.5425262451171875,"z":-0.5415191650390625,"roomId":5555}
{"type":"accel","timestamp":1531636254151,"x":0.9438323974609375,"y":4.236114501953125,"z":-2.5242919921875,"roomId":5555}
{"type":"gyro","timestamp":1531636254153,"x":0.47540283203125,"y":0.6605682373046875,"z":-0.6034393310546875,"roomId":5555}
{"type":"accel","timestamp":1531636254164,"x":-0.04925537109375,"y":5.7226104736328125,"z":-2.0182952880859375,"roomId":5555}
{"type":"gyro","timestamp":1531636254165,"x":0.5504913330078125,"y":0.4737548828125,"z":-0.7690277099609375,"roomId":5555}
{"type":"accel","timestamp":1531636254174,"x":-1.0629119873046875,"y":7.179443359375,"z":-1.96990966796875,"roomId":5555}
{"type":"gyro","timestamp":1531636254175,"x":0.7285614013671875,"y":0.1218719482421875,"z":-0.966552734375,"roomId":5555}
{"type":"accel","timestamp":1531636254190,"x":-3.012969970703125,