{"type":"accel","timestamp":1531636300219,"x":-1.699554443359375,"y":6.1563262939453125,"z":-3.6273345947265625,"roomId":5555}
{"type":"gyro","timestamp":1531636300220,"x":0.0438232421875,"y":2.1346893310546875,"z":2.6576690673828125,"roomId":5555}
{"type":"accel","timestamp":1531636300229,"x":-1.5302276611328125,"y":5.6156768798828125,"z":-3.0444793701171875,"roomId":5555}
{"type":"gyro","timestamp":1531636300230,"x":0.2183380126953125,"y":2.11041259765625,"z":2.8140716552734375,"roomId":5555}
{"type":"accel","timestamp":1531636300239,"x":-1.2730865478515625,"y":5.37005615234375,"z":-3.3609466552734375,"roomId":5555}
{"type":"gyro","timestamp":1531636300240,"x":0.452850341796875,"y":1.9581451416015625,"z":2.9394073486328125,"roomId":5555}
{"type":"accel","timestamp":1531636300258,"x":0.5639190673828125,"y":5.5295867919921875,"z":-5.8663177490234375,"roomId":5555}
{"type":"gyro","timestamp":1531636300259,"x":0.821075439453125,"y":1.4886627197265625,"z":3.0926055908203125,"roomId":5555}
{"type":"accel","timestamp":1531636300268,"x":1.7715606689453125,"y":5.807464599609375,"z":-6.476837158203125,"roomId":5555}
{"type":"gyro","timestamp":1531636300269,"x":0.8555450439453125,"y":1.335662841796875,"z":3.05584716796875,"roomId":5555}
{"type":"accel","timestamp":1531636300278,"x":2.32470703125,"y":5.832122802734375,"z":-6.323883056640625,"roomId":5555}
{"type":"gyro","timestamp":1531636300279,"x":0.808197021484375,"y":1.367645263671875,"z":2.925506591796875,"roomId":5555}
{"type":"accel","timestamp":1531636300288,"x":2.2314910888671875,"y":5.6265411376953125,"z":-6.3306427001953125,"roomId":5555}
{"type":"gyro","timestamp":1531636300289,"x":0.7221221923828125,"y":1.5706024169921875,"z":2.7599639892578125,"roomId":5555}
{"type":"accel","timestamp":1531636300298,"x":2.3930206298828125,"y":5.527252197265625,"z":-6.7104644775390625,"roomId":5555}
{"type":"gyro","timestamp":1531636300299,"x":0.582489013671875,"y":1.7131500244140625,"z":2.5898895263671875,"roomId":5555}
{"type":"accel","timestamp":1531636300308,"x":2.736724853515625,"y":5.5733184814453125,"z":-6.58258056640625,"roomId":5555}
{"type":"gyro","timestamp":1531636300309,"x":0.3724365234375,"y":1.542755126953125,"z":2.3517608642578125,"roomId":5555}
{"type":"accel","timestamp":1531636300318,"x":2.762969970703125,"y":5.727447509765625,"z":-5.62872314453125,"roomId":5555}
{"type":"gyro","timestamp":1531636300319,"x":0.1435699462890625,"y":1.1169586181640625,"z":1.9885711669921875,"roomId":5555}
{"type":"accel","timestamp":1531636300331,"x":2.465179443359375,"y":5.651458740234375,"z":-4.2561798095703125,"roomId":5555}
{"type":"gyro","timestamp":1531636300332,"x":-0.024078369140625,"y":0.629119873046875,"z":1.5694580078125,"roomId":5555}
{"type":"accel","timestamp":1531636300347,"x":1.93896484375,"y":4.43145751953125,"z":-1.780426025390625,"roomId":5555}
{"type":"gyro","timestamp":1531636300347,"x":0.003662109375,"y":-0.059051513671875,"z":0.886383056640625,"roomId":5555}
{"type":"accel","timestamp":1531636300357,"x":1.830780029296875,"y":3.7313995361328125,"z":-1.6926422119140625,"roomId":5555}
{"type":"gyro","timestamp":1531636300358,"x":0.2025909423828125,"y":-0.198822021484375,"z":0.6782684326171875,"roomId":5555}
{"type":"accel","timestamp":1531636300369,"x":1.590545654296875,"y":3.310546875,"z":-2.1708221435546875,"roomId":5555}
{"type":"gyro","timestamp":1531636300370,"x":0.438446044921875,"y":-0.30218505859375,"z":0.576019287109375,"roomId":5555}
{"type":"accel","timestamp":1531636300387,"x":1.212615966796875,"y":2.48077392578125,"z":-2.22479248046875,"roomId":5555}
{"type":"gyro","timestamp":1531636300388,"x":0.8150177001953125,"y":-0.3511199951171875,"z":0.537841796875,"roomId":5555}
{"type":"accel","timestamp":1531636300397,"x":1.1543731689453125,"y":1.98382568359375,"z":-2.5092620849609375,"roomId":5555}
{"type":"gyro","timestamp":1531636300399,"x":0.97650146484375,"y":-0.29986572265625,"z":0.50006103515625,"roomId":5555}
{"type":"accel","timestamp":1531636300407,"x":1.0511322021484375,"y":1.802734375,"z":-2.95849609375,"roomId":5555}
{"type":"gyro","timestamp":1531636300408,"x":1.1015625,"y":-0.290802001953125,"z":0.427764892578125,"roomId":5555}
{"type":"accel","timestamp":1531636300417,"x":1.0063323974609375,"y":2.01165771484375,"z":-3.092254638671875,"roomId":5555}
{"type":"accel","timestamp":1531636300427,"x":1.429412841796875,"y":2.5483551025390625,"z":-2.8830718994140625,"roomId":5555}
{"type":"gyro","timestamp":1531636300429,"x":1.1600799560546875,"y":-0.439453125,"z":0.2203826904296875,"roomId":5555}
{"type":"accel","timestamp":1531636300438,"x":2.3101043701171875,"y":3.159942626953125,"z":-2.2159576416015625,"roomId":5555}
{"type":"gyro","timestamp":1531636300439,"x":1.070526123046875,"y":-0.6187591552734375,"z":0.0731964111328125,"roomId":5555}
{"type":"accel","timestamp":1531636300458,"x":2.928497314453125,"y":3.4913330078125,"z":-0.91925048828125,"roomId":5555}
{"type":"accel","timestamp":1531636300469,"x":1.9539642333984375,"y":2.9228668212890625,"z":-1.106597900390625,"roomId":5555}
{"type":"gyro","timestamp":1531636300471,"x":0.7809295654296875,"y":-0.7305908203125,"z":-0.456939697265625,"roomId":5555}
{"type":"accel","timestamp":1531636300489,"x":-0.2315521240234375,"y":1.869171142578125,"z":-2.269439697265625,"roomId":5555}
{"type":"gyro","timestamp":1531636300491,"x":0.7339324951171875,"y":-0.2593994140625,"z":-0.96429443359375,"roomId":5555}
{"type":"accel","timestamp":1531636300500,"x":-0.0533905029296875,"y":1.7872314453125,"z":-2.697296142578125,"roomId":5555}
{"type":"gyro","timestamp":1531636300503,"x":0.7929840087890625,"y":-0.3362274169921875,"z":-1.030029296875,"roomId":5555}
{"type":"accel","timestamp":1531636300516,"x":0.0819091796875,"y":1.995941162109375,"z":-3.6034393310546875,"roomId":5555}
{"type":"gyro","timestamp":1531636300517,"x":1.0433349609375,"y":-0.832733154296875,"z":-1.098388671875,"roomId":5555}
{"type":"accel","timestamp":1531636300527,"x":-0.8410186767578125,"y":2.3818511962890625,"z":-3.909881591796875,"roomId":5555}
{"type":"gyro","timestamp":1531636300528,"x":1.1923828125,"y":-0.8310089111328125,"z":-1.2002716064453125,"roomId":5555}
{"type":"accel","timestamp":1531636300546,"x":-0.683197021484375,"y":4.5457305908203125,"z":-5.501312255859375,"roomId":5555}
{"type":"gyro","timestamp":1531636300548,"x":1.5630035400390625,"y":0.07763671875,"z":-1.123748779296875,"roomId":5555}
{"type":"accel","timestamp":1531636300559,"x":-0.47235107421875,"y":5.774688720703125,"z":-6.7801666259765625,"roomId":5555}
{"type":"gyro","timestamp":1531636300560,"x":1.8342437744140625,"y":0.5631866455078125,"z":-0.9350433349609375,"roomId":5555}
{"type":"accel","timestamp":1531636300577,"x":-1.46044921875,"y":7.2616119384765625,"z":-8.988677978515625,"roomId":5555}
{"type":"gyro","timestamp":1531636300579,"x":2.344818115234375,"y":1.3553466796875,"z":-0.6396636962890625,"roomId":5555}
{"type":"accel","timestamp":1531636300587,"x":-3.1656646728515625,"y":7.8250274658203125,"z":-10.228591918945312,"roomId":5555}
{"type":"accel","timestamp":1531636300597,"x":-3.6775360107421875,"y":8.683197021484375,"z":-11.747528076171875,"roomId":5555}
{"type":"gyro","timestamp":1531636300599,"x":2.6413116455078125,"y":2.1824188232421875,"z":-0.414337158203125,"roomId":5555}
{"type":"accel","timestamp":1531636300608,"x":-3.7479705810546875,"y":9.70489501953125,"z":-12.849044799804688,"roomId":5555}
{"type":"gyro","timestamp":1531636300609,"x":2.6043548583984375,"y":2.2477874755859375,"z":-0.21209716796875,"roomId":5555}
{"type":"accel","timestamp":1531636300626,"x":-3.116912841796875,"y":13.209609985351562,"z":-10.47808837890625,"roomId":5555}
{"type":"gyro","timestamp":1531636300627,"x":1.901031494140625,"y":1.300994873046875,"z":0.010467529296875,"roomId":5555}
{"type":"accel","timestamp":1531636300636,"x":-1.9085845947265625,"y":14.396682739257812,"z":-8.482666015625,"roomId":5555}
{"type":"gyro","timestamp":1531636300637,"x":1.5123748779296875,"y":0.918212890625,