{"type":"gyro","timestamp":1531636255983,"x":0.233612060546875,"y":1.62823486328125,"z":1.05255126953125,"roomId":5555}
{"type":"accel","timestamp":1531636255999,"x":1.5296478271484375,"y":11.113189697265625,"z":-7.4329681396484375,"roomId":5555}
{"type":"gyro","timestamp":1531636256003,"x":-0.123504638671875,"y":1.31353759765625,"z":0.40032958984375,"roomId":5555}
{"type":"accel","timestamp":1531636256011,"x":-0.1173553466796875,"y":10.516891479492188,"z":-5.82427978515625,"roomId":5555}
{"type":"gyro","timestamp":1531636256013,"x":-0.4422149658203125,"y":1.4001617431640625,"z":0.2647705078125,"roomId":5555}
{"type":"accel","timestamp":1531636256029,"x":-2.9392547607421875,"y":8.226272583007812,"z":2.5199737548828125,"roomId":5555}
{"type":"gyro","timestamp":1531636256030,"x":-1.150360107421875,"y":2.206451416015625,"z":0.84942626953125,"roomId":5555}
{"type":"accel","timestamp":1531636256049,"x":-2.2300567626953125,"y":6.7574462890625,"z":0.9377899169921875,"roomId":5555}
{"type":"gyro","timestamp":1531636256050,"x":-1.070831298828125,"y":4.3358001708984375,"z":2.6332244873046875,"roomId":5555}
{"type":"accel","timestamp":1531636256059,"x":0.4319915771484375,"y":5.3288421630859375,"z":0.7401580810546875,"roomId":5555}
{"type":"gyro","timestamp":1531636256060,"x":-0.7099456787109375,"y":5.0545654296875,"z":3.69305419921875,"roomId":5555}
{"type":"accel","timestamp":1531636256078,"x":8.425491333007812,"y":4.3695831298828125,"z":-4.39501953125,"roomId":5555}
{"type":"gyro","timestamp":1531636256079,"x":-0.0747528076171875,"y":5.6452484130859375,"z":5.0155487060546875,"roomId":5555}
{"type":"accel","timestamp":1531636256088,"x":10.931365966796875,"y":4.1302337646484375,"z":-4.86663818359375,"roomId":5555}
{"type":"gyro","timestamp":1531636256089,"x":-0.048736572265625,"y":5.8156280517578125,"z":5.1072540283203125,"roomId":5555}
{"type":"accel","timestamp":1531636256108,"x":11.670730590820312,"y":2.415679931640625,"z":-1.553436279296875,"roomId":5555}
{"type":"gyro","timestamp":1531636256110,"x":-0.220672607421875,"y":6.792724609375,"z":4.711151123046875,"roomId":5555}
{"type":"accel","timestamp":1531636256118,"x":11.008224487304688,"y":0.8203125,"z":0.3027191162109375,"roomId":5555}
{"type":"gyro","timestamp":1531636256127,"x":0.078887939453125,"y":8.0537109375,"z":4.4994659423828125,"roomId":5555}
{"type":"accel","timestamp":1531636256137,"x":9.738388061523438,"y":-2.1385955810546875,"z":0.45965576171875,"roomId":5555}
{"type":"gyro","timestamp":1531636256138,"x":0.3981781005859375,"y":8.426956176757812,"z":4.551116943359375,"roomId":5555}
{"type":"accel","timestamp":1531636256148,"x":9.417694091796875,"y":-2.6196136474609375,"z":1.822845458984375,"roomId":5555}
{"type":"gyro","timestamp":1531636256149,"x":0.7375640869140625,"y":8.53729248046875,"z":4.613494873046875,"roomId":5555}
{"type":"accel","timestamp":1531636256158,"x":10.590866088867188,"y":-2.635894775390625,"z":-0.3468780517578125,"roomId":5555}
{"type":"gyro","timestamp":1531636256159,"x":1.1315155029296875,"y":8.414398193359375,"z":4.564971923828125,"roomId":5555}
{"type":"accel","timestamp":1531636256168,"x":10.419479370117188,"y":-1.584442138671875,"z":-0.7562408447265625,"roomId":5555}
{"type":"gyro","timestamp":1531636256170,"x":1.39605712890625,"y":8.177474975585938,"z":4.2874755859375,"roomId":5555}
{"type":"accel","timestamp":1531636256188,"x":9.049636840820312,"y":1.471923828125,"z":-1.563446044921875,"roomId":5555}
{"type":"gyro","timestamp":1531636256190,"x":1.79931640625,"y":7.1665802001953125,"z":3.296783447265625,"roomId":5555}
{"type":"accel","timestamp":1531636256199,"x":7.9095306396484375,"y":3.0466461181640625,"z":-3.04437255859375,"roomId":5555}
{"type":"gyro","timestamp":1531636256200,"x":1.93951416015625,"y":6.1999053955078125,"z":2.62725830078125,"roomId":5555}
{"type":"accel","timestamp":1531636256209,"x":7.516265869140625,"y":5.0288848876953125,"z":-5.31890869140625,"roomId":5555}
{"type":"gyro","timestamp":1531636256211,"x":1.909088134765625,"y":4.6621551513671875,"z":1.771453857421875,"roomId":5555}
{"type":"accel","timestamp":1531636256227,"x":5.208251953125,"y":5.8287506103515625,"z":-4.717071533203125,"roomId":5555}
{"type":"gyro","timestamp":1531636256228,"x":1.161163330078125,"y":0.4537353515625,"z":-0.5886993408203125,"roomId":5555}
{"type":"accel","timestamp":1531636256237,"x":3.0543212890625,"y":4.6538543701171875,"z":-2.4403228759765625,"roomId":5555}
{"type":"gyro","timestamp":1531636256239,"x":0.897735595703125,"y":-1.102569580078125,"z":-1.5609283447265625,"roomId":5555}
{"type":"accel","timestamp":1531636256249,"x":2.2616424560546875,"y":3.503387451171875,"z":-1.1411285400390625,"roomId":5555}
{"type":"gyro","timestamp":1531636256251,"x":0.8642120361328125,"y":-2.1280517578125,"z":-2.1089935302734375,"roomId":5555}
{"type":"accel","timestamp":1531636256267,"x":-0.180267333984375,"y":3.6146697998046875,"z":-1.546539306640625,"roomId":5555}
{"type":"gyro","timestamp":1531636256268,"x":0.9482574462890625,"y":-3.139801025390625,"z":-2.2510986328125,"roomId":5555}
{"type":"accel","timestamp":1531636256277,"x":-1.333221435546875,"y":4.710540771484375,"z":-2.3652191162109375,"roomId":5555}
{"type":"gyro","timestamp":1531636256278,"x":0.854644775390625,"y":-3.26165771484375,"z":-1.9376983642578125,"roomId":5555}
{"type":"accel","timestamp":1531636256298,"x":-0.01104736328125,"y":6.05950927734375,"z":-4.6697845458984375,"roomId":5555}
{"type":"gyro","timestamp":1531636256300,"x":0.0360107421875,"y":-3.6584625244140625,"z":-1.0337982177734375,"roomId":5555}
{"type":"accel","timestamp":1531636256317,"x":3.340972900390625,"y":5.7254180908203125,"z":-3.77471923828125,"roomId":5555}
{"type":"gyro","timestamp":1531636256319,"x":-1.406951904296875,"y":-4.4411773681640625,"z":-1.107330322265625,"roomId":5555}
{"type":"accel","timestamp":1531636256336,"x":8.00048828125,"y":5.8784637451171875,"z":0.6826324462890625,"roomId":5555}
{"type":"gyro","timestamp":1531636256337,"x":-2.131805419921875,"y":-5.76519775390625,"z":-2.04345703125,"roomId":5555}
{"type":"accel","timestamp":1531636256346,"x":9.115814208984375,"y":5.717376708984375,"z":2.996856689453125,"roomId":5555}
{"type":"gyro","timestamp":1531636256347,"x":-2.0788726806640625,"y":-6.4056243896484375,"z":-2.7364959716796875,"roomId":5555}
{"type":"accel","timestamp":1531636256356,"x":7.7474517822265625,"y":5.3427581787109375,"z":3.782806396484375,"roomId":5555}
{"type":"gyro","timestamp":1531636256357,"x":-1.86798095703125,"y":-6.76910400390625,"z":-3.4414825439453125,"roomId":5555}
{"type":"accel","timestamp":1531636256367,"x":5.2073974609375,"y":4.512420654296875,"z":3.458343505859375,"roomId":5555}
{"type":"gyro","timestamp":1531636256368,"x":-1.656890869140625,"y":-6.9052734375,"z":-3.994659423828125,"roomId":5555}
{"type":"accel","timestamp":1531636256377,"x":3.2489166259765625,"y":3.8409576416015625,"z":3.4333343505859375,"roomId":5555}
{"type":"gyro","timestamp":1531636256378,"x":-1.51214599609375,"y":-6.9312744140625,"z":-4.33154296875,"roomId":5555}
{"type":"accel","timestamp":1531636256397,"x":1.4723052978515625,"y":3.735595703125,"z":6.321197509765625,"roomId":5555}
{"type":"gyro","timestamp":1531636256398,"x":-1.335174560546875,"y":-6.9647216796875,"z":-4.6527252197265625,"roomId":5555}
{"type":"accel","timestamp":1531636256415,"x":-7.6896209716796875,"y":3.9317474365234375,"z":12.539840698242188,"roomId":5555}
{"type":"gyro","timestamp":1531636256416,"x":-0.7505645751953125,"y":-6.0395355224609375,"z":-4.4029998779296875,"roomId":5555}
{"type":"accel","timestamp":1531636256425,"x":-13.5806884765625,"y":3.9393463134765625,"z":15.6875,"roomId":5555}
{"type":"gyro","timestamp":1531636256427,"x":-0.0957183837890625,"y":-4.5395660400390625,"z":-3.3766937255859375,"roomId":5555}
{"type":"accel","timestamp":1531636256436,"x":-15.564682006835938,"y":4.364715576171875,"z":17.476882934570312,"roomId":5555}
{"type":"gyro","timestamp":1531636256446,"x":1.86663818359375,"y":0.079010009765625,