{"type":"accel","timestamp":1531636290445,"x":1.8864593505859375,"y":8.507186889648438,"z":-4.77398681640625,"roomId":5555}
{"type":"gyro","timestamp":1531636290446,"x":0.0959625244140625,"y":0.0779876708984375,"z":0.3773040771484375,"roomId":5555}
{"type":"accel","timestamp":1531636290457,"x":2.282470703125,"y":8.79425048828125,"z":-4.8316497802734375,"roomId":5555}
{"type":"gyro","timestamp":1531636290458,"x":0.0252685546875,"y":0.1699981689453125,"z":0.2310333251953125,"roomId":5555}
{"type":"accel","timestamp":1531636290475,"x":2.4187469482421875,"y":9.412643432617188,"z":-4.2343292236328125,"roomId":5555}
{"type":"gyro","timestamp":1531636290476,"x":0.00482177734375,"y":0.51947021484375,"z":-0.00323486328125,"roomId":5555}
{"type":"accel","timestamp":1531636290494,"x":2.7578277587890625,"y":8.960281372070312,"z":-4.4114990234375,"roomId":5555}
{"type":"gyro","timestamp":1531636290495,"x":0.2340240478515625,"y":1.09185791015625,"z":-0.12371826171875,"roomId":5555}
{"type":"accel","timestamp":1531636290505,"x":2.6388702392578125,"y":8.604019165039062,"z":-4.9801788330078125,"roomId":5555}
{"type":"gyro","timestamp":1531636290506,"x":0.3626251220703125,"y":1.430694580078125,"z":-0.1956787109375,"roomId":5555}
{"type":"accel","timestamp":1531636290515,"x":1.659637451171875,"y":8.388595581054688,"z":-5.7038116455078125,"roomId":5555}
{"type":"gyro","timestamp":1531636290517,"x":0.4289398193359375,"y":1.74322509765625,"z":-0.272003173828125,"roomId":5555}
{"type":"accel","timestamp":1531636290527,"x":-0.140899658203125,"y":8.446334838867188,"z":-6.8436737060546875,"roomId":5555}
{"type":"gyro","timestamp":1531636290528,"x":0.40936279296875,"y":1.94403076171875,"z":-0.299713134765625,"roomId":5555}
{"type":"accel","timestamp":1531636290544,"x":-2.179962158203125,"y":8.751449584960938,"z":-8.304214477539062,"roomId":5555}
{"type":"gyro","timestamp":1531636290545,"x":0.136138916015625,"y":1.8134002685546875,"z":-0.1228179931640625,"roomId":5555}
{"type":"accel","timestamp":1531636290554,"x":-2.726715087890625,"y":8.4959716796875,"z":-7.6251220703125,"roomId":5555}
{"type":"gyro","timestamp":1531636290555,"x":-0.031341552734375,"y":1.7271881103515625,"z":0.0663299560546875,"roomId":5555}
{"type":"accel","timestamp":1531636290565,"x":-2.9939117431640625,"y":7.90509033203125,"z":-5.87200927734375,"roomId":5555}
{"type":"gyro","timestamp":1531636290566,"x":-0.120330810546875,"y":1.7394561767578125,"z":0.3308868408203125,"roomId":5555}
{"type":"accel","timestamp":1531636290586,"x":-3.61773681640625,"y":6.329376220703125,"z":-3.6915435791015625,"roomId":5555}
{"type":"gyro","timestamp":1531636290586,"x":0.139007568359375,"y":1.8871612548828125,"z":1.1403961181640625,"roomId":5555}
{"type":"accel","timestamp":1531636290605,"x":-1.547515869140625,"y":5.28375244140625,"z":-5.594573974609375,"roomId":5555}
{"type":"gyro","timestamp":1531636290607,"x":0.5446929931640625,"y":1.6200408935546875,"z":2.115631103515625,"roomId":5555}
{"type":"accel","timestamp":1531636290625,"x":2.391357421875,"y":5.19342041015625,"z":-5.5335693359375,"roomId":5555}
{"type":"gyro","timestamp":1531636290627,"x":0.60992431640625,"y":1.0614776611328125,"z":2.4799041748046875,"roomId":5555}
{"type":"accel","timestamp":1531636290636,"x":3.629058837890625,"y":5.039276123046875,"z":-5.4199676513671875,"roomId":5555}
{"type":"gyro","timestamp":1531636290637,"x":0.5978546142578125,"y":0.940887451171875,"z":2.396484375,"roomId":5555}
{"type":"accel","timestamp":1531636290655,"x":4.239776611328125,"y":3.849456787109375,"z":-5.4929656982421875,"roomId":5555}
{"type":"gyro","timestamp":1531636290657,"x":0.5299530029296875,"y":0.8413543701171875,"z":2.011077880859375,"roomId":5555}
{"type":"accel","timestamp":1531636290665,"x":4.6869049072265625,"y":3.6132659912109375,"z":-5.5814208984375,"roomId":5555}
{"type":"gyro","timestamp":1531636290674,"x":0.486846923828125,"y":0.5145263671875,"z":1.529937744140625,"roomId":5555}
{"type":"accel","timestamp":1531636290684,"x":4.8321990966796875,"y":4.0278472900390625,"z":-4.829803466796875,"roomId":5555}
{"type":"gyro","timestamp":1531636290685,"x":0.48577880859375,"y":0.25115966796875,"z":1.18988037109375,"roomId":5555}
{"type":"accel","timestamp":1531636290703,"x":4.36383056640625,"y":3.2491302490234375,"z":-3.600189208984375,"roomId":5555}
{"type":"gyro","timestamp":1531636290704,"x":0.50640869140625,"y":-0.2584381103515625,"z":0.3839874267578125,"roomId":5555}
{"type":"accel","timestamp":1531636290713,"x":3.6723785400390625,"y":2.5359344482421875,"z":-3.16796875,"roomId":5555}
{"type":"gyro","timestamp":1531636290714,"x":0.542877197265625,"y":-0.4450531005859375,"z":0.0163421630859375,"roomId":5555}
{"type":"accel","timestamp":1531636290723,"x":2.552276611328125,"y":1.9683380126953125,"z":-2.8479461669921875,"roomId":5555}
{"type":"gyro","timestamp":1531636290724,"x":0.6015472412109375,"y":-0.514251708984375,"z":-0.259307861328125,"roomId":5555}
{"type":"accel","timestamp":1531636290733,"x":1.46221923828125,"y":1.8394012451171875,"z":-2.959197998046875,"roomId":5555}
{"type":"gyro","timestamp":1531636290734,"x":0.665985107421875,"y":-0.45062255859375,"z":-0.4019622802734375,"roomId":5555}
{"type":"accel","timestamp":1531636290743,"x":0.4551239013671875,"y":1.9916534423828125,"z":-3.2988128662109375,"roomId":5555}
{"type":"gyro","timestamp":1531636290745,"x":0.702484130859375,"y":-0.2708282470703125,"z":-0.4127655029296875,"roomId":5555}
{"type":"accel","timestamp":1531636290753,"x":-0.418853759765625,"y":2.244598388671875,"z":-3.499969482421875,"roomId":5555}
{"type":"gyro","timestamp":1531636290754,"x":0.6953125,"y":-0.0088043212890625,"z":-0.3112335205078125,"roomId":5555}
{"type":"accel","timestamp":1531636290763,"x":-0.467041015625,"y":2.7984466552734375,"z":-3.8696136474609375,"roomId":5555}
{"type":"gyro","timestamp":1531636290764,"x":0.650482177734375,"y":0.213623046875,"z":-0.1435699462890625,"roomId":5555}
{"type":"accel","timestamp":1531636290774,"x":0.2884063720703125,"y":3.4193115234375,"z":-4.1727447509765625,"roomId":5555}
{"type":"gyro","timestamp":1531636290775,"x":0.5574493408203125,"y":0.2823486328125,"z":-0.016265869140625,"roomId":5555}
{"type":"accel","timestamp":1531636290794,"x":1.911895751953125,"y":4.34967041015625,"z":-3.4810333251953125,"roomId":5555}
{"type":"gyro","timestamp":1531636290795,"x":0.2642059326171875,"y":0.146209716796875,"z":-0.186614990234375,"roomId":5555}
{"type":"accel","timestamp":1531636290814,"x":1.523712158203125,"y":5.13812255859375,"z":-2.3686370849609375,"roomId":5555}
{"type":"gyro","timestamp":1531636290815,"x":0.0060882568359375,"y":-0.06317138671875,"z":-0.803955078125,"roomId":5555}
{"type":"accel","timestamp":1531636290834,"x":-0.450592041015625,"y":5.1480560302734375,"z":-1.9382171630859375,"roomId":5555}
{"type":"gyro","timestamp":1531636290836,"x":-0.149688720703125,"y":-0.1820220947265625,"z":-1.322296142578125,"roomId":5555}
{"type":"accel","timestamp":1531636290844,"x":-1.3001861572265625,"y":4.763275146484375,"z":-2.34490966796875,"roomId":5555}
{"type":"gyro","timestamp":1531636290854,"x":-0.2004241943359375,"y":-0.16790771484375,"z":-1.40899658203125,"roomId":5555}
{"type":"accel","timestamp":1531636290863,"x":-1.9376983642578125,"y":4.97418212890625,"z":-2.3140716552734375,"roomId":5555}
{"type":"gyro","timestamp":1531636290864,"x":-0.16363525390625,"y":-0.066009521484375,"z":-1.3128509521484375,"roomId":5555}
{"type":"accel","timestamp":1531636290882,"x":-2.0031585693359375,"y":5.6534423828125,"z":-2.626129150390625,"roomId":5555}
{"type":"gyro","timestamp":1531636290883,"x":0.0377349853515625,"y":0.4761810302734375,"z":-0.9651336669921875,"roomId":5555}
{"type":"accel","timestamp":1531636290892,"x":-2.0372772216796875,"y":5.5775146484375,"z":-2.81640625,"roomId":5555}
{"type":"gyro","timestamp":1531636290893,"x":0.1417083740234375,"y":0.79241943359375,"z":-0.7909698486328125,"roomId":5555}
{"type":"accel","timestamp":1531636290911,"x":-1.886688232421875,"y":5.6723480224609375,