{"type":"gyro","timestamp":1531636311703,"x":-0.137664794921875,"y":-0.4288330078125,"z":-0.4679412841796875,"roomId":5555}
{"type":"accel","timestamp":1531636311711,"x":-1.3687591552734375,"y":7.472900390625,"z":-2.9446258544921875,"roomId":5555}
{"type":"accel","timestamp":1531636311721,"x":-1.7989349365234375,"y":7.7952117919921875,"z":-3.7590179443359375,"roomId":5555}
{"type":"gyro","timestamp":1531636311722,"x":0.072235107421875,"y":-0.18951416015625,"z":-0.15948486328125,"roomId":5555}
{"type":"accel","timestamp":1531636311731,"x":-2.0181427001953125,"y":8.014755249023438,"z":-4.258697509765625,"roomId":5555}
{"type":"gyro","timestamp":1531636311740,"x":-0.116455078125,"y":-0.0035400390625,"z":0.1319580078125,"roomId":5555}
{"type":"accel","timestamp":1531636311751,"x":-1.1640625,"y":8.486618041992188,"z":-2.657379150390625,"roomId":5555}
{"type":"gyro","timestamp":1531636311752,"x":-0.206268310546875,"y":0.05242919921875,"z":0.1841583251953125,"roomId":5555}
{"type":"accel","timestamp":1531636311772,"x":-1.069091796875,"y":8.5426025390625,"z":-2.701385498046875,"roomId":5555}
{"type":"gyro","timestamp":1531636311773,"x":-0.043975830078125,"y":0.2407684326171875,"z":0.251129150390625,"roomId":5555}
{"type":"accel","timestamp":1531636311791,"x":-1.129974365234375,"y":8.88623046875,"z":-4.3752593994140625,"roomId":5555}
{"type":"gyro","timestamp":1531636311793,"x":0.2454071044921875,"y":0.4044952392578125,"z":0.5523681640625,"roomId":5555}
{"type":"accel","timestamp":1531636311801,"x":-0.7662353515625,"y":9.030502319335938,"z":-5.1381072998046875,"roomId":5555}
{"type":"gyro","timestamp":1531636311803,"x":0.3231658935546875,"y":0.51171875,"z":0.765594482421875,"roomId":5555}
{"type":"accel","timestamp":1531636311813,"x":-0.192718505859375,"y":8.843093872070312,"z":-5.58856201171875,"roomId":5555}
{"type":"gyro","timestamp":1531636311815,"x":0.356353759765625,"y":0.6365509033203125,"z":0.9753875732421875,"roomId":5555}
{"type":"accel","timestamp":1531636311830,"x":1.3334808349609375,"y":8.036422729492188,"z":-5.798431396484375,"roomId":5555}
{"type":"gyro","timestamp":1531636311831,"x":0.3700714111328125,"y":0.8817138671875,"z":1.2758026123046875,"roomId":5555}
{"type":"accel","timestamp":1531636311840,"x":1.6858367919921875,"y":7.577239990234375,"z":-5.8391265869140625,"roomId":5555}
{"type":"gyro","timestamp":1531636311841,"x":0.3780364990234375,"y":0.9857635498046875,"z":1.3429107666015625,"roomId":5555}
{"type":"accel","timestamp":1531636311860,"x":1.5746917724609375,"y":5.8984222412109375,"z":-4.6935577392578125,"roomId":5555}
{"type":"gyro","timestamp":1531636311861,"x":0.4264068603515625,"y":1.2829437255859375,"z":1.496124267578125,"roomId":5555}
{"type":"gyro","timestamp":1531636311870,"x":0.51849365234375,"y":1.475372314453125,"z":1.6439056396484375,"roomId":5555}
{"type":"accel","timestamp":1531636311879,"x":2.1077880859375,"y":3.8180694580078125,"z":-3.0399017333984375,"roomId":5555}
{"type":"gyro","timestamp":1531636311880,"x":0.6901702880859375,"y":1.63079833984375,"z":1.8283538818359375,"roomId":5555}
{"type":"accel","timestamp":1531636311890,"x":2.9967041015625,"y":3.19158935546875,"z":-2.4188232421875,"roomId":5555}
{"type":"gyro","timestamp":1531636311892,"x":0.9463348388671875,"y":1.73443603515625,"z":1.998382568359375,"roomId":5555}
{"type":"accel","timestamp":1531636311902,"x":3.765289306640625,"y":2.6487274169921875,"z":-2.55810546875,"roomId":5555}
{"type":"gyro","timestamp":1531636311903,"x":1.2664337158203125,"y":1.7952728271484375,"z":2.0897369384765625,"roomId":5555}
{"type":"accel","timestamp":1531636311919,"x":4.9320526123046875,"y":2.1229248046875,"z":-3.99017333984375,"roomId":5555}
{"type":"gyro","timestamp":1531636311920,"x":1.8930511474609375,"y":1.5698089599609375,"z":1.9576568603515625,"roomId":5555}
{"type":"accel","timestamp":1531636311930,"x":5.0040435791015625,"y":2.3172607421875,"z":-5.0370635986328125,"roomId":5555}
{"type":"gyro","timestamp":1531636311934,"x":2.1001434326171875,"y":1.2857666015625,"z":1.7436981201171875,"roomId":5555}
{"type":"accel","timestamp":1531636311940,"x":4.7092132568359375,"y":2.52679443359375,"z":-6.22869873046875,"roomId":5555}
{"type":"gyro","timestamp":1531636311950,"x":2.1580657958984375,"y":0.511993408203125,"z":1.1025238037109375,"roomId":5555}
{"type":"accel","timestamp":1531636311960,"x":4.40478515625,"y":2.646575927734375,"z":-7.960205078125,"roomId":5555}
{"type":"gyro","timestamp":1531636311961,"x":2.031829833984375,"y":0.0496826171875,"z":0.704559326171875,"roomId":5555}
{"type":"accel","timestamp":1531636311979,"x":3.2955780029296875,"y":1.673919677734375,"z":-8.454391479492188,"roomId":5555}
{"type":"gyro","timestamp":1531636311980,"x":1.6484527587890625,"y":-0.555419921875,"z":-0.0296783447265625,"roomId":5555}
{"type":"accel","timestamp":1531636311990,"x":3.017547607421875,"y":1.0961761474609375,"z":-8.639328002929688,"roomId":5555}
{"type":"gyro","timestamp":1531636311991,"x":1.43426513671875,"y":-0.6522369384765625,"z":-0.289642333984375,"roomId":5555}
{"type":"accel","timestamp":1531636312009,"x":0.700408935546875,"y":0.5403594970703125,"z":-7.6694488525390625,"roomId":5555}
{"type":"gyro","timestamp":1531636312010,"x":0.957427978515625,"y":-0.7335052490234375,"z":-0.57781982421875,"roomId":5555}
{"type":"accel","timestamp":1531636312028,"x":-0.408447265625,"y":0.8454132080078125,"z":-5.6765289306640625,"roomId":5555}
{"type":"gyro","timestamp":1531636312029,"x":0.657470703125,"y":-0.949462890625,"z":-0.465728759765625,"roomId":5555}
{"type":"accel","timestamp":1531636312039,"x":-0.6935882568359375,"y":0.7872772216796875,"z":-5.2403717041015625,"roomId":5555}
{"type":"gyro","timestamp":1531636312040,"x":0.70001220703125,"y":-1.1444854736328125,"z":-0.4667205810546875,"roomId":5555}
{"type":"accel","timestamp":1531636312049,"x":-1.0417633056640625,"y":1.44329833984375,"z":-5.6734619140625,"roomId":5555}
{"type":"gyro","timestamp":1531636312050,"x":0.86553955078125,"y":-1.384185791015625,"z":-0.511993408203125,"roomId":5555}
{"type":"accel","timestamp":1531636312059,"x":-1.303375244140625,"y":2.756988525390625,"z":-6.4425506591796875,"roomId":5555}
{"type":"gyro","timestamp":1531636312061,"x":1.0315399169921875,"y":-1.648162841796875,"z":-0.51885986328125,"roomId":5555}
{"type":"accel","timestamp":1531636312070,"x":-1.4189910888671875,"y":3.998046875,"z":-6.8368988037109375,"roomId":5555}
{"type":"gyro","timestamp":1531636312071,"x":1.07891845703125,"y":-1.8267364501953125,"z":-0.4611968994140625,"roomId":5555}
{"type":"accel","timestamp":1531636312081,"x":-1.2939605712890625,"y":4.9246063232421875,"z":-6.552398681640625,"roomId":5555}
{"type":"gyro","timestamp":1531636312083,"x":0.96728515625,"y":-1.8213653564453125,"z":-0.3508148193359375,"roomId":5555}
{"type":"accel","timestamp":1531636312098,"x":-0.3802337646484375,"y":7.2186431884765625,"z":-4.931640625,"roomId":5555}
{"type":"gyro","timestamp":1531636312099,"x":0.525177001953125,"y":-1.373992919921875,"z":-0.053436279296875,"roomId":5555}
{"type":"accel","timestamp":1531636312109,"x":-0.1007080078125,"y":7.9757537841796875,"z":-3.65447998046875,"roomId":5555}
{"type":"gyro","timestamp":1531636312111,"x":0.37078857421875,"y":-0.9715423583984375,"z":0.0666046142578125,"roomId":5555}
{"type":"accel","timestamp":1531636312119,"x":0.0635528564453125,"y":8.66119384765625,"z":-2.353546142578125,"roomId":5555}
{"type":"accel","timestamp":1531636312130,"x":-0.137786865234375,"y":9.514892578125,"z":-1.5295562744140625,"roomId":5555}
{"type":"gyro","timestamp":1531636312136,"x":0.4733734130859375,"y":0.2054290771484375,"z":0.0726165771484375,"roomId":5555}
{"type":"accel","timestamp":1531636312148,"x":-0.391143798828125,"y":10.4808349609375,"z":-1.6505889892578125,"roomId":5555}
{"type":"gyro","timestamp":1531636312150,"x":0.8589019775390625,"y":1.2377777099609375,"z":0.0864105224609375,"roomId":5555}
{"type":"accel","timestamp":1531636312170,"x":0.0106048583984375,"y":11.7281494140625,"z":-1.854766845703125,