{"type":"accel","timestamp":1531636316293,"x":-1.3919830322265625,"y":7.02301025390625,"z":-4.3644561767578125,"roomId":5555}
{"type":"gyro","timestamp":1531636316296,"x":0.2218170166015625,"y":0.3964385986328125,"z":-0.008544921875,"roomId":5555}
{"type":"accel","timestamp":1531636316309,"x":-1.300506591796875,"y":6.4869842529296875,"z":-5.734527587890625,"roomId":5555}
{"type":"gyro","timestamp":1531636316310,"x":0.5339202880859375,"y":1.0951385498046875,"z":0.3576202392578125,"roomId":5555}
{"type":"accel","timestamp":1531636316319,"x":-1.7851715087890625,"y":6.1877288818359375,"z":-6.3221435546875,"roomId":5555}
{"type":"gyro","timestamp":1531636316320,"x":0.577911376953125,"y":1.5744781494140625,"z":0.5807647705078125,"roomId":5555}
{"type":"accel","timestamp":1531636316329,"x":-2.526702880859375,"y":6.077789306640625,"z":-7.621429443359375,"roomId":5555}
{"type":"gyro","timestamp":1531636316330,"x":0.5420379638671875,"y":1.9531402587890625,"z":0.8566436767578125,"roomId":5555}
{"type":"accel","timestamp":1531636316339,"x":-1.8993072509765625,"y":6.4128570556640625,"z":-8.598648071289062,"roomId":5555}
{"type":"gyro","timestamp":1531636316340,"x":0.37884521484375,"y":1.9728240966796875,"z":1.1120147705078125,"roomId":5555}
{"type":"accel","timestamp":1531636316350,"x":-0.4163970947265625,"y":7.08831787109375,"z":-8.038803100585938,"roomId":5555}
{"type":"gyro","timestamp":1531636316350,"x":0.1128692626953125,"y":1.6363525390625,"z":1.17742919921875,"roomId":5555}
{"type":"accel","timestamp":1531636316369,"x":0.511474609375,"y":6.87640380859375,"z":-4.60406494140625,"roomId":5555}
{"type":"gyro","timestamp":1531636316370,"x":-0.1590728759765625,"y":0.9385223388671875,"z":0.73626708984375,"roomId":5555}
{"type":"accel","timestamp":1531636316379,"x":-0.251373291015625,"y":5.93865966796875,"z":-3.58294677734375,"roomId":5555}
{"type":"gyro","timestamp":1531636316381,"x":-0.0028533935546875,"y":0.8102874755859375,"z":0.5494384765625,"roomId":5555}
{"type":"accel","timestamp":1531636316390,"x":-1.23834228515625,"y":5.075775146484375,"z":-3.8563079833984375,"roomId":5555}
{"type":"gyro","timestamp":1531636316391,"x":0.2987823486328125,"y":0.7873077392578125,"z":0.5594482421875,"roomId":5555}
{"type":"accel","timestamp":1531636316400,"x":-1.88031005859375,"y":4.425201416015625,"z":-5.01043701171875,"roomId":5555}
{"type":"gyro","timestamp":1531636316401,"x":0.63360595703125,"y":0.8092498779296875,"z":0.754425048828125,"roomId":5555}
{"type":"accel","timestamp":1531636316411,"x":-1.9015045166015625,"y":4.1043853759765625,"z":-6.462371826171875,"roomId":5555}
{"type":"gyro","timestamp":1531636316412,"x":0.8955230712890625,"y":0.8701629638671875,"z":1.0465545654296875,"roomId":5555}
{"type":"accel","timestamp":1531636316429,"x":0.0845489501953125,"y":4.5142822265625,"z":-9.790267944335938,"roomId":5555}
{"type":"gyro","timestamp":1531636316430,"x":0.9301300048828125,"y":1.180389404296875,"z":1.54949951171875,"roomId":5555}
{"type":"accel","timestamp":1531636316440,"x":1.4597015380859375,"y":4.8699493408203125,"z":-10.28094482421875,"roomId":5555}
{"type":"gyro","timestamp":1531636316441,"x":0.657470703125,"y":1.320526123046875,"z":1.60784912109375,"roomId":5555}
{"type":"accel","timestamp":1531636316458,"x":2.6405487060546875,"y":4.929229736328125,"z":-9.113754272460938,"roomId":5555}
{"type":"gyro","timestamp":1531636316460,"x":-0.133148193359375,"y":1.488494873046875,"z":1.306793212890625,"roomId":5555}
{"type":"accel","timestamp":1531636316469,"x":2.32177734375,"y":4.50848388671875,"z":-7.6489105224609375,"roomId":5555}
{"type":"gyro","timestamp":1531636316471,"x":-0.4420623779296875,"y":1.4201812744140625,"z":1.0467071533203125,"roomId":5555}
{"type":"accel","timestamp":1531636316482,"x":1.4448699951171875,"y":3.7593841552734375,"z":-5.95062255859375,"roomId":5555}
{"type":"gyro","timestamp":1531636316484,"x":-0.5868988037109375,"y":1.1961669921875,"z":0.781280517578125,"roomId":5555}
{"type":"accel","timestamp":1531636316498,"x":-0.44671630859375,"y":2.888824462890625,"z":-3.148834228515625,"roomId":5555}
{"type":"gyro","timestamp":1531636316499,"x":-0.3109893798828125,"y":0.455596923828125,"z":0.5282745361328125,"roomId":5555}
{"type":"accel","timestamp":1531636316517,"x":0.455291748046875,"y":2.8147125244140625,"z":-2.7321929931640625,"roomId":5555}
{"type":"gyro","timestamp":1531636316518,"x":0.3532867431640625,"y":-0.07513427734375,"z":0.6898345947265625,"roomId":5555}
{"type":"accel","timestamp":1531636316527,"x":1.631195068359375,"y":3.0829620361328125,"z":-3.28936767578125,"roomId":5555}
{"type":"gyro","timestamp":1531636316528,"x":0.5882415771484375,"y":-0.1740264892578125,"z":0.7298431396484375,"roomId":5555}
{"type":"accel","timestamp":1531636316537,"x":2.3106842041015625,"y":3.5661773681640625,"z":-3.5859832763671875,"roomId":5555}
{"type":"gyro","timestamp":1531636316538,"x":0.686798095703125,"y":-0.1892547607421875,"z":0.67462158203125,"roomId":5555}
{"type":"accel","timestamp":1531636316548,"x":2.29736328125,"y":3.9505767822265625,"z":-3.6480712890625,"roomId":5555}
{"type":"gyro","timestamp":1531636316549,"x":0.6740264892578125,"y":-0.1257781982421875,"z":0.5471954345703125,"roomId":5555}
{"type":"accel","timestamp":1531636316559,"x":1.66888427734375,"y":4.1230010986328125,"z":-3.639495849609375,"roomId":5555}
{"type":"gyro","timestamp":1531636316560,"x":0.590850830078125,"y":-0.0532379150390625,"z":0.37701416015625,"roomId":5555}
{"type":"accel","timestamp":1531636316579,"x":-0.5124359130859375,"y":3.7625732421875,"z":-3.178619384765625,"roomId":5555}
{"type":"gyro","timestamp":1531636316580,"x":0.35833740234375,"y":-0.140289306640625,"z":0.0553741455078125,"roomId":5555}
{"type":"accel","timestamp":1531636316598,"x":-0.3890838623046875,"y":3.4400634765625,"z":-2.17547607421875,"roomId":5555}
{"type":"gyro","timestamp":1531636316599,"x":0.320343017578125,"y":-0.4988555908203125,"z":-0.0416412353515625,"roomId":5555}
{"type":"accel","timestamp":1531636316608,"x":0.3497161865234375,"y":3.5035247802734375,"z":-2.214141845703125,"roomId":5555}
{"type":"gyro","timestamp":1531636316610,"x":0.459930419921875,"y":-0.73870849609375,"z":-0.1206817626953125,"roomId":5555}
{"type":"accel","timestamp":1531636316618,"x":0.945037841796875,"y":3.834381103515625,"z":-2.7637786865234375,"roomId":5555}
{"type":"accel","timestamp":1531636316628,"x":0.805389404296875,"y":4.320220947265625,"z":-3.4374847412109375,"roomId":5555}
{"type":"gyro","timestamp":1531636316629,"x":0.8050079345703125,"y":-0.94915771484375,"z":-0.441162109375,"roomId":5555}
{"type":"accel","timestamp":1531636316638,"x":0.28118896484375,"y":4.8122711181640625,"z":-3.8770751953125,"roomId":5555}
{"type":"gyro","timestamp":1531636316639,"x":0.88958740234375,"y":-0.76300048828125,"z":-0.5533599853515625,"roomId":5555}
{"type":"accel","timestamp":1531636316657,"x":-0.36749267578125,"y":5.501708984375,"z":-3.8419189453125,"roomId":5555}
{"type":"gyro","timestamp":1531636316658,"x":0.821624755859375,"y":0.04931640625,"z":-0.495697021484375,"roomId":5555}
{"type":"accel","timestamp":1531636316667,"x":-0.878570556640625,"y":5.800079345703125,"z":-3.3345489501953125,"roomId":5555}
{"type":"gyro","timestamp":1531636316668,"x":0.7850341796875,"y":0.38671875,"z":-0.400238037109375,"roomId":5555}
{"type":"accel","timestamp":1531636316677,"x":-1.2798309326171875,"y":5.9566650390625,"z":-2.9643707275390625,"roomId":5555}
{"type":"gyro","timestamp":1531636316678,"x":0.8417816162109375,"y":0.54510498046875,"z":-0.3151092529296875,"roomId":5555}
{"type":"accel","timestamp":1531636316697,"x":-0.8752288818359375,"y":6.692352294921875,"z":-3.7064971923828125,"roomId":5555}
{"type":"gyro","timestamp":1531636316698,"x":1.107574462890625,"y":0.5027008056640625,"z":-0.2060546875,"roomId":5555}
{"type":"accel","timestamp":1531636316707,"x":-0.72564697265625,"y":7.316986083984375,"z":-4.296630859375,"roomId":5555}
{"type":"gyro","timestamp":1531636316709,"x":1.217071533203125,"y":0.5130462646484375,