{"type":"accel","timestamp":1531636280612,"x":-2.4059600830078125,"y":7.5068817138671875,"z":-6.3391265869140625,"roomId":5555}
{"type":"gyro","timestamp":1531636280613,"x":0.0087127685546875,"y":0.418914794921875,"z":0.2879791259765625,"roomId":5555}
{"type":"accel","timestamp":1531636280633,"x":-2.3389434814453125,"y":7.5605621337890625,"z":-3.2826995849609375,"roomId":5555}
{"type":"gyro","timestamp":1531636280634,"x":-0.2850189208984375,"y":0.5209503173828125,"z":0.3098602294921875,"roomId":5555}
{"type":"accel","timestamp":1531636280643,"x":-2.359619140625,"y":7.469879150390625,"z":-2.9108123779296875,"roomId":5555}
{"type":"gyro","timestamp":1531636280645,"x":-0.1583099365234375,"y":0.703643798828125,"z":0.40020751953125,"roomId":5555}
{"type":"accel","timestamp":1531636280653,"x":-2.200286865234375,"y":7.3743438720703125,"z":-3.5682220458984375,"roomId":5555}
{"type":"gyro","timestamp":1531636280662,"x":0.2069244384765625,"y":1.4176025390625,"z":0.814971923828125,"roomId":5555}
{"type":"accel","timestamp":1531636280671,"x":-0.7032318115234375,"y":6.86700439453125,"z":-5.71380615234375,"roomId":5555}
{"type":"accel","timestamp":1531636280682,"x":-0.00830078125,"y":6.1534423828125,"z":-7.2989501953125,"roomId":5555}
{"type":"gyro","timestamp":1531636280683,"x":0.3386688232421875,"y":2.7031707763671875,"z":1.3263092041015625,"roomId":5555}
{"type":"accel","timestamp":1531636280701,"x":1.0786895751953125,"y":4.284759521484375,"z":-10.917953491210938,"roomId":5555}
{"type":"gyro","timestamp":1531636280703,"x":0.0029144287109375,"y":4.1610565185546875,"z":1.77655029296875,"roomId":5555}
{"type":"accel","timestamp":1531636280711,"x":0.4350738525390625,"y":3.3288726806640625,"z":-12.04095458984375,"roomId":5555}
{"type":"gyro","timestamp":1531636280713,"x":-0.357330322265625,"y":4.5762939453125,"z":1.907989501953125,"roomId":5555}
{"type":"accel","timestamp":1531636280723,"x":0.033355712890625,"y":2.5445404052734375,"z":-12.40557861328125,"roomId":5555}
{"type":"gyro","timestamp":1531636280724,"x":-0.7560272216796875,"y":4.605560302734375,"z":2.01806640625,"roomId":5555}
{"type":"accel","timestamp":1531636280740,"x":0.408660888671875,"y":2.2309417724609375,"z":-7.6758270263671875,"roomId":5555}
{"type":"gyro","timestamp":1531636280741,"x":-1.1617584228515625,"y":3.3700408935546875,"z":2.1767730712890625,"roomId":5555}
{"type":"accel","timestamp":1531636280750,"x":0.1372528076171875,"y":2.091522216796875,"z":-5.1013336181640625,"roomId":5555}
{"type":"gyro","timestamp":1531636280751,"x":-0.9554443359375,"y":2.7501983642578125,"z":2.2947845458984375,"roomId":5555}
{"type":"accel","timestamp":1531636280760,"x":-0.1214752197265625,"y":1.5866241455078125,"z":-4.2986602783203125,"roomId":5555}
{"type":"gyro","timestamp":1531636280761,"x":-0.5900726318359375,"y":2.4708404541015625,"z":2.52337646484375,"roomId":5555}
{"type":"accel","timestamp":1531636280770,"x":-0.109039306640625,"y":0.92584228515625,"z":-4.5265960693359375,"roomId":5555}
{"type":"gyro","timestamp":1531636280772,"x":-0.253997802734375,"y":2.4359283447265625,"z":2.8734588623046875,"roomId":5555}
{"type":"accel","timestamp":1531636280781,"x":0.388336181640625,"y":0.37353515625,"z":-4.4620513916015625,"roomId":5555}
{"type":"accel","timestamp":1531636280791,"x":0.936920166015625,"y":-0.306976318359375,"z":-4.0267333984375,"roomId":5555}
{"type":"gyro","timestamp":1531636280792,"x":0.148193359375,"y":2.5282135009765625,"z":3.7431640625,"roomId":5555}
{"type":"accel","timestamp":1531636280801,"x":1.673736572265625,"y":-1.0630950927734375,"z":-3.962554931640625,"roomId":5555}
{"type":"gyro","timestamp":1531636280802,"x":0.2922210693359375,"y":2.6108856201171875,"z":4.1587066650390625,"roomId":5555}
{"type":"accel","timestamp":1531636280811,"x":3.824493408203125,"y":-1.3150634765625,"z":-4.03521728515625,"roomId":5555}
{"type":"gyro","timestamp":1531636280820,"x":0.459503173828125,"y":2.7283477783203125,"z":4.6470947265625,"roomId":5555}
{"type":"accel","timestamp":1531636280830,"x":10.03857421875,"y":-0.33917236328125,"z":-2.3316650390625,"roomId":5555}
{"type":"gyro","timestamp":1531636280831,"x":0.566497802734375,"y":2.4847259521484375,"z":4.3873443603515625,"roomId":5555}
{"type":"accel","timestamp":1531636280843,"x":11.356277465820312,"y":0.1838531494140625,"z":-1.21624755859375,"roomId":5555}
{"type":"gyro","timestamp":1531636280844,"x":0.7503509521484375,"y":2.1079559326171875,"z":3.7729949951171875,"roomId":5555}
{"type":"accel","timestamp":1531636280859,"x":10.716278076171875,"y":1.7163238525390625,"z":-0.27056884765625,"roomId":5555}
{"type":"gyro","timestamp":1531636280860,"x":1.302337646484375,"y":1.13568115234375,"z":2.1251373291015625,"roomId":5555}
{"type":"accel","timestamp":1531636280870,"x":9.9925537109375,"y":3.5909881591796875,"z":-0.38092041015625,"roomId":5555}
{"type":"gyro","timestamp":1531636280871,"x":1.5887908935546875,"y":0.325408935546875,"z":1.2957611083984375,"roomId":5555}
{"type":"accel","timestamp":1531636280881,"x":8.0455322265625,"y":5.181243896484375,"z":-0.98492431640625,"roomId":5555}
{"type":"gyro","timestamp":1531636280882,"x":1.7727508544921875,"y":-0.732025146484375,"z":0.4543914794921875,"roomId":5555}
{"type":"accel","timestamp":1531636280899,"x":3.591278076171875,"y":5.8641510009765625,"z":-3.53387451171875,"roomId":5555}
{"type":"gyro","timestamp":1531636280900,"x":1.5912017822265625,"y":-2.4007110595703125,"z":-0.9490814208984375,"roomId":5555}
{"type":"accel","timestamp":1531636280910,"x":2.7914276123046875,"y":5.56744384765625,"z":-4.5328521728515625,"roomId":5555}
{"type":"gyro","timestamp":1531636280911,"x":1.2862091064453125,"y":-2.81463623046875,"z":-1.406829833984375,"roomId":5555}
{"type":"accel","timestamp":1531636280920,"x":2.026947021484375,"y":5.04229736328125,"z":-4.9402923583984375,"roomId":5555}
{"type":"gyro","timestamp":1531636280922,"x":0.927520751953125,"y":-2.9364471435546875,"z":-1.6862030029296875,"roomId":5555}
{"type":"accel","timestamp":1531636280930,"x":1.7801513671875,"y":4.7766876220703125,"z":-4.6652069091796875,"roomId":5555}
{"type":"accel","timestamp":1531636280940,"x":2.570587158203125,"y":4.9254913330078125,"z":-3.7431488037109375,"roomId":5555}
{"type":"gyro","timestamp":1531636280940,"x":0.2640380859375,"y":-2.5685882568359375,"z":-1.686492919921875,"roomId":5555}
{"type":"accel","timestamp":1531636280950,"x":2.9918060302734375,"y":5.5240936279296875,"z":-2.60491943359375,"roomId":5555}
{"type":"gyro","timestamp":1531636280951,"x":0.06256103515625,"y":-2.2068328857421875,"z":-1.619049072265625,"roomId":5555}
{"type":"accel","timestamp":1531636280970,"x":1.7339935302734375,"y":7.3193817138671875,"z":-0.8635101318359375,"roomId":5555}
{"type":"gyro","timestamp":1531636280971,"x":0.1288909912109375,"y":-1.5736236572265625,"z":-1.5667877197265625,"roomId":5555}
{"type":"accel","timestamp":1531636280980,"x":1.99261474609375,"y":7.5073089599609375,"z":-1.5638275146484375,"roomId":5555}
{"type":"gyro","timestamp":1531636280981,"x":0.3948211669921875,"y":-1.329498291015625,"z":-1.5725860595703125,"roomId":5555}
{"type":"accel","timestamp":1531636280999,"x":0.8614654541015625,"y":9.207748413085938,"z":-3.568023681640625,"roomId":5555}
{"type":"gyro","timestamp":1531636281000,"x":1.068572998046875,"y":-0.1118011474609375,"z":-1.455474853515625,"roomId":5555}
{"type":"accel","timestamp":1531636281010,"x":1.858062744140625,"y":11.559722900390625,"z":-4.6519317626953125,"roomId":5555}
{"type":"gyro","timestamp":1531636281012,"x":1.4034576416015625,"y":0.5951080322265625,"z":-1.24676513671875,"roomId":5555}
{"type":"accel","timestamp":1531636281020,"x":0.832550048828125,"y":14.506378173828125,"z":-5.7729644775390625,"roomId":5555}
{"type":"gyro","timestamp":1531636281029,"x":1.6148529052734375,"y":0.83673095703125,"z":-1.463714599609375,"roomId":5555}
{"type":"accel","timestamp":1531636281039,"x":-6.230560302734375,"y":18.159378051757812,"z":-6.1949615478515625,"roomId":5555}
{"type":"gyro","timestamp":1531636281040,