{"type":"accel","timestamp":1531636273947,"x":-0.4642181396484375,"y":6.521942138671875,"z":-3.132720947265625,"roomId":5555}
{"type":"gyro","timestamp":1531636273949,"x":-0.652801513671875,"y":-0.171600341796875,"z":0.778228759765625,"roomId":5555}
{"type":"accel","timestamp":1531636273967,"x":-0.96490478515625,"y":5.4616851806640625,"z":-4.0850677490234375,"roomId":5555}
{"type":"gyro","timestamp":1531636273968,"x":-0.4033355712890625,"y":-0.082305908203125,"z":1.0681304931640625,"roomId":5555}
{"type":"accel","timestamp":1531636273977,"x":-1.252899169921875,"y":5.3291473388671875,"z":-3.8859100341796875,"roomId":5555}
{"type":"gyro","timestamp":1531636273979,"x":-0.3338470458984375,"y":0.2718353271484375,"z":1.3695526123046875,"roomId":5555}
{"type":"accel","timestamp":1531636273996,"x":0.5693511962890625,"y":5.1202850341796875,"z":-3.88909912109375,"roomId":5555}
{"type":"gyro","timestamp":1531636273997,"x":-0.216461181640625,"y":0.8309478759765625,"z":1.9236297607421875,"roomId":5555}
{"type":"accel","timestamp":1531636274006,"x":1.2032318115234375,"y":4.94061279296875,"z":-3.947540283203125,"roomId":5555}
{"type":"gyro","timestamp":1531636274007,"x":-0.1947784423828125,"y":0.8646697998046875,"z":2.0019378662109375,"roomId":5555}
{"type":"accel","timestamp":1531636274016,"x":1.3308258056640625,"y":4.6833038330078125,"z":-3.3175048828125,"roomId":5555}
{"type":"gyro","timestamp":1531636274017,"x":-0.1850433349609375,"y":0.836151123046875,"z":1.9922332763671875,"roomId":5555}
{"type":"accel","timestamp":1531636274037,"x":1.70611572265625,"y":4.296142578125,"z":-1.205841064453125,"roomId":5555}
{"type":"gyro","timestamp":1531636274037,"x":0.018096923828125,"y":0.7930450439453125,"z":1.9598236083984375,"roomId":5555}
{"type":"accel","timestamp":1531636274047,"x":2.173065185546875,"y":4.289215087890625,"z":-0.7454376220703125,"roomId":5555}
{"type":"gyro","timestamp":1531636274048,"x":0.227294921875,"y":0.7851409912109375,"z":1.992156982421875,"roomId":5555}
{"type":"accel","timestamp":1531636274068,"x":3.9384918212890625,"y":4.522064208984375,"z":-1.357757568359375,"roomId":5555}
{"type":"gyro","timestamp":1531636274069,"x":0.551239013671875,"y":0.81243896484375,"z":1.9852447509765625,"roomId":5555}
{"type":"accel","timestamp":1531636274087,"x":4.8048553466796875,"y":4.40185546875,"z":0.031524658203125,"roomId":5555}
{"type":"gyro","timestamp":1531636274089,"x":0.5826416015625,"y":0.9898834228515625,"z":1.6044921875,"roomId":5555}
{"type":"accel","timestamp":1531636274097,"x":5.126434326171875,"y":4.2463226318359375,"z":1.06256103515625,"roomId":5555}
{"type":"gyro","timestamp":1531636274099,"x":0.6513671875,"y":0.9788360595703125,"z":1.2781524658203125,"roomId":5555}
{"type":"accel","timestamp":1531636274108,"x":4.9962158203125,"y":4.13232421875,"z":1.5614166259765625,"roomId":5555}
{"type":"gyro","timestamp":1531636274111,"x":0.824493408203125,"y":0.8194122314453125,"z":0.88543701171875,"roomId":5555}
{"type":"accel","timestamp":1531636274118,"x":4.039398193359375,"y":4.0771026611328125,"z":1.1692352294921875,"roomId":5555}
{"type":"gyro","timestamp":1531636274122,"x":1.06591796875,"y":0.5171051025390625,"z":0.47357177734375,"roomId":5555}
{"type":"accel","timestamp":1531636274136,"x":1.268463134765625,"y":4.278900146484375,"z":-0.7021484375,"roomId":5555}
{"type":"gyro","timestamp":1531636274137,"x":1.35260009765625,"y":-0.1124114990234375,"z":-0.125579833984375,"roomId":5555}
{"type":"accel","timestamp":1531636274156,"x":0.505340576171875,"y":4.353515625,"z":-1.3977508544921875,"roomId":5555}
{"type":"gyro","timestamp":1531636274157,"x":1.188018798828125,"y":-0.3511810302734375,"z":-0.3214111328125,"roomId":5555}
{"type":"accel","timestamp":1531636274178,"x":0.937957763671875,"y":3.9048919677734375,"z":-0.16851806640625,"roomId":5555}
{"type":"gyro","timestamp":1531636274179,"x":0.8854522705078125,"y":-0.112579345703125,"z":-0.2598419189453125,"roomId":5555}
{"type":"accel","timestamp":1531636274196,"x":3.12432861328125,"y":4.360748291015625,"z":0.6363372802734375,"roomId":5555}
{"type":"gyro","timestamp":1531636274197,"x":0.8999786376953125,"y":0.17242431640625,"z":-0.1993408203125,"roomId":5555}
{"type":"accel","timestamp":1531636274206,"x":3.1171112060546875,"y":4.8158111572265625,"z":-0.0941314697265625,"roomId":5555}
{"type":"gyro","timestamp":1531636274207,"x":1.0501861572265625,"y":0.2154083251953125,"z":-0.3716583251953125,"roomId":5555}
{"type":"accel","timestamp":1531636274217,"x":1.977508544921875,"y":4.994232177734375,"z":-1.527679443359375,"roomId":5555}
{"type":"gyro","timestamp":1531636274218,"x":1.2225341796875,"y":0.2287750244140625,"z":-0.640228271484375,"roomId":5555}
{"type":"accel","timestamp":1531636274234,"x":-1.6762847900390625,"y":4.9823760986328125,"z":-4.583740234375,"roomId":5555}
{"type":"gyro","timestamp":1531636274235,"x":1.41351318359375,"y":-0.0040740966796875,"z":-1.0924835205078125,"roomId":5555}
{"type":"accel","timestamp":1531636274244,"x":-3.005889892578125,"y":4.909912109375,"z":-5.08172607421875,"roomId":5555}
{"type":"gyro","timestamp":1531636274245,"x":1.423095703125,"y":-0.2340850830078125,"z":-1.1554412841796875,"roomId":5555}
{"type":"accel","timestamp":1531636274254,"x":-3.4985198974609375,"y":4.64593505859375,"z":-5.18695068359375,"roomId":5555}
{"type":"gyro","timestamp":1531636274255,"x":1.423126220703125,"y":-0.383880615234375,"z":-1.1022186279296875,"roomId":5555}
{"type":"accel","timestamp":1531636274265,"x":-3.4916839599609375,"y":4.365081787109375,"z":-5.561614990234375,"roomId":5555}
{"type":"gyro","timestamp":1531636274266,"x":1.44573974609375,"y":-0.361480712890625,"z":-0.9647064208984375,"roomId":5555}
{"type":"accel","timestamp":1531636274286,"x":-2.5595550537109375,"y":4.3914794921875,"z":-8.530426025390625,"roomId":5555}
{"type":"gyro","timestamp":1531636274287,"x":1.5334625244140625,"y":-0.0768890380859375,"z":-0.67889404296875,"roomId":5555}
{"type":"accel","timestamp":1531636274305,"x":-1.8178558349609375,"y":5.746368408203125,"z":-13.5511474609375,"roomId":5555}
{"type":"gyro","timestamp":1531636274307,"x":1.5264434814453125,"y":0.2161712646484375,"z":-0.5844268798828125,"roomId":5555}
{"type":"accel","timestamp":1531636274317,"x":-2.5902557373046875,"y":6.33050537109375,"z":-15.782073974609375,"roomId":5555}
{"type":"gyro","timestamp":1531636274319,"x":1.4095001220703125,"y":0.390411376953125,"z":-0.5809783935546875,"roomId":5555}
{"type":"accel","timestamp":1531636274327,"x":-3.4550323486328125,"y":6.4059906005859375,"z":-16.665313720703125,"roomId":5555}
{"type":"gyro","timestamp":1531636274328,"x":1.1864776611328125,"y":0.55450439453125,"z":-0.5418548583984375,"roomId":5555}
{"type":"accel","timestamp":1531636274345,"x":-2.6269683837890625,"y":5.367828369140625,"z":-14.886489868164062,"roomId":5555}
{"type":"gyro","timestamp":1531636274347,"x":0.511077880859375,"y":0.3682861328125,"z":-0.4748077392578125,"roomId":5555}
{"type":"accel","timestamp":1531636274364,"x":-1.16351318359375,"y":5.68865966796875,"z":-12.109329223632812,"roomId":5555}
{"type":"gyro","timestamp":1531636274364,"x":-0.0583648681640625,"y":0.1849822998046875,"z":-0.684478759765625,"roomId":5555}
{"type":"accel","timestamp":1531636274374,"x":-1.822174072265625,"y":5.805511474609375,"z":-12.620529174804688,"roomId":5555}
{"type":"gyro","timestamp":1531636274375,"x":-0.0897369384765625,"y":0.2605133056640625,"z":-0.7756500244140625,"roomId":5555}
{"type":"accel","timestamp":1531636274384,"x":-2.2806549072265625,"y":5.550811767578125,"z":-13.574142456054688,"roomId":5555}
{"type":"gyro","timestamp":1531636274386,"x":-0.082305908203125,"y":0.437957763671875,"z":-0.77496337890625,"roomId":5555}
{"type":"accel","timestamp":1531636274394,"x":-2.5873870849609375,"y":5.638580322265625,"z":-13.615707397460938,"roomId":5555}
{"type":"gyro","timestamp":1531636274395,"x":-0.1388702392578125,"y":0.5770111083984375,"z":-0.7338409423828125,"roomId":5555}
{"type":"accel","timestamp":1531636274405,"x":-3.2588348388671875,