{"type":"gyro","timestamp":1531636293080,"x":-0.25079345703125,"y":1.0435333251953125,"z":1.5156707763671875,"roomId":5555}
{"type":"accel","timestamp":1531636293089,"x":2.404754638671875,"y":8.081954956054688,"z":-2.252471923828125,"roomId":5555}
{"type":"gyro","timestamp":1531636293090,"x":-0.1962890625,"y":0.9092559814453125,"z":1.4083099365234375,"roomId":5555}
{"type":"accel","timestamp":1531636293099,"x":2.4387969970703125,"y":7.613922119140625,"z":-1.7091217041015625,"roomId":5555}
{"type":"gyro","timestamp":1531636293101,"x":0.0253448486328125,"y":0.718109130859375,"z":1.28961181640625,"roomId":5555}
{"type":"accel","timestamp":1531636293116,"x":2.579925537109375,"y":6.95819091796875,"z":-2.93499755859375,"roomId":5555}
{"type":"gyro","timestamp":1531636293118,"x":0.5756683349609375,"y":0.299896240234375,"z":1.1076812744140625,"roomId":5555}
{"type":"accel","timestamp":1531636293127,"x":2.3309173583984375,"y":6.833740234375,"z":-4.1602783203125,"roomId":5555}
{"type":"gyro","timestamp":1531636293128,"x":0.7560272216796875,"y":0.2381591796875,"z":1.059722900390625,"roomId":5555}
{"type":"accel","timestamp":1531636293137,"x":1.8074798583984375,"y":6.7409820556640625,"z":-5.420135498046875,"roomId":5555}
{"type":"gyro","timestamp":1531636293146,"x":0.8167572021484375,"y":0.602752685546875,"z":1.183837890625,"roomId":5555}
{"type":"accel","timestamp":1531636293156,"x":1.610809326171875,"y":6.8079681396484375,"z":-7.78546142578125,"roomId":5555}
{"type":"gyro","timestamp":1531636293157,"x":0.697052001953125,"y":0.8128662109375,"z":1.28759765625,"roomId":5555}
{"type":"accel","timestamp":1531636293167,"x":1.7274627685546875,"y":6.6348876953125,"z":-8.032272338867188,"roomId":5555}
{"type":"gyro","timestamp":1531636293168,"x":0.4755401611328125,"y":0.890106201171875,"z":1.319580078125,"roomId":5555}
{"type":"accel","timestamp":1531636293186,"x":2.3343353271484375,"y":5.274993896484375,"z":-5.5893096923828125,"roomId":5555}
{"type":"gyro","timestamp":1531636293186,"x":-0.0253448486328125,"y":0.7927703857421875,"z":1.0965728759765625,"roomId":5555}
{"type":"accel","timestamp":1531636293196,"x":2.3143463134765625,"y":4.3611602783203125,"z":-3.59075927734375,"roomId":5555}
{"type":"gyro","timestamp":1531636293196,"x":-0.114593505859375,"y":0.6927032470703125,"z":0.8890228271484375,"roomId":5555}
{"type":"accel","timestamp":1531636293208,"x":2.0825653076171875,"y":3.3925933837890625,"z":-1.9673309326171875,"roomId":5555}
{"type":"gyro","timestamp":1531636293209,"x":-0.0054779052734375,"y":0.54290771484375,"z":0.6977691650390625,"roomId":5555}
{"type":"accel","timestamp":1531636293226,"x":2.3915557861328125,"y":2.0757904052734375,"z":-0.925048828125,"roomId":5555}
{"type":"gyro","timestamp":1531636293228,"x":0.6689910888671875,"y":0.2426910400390625,"z":0.4712982177734375,"roomId":5555}
{"type":"accel","timestamp":1531636293237,"x":2.575347900390625,"y":1.9840850830078125,"z":-1.9477996826171875,"roomId":5555}
{"type":"gyro","timestamp":1531636293238,"x":1.0687713623046875,"y":0.1622467041015625,"z":0.37994384765625,"roomId":5555}
{"type":"accel","timestamp":1531636293247,"x":2.2161102294921875,"y":2.16107177734375,"z":-3.3797454833984375,"roomId":5555}
{"type":"gyro","timestamp":1531636293248,"x":1.3787078857421875,"y":0.207275390625,"z":0.2819366455078125,"roomId":5555}
{"type":"accel","timestamp":1531636293258,"x":1.78924560546875,"y":2.608856201171875,"z":-4.6106414794921875,"roomId":5555}
{"type":"gyro","timestamp":1531636293259,"x":1.5478973388671875,"y":0.3916778564453125,"z":0.1979217529296875,"roomId":5555}
{"type":"accel","timestamp":1531636293276,"x":1.0254669189453125,"y":3.3817138671875,"z":-5.6967926025390625,"roomId":5555}
{"type":"gyro","timestamp":1531636293277,"x":1.4539947509765625,"y":0.8742218017578125,"z":-0.025787353515625,"roomId":5555}
{"type":"accel","timestamp":1531636293287,"x":0.4302520751953125,"y":2.98052978515625,"z":-5.3111724853515625,"roomId":5555}
{"type":"gyro","timestamp":1531636293288,"x":1.2644195556640625,"y":1.001922607421875,"z":-0.207489013671875,"roomId":5555}
{"type":"accel","timestamp":1531636293307,"x":-0.368133544921875,"y":1.6512603759765625,"z":-2.6401824951171875,"roomId":5555}
{"type":"gyro","timestamp":1531636293308,"x":0.961700439453125,"y":1.0316314697265625,"z":-0.6551513671875,"roomId":5555}
{"type":"accel","timestamp":1531636293325,"x":0.7135772705078125,"y":1.996063232421875,"z":-1.2723236083984375,"roomId":5555}
{"type":"gyro","timestamp":1531636293327,"x":1.1391143798828125,"y":0.4554443359375,"z":-1.0135040283203125,"roomId":5555}
{"type":"accel","timestamp":1531636293336,"x":0.982147216796875,"y":3.0362701416015625,"z":-1.57171630859375,"roomId":5555}
{"type":"gyro","timestamp":1531636293338,"x":1.3256988525390625,"y":0.1947784423828125,"z":-1.192291259765625,"roomId":5555}
{"type":"accel","timestamp":1531636293346,"x":0.31719970703125,"y":4.2729949951171875,"z":-1.9102020263671875,"roomId":5555}
{"type":"accel","timestamp":1531636293358,"x":-1.099822998046875,"y":5.1916351318359375,"z":-2.6038970947265625,"roomId":5555}
{"type":"gyro","timestamp":1531636293359,"x":1.584716796875,"y":0.2034454345703125,"z":-1.5249481201171875,"roomId":5555}
{"type":"accel","timestamp":1531636293375,"x":-5.0059356689453125,"y":5.6313323974609375,"z":-4.5218505859375,"roomId":5555}
{"type":"gyro","timestamp":1531636293375,"x":1.4422607421875,"y":0.60125732421875,"z":-1.6055755615234375,"roomId":5555}
{"type":"accel","timestamp":1531636293394,"x":-5.825775146484375,"y":5.6489105224609375,"z":-5.9043731689453125,"roomId":5555}
{"type":"gyro","timestamp":1531636293395,"x":0.9196014404296875,"y":0.8660888671875,"z":-1.281982421875,"roomId":5555}
{"type":"accel","timestamp":1531636293405,"x":-5.2028045654296875,"y":5.7588653564453125,"z":-6.1343231201171875,"roomId":5555}
{"type":"gyro","timestamp":1531636293407,"x":0.5993499755859375,"y":0.8006134033203125,"z":-1.07537841796875,"roomId":5555}
{"type":"accel","timestamp":1531636293415,"x":-3.85748291015625,"y":5.7815704345703125,"z":-5.873046875,"roomId":5555}
{"type":"gyro","timestamp":1531636293417,"x":0.3020477294921875,"y":0.63372802734375,"z":-0.9037017822265625,"roomId":5555}
{"type":"accel","timestamp":1531636293427,"x":-2.1360015869140625,"y":6.0303192138671875,"z":-5.558807373046875,"roomId":5555}
{"type":"gyro","timestamp":1531636293428,"x":0.0937957763671875,"y":0.426727294921875,"z":-0.8400421142578125,"roomId":5555}
{"type":"accel","timestamp":1531636293445,"x":-1.9450225830078125,"y":7.5110931396484375,"z":-4.6281890869140625,"roomId":5555}
{"type":"gyro","timestamp":1531636293447,"x":0.05120849609375,"y":0.17681884765625,"z":-1.0624237060546875,"roomId":5555}
{"type":"accel","timestamp":1531636293456,"x":-3.0031585693359375,"y":7.7232666015625,"z":-4.772125244140625,"roomId":5555}
{"type":"gyro","timestamp":1531636293456,"x":0.1786041259765625,"y":0.109466552734375,"z":-1.150909423828125,"roomId":5555}
{"type":"accel","timestamp":1531636293467,"x":-4.2113189697265625,"y":7.8392333984375,"z":-5.166015625,"roomId":5555}
{"type":"gyro","timestamp":1531636293467,"x":0.2884063720703125,"y":0.036468505859375,"z":-1.1408538818359375,"roomId":5555}
{"type":"accel","timestamp":1531636293485,"x":-4.778106689453125,"y":8.225326538085938,"z":-5.2569580078125,"roomId":5555}
{"type":"gyro","timestamp":1531636293487,"x":0.2640228271484375,"y":-0.0258636474609375,"z":-0.78240966796875,"roomId":5555}
{"type":"accel","timestamp":1531636293496,"x":-3.90283203125,"y":8.40277099609375,"z":-4.8670501708984375,"roomId":5555}
{"type":"gyro","timestamp":1531636293497,"x":0.1829681396484375,"y":-0.0492706298828125,"z":-0.5572357177734375,"roomId":5555}
{"type":"accel","timestamp":1531636293515,"x":-1.3857879638671875,"y":8.734954833984375,"z":-3.15093994140625,"roomId":5555}
{"type":"gyro","timestamp":1531636293517,"x":0.2018585205078125,"y":-0.02777099609375,"z":-0.332550048828125,"roomId":5555}
{"type":"accel","timestamp":1531636293525,"x":-0.897430419921875,