{"type":"accel","timestamp":1531636276221,"x":0.0377655029296875,"y":6.5728759765625,"z":-3.1869049072265625,"roomId":5555}
{"type":"gyro","timestamp":1531636276223,"x":0.5223846435546875,"y":0.8349761962890625,"z":1.241241455078125,"roomId":5555}
{"type":"accel","timestamp":1531636276231,"x":-0.11279296875,"y":5.7023773193359375,"z":-3.1319427490234375,"roomId":5555}
{"type":"accel","timestamp":1531636276241,"x":0.169219970703125,"y":5.1339569091796875,"z":-3.170013427734375,"roomId":5555}
{"type":"gyro","timestamp":1531636276243,"x":0.712890625,"y":1.4552764892578125,"z":1.6995391845703125,"roomId":5555}
{"type":"accel","timestamp":1531636276251,"x":1.2143096923828125,"y":5.239105224609375,"z":-3.4202728271484375,"roomId":5555}
{"type":"gyro","timestamp":1531636276261,"x":1.0614013671875,"y":1.184356689453125,"z":1.9270477294921875,"roomId":5555}
{"type":"accel","timestamp":1531636276270,"x":3.7444305419921875,"y":5.9217376708984375,"z":-4.5994415283203125,"roomId":5555}
{"type":"gyro","timestamp":1531636276272,"x":1.2216949462890625,"y":0.811767578125,"z":1.788787841796875,"roomId":5555}
{"type":"accel","timestamp":1531636276281,"x":4.6357879638671875,"y":5.7516021728515625,"z":-5.62335205078125,"roomId":5555}
{"type":"gyro","timestamp":1531636276282,"x":1.290863037109375,"y":0.4852447509765625,"z":1.5001220703125,"roomId":5555}
{"type":"accel","timestamp":1531636276291,"x":4.7810211181640625,"y":5.3654937744140625,"z":-6.462310791015625,"roomId":5555}
{"type":"gyro","timestamp":1531636276292,"x":1.2312774658203125,"y":0.28973388671875,"z":1.1318817138671875,"roomId":5555}
{"type":"accel","timestamp":1531636276301,"x":4.252166748046875,"y":4.8343353271484375,"z":-6.81414794921875,"roomId":5555}
{"type":"gyro","timestamp":1531636276303,"x":1.0593719482421875,"y":0.2647705078125,"z":0.7885284423828125,"roomId":5555}
{"type":"accel","timestamp":1531636276311,"x":3.7024078369140625,"y":4.2308807373046875,"z":-6.7637786865234375,"roomId":5555}
{"type":"gyro","timestamp":1531636276313,"x":0.8235321044921875,"y":0.3858184814453125,"z":0.5375823974609375,"roomId":5555}
{"type":"accel","timestamp":1531636276323,"x":3.2597503662109375,"y":3.8441162109375,"z":-6.3765411376953125,"roomId":5555}
{"type":"gyro","timestamp":1531636276325,"x":0.5890960693359375,"y":0.55560302734375,"z":0.356292724609375,"roomId":5555}
{"type":"accel","timestamp":1531636276340,"x":1.500762939453125,"y":3.5104217529296875,"z":-5.64996337890625,"roomId":5555}
{"type":"gyro","timestamp":1531636276341,"x":0.3291473388671875,"y":0.50531005859375,"z":0.04046630859375,"roomId":5555}
{"type":"accel","timestamp":1531636276350,"x":0.61102294921875,"y":2.859130859375,"z":-5.6346588134765625,"roomId":5555}
{"type":"gyro","timestamp":1531636276351,"x":0.3002471923828125,"y":0.24273681640625,"z":-0.085479736328125,"roomId":5555}
{"type":"accel","timestamp":1531636276360,"x":0.369964599609375,"y":1.9953765869140625,"z":-5.713409423828125,"roomId":5555}
{"type":"gyro","timestamp":1531636276361,"x":0.30352783203125,"y":-0.0311431884765625,"z":-0.1765594482421875,"roomId":5555}
{"type":"accel","timestamp":1531636276370,"x":0.6404876708984375,"y":1.2910003662109375,"z":-6.0823211669921875,"roomId":5555}
{"type":"accel","timestamp":1531636276380,"x":0.70526123046875,"y":0.9735107421875,"z":-6.544769287109375,"roomId":5555}
{"type":"gyro","timestamp":1531636276381,"x":0.390777587890625,"y":-0.2238616943359375,"z":-0.3247833251953125,"roomId":5555}
{"type":"accel","timestamp":1531636276391,"x":0.3073272705078125,"y":0.906646728515625,"z":-6.791900634765625,"roomId":5555}
{"type":"gyro","timestamp":1531636276392,"x":0.4627532958984375,"y":-0.0683135986328125,"z":-0.3648681640625,"roomId":5555}
{"type":"accel","timestamp":1531636276410,"x":-1.496917724609375,"y":1.025482177734375,"z":-6.70965576171875,"roomId":5555}
{"type":"gyro","timestamp":1531636276411,"x":0.6050872802734375,"y":0.454254150390625,"z":-0.2027740478515625,"roomId":5555}
{"type":"accel","timestamp":1531636276421,"x":-1.5623931884765625,"y":1.022857666015625,"z":-6.1756591796875,"roomId":5555}
{"type":"gyro","timestamp":1531636276423,"x":0.6498870849609375,"y":0.6292877197265625,"z":0.050262451171875,"roomId":5555}
{"type":"accel","timestamp":1531636276440,"x":1.0097808837890625,"y":1.566497802734375,"z":-4.3855743408203125,"roomId":5555}
{"type":"gyro","timestamp":1531636276443,"x":0.7248687744140625,"y":0.920989990234375,"z":0.540740966796875,"roomId":5555}
{"type":"accel","timestamp":1531636276452,"x":2.2053985595703125,"y":2.358367919921875,"z":-3.9549102783203125,"roomId":5555}
{"type":"gyro","timestamp":1531636276454,"x":0.7765045166015625,"y":1.006439208984375,"z":0.5681610107421875,"roomId":5555}
{"type":"accel","timestamp":1531636276472,"x":3.3021087646484375,"y":3.8831329345703125,"z":-4.46722412109375,"roomId":5555}
{"type":"gyro","timestamp":1531636276474,"x":0.8758544921875,"y":0.72235107421875,"z":0.019287109375,"roomId":5555}
{"type":"accel","timestamp":1531636276482,"x":2.3182525634765625,"y":4.61639404296875,"z":-4.57830810546875,"roomId":5555}
{"type":"gyro","timestamp":1531636276491,"x":0.9629364013671875,"y":0.21636962890625,"z":-0.973663330078125,"roomId":5555}
{"type":"accel","timestamp":1531636276500,"x":-3.61370849609375,"y":5.7888946533203125,"z":-4.59259033203125,"roomId":5555}
{"type":"gyro","timestamp":1531636276502,"x":1.0159149169921875,"y":0.1244049072265625,"z":-1.258026123046875,"roomId":5555}
{"type":"accel","timestamp":1531636276513,"x":-6.41339111328125,"y":6.5670928955078125,"z":-4.5550537109375,"roomId":5555}
{"type":"gyro","timestamp":1531636276515,"x":1.083831787109375,"y":0.074737548828125,"z":-1.2071990966796875,"roomId":5555}
{"type":"accel","timestamp":1531636276530,"x":-4.84075927734375,"y":8.181167602539062,"z":-4.11456298828125,"roomId":5555}
{"type":"gyro","timestamp":1531636276531,"x":1.2803497314453125,"y":-0.0323944091796875,"z":-0.440948486328125,"roomId":5555}
{"type":"accel","timestamp":1531636276540,"x":-2.1407318115234375,"y":8.810409545898438,"z":-3.943878173828125,"roomId":5555}
{"type":"gyro","timestamp":1531636276550,"x":1.4516143798828125,"y":0.649658203125,"z":0.00146484375,"roomId":5555}
{"type":"accel","timestamp":1531636276559,"x":-0.8926239013671875,"y":10.178863525390625,"z":-4.8983001708984375,"roomId":5555}
{"type":"gyro","timestamp":1531636276560,"x":1.5435943603515625,"y":1.2599334716796875,"z":0.03521728515625,"roomId":5555}
{"type":"accel","timestamp":1531636276569,"x":-2.43597412109375,"y":11.398269653320312,"z":-6.2592620849609375,"roomId":5555}
{"type":"accel","timestamp":1531636276579,"x":-3.7896881103515625,"y":12.099212646484375,"z":-6.8556060791015625,"roomId":5555}
{"type":"gyro","timestamp":1531636276579,"x":1.6197357177734375,"y":1.57110595703125,"z":0.1863861083984375,"roomId":5555}
{"type":"accel","timestamp":1531636276589,"x":-3.9544219970703125,"y":12.13360595703125,"z":-6.0462188720703125,"roomId":5555}
{"type":"gyro","timestamp":1531636276591,"x":1.5703582763671875,"y":1.0551605224609375,"z":0.27777099609375,"roomId":5555}
{"type":"accel","timestamp":1531636276609,"x":1.157470703125,"y":11.4288330078125,"z":-1.4849090576171875,"roomId":5555}
{"type":"gyro","timestamp":1531636276611,"x":1.4145965576171875,"y":0.0295257568359375,"z":0.4296722412109375,"roomId":5555}
{"type":"accel","timestamp":1531636276619,"x":4.0139923095703125,"y":11.548294067382812,"z":0.46990966796875,"roomId":5555}
{"type":"gyro","timestamp":1531636276621,"x":1.4587554931640625,"y":0.0775604248046875,"z":0.4283905029296875,"roomId":5555}
{"type":"accel","timestamp":1531636276639,"x":3.2903900146484375,"y":12.6796875,"z":-2.8394927978515625,"roomId":5555}
{"type":"gyro","timestamp":1531636276640,"x":1.7549896240234375,"y":1.3472900390625,"z":0.2403106689453125,"roomId":5555}
{"type":"accel","timestamp":1531636276649,"x":0.3398284912109375,"y":13.315048217773438,"z":-5.983001708984375,"roomId":5555}
{"type":"gyro","timestamp":1531636276651,"x":1.667938232421875,