{"type":"gyro","timestamp":1531636295473,"x":-0.00897216796875,"y":0.1154022216796875,"z":0.08795166015625,"roomId":5555}
{"type":"accel","timestamp":1531636295481,"x":-1.1407928466796875,"y":7.6433868408203125,"z":-5.4755859375,"roomId":5555}
{"type":"accel","timestamp":1531636295491,"x":-0.7434539794921875,"y":7.340423583984375,"z":-3.803741455078125,"roomId":5555}
{"type":"gyro","timestamp":1531636295493,"x":-0.549285888671875,"y":0.5783538818359375,"z":0.2129058837890625,"roomId":5555}
{"type":"accel","timestamp":1531636295501,"x":-0.259552001953125,"y":7.3554840087890625,"z":-1.7050018310546875,"roomId":5555}
{"type":"accel","timestamp":1531636295511,"x":0.0057220458984375,"y":7.5112762451171875,"z":-0.2020721435546875,"roomId":5555}
{"type":"gyro","timestamp":1531636295512,"x":-0.6133270263671875,"y":0.7795562744140625,"z":0.168304443359375,"roomId":5555}
{"type":"accel","timestamp":1531636295532,"x":-0.5286865234375,"y":7.75299072265625,"z":-0.2748260498046875,"roomId":5555}
{"type":"gyro","timestamp":1531636295533,"x":0.00286865234375,"y":0.9913330078125,"z":0.20050048828125,"roomId":5555}
{"type":"accel","timestamp":1531636295551,"x":-1.2945098876953125,"y":8.364761352539062,"z":-3.2808074951171875,"roomId":5555}
{"type":"gyro","timestamp":1531636295553,"x":0.61865234375,"y":0.7872314453125,"z":0.3546905517578125,"roomId":5555}
{"type":"accel","timestamp":1531636295561,"x":-0.828460693359375,"y":8.70269775390625,"z":-4.7010040283203125,"roomId":5555}
{"type":"gyro","timestamp":1531636295563,"x":0.7375640869140625,"y":0.470855712890625,"z":0.352142333984375,"roomId":5555}
{"type":"accel","timestamp":1531636295571,"x":-0.6346893310546875,"y":8.745513916015625,"z":-5.985107421875,"roomId":5555}
{"type":"gyro","timestamp":1531636295573,"x":0.707611083984375,"y":0.2411041259765625,"z":0.2929534912109375,"roomId":5555}
{"type":"accel","timestamp":1531636295590,"x":-1.118560791015625,"y":7.426513671875,"z":-7.335540771484375,"roomId":5555}
{"type":"gyro","timestamp":1531636295592,"x":0.3652191162109375,"y":0.340667724609375,"z":0.3647918701171875,"roomId":5555}
{"type":"accel","timestamp":1531636295600,"x":-1.216278076171875,"y":6.3819122314453125,"z":-6.8460845947265625,"roomId":5555}
{"type":"accel","timestamp":1531636295610,"x":-1.4490814208984375,"y":5.3628692626953125,"z":-5.8154449462890625,"roomId":5555}
{"type":"gyro","timestamp":1531636295611,"x":0.1546173095703125,"y":0.669677734375,"z":0.794097900390625,"roomId":5555}
{"type":"accel","timestamp":1531636295620,"x":-1.514739990234375,"y":4.5137176513671875,"z":-4.6397705078125,"roomId":5555}
{"type":"gyro","timestamp":1531636295622,"x":0.2287139892578125,"y":0.7695770263671875,"z":1.093414306640625,"roomId":5555}
{"type":"accel","timestamp":1531636295630,"x":-0.822479248046875,"y":3.986572265625,"z":-3.3391265869140625,"roomId":5555}
{"type":"accel","timestamp":1531636295640,"x":0.642242431640625,"y":3.8078155517578125,"z":-1.983856201171875,"roomId":5555}
{"type":"gyro","timestamp":1531636295641,"x":0.775604248046875,"y":0.4572601318359375,"z":1.579254150390625,"roomId":5555}
{"type":"accel","timestamp":1531636295651,"x":2.3614959716796875,"y":3.837982177734375,"z":-1.282958984375,"roomId":5555}
{"type":"gyro","timestamp":1531636295652,"x":1.2267913818359375,"y":0.1001129150390625,"z":1.6160125732421875,"roomId":5555}
{"type":"accel","timestamp":1531636295661,"x":3.7688446044921875,"y":3.862945556640625,"z":-2.2375030517578125,"roomId":5555}
{"type":"gyro","timestamp":1531636295665,"x":1.7024688720703125,"y":-0.264495849609375,"z":1.4755706787109375,"roomId":5555}
{"type":"accel","timestamp":1531636295679,"x":3.08465576171875,"y":3.979278564453125,"z":-7.2092437744140625,"roomId":5555}
{"type":"gyro","timestamp":1531636295680,"x":2.1402130126953125,"y":-0.619384765625,"z":0.898101806640625,"roomId":5555}
{"type":"accel","timestamp":1531636295689,"x":1.61614990234375,"y":4.2926177978515625,"z":-8.787521362304688,"roomId":5555}
{"type":"gyro","timestamp":1531636295690,"x":1.98858642578125,"y":-0.545928955078125,"z":0.6767578125,"roomId":5555}
{"type":"accel","timestamp":1531636295699,"x":0.5289459228515625,"y":4.46783447265625,"z":-9.5782470703125,"roomId":5555}
{"type":"gyro","timestamp":1531636295700,"x":1.660888671875,"y":-0.4103546142578125,"z":0.559173583984375,"roomId":5555}
{"type":"accel","timestamp":1531636295709,"x":0.1218414306640625,"y":4.57708740234375,"z":-9.204269409179688,"roomId":5555}
{"type":"gyro","timestamp":1531636295710,"x":1.212005615234375,"y":-0.261566162109375,"z":0.5145721435546875,"roomId":5555}
{"type":"accel","timestamp":1531636295720,"x":0.31585693359375,"y":4.63671875,"z":-7.63031005859375,"roomId":5555}
{"type":"gyro","timestamp":1531636295720,"x":0.7157745361328125,"y":-0.1380767822265625,"z":0.4920501708984375,"roomId":5555}
{"type":"accel","timestamp":1531636295730,"x":0.885406494140625,"y":4.3889617919921875,"z":-5.698272705078125,"roomId":5555}
{"type":"gyro","timestamp":1531636295731,"x":0.26409912109375,"y":-0.0106048583984375,"z":0.4574432373046875,"roomId":5555}
{"type":"accel","timestamp":1531636295749,"x":1.5743408203125,"y":3.013031005859375,"z":-2.1795196533203125,"roomId":5555}
{"type":"gyro","timestamp":1531636295750,"x":-0.2904815673828125,"y":0.301055908203125,"z":0.2807769775390625,"roomId":5555}
{"type":"accel","timestamp":1531636295759,"x":1.328582763671875,"y":2.4751434326171875,"z":-0.8677978515625,"roomId":5555}
{"type":"gyro","timestamp":1531636295760,"x":-0.3429412841796875,"y":0.327178955078125,"z":0.1435394287109375,"roomId":5555}
{"type":"accel","timestamp":1531636295769,"x":0.8121185302734375,"y":2.3413848876953125,"z":0.4604644775390625,"roomId":5555}
{"type":"gyro","timestamp":1531636295771,"x":-0.2375030517578125,"y":0.205718994140625,"z":-0.026458740234375,"roomId":5555}
{"type":"accel","timestamp":1531636295781,"x":0.0452880859375,"y":2.6226806640625,"z":0.8656158447265625,"roomId":5555}
{"type":"gyro","timestamp":1531636295783,"x":0.0348358154296875,"y":-0.04156494140625,"z":-0.2182464599609375,"roomId":5555}
{"type":"accel","timestamp":1531636295799,"x":-0.7198333740234375,"y":4.9808502197265625,"z":-0.327484130859375,"roomId":5555}
{"type":"gyro","timestamp":1531636295800,"x":0.714874267578125,"y":-0.4320526123046875,"z":-0.4568634033203125,"roomId":5555}
{"type":"accel","timestamp":1531636295818,"x":-0.274688720703125,"y":5.9712371826171875,"z":-1.8073272705078125,"roomId":5555}
{"type":"gyro","timestamp":1531636295819,"x":1.1762847900390625,"y":-0.4057159423828125,"z":-0.4705657958984375,"roomId":5555}
{"type":"accel","timestamp":1531636295829,"x":-0.1660003662109375,"y":5.5347747802734375,"z":-2.6058807373046875,"roomId":5555}
{"type":"gyro","timestamp":1531636295830,"x":1.2463226318359375,"y":-0.33258056640625,"z":-0.5170745849609375,"roomId":5555}
{"type":"accel","timestamp":1531636295839,"x":-0.5094757080078125,"y":5.1635589599609375,"z":-2.9195098876953125,"roomId":5555}
{"type":"gyro","timestamp":1531636295840,"x":1.2027587890625,"y":-0.26751708984375,"z":-0.613616943359375,"roomId":5555}
{"type":"accel","timestamp":1531636295858,"x":-2.260467529296875,"y":4.5003509521484375,"z":-2.1704254150390625,"roomId":5555}
{"type":"gyro","timestamp":1531636295859,"x":1.0277099609375,"y":-0.0214385986328125,"z":-0.7876739501953125,"roomId":5555}
{"type":"accel","timestamp":1531636295869,"x":-2.12884521484375,"y":4.988037109375,"z":-1.856048583984375,"roomId":5555}
{"type":"gyro","timestamp":1531636295871,"x":1.0258026123046875,"y":0.078765869140625,"z":-0.76953125,"roomId":5555}
{"type":"accel","timestamp":1531636295889,"x":-1.044647216796875,"y":7.2430419921875,"z":-1.96893310546875,"roomId":5555}
{"type":"gyro","timestamp":1531636295891,"x":1.2995758056640625,"y":0.2682647705078125,"z":-0.6683502197265625,"roomId":5555}
{"type":"accel","timestamp":1531636295909,"x":-1.715850830078125,"y":8.449234008789062,"z":-4.0401611328125,"roomId":5555}
{"type":"gyro","timestamp":1531636295910,"x":1.6251373291015625,