{"type":"accel","timestamp":1531636318685,"x":-0.899749755859375,"y":7.552978515625,"z":-7.9546051025390625,"roomId":5555}
{"type":"gyro","timestamp":1531636318687,"x":1.0258941650390625,"y":1.586090087890625,"z":0.9309844970703125,"roomId":5555}
{"type":"accel","timestamp":1531636318695,"x":-1.345611572265625,"y":6.7798919677734375,"z":-9.461105346679688,"roomId":5555}
{"type":"gyro","timestamp":1531636318697,"x":1.0058746337890625,"y":1.9734039306640625,"z":1.1742706298828125,"roomId":5555}
{"type":"accel","timestamp":1531636318705,"x":-1.161163330078125,"y":6.23095703125,"z":-10.528091430664062,"roomId":5555}
{"type":"gyro","timestamp":1531636318715,"x":0.7425384521484375,"y":2.110015869140625,"z":1.5264739990234375,"roomId":5555}
{"type":"accel","timestamp":1531636318724,"x":-0.141326904296875,"y":5.991729736328125,"z":-10.269851684570312,"roomId":5555}
{"type":"gyro","timestamp":1531636318725,"x":0.56207275390625,"y":1.8516845703125,"z":1.54852294921875,"roomId":5555}
{"type":"accel","timestamp":1531636318744,"x":0.80426025390625,"y":5.0172271728515625,"z":-7.3934326171875,"roomId":5555}
{"type":"gyro","timestamp":1531636318745,"x":0.3520965576171875,"y":1.5249786376953125,"z":1.50604248046875,"roomId":5555}
{"type":"accel","timestamp":1531636318763,"x":2.7853240966796875,"y":4.1625823974609375,"z":-6.18310546875,"roomId":5555}
{"type":"gyro","timestamp":1531636318765,"x":0.49334716796875,"y":1.3962249755859375,"z":1.4497222900390625,"roomId":5555}
{"type":"accel","timestamp":1531636318774,"x":3.2185821533203125,"y":3.7152252197265625,"z":-6.1563720703125,"roomId":5555}
{"type":"gyro","timestamp":1531636318776,"x":0.61492919921875,"y":1.2862701416015625,"z":1.3074798583984375,"roomId":5555}
{"type":"accel","timestamp":1531636318784,"x":3.2798614501953125,"y":3.168121337890625,"z":-6.20965576171875,"roomId":5555}
{"type":"gyro","timestamp":1531636318786,"x":0.7111663818359375,"y":1.1756591796875,"z":1.1053466796875,"roomId":5555}
{"type":"accel","timestamp":1531636318795,"x":3.115509033203125,"y":2.7004241943359375,"z":-6.1732025146484375,"roomId":5555}
{"type":"gyro","timestamp":1531636318796,"x":0.7735595703125,"y":1.09661865234375,"z":0.9048309326171875,"roomId":5555}
{"type":"accel","timestamp":1531636318812,"x":3.3407440185546875,"y":2.410125732421875,"z":-6.1557769775390625,"roomId":5555}
{"type":"gyro","timestamp":1531636318813,"x":0.84967041015625,"y":1.1587677001953125,"z":0.7349853515625,"roomId":5555}
{"type":"accel","timestamp":1531636318822,"x":3.70880126953125,"y":2.1956787109375,"z":-6.387786865234375,"roomId":5555}
{"type":"gyro","timestamp":1531636318823,"x":0.8786163330078125,"y":1.236175537109375,"z":0.715362548828125,"roomId":5555}
{"type":"accel","timestamp":1531636318833,"x":4.206817626953125,"y":1.864715576171875,"z":-6.7094879150390625,"roomId":5555}
{"type":"gyro","timestamp":1531636318834,"x":0.89501953125,"y":1.32379150390625,"z":0.6543731689453125,"roomId":5555}
{"type":"accel","timestamp":1531636318843,"x":4.6409454345703125,"y":1.60760498046875,"z":-7.0772705078125,"roomId":5555}
{"type":"gyro","timestamp":1531636318844,"x":0.8989715576171875,"y":1.411285400390625,"z":0.5009613037109375,"roomId":5555}
{"type":"accel","timestamp":1531636318853,"x":4.5449066162109375,"y":1.4702606201171875,"z":-7.272125244140625,"roomId":5555}
{"type":"gyro","timestamp":1531636318854,"x":0.901947021484375,"y":1.4317169189453125,"z":0.2458953857421875,"roomId":5555}
{"type":"accel","timestamp":1531636318872,"x":1.967315673828125,"y":1.3395233154296875,"z":-7.503265380859375,"roomId":5555}
{"type":"gyro","timestamp":1531636318872,"x":0.910919189453125,"y":1.1878814697265625,"z":-0.3885955810546875,"roomId":5555}
{"type":"accel","timestamp":1531636318892,"x":-0.618377685546875,"y":1.0138397216796875,"z":-6.9597320556640625,"roomId":5555}
{"type":"gyro","timestamp":1531636318892,"x":0.8212432861328125,"y":0.8843536376953125,"z":-0.63690185546875,"roomId":5555}
{"type":"accel","timestamp":1531636318902,"x":-0.44989013671875,"y":0.9817962646484375,"z":-6.7586822509765625,"roomId":5555}
{"type":"gyro","timestamp":1531636318903,"x":0.7523040771484375,"y":0.8023223876953125,"z":-0.6054840087890625,"roomId":5555}
{"type":"accel","timestamp":1531636318913,"x":-0.3204345703125,"y":1.2244110107421875,"z":-6.237762451171875,"roomId":5555}
{"type":"gyro","timestamp":1531636318914,"x":0.668853759765625,"y":0.83453369140625,"z":-0.5672607421875,"roomId":5555}
{"type":"accel","timestamp":1531636318933,"x":-0.3774566650390625,"y":2.025115966796875,"z":-5.2193145751953125,"roomId":5555}
{"type":"gyro","timestamp":1531636318934,"x":0.5954132080078125,"y":0.9449005126953125,"z":-0.50262451171875,"roomId":5555}
{"type":"accel","timestamp":1531636318945,"x":-0.459320068359375,"y":2.3917083740234375,"z":-5.38201904296875,"roomId":5555}
{"type":"gyro","timestamp":1531636318946,"x":0.5995635986328125,"y":0.8833160400390625,"z":-0.515869140625,"roomId":5555}
{"type":"accel","timestamp":1531636318961,"x":-2.0635986328125,"y":3.37591552734375,"z":-5.60552978515625,"roomId":5555}
{"type":"gyro","timestamp":1531636318961,"x":0.5361480712890625,"y":0.761993408203125,"z":-0.591064453125,"roomId":5555}
{"type":"accel","timestamp":1531636318971,"x":-2.7042694091796875,"y":4.0830078125,"z":-5.4918212890625,"roomId":5555}
{"type":"gyro","timestamp":1531636318973,"x":0.4809722900390625,"y":0.658294677734375,"z":-0.5309600830078125,"roomId":5555}
{"type":"accel","timestamp":1531636318981,"x":-2.4769439697265625,"y":5.27734375,"z":-4.5073089599609375,"roomId":5555}
{"type":"gyro","timestamp":1531636318982,"x":0.4347686767578125,"y":0.391357421875,"z":-0.430389404296875,"roomId":5555}
{"type":"accel","timestamp":1531636318991,"x":-1.519012451171875,"y":7.108245849609375,"z":-3.1246795654296875,"roomId":5555}
{"type":"accel","timestamp":1531636319001,"x":-0.709014892578125,"y":9.262527465820312,"z":-2.390472412109375,"roomId":5555}
{"type":"gyro","timestamp":1531636319002,"x":0.5367279052734375,"y":-0.523345947265625,"z":-0.444183349609375,"roomId":5555}
{"type":"accel","timestamp":1531636319011,"x":-1.238922119140625,"y":11.456588745117188,"z":-2.1017913818359375,"roomId":5555}
{"type":"accel","timestamp":1531636319021,"x":-1.93035888671875,"y":13.1466064453125,"z":-1.7751617431640625,"roomId":5555}
{"type":"gyro","timestamp":1531636319021,"x":0.5020294189453125,"y":-0.663330078125,"z":-0.568328857421875,"roomId":5555}
{"type":"accel","timestamp":1531636319031,"x":-1.998291015625,"y":13.448806762695312,"z":-1.450347900390625,"roomId":5555}
{"type":"gyro","timestamp":1531636319033,"x":0.41522216796875,"y":-0.5319366455078125,"z":-0.4452972412109375,"roomId":5555}
{"type":"accel","timestamp":1531636319042,"x":-1.5840606689453125,"y":12.67889404296875,"z":-0.877197265625,"roomId":5555}
{"type":"gyro","timestamp":1531636319043,"x":0.36236572265625,"y":-0.4736480712890625,"z":-0.2786865234375,"roomId":5555}
{"type":"accel","timestamp":1531636319060,"x":1.3471527099609375,"y":11.72528076171875,"z":0.8691253662109375,"roomId":5555}
{"type":"gyro","timestamp":1531636319061,"x":0.5934906005859375,"y":-0.7037506103515625,"z":-0.0356597900390625,"roomId":5555}
{"type":"accel","timestamp":1531636319072,"x":3.1095733642578125,"y":12.045013427734375,"z":1.064971923828125,"roomId":5555}
{"type":"gyro","timestamp":1531636319074,"x":0.903106689453125,"y":-0.7363128662109375,"z":-0.017974853515625,"roomId":5555}
{"type":"accel","timestamp":1531636319083,"x":3.745513916015625,"y":12.707168579101562,"z":0.18963623046875,"roomId":5555}
{"type":"gyro","timestamp":1531636319084,"x":1.253631591796875,"y":-0.486419677734375,"z":-0.0750732421875,"roomId":5555}
{"type":"accel","timestamp":1531636319102,"x":1.71539306640625,"y":12.926666259765625,"z":-3.44287109375,"roomId":5555}
{"type":"gyro","timestamp":1531636319103,"x":1.682281494140625,"y":0.2928924560546875,"z":-0.1362152099609375,"roomId":5555}
{"type":"accel","timestamp":1531636319114,"x":0.9157867431640625,"y":12.699249267578125,