{"type":"gyro","timestamp":1531636250179,"x":1.22027587890625,"y":-0.54290771484375,"z":2.082305908203125,"roomId":5555}
{"type":"accel","timestamp":1531636250188,"x":2.694732666015625,"y":6.6240234375,"z":-4.849395751953125,"roomId":5555}
{"type":"gyro","timestamp":1531636250189,"x":1.3512725830078125,"y":-0.3829345703125,"z":2.2517852783203125,"roomId":5555}
{"type":"accel","timestamp":1531636250199,"x":4.17138671875,"y":8.459381103515625,"z":-6.27655029296875,"roomId":5555}
{"type":"gyro","timestamp":1531636250200,"x":1.468048095703125,"y":-0.406890869140625,"z":2.4181671142578125,"roomId":5555}
{"type":"accel","timestamp":1531636250217,"x":7.099609375,"y":10.922683715820312,"z":-9.002792358398438,"roomId":5555}
{"type":"gyro","timestamp":1531636250218,"x":1.62823486328125,"y":-0.0670623779296875,"z":2.7491912841796875,"roomId":5555}
{"type":"accel","timestamp":1531636250227,"x":8.279510498046875,"y":11.512802124023438,"z":-10.217147827148438,"roomId":5555}
{"type":"gyro","timestamp":1531636250228,"x":1.6672821044921875,"y":0.460968017578125,"z":2.92901611328125,"roomId":5555}
{"type":"accel","timestamp":1531636250237,"x":9.74493408203125,"y":11.558242797851562,"z":-11.27734375,"roomId":5555}
{"type":"gyro","timestamp":1531636250238,"x":1.5840911865234375,"y":1.2274932861328125,"z":3.11749267578125,"roomId":5555}
{"type":"accel","timestamp":1531636250249,"x":11.344039916992188,"y":10.9833984375,"z":-12.415130615234375,"roomId":5555}
{"type":"gyro","timestamp":1531636250250,"x":1.287841796875,"y":2.1360626220703125,"z":3.26025390625,"roomId":5555}
{"type":"accel","timestamp":1531636250259,"x":12.365554809570312,"y":10.071456909179688,"z":-13.685302734375,"roomId":5555}
{"type":"gyro","timestamp":1531636250260,"x":0.7489471435546875,"y":2.8706817626953125,"z":3.2501678466796875,"roomId":5555}
{"type":"accel","timestamp":1531636250278,"x":12.47271728515625,"y":8.295761108398438,"z":-14.460174560546875,"roomId":5555}
{"type":"gyro","timestamp":1531636250280,"x":-0.991668701171875,"y":2.5457000732421875,"z":2.4927520751953125,"roomId":5555}
{"type":"accel","timestamp":1531636250290,"x":11.077682495117188,"y":7.859222412109375,"z":-11.267837524414062,"roomId":5555}
{"type":"gyro","timestamp":1531636250291,"x":-2.08056640625,"y":1.7777862548828125,"z":1.8524627685546875,"roomId":5555}
{"type":"accel","timestamp":1531636250306,"x":5.9598236083984375,"y":7.1833953857421875,"z":5.439117431640625,"roomId":5555}
{"type":"gyro","timestamp":1531636250307,"x":-3.0020599365234375,"y":0.76251220703125,"z":0.9626312255859375,"roomId":5555}
{"type":"accel","timestamp":1531636250317,"x":3.73211669921875,"y":5.46923828125,"z":6.044097900390625,"roomId":5555}
{"type":"gyro","timestamp":1531636250318,"x":-2.263885498046875,"y":0.3588409423828125,"z":0.924102783203125,"roomId":5555}
{"type":"accel","timestamp":1531636250336,"x":0.6752471923828125,"y":3.988372802734375,"z":3.216278076171875,"roomId":5555}
{"type":"gyro","timestamp":1531636250337,"x":-0.7071685791015625,"y":-0.1142425537109375,"z":1.6676025390625,"roomId":5555}
{"type":"accel","timestamp":1531636250348,"x":2.1154632568359375,"y":4.0383758544921875,"z":1.1994781494140625,"roomId":5555}
{"type":"gyro","timestamp":1531636250349,"x":-0.2290496826171875,"y":0.0296478271484375,"z":2.17828369140625,"roomId":5555}
{"type":"accel","timestamp":1531636250367,"x":6.503387451171875,"y":4.1521759033203125,"z":-0.847198486328125,"roomId":5555}
{"type":"gyro","timestamp":1531636250369,"x":0.0970611572265625,"y":0.4481201171875,"z":2.6235504150390625,"roomId":5555}
{"type":"accel","timestamp":1531636250377,"x":7.90972900390625,"y":4.1025390625,"z":-1.6413726806640625,"roomId":5555}
{"type":"gyro","timestamp":1531636250378,"x":0.047393798828125,"y":0.7161712646484375,"z":2.5418243408203125,"roomId":5555}
{"type":"accel","timestamp":1531636250388,"x":8.09381103515625,"y":3.6864776611328125,"z":-1.747589111328125,"roomId":5555}
{"type":"gyro","timestamp":1531636250389,"x":-0.112457275390625,"y":1.096282958984375,"z":2.3236083984375,"roomId":5555}
{"type":"accel","timestamp":1531636250406,"x":7.474365234375,"y":2.258697509765625,"z":0.335235595703125,"roomId":5555}
{"type":"gyro","timestamp":1531636250407,"x":-0.41180419921875,"y":1.5418853759765625,"z":1.705474853515625,"roomId":5555}
{"type":"accel","timestamp":1531636250416,"x":7.578460693359375,"y":1.872528076171875,"z":2.578887939453125,"roomId":5555}
{"type":"gyro","timestamp":1531636250417,"x":-0.3385772705078125,"y":1.42095947265625,"z":1.322235107421875,"roomId":5555}
{"type":"accel","timestamp":1531636250426,"x":7.53106689453125,"y":1.7450408935546875,"z":4.3001861572265625,"roomId":5555}
{"type":"accel","timestamp":1531636250436,"x":7.0338287353515625,"y":1.85321044921875,"z":5.427215576171875,"roomId":5555}
{"type":"gyro","timestamp":1531636250437,"x":0.38409423828125,"y":1.046783447265625,"z":0.425048828125,"roomId":5555}
{"type":"accel","timestamp":1531636250446,"x":6.358734130859375,"y":2.075927734375,"z":4.9105224609375,"roomId":5555}
{"type":"gyro","timestamp":1531636250447,"x":0.871246337890625,"y":0.955169677734375,"z":0.0293731689453125,"roomId":5555}
{"type":"accel","timestamp":1531636250457,"x":5.479095458984375,"y":2.3177947998046875,"z":3.2502593994140625,"roomId":5555}
{"type":"gyro","timestamp":1531636250458,"x":1.2539825439453125,"y":0.9009246826171875,"z":-0.2908782958984375,"roomId":5555}
{"type":"accel","timestamp":1531636250467,"x":4.1508026123046875,"y":2.386566162109375,"z":1.447235107421875,"roomId":5555}
{"type":"gyro","timestamp":1531636250468,"x":1.4532928466796875,"y":0.7627410888671875,"z":-0.5590362548828125,"roomId":5555}
{"type":"accel","timestamp":1531636250486,"x":0.933319091796875,"y":2.6429901123046875,"z":-1.359039306640625,"roomId":5555}
{"type":"gyro","timestamp":1531636250487,"x":1.483062744140625,"y":0.201812744140625,"z":-0.90478515625,"roomId":5555}
{"type":"accel","timestamp":1531636250496,"x":-0.11419677734375,"y":3.2046966552734375,"z":-1.6537933349609375,"roomId":5555}
{"type":"gyro","timestamp":1531636250496,"x":1.412506103515625,"y":-0.0385589599609375,"z":-0.9369964599609375,"roomId":5555}
{"type":"accel","timestamp":1531636250506,"x":0.0229339599609375,"y":4.392425537109375,"z":-1.1757049560546875,"roomId":5555}
{"type":"gyro","timestamp":1531636250507,"x":1.3661956787109375,"y":-0.1716766357421875,"z":-0.9084320068359375,"roomId":5555}
{"type":"accel","timestamp":1531636250516,"x":0.37091064453125,"y":5.2486419677734375,"z":-0.912353515625,"roomId":5555}
{"type":"gyro","timestamp":1531636250518,"x":1.3951873779296875,"y":-0.1946563720703125,"z":-0.89959716796875,"roomId":5555}
{"type":"accel","timestamp":1531636250536,"x":-0.129150390625,"y":4.8264312744140625,"z":-1.2493438720703125,"roomId":5555}
{"type":"gyro","timestamp":1531636250537,"x":1.5198822021484375,"y":-0.0021209716796875,"z":-0.88018798828125,"roomId":5555}
{"type":"accel","timestamp":1531636250546,"x":0.1093597412109375,"y":4.656585693359375,"z":-0.9707794189453125,"roomId":5555}
{"type":"gyro","timestamp":1531636250548,"x":1.5280914306640625,"y":0.1081085205078125,"z":-0.7613677978515625,"roomId":5555}
{"type":"accel","timestamp":1531636250556,"x":1.0248870849609375,"y":4.938995361328125,"z":-0.470306396484375,"roomId":5555}
{"type":"accel","timestamp":1531636250566,"x":1.9558563232421875,"y":5.5926971435546875,"z":-0.348052978515625,"roomId":5555}
{"type":"gyro","timestamp":1531636250567,"x":1.6045684814453125,"y":0.0343780517578125,"z":-0.4527740478515625,"roomId":5555}
{"type":"accel","timestamp":1531636250577,"x":2.7925872802734375,"y":6.703887939453125,"z":-1.2598419189453125,"roomId":5555}
{"type":"gyro","timestamp":1531636250578,"x":1.7756500244140625,"y":-0.0867156982421875,"z":-0.35040283203125,"roomId":5555}
{"type":"accel","timestamp":1531636250595,"x":4.2718048095703125,"y":9.709915161132812,"z":-5.7064666748046875,"roomId":5555}
{"type":"gyro","timestamp":1531636250596,"x":2.23992919921875,"y":-0.7006683349609375,