{"type":"accel","timestamp":1531636285360,"x":-3.80535888671875,"y":6.7228851318359375,"z":-0.4150238037109375,"roomId":5555}
{"type":"accel","timestamp":1531636285370,"x":-3.133270263671875,"y":5.3486785888671875,"z":-1.134185791015625,"roomId":5555}
{"type":"gyro","timestamp":1531636285371,"x":1.513885498046875,"y":1.56878662109375,"z":1.2313232421875,"roomId":5555}
{"type":"accel","timestamp":1531636285390,"x":-1.5721588134765625,"y":3.72271728515625,"z":-6.636322021484375,"roomId":5555}
{"type":"gyro","timestamp":1531636285391,"x":2.245635986328125,"y":2.5196990966796875,"z":2.398681640625,"roomId":5555}
{"type":"accel","timestamp":1531636285400,"x":-0.228668212890625,"y":3.8093414306640625,"z":-9.920394897460938,"roomId":5555}
{"type":"gyro","timestamp":1531636285410,"x":2.140350341796875,"y":1.6929168701171875,"z":2.8985443115234375,"roomId":5555}
{"type":"accel","timestamp":1531636285420,"x":3.5916290283203125,"y":4.7975311279296875,"z":-11.3939208984375,"roomId":5555}
{"type":"gyro","timestamp":1531636285421,"x":1.78759765625,"y":0.9377288818359375,"z":2.741943359375,"roomId":5555}
{"type":"accel","timestamp":1531636285438,"x":5.1188201904296875,"y":4.5947265625,"z":-9.11376953125,"roomId":5555}
{"type":"gyro","timestamp":1531636285440,"x":0.9507904052734375,"y":0.00244140625,"z":1.8955535888671875,"roomId":5555}
{"type":"accel","timestamp":1531636285452,"x":5.2127532958984375,"y":4.665740966796875,"z":-7.377197265625,"roomId":5555}
{"type":"gyro","timestamp":1531636285455,"x":0.627655029296875,"y":-0.227813720703125,"z":1.4993743896484375,"roomId":5555}
{"type":"accel","timestamp":1531636285471,"x":4.871307373046875,"y":4.86468505859375,"z":-4.509124755859375,"roomId":5555}
{"type":"gyro","timestamp":1531636285473,"x":0.3656463623046875,"y":-0.285919189453125,"z":0.9278717041015625,"roomId":5555}
{"type":"accel","timestamp":1531636285489,"x":2.967498779296875,"y":5.0047760009765625,"z":-3.74884033203125,"roomId":5555}
{"type":"gyro","timestamp":1531636285491,"x":0.256195068359375,"y":-0.411773681640625,"z":0.4749298095703125,"roomId":5555}
{"type":"accel","timestamp":1531636285499,"x":2.5341949462890625,"y":5.027496337890625,"z":-2.8094940185546875,"roomId":5555}
{"type":"gyro","timestamp":1531636285500,"x":0.1373443603515625,"y":-0.8729095458984375,"z":0.29339599609375,"roomId":5555}
{"type":"accel","timestamp":1531636285509,"x":1.8169708251953125,"y":4.510650634765625,"z":-1.5187835693359375,"roomId":5555}
{"type":"gyro","timestamp":1531636285511,"x":0.0160369873046875,"y":-1.3219757080078125,"z":0.0893402099609375,"roomId":5555}
{"type":"accel","timestamp":1531636285519,"x":1.214569091796875,"y":3.7705535888671875,"z":-0.4577178955078125,"roomId":5555}
{"type":"accel","timestamp":1531636285529,"x":0.62652587890625,"y":3.40472412109375,"z":-0.489715576171875,"roomId":5555}
{"type":"gyro","timestamp":1531636285531,"x":0.1781158447265625,"y":-1.3471527099609375,"z":-0.287384033203125,"roomId":5555}
{"type":"accel","timestamp":1531636285539,"x":-0.765594482421875,"y":3.0202484130859375,"z":-1.256195068359375,"roomId":5555}
{"type":"gyro","timestamp":1531636285541,"x":0.4400482177734375,"y":-1.336517333984375,"z":-0.3854217529296875,"roomId":5555}
{"type":"accel","timestamp":1531636285559,"x":-2.388916015625,"y":1.3804931640625,"z":-2.8156280517578125,"roomId":5555}
{"type":"accel","timestamp":1531636285570,"x":-2.2186431884765625,"y":0.37359619140625,"z":-3.3659210205078125,"roomId":5555}
{"type":"gyro","timestamp":1531636285572,"x":0.84942626953125,"y":-1.1253662109375,"z":-0.1702423095703125,"roomId":5555}
{"type":"accel","timestamp":1531636285587,"x":-0.476226806640625,"y":-0.373443603515625,"z":-4.277435302734375,"roomId":5555}
{"type":"gyro","timestamp":1531636285590,"x":1.0274505615234375,"y":-0.4236297607421875,"z":0.3249664306640625,"roomId":5555}
{"type":"accel","timestamp":1531636285598,"x":0.0418701171875,"y":-0.64263916015625,"z":-4.49981689453125,"roomId":5555}
{"type":"accel","timestamp":1531636285608,"x":0.2608184814453125,"y":-0.4581146240234375,"z":-5.1216888427734375,"roomId":5555}
{"type":"gyro","timestamp":1531636285610,"x":1.1393585205078125,"y":0.2476348876953125,"z":0.5590362548828125,"roomId":5555}
{"type":"accel","timestamp":1531636285618,"x":0.465362548828125,"y":0.0515899658203125,"z":-6.4498291015625,"roomId":5555}
{"type":"gyro","timestamp":1531636285620,"x":1.258087158203125,"y":0.44921875,"z":0.44403076171875,"roomId":5555}
{"type":"accel","timestamp":1531636285629,"x":-0.2125244140625,"y":0.2268524169921875,"z":-7.75042724609375,"roomId":5555}
{"type":"gyro","timestamp":1531636285639,"x":1.48992919921875,"y":0.491241455078125,"z":-0.11651611328125,"roomId":5555}
{"type":"accel","timestamp":1531636285648,"x":-1.55487060546875,"y":1.057464599609375,"z":-7.8467864990234375,"roomId":5555}
{"type":"gyro","timestamp":1531636285650,"x":1.5062408447265625,"y":0.4156341552734375,"z":-0.456878662109375,"roomId":5555}
{"type":"accel","timestamp":1531636285659,"x":-2.2452392578125,"y":0.6249542236328125,"z":-6.9918365478515625,"roomId":5555}
{"type":"gyro","timestamp":1531636285659,"x":1.4500885009765625,"y":0.27130126953125,"z":-0.7547149658203125,"roomId":5555}
{"type":"accel","timestamp":1531636285678,"x":-2.790985107421875,"y":2.19281005859375,"z":-4.8200225830078125,"roomId":5555}
{"type":"gyro","timestamp":1531636285679,"x":1.2847442626953125,"y":0.142242431640625,"z":-1.186920166015625,"roomId":5555}
{"type":"accel","timestamp":1531636285689,"x":-2.2722320556640625,"y":3.64776611328125,"z":-3.976348876953125,"roomId":5555}
{"type":"gyro","timestamp":1531636285690,"x":1.35595703125,"y":0.093536376953125,"z":-1.2391815185546875,"roomId":5555}
{"type":"accel","timestamp":1531636285709,"x":-3.6176605224609375,"y":7.517242431640625,"z":-5.3630523681640625,"roomId":5555}
{"type":"gyro","timestamp":1531636285710,"x":1.9921417236328125,"y":0.2910003662109375,"z":-1.0510711669921875,"roomId":5555}
{"type":"accel","timestamp":1531636285726,"x":-4.2481231689453125,"y":9.667221069335938,"z":-8.48004150390625,"roomId":5555}
{"type":"gyro","timestamp":1531636285727,"x":2.525848388671875,"y":1.40985107421875,"z":-0.68182373046875,"roomId":5555}
{"type":"accel","timestamp":1531636285738,"x":-2.9515380859375,"y":10.405487060546875,"z":-9.102188110351562,"roomId":5555}
{"type":"gyro","timestamp":1531636285738,"x":2.470001220703125,"y":1.748138427734375,"z":-0.40863037109375,"roomId":5555}
{"type":"accel","timestamp":1531636285756,"x":-1.6116485595703125,"y":11.5814208984375,"z":-6.203521728515625,"roomId":5555}
{"type":"gyro","timestamp":1531636285757,"x":1.7170867919921875,"y":1.4346923828125,"z":-0.3824462890625,"roomId":5555}
{"type":"accel","timestamp":1531636285767,"x":-0.5874481201171875,"y":12.464004516601562,"z":-5.215301513671875,"roomId":5555}
{"type":"gyro","timestamp":1531636285768,"x":1.4900360107421875,"y":1.1300048828125,"z":-0.5061492919921875,"roomId":5555}
{"type":"accel","timestamp":1531636285777,"x":-0.8756256103515625,"y":13.626953125,"z":-5.50921630859375,"roomId":5555}
{"type":"gyro","timestamp":1531636285778,"x":1.6047821044921875,"y":0.7629241943359375,"z":-0.58880615234375,"roomId":5555}
{"type":"accel","timestamp":1531636285789,"x":-1.7676849365234375,"y":14.73553466796875,"z":-7.5877838134765625,"roomId":5555}
{"type":"gyro","timestamp":1531636285791,"x":1.9244384765625,"y":0.564453125,"z":-0.61627197265625,"roomId":5555}
{"type":"accel","timestamp":1531636285806,"x":-3.169891357421875,"y":15.917892456054688,"z":-11.8076171875,"roomId":5555}
{"type":"gyro","timestamp":1531636285807,"x":2.205078125,"y":0.9434814453125,"z":-0.462921142578125,"roomId":5555}
{"type":"gyro","timestamp":1531636285817,"x":1.8610992431640625,"y":1.1462249755859375,"z":-0.376495361328125,"roomId":5555}
{"type":"accel","timestamp":1531636285827,"x":-4.42352294921875,"y":15.948577880859375,"z":-13.015838623046875,"roomId":5555}
{"type":"gyro","timestamp":1531636285828,"x":1.2437896728515625,"y":1.168182373046875,