{"type":"gyro","timestamp":1531636264920,"x":-2.6920928955078125,"y":0.3076171875,"z":-0.790557861328125,"roomId":5555}
{"type":"accel","timestamp":1531636264938,"x":-0.158660888671875,"y":4.8214874267578125,"z":6.2935638427734375,"roomId":5555}
{"type":"gyro","timestamp":1531636264939,"x":-0.733642578125,"y":0.2930908203125,"z":-0.6493988037109375,"roomId":5555}
{"type":"accel","timestamp":1531636264948,"x":-0.347991943359375,"y":5.823974609375,"z":3.235687255859375,"roomId":5555}
{"type":"gyro","timestamp":1531636264949,"x":0.136199951171875,"y":0.1933135986328125,"z":-0.437347412109375,"roomId":5555}
{"type":"accel","timestamp":1531636264959,"x":-0.1307373046875,"y":7.4500274658203125,"z":-0.0440521240234375,"roomId":5555}
{"type":"gyro","timestamp":1531636264961,"x":0.639404296875,"y":0.184600830078125,"z":-0.197418212890625,"roomId":5555}
{"type":"accel","timestamp":1531636264979,"x":1.0546417236328125,"y":10.168609619140625,"z":-6.79473876953125,"roomId":5555}
{"type":"gyro","timestamp":1531636264980,"x":0.6944427490234375,"y":0.5379638671875,"z":0.237762451171875,"roomId":5555}
{"type":"accel","timestamp":1531636264990,"x":1.120452880859375,"y":10.53143310546875,"z":-9.238739013671875,"roomId":5555}
{"type":"gyro","timestamp":1531636264991,"x":0.41387939453125,"y":0.54913330078125,"z":0.3414306640625,"roomId":5555}
{"type":"accel","timestamp":1531636265008,"x":1.1017303466796875,"y":8.95892333984375,"z":-9.872970581054688,"roomId":5555}
{"type":"gyro","timestamp":1531636265009,"x":-0.3199005126953125,"y":-0.3242645263671875,"z":0.3545989990234375,"roomId":5555}
{"type":"accel","timestamp":1531636265028,"x":-0.330474853515625,"y":7.0986175537109375,"z":-8.877822875976562,"roomId":5555}
{"type":"gyro","timestamp":1531636265030,"x":-0.9541168212890625,"y":-1.23004150390625,"z":0.39044189453125,"roomId":5555}
{"type":"accel","timestamp":1531636265048,"x":-0.4669036865234375,"y":6.8019866943359375,"z":-8.552230834960938,"roomId":5555}
{"type":"gyro","timestamp":1531636265050,"x":-1.4017791748046875,"y":-1.1805267333984375,"z":0.8585968017578125,"roomId":5555}
{"type":"accel","timestamp":1531636265058,"x":0.3781585693359375,"y":6.6733551025390625,"z":-8.299041748046875,"roomId":5555}
{"type":"accel","timestamp":1531636265069,"x":0.0844879150390625,"y":6.434173583984375,"z":-7.2889251708984375,"roomId":5555}
{"type":"gyro","timestamp":1531636265069,"x":-1.7970733642578125,"y":-0.9613037109375,"z":1.330108642578125,"roomId":5555}
{"type":"accel","timestamp":1531636265088,"x":-0.7007598876953125,"y":5.1587677001953125,"z":-5.2641143798828125,"roomId":5555}
{"type":"gyro","timestamp":1531636265090,"x":-2.07904052734375,"y":-1.209747314453125,"z":1.587493896484375,"roomId":5555}
{"type":"accel","timestamp":1531636265098,"x":0.0292816162109375,"y":4.5815582275390625,"z":-4.445343017578125,"roomId":5555}
{"type":"gyro","timestamp":1531636265107,"x":-2.011505126953125,"y":-2.1002960205078125,"z":1.4841156005859375,"roomId":5555}
{"type":"accel","timestamp":1531636265116,"x":3.39495849609375,"y":5.467315673828125,"z":-0.843505859375,"roomId":5555}
{"type":"gyro","timestamp":1531636265117,"x":-1.8667755126953125,"y":-2.4795379638671875,"z":1.22833251953125,"roomId":5555}
{"type":"accel","timestamp":1531636265127,"x":3.6622314453125,"y":6.28680419921875,"z":0.7997894287109375,"roomId":5555}
{"type":"gyro","timestamp":1531636265128,"x":-1.651336669921875,"y":-2.40576171875,"z":0.90765380859375,"roomId":5555}
{"type":"accel","timestamp":1531636265147,"x":-0.4175567626953125,"y":4.7750091552734375,"z":-0.050537109375,"roomId":5555}
{"type":"gyro","timestamp":1531636265149,"x":-1.17559814453125,"y":-1.2960968017578125,"z":0.626312255859375,"roomId":5555}
{"type":"accel","timestamp":1531636265167,"x":-0.202117919921875,"y":2.799835205078125,"z":-1.07781982421875,"roomId":5555}
{"type":"gyro","timestamp":1531636265169,"x":-0.962127685546875,"y":-0.6626129150390625,"z":0.9146270751953125,"roomId":5555}
{"type":"accel","timestamp":1531636265188,"x":2.593536376953125,"y":3.4139251708984375,"z":0.970123291015625,"roomId":5555}
{"type":"gyro","timestamp":1531636265190,"x":-0.9557647705078125,"y":-0.1504974365234375,"z":1.0787811279296875,"roomId":5555}
{"type":"accel","timestamp":1531636265200,"x":3.38397216796875,"y":4.113250732421875,"z":2.50341796875,"roomId":5555}
{"type":"gyro","timestamp":1531636265201,"x":-0.9959259033203125,"y":0.429107666015625,"z":1.083892822265625,"roomId":5555}
{"type":"accel","timestamp":1531636265217,"x":2.387481689453125,"y":4.61871337890625,"z":3.4618377685546875,"roomId":5555}
{"type":"gyro","timestamp":1531636265218,"x":-1.0227813720703125,"y":1.52923583984375,"z":0.99114990234375,"roomId":5555}
{"type":"accel","timestamp":1531636265227,"x":1.4476318359375,"y":4.3249969482421875,"z":3.1998291015625,"roomId":5555}
{"type":"gyro","timestamp":1531636265228,"x":-0.9669952392578125,"y":1.56451416015625,"z":0.8668975830078125,"roomId":5555}
{"type":"accel","timestamp":1531636265247,"x":0.413421630859375,"y":4.35455322265625,"z":2.4365386962890625,"roomId":5555}
{"type":"gyro","timestamp":1531636265248,"x":-0.6163482666015625,"y":0.9935302734375,"z":0.4482269287109375,"roomId":5555}
{"type":"accel","timestamp":1531636265268,"x":0.3297576904296875,"y":4.822296142578125,"z":3.17333984375,"roomId":5555}
{"type":"gyro","timestamp":1531636265270,"x":-0.107391357421875,"y":0.742919921875,"z":0.08551025390625,"roomId":5555}
{"type":"accel","timestamp":1531636265287,"x":1.0204620361328125,"y":4.959869384765625,"z":3.1540985107421875,"roomId":5555}
{"type":"gyro","timestamp":1531636265289,"x":0.417266845703125,"y":0.741058349609375,"z":-0.1122589111328125,"roomId":5555}
{"type":"accel","timestamp":1531636265299,"x":0.2899017333984375,"y":5.2970733642578125,"z":2.5721435546875,"roomId":5555}
{"type":"gyro","timestamp":1531636265300,"x":0.601165771484375,"y":0.734466552734375,"z":-0.1839141845703125,"roomId":5555}
{"type":"accel","timestamp":1531636265316,"x":-2.844024658203125,"y":5.79486083984375,"z":1.025146484375,"roomId":5555}
{"type":"gyro","timestamp":1531636265317,"x":0.73162841796875,"y":0.6950836181640625,"z":-0.0418853759765625,"roomId":5555}
{"type":"accel","timestamp":1531636265335,"x":-2.541290283203125,"y":6.1848907470703125,"z":1.7151336669921875,"roomId":5555}
{"type":"gyro","timestamp":1531636265336,"x":0.720611572265625,"y":0.500457763671875,"z":0.3108978271484375,"roomId":5555}
{"type":"accel","timestamp":1531636265345,"x":-1.544952392578125,"y":6.6011962890625,"z":2.410888671875,"roomId":5555}
{"type":"gyro","timestamp":1531636265346,"x":0.7890625,"y":0.42901611328125,"z":0.4131927490234375,"roomId":5555}
{"type":"accel","timestamp":1531636265355,"x":-0.266265869140625,"y":7.2374725341796875,"z":2.2389984130859375,"roomId":5555}
{"type":"gyro","timestamp":1531636265356,"x":0.9268798828125,"y":0.4017486572265625,"z":0.453948974609375,"roomId":5555}
{"type":"accel","timestamp":1531636265366,"x":0.5413665771484375,"y":7.8119354248046875,"z":1.3631439208984375,"roomId":5555}
{"type":"gyro","timestamp":1531636265367,"x":1.0935211181640625,"y":0.447021484375,"z":0.440521240234375,"roomId":5555}
{"type":"accel","timestamp":1531636265376,"x":0.463165283203125,"y":8.417312622070312,"z":0.1216583251953125,"roomId":5555}
{"type":"gyro","timestamp":1531636265377,"x":1.2507171630859375,"y":0.5576171875,"z":0.4164886474609375,"roomId":5555}
{"type":"accel","timestamp":1531636265388,"x":0.3427886962890625,"y":8.960311889648438,"z":-1.4827728271484375,"roomId":5555}
{"type":"gyro","timestamp":1531636265389,"x":1.3572845458984375,"y":0.656707763671875,"z":0.417205810546875,"roomId":5555}
{"type":"accel","timestamp":1531636265404,"x":1.573974609375,"y":9.633819580078125,"z":-2.8991851806640625,"roomId":5555}
{"type":"gyro","timestamp":1531636265405,"x":1.2082977294921875,"y":0.552001953125,"z":0.2873077392578125,"roomId":5555}
{"type":"accel","timestamp":1531636265414,"x":2.27508544921875,"y":9.650177001953125,"z":-1.6732025146484375,