{"type":"accel","timestamp":1531636282906,"x":-2.0589447021484375,"y":7.83770751953125,"z":-2.4192657470703125,"roomId":5555}
{"type":"gyro","timestamp":1531636282908,"x":0.0019989013671875,"y":0.0408172607421875,"z":0.05291748046875,"roomId":5555}
{"type":"accel","timestamp":1531636282917,"x":-1.6841583251953125,"y":8.032516479492188,"z":-2.5268402099609375,"roomId":5555}
{"type":"gyro","timestamp":1531636282918,"x":0.0481414794921875,"y":0.016937255859375,"z":0.067138671875,"roomId":5555}
{"type":"accel","timestamp":1531636282936,"x":-1.20684814453125,"y":8.076171875,"z":-3.8006134033203125,"roomId":5555}
{"type":"gyro","timestamp":1531636282937,"x":0.11187744140625,"y":-0.00244140625,"z":-0.00830078125,"roomId":5555}
{"type":"accel","timestamp":1531636282948,"x":-1.3173370361328125,"y":8.076705932617188,"z":-4.227020263671875,"roomId":5555}
{"type":"gyro","timestamp":1531636282949,"x":0.068145751953125,"y":0.0256500244140625,"z":-0.072601318359375,"roomId":5555}
{"type":"accel","timestamp":1531636282966,"x":-1.412567138671875,"y":8.326248168945312,"z":-3.906951904296875,"roomId":5555}
{"type":"gyro","timestamp":1531636282968,"x":-0.063720703125,"y":0.1494598388671875,"z":-0.1043243408203125,"roomId":5555}
{"type":"accel","timestamp":1531636282986,"x":-0.458343505859375,"y":9.010040283203125,"z":-3.7645721435546875,"roomId":5555}
{"type":"gyro","timestamp":1531636282987,"x":-0.03814697265625,"y":0.6221923828125,"z":0.086822509765625,"roomId":5555}
{"type":"accel","timestamp":1531636283007,"x":0.722320556640625,"y":9.273452758789062,"z":-5.1003875732421875,"roomId":5555}
{"type":"gyro","timestamp":1531636283008,"x":0.1028289794921875,"y":1.713592529296875,"z":0.4334716796875,"roomId":5555}
{"type":"accel","timestamp":1531636283027,"x":0.979217529296875,"y":8.453033447265625,"z":-7.8424224853515625,"roomId":5555}
{"type":"gyro","timestamp":1531636283029,"x":0.0701446533203125,"y":3.03179931640625,"z":0.8365020751953125,"roomId":5555}
{"type":"accel","timestamp":1531636283045,"x":0.6408538818359375,"y":6.8583831787109375,"z":-8.3521728515625,"roomId":5555}
{"type":"gyro","timestamp":1531636283046,"x":-0.1951904296875,"y":4.0537567138671875,"z":1.2996826171875,"roomId":5555}
{"type":"accel","timestamp":1531636283056,"x":0.686370849609375,"y":5.9017486572265625,"z":-7.5080108642578125,"roomId":5555}
{"type":"gyro","timestamp":1531636283057,"x":-0.2718963623046875,"y":4.4377899169921875,"z":1.6088104248046875,"roomId":5555}
{"type":"accel","timestamp":1531636283066,"x":1.0575714111328125,"y":4.67718505859375,"z":-6.522857666015625,"roomId":5555}
{"type":"gyro","timestamp":1531636283076,"x":-0.07891845703125,"y":5.2199859619140625,"z":2.48236083984375,"roomId":5555}
{"type":"accel","timestamp":1531636283087,"x":2.6245269775390625,"y":2.1876068115234375,"z":-5.4326019287109375,"roomId":5555}
{"type":"gyro","timestamp":1531636283088,"x":0.1103363037109375,"y":5.6230621337890625,"z":2.986724853515625,"roomId":5555}
{"type":"accel","timestamp":1531636283106,"x":5.7403564453125,"y":0.2785186767578125,"z":-5.082427978515625,"roomId":5555}
{"type":"gyro","timestamp":1531636283107,"x":0.3954620361328125,"y":6.310394287109375,"z":3.7735748291015625,"roomId":5555}
{"type":"accel","timestamp":1531636283116,"x":7.4501800537109375,"y":-0.0932159423828125,"z":-4.679595947265625,"roomId":5555}
{"type":"gyro","timestamp":1531636283117,"x":0.4696044921875,"y":6.517974853515625,"z":3.9042510986328125,"roomId":5555}
{"type":"accel","timestamp":1531636283126,"x":8.848785400390625,"y":-0.2675933837890625,"z":-4.15386962890625,"roomId":5555}
{"type":"gyro","timestamp":1531636283127,"x":0.5605621337890625,"y":6.5299072265625,"z":3.79486083984375,"roomId":5555}
{"type":"accel","timestamp":1531636283136,"x":9.655303955078125,"y":-0.343658447265625,"z":-4.63214111328125,"roomId":5555}
{"type":"gyro","timestamp":1531636283137,"x":0.7057952880859375,"y":6.342010498046875,"z":3.4803314208984375,"roomId":5555}
{"type":"accel","timestamp":1531636283146,"x":9.217041015625,"y":-0.242767333984375,"z":-6.795562744140625,"roomId":5555}
{"type":"gyro","timestamp":1531636283147,"x":0.81597900390625,"y":6.027587890625,"z":3.0324249267578125,"roomId":5555}
{"type":"accel","timestamp":1531636283165,"x":7.0182647705078125,"y":0.307220458984375,"z":-8.471145629882812,"roomId":5555}
{"type":"gyro","timestamp":1531636283166,"x":0.5786590576171875,"y":4.9091796875,"z":2.012542724609375,"roomId":5555}
{"type":"accel","timestamp":1531636283186,"x":2.63824462890625,"y":0.3740692138671875,"z":-6.915863037109375,"roomId":5555}
{"type":"gyro","timestamp":1531636283187,"x":0.3050537109375,"y":2.631195068359375,"z":1.036834716796875,"roomId":5555}
{"type":"accel","timestamp":1531636283206,"x":-0.3800506591796875,"y":0.5572662353515625,"z":-5.71258544921875,"roomId":5555}
{"type":"gyro","timestamp":1531636283209,"x":-0.0172882080078125,"y":-0.2930450439453125,"z":0.7345123291015625,"roomId":5555}
{"type":"accel","timestamp":1531636283226,"x":0.90753173828125,"y":1.3956146240234375,"z":-3.0544891357421875,"roomId":5555}
{"type":"gyro","timestamp":1531636283227,"x":-0.289764404296875,"y":-2.854034423828125,"z":0.8300018310546875,"roomId":5555}
{"type":"accel","timestamp":1531636283238,"x":1.92132568359375,"y":2.202911376953125,"z":-1.5476531982421875,"roomId":5555}
{"type":"gyro","timestamp":1531636283239,"x":-0.1905517578125,"y":-3.6678466796875,"z":0.8663787841796875,"roomId":5555}
{"type":"accel","timestamp":1531636283255,"x":3.4503326416015625,"y":5.696502685546875,"z":-0.81402587890625,"roomId":5555}
{"type":"gyro","timestamp":1531636283256,"x":0.32061767578125,"y":-4.5796661376953125,"z":0.8609466552734375,"roomId":5555}
{"type":"accel","timestamp":1531636283274,"x":3.72137451171875,"y":9.438919067382812,"z":-2.7220458984375,"roomId":5555}
{"type":"gyro","timestamp":1531636283275,"x":0.6354522705078125,"y":-5.28155517578125,"z":0.41351318359375,"roomId":5555}
{"type":"accel","timestamp":1531636283293,"x":-1.722320556640625,"y":10.829360961914062,"z":-4.3659820556640625,"roomId":5555}
{"type":"gyro","timestamp":1531636283294,"x":0.422088623046875,"y":-5.4502716064453125,"z":-0.2703704833984375,"roomId":5555}
{"type":"accel","timestamp":1531636283305,"x":-2.1175689697265625,"y":9.286346435546875,"z":-3.4993896484375,"roomId":5555}
{"type":"gyro","timestamp":1531636283306,"x":0.1889495849609375,"y":-5.0695648193359375,"z":-0.140350341796875,"roomId":5555}
{"type":"accel","timestamp":1531636283315,"x":1.525390625,"y":7.583526611328125,"z":-1.567474365234375,"roomId":5555}
{"type":"gyro","timestamp":1531636283316,"x":0.00048828125,"y":-4.457489013671875,"z":0.232879638671875,"roomId":5555}
{"type":"accel","timestamp":1531636283325,"x":9.182083129882812,"y":7.173736572265625,"z":2.453948974609375,"roomId":5555}
{"type":"gyro","timestamp":1531636283327,"x":-0.0527191162109375,"y":-3.7244873046875,"z":0.5602264404296875,"roomId":5555}
{"type":"accel","timestamp":1531636283337,"x":18.144058227539062,"y":9.401168823242188,"z":7.287200927734375,"roomId":5555}
{"type":"gyro","timestamp":1531636283338,"x":0.150726318359375,"y":-2.7762908935546875,"z":0.4799346923828125,"roomId":5555}
{"type":"accel","timestamp":1531636283353,"x":10.81170654296875,"y":15.136520385742188,"z":5.806121826171875,"roomId":5555}
{"type":"gyro","timestamp":1531636283354,"x":1.173431396484375,"y":-0.231658935546875,"z":-1.59967041015625,"roomId":5555}
{"type":"accel","timestamp":1531636283363,"x":-1.148223876953125,"y":14.792526245117188,"z":0.47113037109375,"roomId":5555}
{"type":"gyro","timestamp":1531636283364,"x":1.5648651123046875,"y":0.357330322265625,"z":-2.570465087890625,"roomId":5555}
{"type":"accel","timestamp":1531636283373,"x":-9.048080444335938,"y":13.876846313476562,"z":-4.0944366455078125,"roomId":5555}
{"type":"gyro","timestamp":1531636283374,"x":1.6669464111328125,"y":-0.0044097900390625,"z":-2.7304840087890625,"roomId":5555}
{"type":"accel","timestamp":1531636283393,"x":-7.8978424072265625,"y":14.061141967773438,