{"type":"gyro","timestamp":1531636252039,"x":-0.783203125,"y":0.281646728515625,"z":1.8082427978515625,"roomId":5555}
{"type":"accel","timestamp":1531636252056,"x":10.1746826171875,"y":11.283798217773438,"z":-6.0614776611328125,"roomId":5555}
{"type":"gyro","timestamp":1531636252056,"x":-1.282501220703125,"y":0.3116912841796875,"z":0.7740325927734375,"roomId":5555}
{"type":"accel","timestamp":1531636252075,"x":5.6459808349609375,"y":9.609024047851562,"z":-2.3130645751953125,"roomId":5555}
{"type":"gyro","timestamp":1531636252076,"x":-1.2867584228515625,"y":0.533782958984375,"z":-0.1490478515625,"roomId":5555}
{"type":"accel","timestamp":1531636252086,"x":3.614837646484375,"y":9.330245971679688,"z":-1.083648681640625,"roomId":5555}
{"type":"gyro","timestamp":1531636252088,"x":-1.26611328125,"y":0.5685272216796875,"z":-0.3582000732421875,"roomId":5555}
{"type":"accel","timestamp":1531636252106,"x":1.150604248046875,"y":9.015182495117188,"z":0.1207427978515625,"roomId":5555}
{"type":"gyro","timestamp":1531636252107,"x":-0.9356842041015625,"y":0.39337158203125,"z":-0.3743438720703125,"roomId":5555}
{"type":"accel","timestamp":1531636252127,"x":1.737640380859375,"y":8.559524536132812,"z":-2.05194091796875,"roomId":5555}
{"type":"gyro","timestamp":1531636252128,"x":-0.37335205078125,"y":0.125946044921875,"z":-0.0330352783203125,"roomId":5555}
{"type":"accel","timestamp":1531636252137,"x":1.91717529296875,"y":8.397598266601562,"z":-3.4476318359375,"roomId":5555}
{"type":"gyro","timestamp":1531636252139,"x":-0.2506561279296875,"y":0.31805419921875,"z":0.2709503173828125,"roomId":5555}
{"type":"accel","timestamp":1531636252156,"x":3.0811767578125,"y":8.537521362304688,"z":-3.56976318359375,"roomId":5555}
{"type":"gyro","timestamp":1531636252158,"x":-0.51019287109375,"y":1.308929443359375,"z":1.00433349609375,"roomId":5555}
{"type":"accel","timestamp":1531636252175,"x":2.7042999267578125,"y":7.9226531982421875,"z":-0.3662109375,"roomId":5555}
{"type":"gyro","timestamp":1531636252177,"x":-0.79107666015625,"y":1.8850555419921875,"z":1.4573516845703125,"roomId":5555}
{"type":"accel","timestamp":1531636252195,"x":3.155303955078125,"y":7.178680419921875,"z":0.2996368408203125,"roomId":5555}
{"type":"gyro","timestamp":1531636252196,"x":-0.523834228515625,"y":1.6623687744140625,"z":1.6070556640625,"roomId":5555}
{"type":"accel","timestamp":1531636252206,"x":3.363677978515625,"y":6.4761962890625,"z":-0.241607666015625,"roomId":5555}
{"type":"gyro","timestamp":1531636252207,"x":-0.3059234619140625,"y":1.235443115234375,"z":1.5326690673828125,"roomId":5555}
{"type":"accel","timestamp":1531636252225,"x":3.538482666015625,"y":4.750152587890625,"z":-1.1375274658203125,"roomId":5555}
{"type":"gyro","timestamp":1531636252227,"x":0.0836639404296875,"y":0.385589599609375,"z":1.2915802001953125,"roomId":5555}
{"type":"accel","timestamp":1531636252235,"x":3.9583892822265625,"y":3.5476531982421875,"z":-2.00482177734375,"roomId":5555}
{"type":"gyro","timestamp":1531636252244,"x":0.2512969970703125,"y":0.2899932861328125,"z":1.19964599609375,"roomId":5555}
{"type":"accel","timestamp":1531636252254,"x":4.70318603515625,"y":2.1189117431640625,"z":-3.16455078125,"roomId":5555}
{"type":"gyro","timestamp":1531636252255,"x":0.1846160888671875,"y":0.483551025390625,"z":1.2270355224609375,"roomId":5555}
{"type":"accel","timestamp":1531636252264,"x":4.296356201171875,"y":2.227386474609375,"z":-2.4593505859375,"roomId":5555}
{"type":"gyro","timestamp":1531636252265,"x":0.059112548828125,"y":0.815093994140625,"z":1.299835205078125,"roomId":5555}
{"type":"accel","timestamp":1531636252275,"x":4.1598358154296875,"y":2.568572998046875,"z":-1.3382720947265625,"roomId":5555}
{"type":"gyro","timestamp":1531636252276,"x":-0.0386199951171875,"y":1.22943115234375,"z":1.3982086181640625,"roomId":5555}
{"type":"accel","timestamp":1531636252286,"x":4.7269134521484375,"y":2.9636688232421875,"z":-0.5948486328125,"roomId":5555}
{"type":"gyro","timestamp":1531636252288,"x":-0.0641326904296875,"y":1.55682373046875,"z":1.42767333984375,"roomId":5555}
{"type":"accel","timestamp":1531636252306,"x":4.8548736572265625,"y":3.173980712890625,"z":-0.411773681640625,"roomId":5555}
{"type":"gyro","timestamp":1531636252307,"x":-0.0889129638671875,"y":1.46673583984375,"z":0.9010009765625,"roomId":5555}
{"type":"accel","timestamp":1531636252324,"x":2.7410125732421875,"y":2.0688934326171875,"z":0.97296142578125,"roomId":5555}
{"type":"gyro","timestamp":1531636252326,"x":-0.173553466796875,"y":0.8651885986328125,"z":0.0558319091796875,"roomId":5555}
{"type":"accel","timestamp":1531636252334,"x":1.8222198486328125,"y":1.5714263916015625,"z":1.6284332275390625,"roomId":5555}
{"type":"accel","timestamp":1531636252344,"x":1.4826507568359375,"y":1.1999969482421875,"z":1.66131591796875,"roomId":5555}
{"type":"gyro","timestamp":1531636252344,"x":0.2313690185546875,"y":0.2568817138671875,"z":-0.3623504638671875,"roomId":5555}
{"type":"accel","timestamp":1531636252354,"x":1.3402862548828125,"y":0.9775543212890625,"z":0.8101806640625,"roomId":5555}
{"type":"gyro","timestamp":1531636252356,"x":0.578125,"y":-0.12548828125,"z":-0.4771270751953125,"roomId":5555}
{"type":"accel","timestamp":1531636252373,"x":1.457427978515625,"y":1.52838134765625,"z":-0.9707794189453125,"roomId":5555}
{"type":"gyro","timestamp":1531636252374,"x":1.136077880859375,"y":-0.5243072509765625,"z":-0.5970458984375,"roomId":5555}
{"type":"accel","timestamp":1531636252383,"x":1.8322906494140625,"y":2.4480743408203125,"z":-2.0561065673828125,"roomId":5555}
{"type":"gyro","timestamp":1531636252384,"x":1.292724609375,"y":-0.5318450927734375,"z":-0.6352691650390625,"roomId":5555}
{"type":"accel","timestamp":1531636252393,"x":2.13922119140625,"y":3.0831146240234375,"z":-3.021392822265625,"roomId":5555}
{"type":"gyro","timestamp":1531636252394,"x":1.355621337890625,"y":-0.494842529296875,"z":-0.729644775390625,"roomId":5555}
{"type":"accel","timestamp":1531636252404,"x":1.665557861328125,"y":3.4767303466796875,"z":-3.67041015625,"roomId":5555}
{"type":"gyro","timestamp":1531636252404,"x":1.3333587646484375,"y":-0.402374267578125,"z":-0.8880157470703125,"roomId":5555}
{"type":"accel","timestamp":1531636252414,"x":0.9676361083984375,"y":3.7284088134765625,"z":-4.0341644287109375,"roomId":5555}
{"type":"gyro","timestamp":1531636252414,"x":1.2412872314453125,"y":-0.2565765380859375,"z":-1.06195068359375,"roomId":5555}
{"type":"accel","timestamp":1531636252433,"x":0.1145782470703125,"y":4.0518341064453125,"z":-3.5327606201171875,"roomId":5555}
{"type":"gyro","timestamp":1531636252434,"x":0.9282379150390625,"y":-0.0916748046875,"z":-1.3601531982421875,"roomId":5555}
{"type":"accel","timestamp":1531636252443,"x":-0.810577392578125,"y":4.8028717041015625,"z":-2.3289794921875,"roomId":5555}
{"type":"gyro","timestamp":1531636252444,"x":0.8094940185546875,"y":-0.1900634765625,"z":-1.4604949951171875,"roomId":5555}
{"type":"accel","timestamp":1531636252455,"x":-1.308807373046875,"y":5.8198394775390625,"z":-1.0467376708984375,"roomId":5555}
{"type":"gyro","timestamp":1531636252456,"x":0.7743072509765625,"y":-0.37469482421875,"z":-1.49139404296875,"roomId":5555}
{"type":"accel","timestamp":1531636252473,"x":-3.7688751220703125,"y":7.056488037109375,"z":0.6180419921875,"roomId":5555}
{"type":"gyro","timestamp":1531636252474,"x":0.997406005859375,"y":-0.4735260009765625,"z":-1.3153839111328125,"roomId":5555}
{"type":"accel","timestamp":1531636252484,"x":-5.1593170166015625,"y":7.1988372802734375,"z":1.478302001953125,"roomId":5555}
{"type":"gyro","timestamp":1531636252485,"x":1.1973724365234375,"y":-0.181976318359375,"z":-1.0059814453125,"roomId":5555}
{"type":"accel","timestamp":1531636252503,"x":-4.869842529296875,"y":8.802398681640625,"z":3.509490966796875,"roomId":5555}
{"type":"gyro","timestamp":1531636252505,"x":1.6471099853515625,"y":0.7882232666015625,"z":0.006072998046875,"roomId":5555}
{"type":"accel","timestamp":1531636252513,"x":-4.3741607666015625,"y":10.807373046875,