{"type":"gyro","timestamp":1531636260621,"x":-0.1128997802734375,"y":-0.355194091796875,"z":-0.15692138671875,"roomId":5555}
{"type":"accel","timestamp":1531636260638,"x":-0.3311614990234375,"y":7.27362060546875,"z":0.279449462890625,"roomId":5555}
{"type":"gyro","timestamp":1531636260639,"x":0.18890380859375,"y":-0.2503814697265625,"z":0.0891571044921875,"roomId":5555}
{"type":"accel","timestamp":1531636260657,"x":-0.108642578125,"y":7.4661407470703125,"z":-0.575469970703125,"roomId":5555}
{"type":"gyro","timestamp":1531636260659,"x":0.5905609130859375,"y":-0.5299835205078125,"z":-0.0332183837890625,"roomId":5555}
{"type":"accel","timestamp":1531636260669,"x":-0.4283599853515625,"y":7.62213134765625,"z":-1.0493621826171875,"roomId":5555}
{"type":"gyro","timestamp":1531636260670,"x":0.68951416015625,"y":-0.6318817138671875,"z":-0.1330108642578125,"roomId":5555}
{"type":"accel","timestamp":1531636260687,"x":-1.4207916259765625,"y":8.084625244140625,"z":-2.675567626953125,"roomId":5555}
{"type":"gyro","timestamp":1531636260689,"x":0.7559356689453125,"y":-0.5478363037109375,"z":-0.085906982421875,"roomId":5555}
{"type":"accel","timestamp":1531636260707,"x":-0.2382659912109375,"y":8.940322875976562,"z":-4.409271240234375,"roomId":5555}
{"type":"gyro","timestamp":1531636260708,"x":0.6462860107421875,"y":-0.1691436767578125,"z":0.231414794921875,"roomId":5555}
{"type":"accel","timestamp":1531636260717,"x":0.8791961669921875,"y":9.482955932617188,"z":-4.72979736328125,"roomId":5555}
{"type":"gyro","timestamp":1531636260718,"x":0.5657806396484375,"y":0.014617919921875,"z":0.3358001708984375,"roomId":5555}
{"type":"accel","timestamp":1531636260728,"x":2.3346710205078125,"y":10.169204711914062,"z":-5.5220184326171875,"roomId":5555}
{"type":"gyro","timestamp":1531636260729,"x":0.4910125732421875,"y":0.2124176025390625,"z":0.384552001953125,"roomId":5555}
{"type":"accel","timestamp":1531636260746,"x":4.508209228515625,"y":10.766403198242188,"z":-7.706756591796875,"roomId":5555}
{"type":"gyro","timestamp":1531636260747,"x":0.2415008544921875,"y":0.897186279296875,"z":0.3350677490234375,"roomId":5555}
{"type":"accel","timestamp":1531636260758,"x":3.9645843505859375,"y":10.269439697265625,"z":-8.09515380859375,"roomId":5555}
{"type":"gyro","timestamp":1531636260759,"x":0.030242919921875,"y":1.3822479248046875,"z":0.293792724609375,"roomId":5555}
{"type":"accel","timestamp":1531636260777,"x":2.4167633056640625,"y":9.214462280273438,"z":-6.7285919189453125,"roomId":5555}
{"type":"gyro","timestamp":1531636260779,"x":-0.4111175537109375,"y":2.4395599365234375,"z":0.543487548828125,"roomId":5555}
{"type":"accel","timestamp":1531636260788,"x":1.5047607421875,"y":8.847274780273438,"z":-5.2865142822265625,"roomId":5555}
{"type":"gyro","timestamp":1531636260797,"x":-0.3980255126953125,"y":3.3203582763671875,"z":1.2856903076171875,"roomId":5555}
{"type":"accel","timestamp":1531636260806,"x":0.21783447265625,"y":6.822906494140625,"z":-3.336395263671875,"roomId":5555}
{"type":"gyro","timestamp":1531636260807,"x":-0.1707000732421875,"y":3.82611083984375,"z":1.870941162109375,"roomId":5555}
{"type":"accel","timestamp":1531636260825,"x":3.3383636474609375,"y":4.9177093505859375,"z":-2.8940582275390625,"roomId":5555}
{"type":"gyro","timestamp":1531636260827,"x":0.46136474609375,"y":4.85540771484375,"z":3.089447021484375,"roomId":5555}
{"type":"accel","timestamp":1531636260836,"x":5.516632080078125,"y":4.9055023193359375,"z":-4.387939453125,"roomId":5555}
{"type":"gyro","timestamp":1531636260836,"x":0.753082275390625,"y":5.1270294189453125,"z":3.451629638671875,"roomId":5555}
{"type":"accel","timestamp":1531636260856,"x":8.30828857421875,"y":5.4897918701171875,"z":-7.72607421875,"roomId":5555}
{"type":"gyro","timestamp":1531636260857,"x":0.73504638671875,"y":5.08001708984375,"z":3.379241943359375,"roomId":5555}
{"type":"accel","timestamp":1531636260866,"x":8.630828857421875,"y":5.3973541259765625,"z":-8.629470825195312,"roomId":5555}
{"type":"gyro","timestamp":1531636260868,"x":0.4898834228515625,"y":4.716400146484375,"z":2.973236083984375,"roomId":5555}
{"type":"accel","timestamp":1531636260877,"x":8.581039428710938,"y":5.217193603515625,"z":-9.277816772460938,"roomId":5555}
{"type":"gyro","timestamp":1531636260878,"x":0.195343017578125,"y":4.1111602783203125,"z":2.444000244140625,"roomId":5555}
{"type":"accel","timestamp":1531636260896,"x":7.35858154296875,"y":4.14642333984375,"z":-9.236587524414062,"roomId":5555}
{"type":"gyro","timestamp":1531636260898,"x":-0.5066986083984375,"y":2.99365234375,"z":1.4511260986328125,"roomId":5555}
{"type":"accel","timestamp":1531636260906,"x":5.8047027587890625,"y":2.7852935791015625,"z":-8.155731201171875,"roomId":5555}
{"type":"accel","timestamp":1531636260916,"x":4.1925201416015625,"y":1.360443115234375,"z":-6.027740478515625,"roomId":5555}
{"type":"gyro","timestamp":1531636260918,"x":-1.20184326171875,"y":2.496917724609375,"z":1.076416015625,"roomId":5555}
{"type":"accel","timestamp":1531636260929,"x":2.9528350830078125,"y":0.5360870361328125,"z":-3.2115478515625,"roomId":5555}
{"type":"gyro","timestamp":1531636260931,"x":-1.351898193359375,"y":2.3945159912109375,"z":1.191925048828125,"roomId":5555}
{"type":"accel","timestamp":1531636260945,"x":2.4246978759765625,"y":0.6468963623046875,"z":1.806732177734375,"roomId":5555}
{"type":"gyro","timestamp":1531636260946,"x":-0.9619293212890625,"y":2.23968505859375,"z":1.69097900390625,"roomId":5555}
{"type":"accel","timestamp":1531636260965,"x":4.987518310546875,"y":1.44635009765625,"z":1.727569580078125,"roomId":5555}
{"type":"gyro","timestamp":1531636260966,"x":-0.0853424072265625,"y":1.913421630859375,"z":1.74530029296875,"roomId":5555}
{"type":"accel","timestamp":1531636260975,"x":6.3177490234375,"y":2.113433837890625,"z":0.950439453125,"roomId":5555}
{"type":"gyro","timestamp":1531636260976,"x":0.234588623046875,"y":1.3242950439453125,"z":1.34423828125,"roomId":5555}
{"type":"accel","timestamp":1531636260995,"x":5.9812164306640625,"y":2.6357879638671875,"z":-0.03790283203125,"roomId":5555}
{"type":"gyro","timestamp":1531636260996,"x":0.58612060546875,"y":-0.3135223388671875,"z":-0.16009521484375,"roomId":5555}
{"type":"accel","timestamp":1531636261014,"x":1.75244140625,"y":2.2515716552734375,"z":-2.020050048828125,"roomId":5555}
{"type":"gyro","timestamp":1531636261015,"x":0.573272705078125,"y":-1.87469482421875,"z":-1.53326416015625,"roomId":5555}
{"type":"accel","timestamp":1531636261024,"x":-0.0596466064453125,"y":1.9715728759765625,"z":-2.7492218017578125,"roomId":5555}
{"type":"gyro","timestamp":1531636261026,"x":0.39923095703125,"y":-2.5220489501953125,"z":-1.83416748046875,"roomId":5555}
{"type":"accel","timestamp":1531636261035,"x":-0.350311279296875,"y":2.37200927734375,"z":-2.04095458984375,"roomId":5555}
{"type":"accel","timestamp":1531636261054,"x":1.35333251953125,"y":3.497283935546875,"z":-0.5347900390625,"roomId":5555}
{"type":"gyro","timestamp":1531636261056,"x":0.17010498046875,"y":-3.0979461669921875,"z":-1.88800048828125,"roomId":5555}
{"type":"accel","timestamp":1531636261065,"x":2.9495697021484375,"y":4.490631103515625,"z":1.982147216796875,"roomId":5555}
{"type":"gyro","timestamp":1531636261074,"x":0.1007843017578125,"y":-3.3880615234375,"z":-2.05426025390625,"roomId":5555}
{"type":"accel","timestamp":1531636261083,"x":-1.3180084228515625,"y":6.5059814453125,"z":2.1221160888671875,"roomId":5555}
{"type":"gyro","timestamp":1531636261084,"x":0.3712158203125,"y":-2.841461181640625,"z":-1.9703521728515625,"roomId":5555}
{"type":"accel","timestamp":1531636261093,"x":-4.2449951171875,"y":8.485122680664062,"z":0.8123016357421875,"roomId":5555}
{"type":"accel","timestamp":1531636261103,"x":-6.517578125,"y":10.200271606445312,"z":-0.471405029296875,"roomId":5555}
{"type":"gyro","timestamp":1531636261104,"x":0.9395599365234375,"y":-2.2220458984375,"z":-1.5308685302734375,"roomId":5555}
{"type":"accel","timestamp":1531636261113,"x":-6.610107421875,"y":11.056350708007812,