{"type":"gyro","timestamp":1531636313872,"x":0.1141510009765625,"y":0.1585540771484375,"z":-0.0005340576171875,"roomId":5555}
{"type":"accel","timestamp":1531636313886,"x":0.8759307861328125,"y":8.53857421875,"z":-3.65283203125,"roomId":5555}
{"type":"gyro","timestamp":1531636313887,"x":0.3627166748046875,"y":0.55029296875,"z":0.2449951171875,"roomId":5555}
{"type":"accel","timestamp":1531636313896,"x":2.09429931640625,"y":8.619888305664062,"z":-5.6213531494140625,"roomId":5555}
{"type":"gyro","timestamp":1531636313897,"x":0.43804931640625,"y":0.8346710205078125,"z":0.289306640625,"roomId":5555}
{"type":"accel","timestamp":1531636313906,"x":2.210357666015625,"y":8.1016845703125,"z":-7.6969146728515625,"roomId":5555}
{"type":"gyro","timestamp":1531636313907,"x":0.409088134765625,"y":1.1331329345703125,"z":0.2529296875,"roomId":5555}
{"type":"accel","timestamp":1531636313916,"x":1.6676788330078125,"y":7.4046478271484375,"z":-8.705413818359375,"roomId":5555}
{"type":"gyro","timestamp":1531636313918,"x":0.2914886474609375,"y":1.349700927734375,"z":0.177215576171875,"roomId":5555}
{"type":"accel","timestamp":1531636313935,"x":1.1089019775390625,"y":6.7598876953125,"z":-7.3293914794921875,"roomId":5555}
{"type":"gyro","timestamp":1531636313936,"x":0.1111602783203125,"y":1.42779541015625,"z":0.0957794189453125,"roomId":5555}
{"type":"accel","timestamp":1531636313947,"x":0.8701171875,"y":6.397705078125,"z":-5.893280029296875,"roomId":5555}
{"type":"gyro","timestamp":1531636313949,"x":0.1378021240234375,"y":1.5799560546875,"z":0.1647491455078125,"roomId":5555}
{"type":"accel","timestamp":1531636313958,"x":0.4019622802734375,"y":5.720855712890625,"z":-5.1453399658203125,"roomId":5555}
{"type":"gyro","timestamp":1531636313959,"x":0.2521820068359375,"y":1.89813232421875,"z":0.3470611572265625,"roomId":5555}
{"type":"accel","timestamp":1531636313968,"x":-0.38592529296875,"y":4.8577423095703125,"z":-5.3592529296875,"roomId":5555}
{"type":"gyro","timestamp":1531636313969,"x":0.419586181640625,"y":2.2404632568359375,"z":0.636993408203125,"roomId":5555}
{"type":"accel","timestamp":1531636313985,"x":0.598663330078125,"y":4.1431884765625,"z":-6.1028289794921875,"roomId":5555}
{"type":"gyro","timestamp":1531636313985,"x":0.71685791015625,"y":2.294525146484375,"z":1.32220458984375,"roomId":5555}
{"type":"accel","timestamp":1531636313995,"x":2.2246246337890625,"y":4.2128448486328125,"z":-6.0027008056640625,"roomId":5555}
{"type":"gyro","timestamp":1531636313997,"x":0.7984771728515625,"y":2.0453948974609375,"z":1.4687957763671875,"roomId":5555}
{"type":"accel","timestamp":1531636314005,"x":3.5165863037109375,"y":3.9136505126953125,"z":-6.18505859375,"roomId":5555}
{"type":"gyro","timestamp":1531636314006,"x":0.847381591796875,"y":1.7416229248046875,"z":1.3975982666015625,"roomId":5555}
{"type":"gyro","timestamp":1531636314016,"x":0.8707733154296875,"y":1.4187164306640625,"z":1.164825439453125,"roomId":5555}
{"type":"accel","timestamp":1531636314025,"x":3.061981201171875,"y":2.527984619140625,"z":-7.419403076171875,"roomId":5555}
{"type":"gyro","timestamp":1531636314026,"x":0.86065673828125,"y":1.1528778076171875,"z":0.889129638671875,"roomId":5555}
{"type":"accel","timestamp":1531636314035,"x":1.6082305908203125,"y":1.4972686767578125,"z":-7.7006072998046875,"roomId":5555}
{"type":"gyro","timestamp":1531636314036,"x":0.830291748046875,"y":1.032012939453125,"z":0.7089385986328125,"roomId":5555}
{"type":"accel","timestamp":1531636314046,"x":0.5041656494140625,"y":0.4361114501953125,"z":-7.227203369140625,"roomId":5555}
{"type":"gyro","timestamp":1531636314048,"x":0.8317108154296875,"y":1.078948974609375,"z":0.7014617919921875,"roomId":5555}
{"type":"accel","timestamp":1531636314067,"x":-0.227203369140625,"y":-0.9339599609375,"z":-6.672271728515625,"roomId":5555}
{"type":"gyro","timestamp":1531636314068,"x":1.0960235595703125,"y":1.252197265625,"z":1.02532958984375,"roomId":5555}
{"type":"accel","timestamp":1531636314086,"x":1.4037933349609375,"y":-0.94158935546875,"z":-6.9201812744140625,"roomId":5555}
{"type":"gyro","timestamp":1531636314088,"x":1.43328857421875,"y":1.1067657470703125,"z":1.17962646484375,"roomId":5555}
{"type":"accel","timestamp":1531636314105,"x":2.9296417236328125,"y":-0.05474853515625,"z":-5.951690673828125,"roomId":5555}
{"type":"gyro","timestamp":1531636314106,"x":1.5276641845703125,"y":0.6324005126953125,"z":0.957427978515625,"roomId":5555}
{"type":"accel","timestamp":1531636314116,"x":3.1469573974609375,"y":0.47113037109375,"z":-5.4001922607421875,"roomId":5555}
{"type":"gyro","timestamp":1531636314118,"x":1.5107574462890625,"y":0.4136505126953125,"z":0.7604827880859375,"roomId":5555}
{"type":"accel","timestamp":1531636314126,"x":2.40301513671875,"y":0.9432830810546875,"z":-4.969879150390625,"roomId":5555}
{"type":"accel","timestamp":1531636314136,"x":0.9710845947265625,"y":1.4166107177734375,"z":-4.8799591064453125,"roomId":5555}
{"type":"gyro","timestamp":1531636314137,"x":1.357269287109375,"y":0.38629150390625,"z":0.39019775390625,"roomId":5555}
{"type":"accel","timestamp":1531636314154,"x":-1.190216064453125,"y":1.586029052734375,"z":-6.28619384765625,"roomId":5555}
{"type":"gyro","timestamp":1531636314155,"x":1.1475067138671875,"y":0.7881622314453125,"z":0.4017791748046875,"roomId":5555}
{"type":"accel","timestamp":1531636314165,"x":-2.3896026611328125,"y":1.782562255859375,"z":-7.1866455078125,"roomId":5555}
{"type":"gyro","timestamp":1531636314166,"x":1.0201416015625,"y":0.973968505859375,"z":0.4730682373046875,"roomId":5555}
{"type":"accel","timestamp":1531636314175,"x":-3.102386474609375,"y":2.5919952392578125,"z":-7.676727294921875,"roomId":5555}
{"type":"gyro","timestamp":1531636314176,"x":0.860076904296875,"y":0.982025146484375,"z":0.6062469482421875,"roomId":5555}
{"type":"accel","timestamp":1531636314194,"x":-0.598602294921875,"y":5.5089569091796875,"z":-5.841522216796875,"roomId":5555}
{"type":"gyro","timestamp":1531636314195,"x":0.547821044921875,"y":-0.05523681640625,"z":0.8708648681640625,"roomId":5555}
{"type":"accel","timestamp":1531636314205,"x":1.85284423828125,"y":7.3100128173828125,"z":-4.1462554931640625,"roomId":5555}
{"type":"gyro","timestamp":1531636314206,"x":0.5268402099609375,"y":-0.689178466796875,"z":0.784820556640625,"roomId":5555}
{"type":"accel","timestamp":1531636314216,"x":3.4760284423828125,"y":9.83807373046875,"z":-2.932464599609375,"roomId":5555}
{"type":"gyro","timestamp":1531636314217,"x":0.6385650634765625,"y":-1.0202178955078125,"z":0.55609130859375,"roomId":5555}
{"type":"accel","timestamp":1531636314226,"x":3.5607452392578125,"y":11.66571044921875,"z":-2.854217529296875,"roomId":5555}
{"type":"gyro","timestamp":1531636314228,"x":0.8157958984375,"y":-1.0612030029296875,"z":0.2931060791015625,"roomId":5555}
{"type":"accel","timestamp":1531636314244,"x":1.015411376953125,"y":11.101089477539062,"z":-3.2060394287109375,"roomId":5555}
{"type":"gyro","timestamp":1531636314244,"x":0.9968109130859375,"y":-0.5546112060546875,"z":0.015228271484375,"roomId":5555}
{"type":"accel","timestamp":1531636314263,"x":2.0311737060546875,"y":9.78033447265625,"z":-1.1799468994140625,"roomId":5555}
{"type":"gyro","timestamp":1531636314264,"x":0.9810028076171875,"y":0.0915069580078125,"z":0.085296630859375,"roomId":5555}
{"type":"accel","timestamp":1531636314274,"x":3.3667755126953125,"y":10.37152099609375,"z":-0.424560546875,"roomId":5555}
{"type":"gyro","timestamp":1531636314275,"x":1.1285400390625,"y":0.43817138671875,"z":0.1301422119140625,"roomId":5555}
{"type":"accel","timestamp":1531636314285,"x":4.39227294921875,"y":11.916885375976562,"z":-1.06512451171875,"roomId":5555}
{"type":"gyro","timestamp":1531636314285,"x":1.423797607421875,"y":0.77947998046875,"z":0.14910888671875,"roomId":5555}
{"type":"accel","timestamp":1531636314305,"x":2.5819091796875,"y":15.287277221679688,"z":-4.841766357421875,"roomId":5555}
{"type":"gyro","timestamp":1531636314307,"x":1.8903961181640625,"y":1.205657958984375,"z":0.014312744140625,