{"type":"gyro","timestamp":1531636267105,"x":-0.267913818359375,"y":0.2496795654296875,"z":0.3803558349609375,"roomId":5555}
{"type":"accel","timestamp":1531636267113,"x":3.195709228515625,"y":8.315414428710938,"z":-3.1284332275390625,"roomId":5555}
{"type":"gyro","timestamp":1531636267115,"x":-0.1678924560546875,"y":0.3849334716796875,"z":0.4630889892578125,"roomId":5555}
{"type":"accel","timestamp":1531636267126,"x":3.7997589111328125,"y":8.710403442382812,"z":-3.885711669921875,"roomId":5555}
{"type":"gyro","timestamp":1531636267127,"x":-0.165802001953125,"y":0.5051422119140625,"z":0.4265289306640625,"roomId":5555}
{"type":"accel","timestamp":1531636267143,"x":3.4618988037109375,"y":8.27178955078125,"z":-3.6365966796875,"roomId":5555}
{"type":"gyro","timestamp":1531636267144,"x":-0.2814178466796875,"y":0.46124267578125,"z":0.2148284912109375,"roomId":5555}
{"type":"accel","timestamp":1531636267162,"x":2.649169921875,"y":7.48590087890625,"z":0.66998291015625,"roomId":5555}
{"type":"gyro","timestamp":1531636267163,"x":-0.1669158935546875,"y":0.4776763916015625,"z":0.2654876708984375,"roomId":5555}
{"type":"accel","timestamp":1531636267174,"x":2.673431396484375,"y":7.0776214599609375,"z":3.2193603515625,"roomId":5555}
{"type":"gyro","timestamp":1531636267175,"x":0.155670166015625,"y":0.61712646484375,"z":0.434967041015625,"roomId":5555}
{"type":"accel","timestamp":1531636267184,"x":3.2682952880859375,"y":6.7405853271484375,"z":4.42926025390625,"roomId":5555}
{"type":"gyro","timestamp":1531636267185,"x":0.6635894775390625,"y":0.8146209716796875,"z":0.657012939453125,"roomId":5555}
{"type":"accel","timestamp":1531636267194,"x":4.2776336669921875,"y":6.49371337890625,"z":3.487518310546875,"roomId":5555}
{"type":"gyro","timestamp":1531636267196,"x":1.2342681884765625,"y":1.0930633544921875,"z":0.877532958984375,"roomId":5555}
{"type":"accel","timestamp":1531636267212,"x":6.40625,"y":7.3267974853515625,"z":-4.7823333740234375,"roomId":5555}
{"type":"gyro","timestamp":1531636267213,"x":1.9023895263671875,"y":1.9727325439453125,"z":1.1537628173828125,"roomId":5555}
{"type":"accel","timestamp":1531636267222,"x":6.1443939208984375,"y":7.6100006103515625,"z":-9.087112426757812,"roomId":5555}
{"type":"gyro","timestamp":1531636267224,"x":1.7713165283203125,"y":2.421112060546875,"z":1.1493072509765625,"roomId":5555}
{"type":"accel","timestamp":1531636267232,"x":6.5746612548828125,"y":7.8386993408203125,"z":-11.897979736328125,"roomId":5555}
{"type":"gyro","timestamp":1531636267233,"x":1.35467529296875,"y":2.495269775390625,"z":1.0007476806640625,"roomId":5555}
{"type":"accel","timestamp":1531636267243,"x":7.0186004638671875,"y":8.00189208984375,"z":-11.797134399414062,"roomId":5555}
{"type":"gyro","timestamp":1531636267243,"x":0.8016357421875,"y":1.968597412109375,"z":0.66204833984375,"roomId":5555}
{"type":"accel","timestamp":1531636267253,"x":6.253509521484375,"y":7.6528778076171875,"z":-8.906005859375,"roomId":5555}
{"type":"gyro","timestamp":1531636267254,"x":0.2989959716796875,"y":1.163604736328125,"z":0.249114990234375,"roomId":5555}
{"type":"accel","timestamp":1531636267272,"x":5.0771942138671875,"y":6.0216827392578125,"z":-0.99029541015625,"roomId":5555}
{"type":"gyro","timestamp":1531636267273,"x":-0.00567626953125,"y":0.4607086181640625,"z":-0.10400390625,"roomId":5555}
{"type":"accel","timestamp":1531636267283,"x":4.5113067626953125,"y":5.0583038330078125,"z":0.8934173583984375,"roomId":5555}
{"type":"gyro","timestamp":1531636267284,"x":0.2414703369140625,"y":0.659912109375,"z":0.024169921875,"roomId":5555}
{"type":"accel","timestamp":1531636267294,"x":4.3973846435546875,"y":4.2839202880859375,"z":1.33685302734375,"roomId":5555}
{"type":"gyro","timestamp":1531636267295,"x":0.6310272216796875,"y":1.027587890625,"z":0.318572998046875,"roomId":5555}
{"type":"accel","timestamp":1531636267307,"x":5.18597412109375,"y":3.8787689208984375,"z":0.9139556884765625,"roomId":5555}
{"type":"gyro","timestamp":1531636267309,"x":1.0676422119140625,"y":1.36151123046875,"z":0.6368560791015625,"roomId":5555}
{"type":"accel","timestamp":1531636267323,"x":5.8231964111328125,"y":4.6666412353515625,"z":-3.7490081787109375,"roomId":5555}
{"type":"gyro","timestamp":1531636267324,"x":1.80377197265625,"y":1.4021453857421875,"z":0.771759033203125,"roomId":5555}
{"type":"accel","timestamp":1531636267341,"x":4.5258331298828125,"y":5.800628662109375,"z":-9.376556396484375,"roomId":5555}
{"type":"gyro","timestamp":1531636267342,"x":1.5563507080078125,"y":0.579864501953125,"z":0.1205596923828125,"roomId":5555}
{"type":"accel","timestamp":1531636267352,"x":3.5363922119140625,"y":5.8831329345703125,"z":-10.53045654296875,"roomId":5555}
{"type":"gyro","timestamp":1531636267353,"x":1.025970458984375,"y":0.0937652587890625,"z":-0.280609130859375,"roomId":5555}
{"type":"accel","timestamp":1531636267371,"x":1.2191619873046875,"y":4.49163818359375,"z":-8.188201904296875,"roomId":5555}
{"type":"gyro","timestamp":1531636267372,"x":-0.3066864013671875,"y":-0.3739776611328125,"z":-0.7437744140625,"roomId":5555}
{"type":"accel","timestamp":1531636267381,"x":0.674560546875,"y":3.5728759765625,"z":-5.670745849609375,"roomId":5555}
{"type":"gyro","timestamp":1531636267383,"x":-0.8038177490234375,"y":-0.286041259765625,"z":-0.70733642578125,"roomId":5555}
{"type":"accel","timestamp":1531636267392,"x":0.9150238037109375,"y":2.9873046875,"z":-3.397491455078125,"roomId":5555}
{"type":"gyro","timestamp":1531636267394,"x":-1.0448760986328125,"y":-0.1913299560546875,"z":-0.56536865234375,"roomId":5555}
{"type":"accel","timestamp":1531636267403,"x":1.3249969482421875,"y":2.7318878173828125,"z":-1.6926422119140625,"roomId":5555}
{"type":"gyro","timestamp":1531636267405,"x":-1.0353546142578125,"y":-0.275726318359375,"z":-0.45098876953125,"roomId":5555}
{"type":"accel","timestamp":1531636267421,"x":2.3729248046875,"y":3.8829803466796875,"z":-0.76788330078125,"roomId":5555}
{"type":"gyro","timestamp":1531636267422,"x":-0.5628509521484375,"y":-1.1399993896484375,"z":-0.5999908447265625,"roomId":5555}
{"type":"accel","timestamp":1531636267431,"x":2.4010009765625,"y":4.6230621337890625,"z":-1.532989501953125,"roomId":5555}
{"type":"gyro","timestamp":1531636267432,"x":-0.3181304931640625,"y":-1.6974639892578125,"z":-0.9232330322265625,"roomId":5555}
{"type":"accel","timestamp":1531636267441,"x":1.4339599609375,"y":4.9158782958984375,"z":-2.7990264892578125,"roomId":5555}
{"type":"gyro","timestamp":1531636267442,"x":-0.221038818359375,"y":-2.079193115234375,"z":-1.3174896240234375,"roomId":5555}
{"type":"accel","timestamp":1531636267452,"x":0.2021942138671875,"y":4.616363525390625,"z":-3.81011962890625,"roomId":5555}
{"type":"gyro","timestamp":1531636267453,"x":-0.3177337646484375,"y":-2.1881103515625,"z":-1.62939453125,"roomId":5555}
{"type":"accel","timestamp":1531636267470,"x":-1.416717529296875,"y":3.264923095703125,"z":-4.3364715576171875,"roomId":5555}
{"type":"gyro","timestamp":1531636267471,"x":-0.8583984375,"y":-1.7677154541015625,"z":-1.832550048828125,"roomId":5555}
{"type":"accel","timestamp":1531636267480,"x":-2.473052978515625,"y":3.1711883544921875,"z":-3.666595458984375,"roomId":5555}
{"type":"accel","timestamp":1531636267490,"x":-3.1617889404296875,"y":3.5278472900390625,"z":-3.1741943359375,"roomId":5555}
{"type":"gyro","timestamp":1531636267492,"x":-1.269866943359375,"y":-0.6093597412109375,"z":-1.6756591796875,"roomId":5555}
{"type":"accel","timestamp":1531636267500,"x":-4.230804443359375,"y":3.693511962890625,"z":-3.20062255859375,"roomId":5555}
{"type":"gyro","timestamp":1531636267501,"x":-1.2626800537109375,"y":0.1555633544921875,"z":-1.45843505859375,"roomId":5555}
{"type":"accel","timestamp":1531636267511,"x":-5.966888427734375,"y":3.4332275390625,"z":-3.3082122802734375,"roomId":5555}
{"type":"gyro","timestamp":1531636267512,"x":-1.1400909423828125,"y":0.8108062744140625,"z":-1.17132568359375,"roomId":5555}
{"type":"accel","timestamp":1531636267521,"x":-7.131011962890625,