{"type":"accel","timestamp":1531636271662,"x":0.898468017578125,"y":8.926864624023438,"z":-7.357696533203125,"roomId":5555}
{"type":"gyro","timestamp":1531636271664,"x":-0.982696533203125,"y":1.006988525390625,"z":0.0928802490234375,"roomId":5555}
{"type":"accel","timestamp":1531636271672,"x":0.39349365234375,"y":8.53851318359375,"z":-5.506256103515625,"roomId":5555}
{"type":"gyro","timestamp":1531636271674,"x":-1.1636962890625,"y":0.799774169921875,"z":-0.220947265625,"roomId":5555}
{"type":"accel","timestamp":1531636271683,"x":-0.5395355224609375,"y":8.160736083984375,"z":-4.113067626953125,"roomId":5555}
{"type":"gyro","timestamp":1531636271685,"x":-1.2080841064453125,"y":0.7591705322265625,"z":-0.4126434326171875,"roomId":5555}
{"type":"accel","timestamp":1531636271693,"x":-1.721527099609375,"y":7.672882080078125,"z":-3.0784149169921875,"roomId":5555}
{"type":"gyro","timestamp":1531636271703,"x":-0.9796905517578125,"y":1.333221435546875,"z":-0.163909912109375,"roomId":5555}
{"type":"accel","timestamp":1531636271712,"x":-4.54486083984375,"y":6.5063629150390625,"z":-4.877044677734375,"roomId":5555}
{"type":"gyro","timestamp":1531636271713,"x":-0.8255615234375,"y":1.744415283203125,"z":0.22235107421875,"roomId":5555}
{"type":"accel","timestamp":1531636271722,"x":-5.030303955078125,"y":6.4567413330078125,"z":-6.676055908203125,"roomId":5555}
{"type":"gyro","timestamp":1531636271724,"x":-0.7769622802734375,"y":1.86322021484375,"z":0.646026611328125,"roomId":5555}
{"type":"accel","timestamp":1531636271732,"x":-5.5066986083984375,"y":6.34521484375,"z":-7.569580078125,"roomId":5555}
{"type":"gyro","timestamp":1531636271734,"x":-0.8324432373046875,"y":1.672210693359375,"z":1.02655029296875,"roomId":5555}
{"type":"accel","timestamp":1531636271745,"x":-4.7791595458984375,"y":6.1114349365234375,"z":-7.4120025634765625,"roomId":5555}
{"type":"gyro","timestamp":1531636271745,"x":-0.9294586181640625,"y":1.28643798828125,"z":1.362060546875,"roomId":5555}
{"type":"accel","timestamp":1531636271761,"x":-2.1836090087890625,"y":5.716552734375,"z":-4.3245697021484375,"roomId":5555}
{"type":"gyro","timestamp":1531636271761,"x":-0.876190185546875,"y":0.30621337890625,"z":1.7390594482421875,"roomId":5555}
{"type":"accel","timestamp":1531636271773,"x":-1.722625732421875,"y":5.094573974609375,"z":-4.0633087158203125,"roomId":5555}
{"type":"gyro","timestamp":1531636271774,"x":-0.6949462890625,"y":0.0637359619140625,"z":1.879669189453125,"roomId":5555}
{"type":"accel","timestamp":1531636271783,"x":-1.54656982421875,"y":4.173187255859375,"z":-4.501373291015625,"roomId":5555}
{"type":"gyro","timestamp":1531636271793,"x":-0.403411865234375,"y":0.201934814453125,"z":2.3732147216796875,"roomId":5555}
{"type":"accel","timestamp":1531636271802,"x":-0.3046112060546875,"y":1.9591827392578125,"z":-5.7558135986328125,"roomId":5555}
{"type":"gyro","timestamp":1531636271804,"x":-0.3066253662109375,"y":0.4410247802734375,"z":2.68603515625,"roomId":5555}
{"type":"accel","timestamp":1531636271820,"x":3.6271209716796875,"y":1.824249267578125,"z":-4.93408203125,"roomId":5555}
{"type":"gyro","timestamp":1531636271821,"x":0.1170654296875,"y":0.9046630859375,"z":2.9477386474609375,"roomId":5555}
{"type":"accel","timestamp":1531636271831,"x":4.3754425048828125,"y":2.438385009765625,"z":-4.558929443359375,"roomId":5555}
{"type":"gyro","timestamp":1531636271832,"x":0.4600830078125,"y":1.1454315185546875,"z":2.756683349609375,"roomId":5555}
{"type":"accel","timestamp":1531636271841,"x":4.2757568359375,"y":2.8753204345703125,"z":-4.3468017578125,"roomId":5555}
{"type":"gyro","timestamp":1531636271843,"x":0.746429443359375,"y":1.380767822265625,"z":2.4263763427734375,"roomId":5555}
{"type":"accel","timestamp":1531636271852,"x":3.680511474609375,"y":2.928955078125,"z":-4.20758056640625,"roomId":5555}
{"type":"gyro","timestamp":1531636271853,"x":0.8916778564453125,"y":1.5672149658203125,"z":2.046295166015625,"roomId":5555}
{"type":"accel","timestamp":1531636271870,"x":1.813995361328125,"y":3.1044769287109375,"z":-4.0376739501953125,"roomId":5555}
{"type":"gyro","timestamp":1531636271871,"x":0.8342132568359375,"y":1.45867919921875,"z":1.3256683349609375,"roomId":5555}
{"type":"accel","timestamp":1531636271881,"x":1.573028564453125,"y":3.78948974609375,"z":-3.56396484375,"roomId":5555}
{"type":"gyro","timestamp":1531636271882,"x":0.7303619384765625,"y":0.9863128662109375,"z":0.97674560546875,"roomId":5555}
{"type":"accel","timestamp":1531636271892,"x":2.0830230712890625,"y":4.8621978759765625,"z":-2.7484130859375,"roomId":5555}
{"type":"gyro","timestamp":1531636271894,"x":0.628021240234375,"y":0.318756103515625,"z":0.58062744140625,"roomId":5555}
{"type":"accel","timestamp":1531636271911,"x":2.682037353515625,"y":5.8711700439453125,"z":-1.6617584228515625,"roomId":5555}
{"type":"gyro","timestamp":1531636271913,"x":0.42877197265625,"y":-0.925628662109375,"z":-0.4009246826171875,"roomId":5555}
{"type":"accel","timestamp":1531636271921,"x":1.608428955078125,"y":5.5640869140625,"z":-1.37457275390625,"roomId":5555}
{"type":"gyro","timestamp":1531636271923,"x":0.26849365234375,"y":-1.219024658203125,"z":-0.8264617919921875,"roomId":5555}
{"type":"accel","timestamp":1531636271933,"x":0.250396728515625,"y":5.0564727783203125,"z":-0.568023681640625,"roomId":5555}
{"type":"gyro","timestamp":1531636271936,"x":0.083587646484375,"y":-1.2564697265625,"z":-1.080230712890625,"roomId":5555}
{"type":"accel","timestamp":1531636271951,"x":-0.795196533203125,"y":4.3432769775390625,"z":1.206512451171875,"roomId":5555}
{"type":"gyro","timestamp":1531636271952,"x":-0.1134033203125,"y":-1.0997467041015625,"z":-1.0434722900390625,"roomId":5555}
{"type":"accel","timestamp":1531636271971,"x":2.2496337890625,"y":5.822174072265625,"z":2.344573974609375,"roomId":5555}
{"type":"gyro","timestamp":1531636271973,"x":0.1325225830078125,"y":-1.2757415771484375,"z":-0.772064208984375,"roomId":5555}
{"type":"accel","timestamp":1531636271982,"x":3.3065643310546875,"y":6.416290283203125,"z":2.527069091796875,"roomId":5555}
{"type":"gyro","timestamp":1531636271983,"x":0.3727874755859375,"y":-1.226104736328125,"z":-0.8063507080078125,"roomId":5555}
{"type":"accel","timestamp":1531636271996,"x":2.75445556640625,"y":6.887481689453125,"z":2.205322265625,"roomId":5555}
{"type":"gyro","timestamp":1531636271997,"x":0.625335693359375,"y":-0.93804931640625,"z":-0.9361419677734375,"roomId":5555}
{"type":"accel","timestamp":1531636272010,"x":-0.7688140869140625,"y":7.0515289306640625,"z":1.1018218994140625,"roomId":5555}
{"type":"gyro","timestamp":1531636272011,"x":1.00372314453125,"y":-0.13409423828125,"z":-1.0831451416015625,"roomId":5555}
{"type":"accel","timestamp":1531636272020,"x":-1.9893035888671875,"y":6.7964935302734375,"z":0.423980712890625,"roomId":5555}
{"type":"gyro","timestamp":1531636272022,"x":1.112060546875,"y":0.1256561279296875,"z":-1.009429931640625,"roomId":5555}
{"type":"accel","timestamp":1531636272030,"x":-2.8314971923828125,"y":6.501800537109375,"z":-0.460723876953125,"roomId":5555}
{"type":"gyro","timestamp":1531636272039,"x":1.2305145263671875,"y":0.0824432373046875,"z":-0.7972564697265625,"roomId":5555}
{"type":"accel","timestamp":1531636272051,"x":-3.2748260498046875,"y":6.6467742919921875,"z":-1.6941070556640625,"roomId":5555}
{"type":"gyro","timestamp":1531636272052,"x":1.313568115234375,"y":0.03515625,"z":-0.65643310546875,"roomId":5555}
{"type":"accel","timestamp":1531636272070,"x":-2.404754638671875,"y":7.8759918212890625,"z":-2.369476318359375,"roomId":5555}
{"type":"gyro","timestamp":1531636272072,"x":1.617279052734375,"y":0.23388671875,"z":-0.358917236328125,"roomId":5555}
{"type":"accel","timestamp":1531636272080,"x":-2.648406982421875,"y":9.04046630859375,"z":-2.839324951171875,"roomId":5555}
{"type":"accel","timestamp":1531636272091,"x":-3.0892486572265625,"y":9.902923583984375,"z":-3.8498077392578125,"roomId":5555}
{"type":"gyro","timestamp":1531636272093,"x":1.94140625,"y":0.669586181640625,"z":0.0250701904296875,