{"type":"gyro","timestamp":1531636307124,"x":0.0809478759765625,"y":0.080108642578125,"z":0.199859619140625,"roomId":5555}
{"type":"accel","timestamp":1531636307132,"x":0.3876495361328125,"y":7.7469024658203125,"z":-1.8201751708984375,"roomId":5555}
{"type":"accel","timestamp":1531636307143,"x":0.6492767333984375,"y":8.073532104492188,"z":-3.1533203125,"roomId":5555}
{"type":"gyro","timestamp":1531636307143,"x":0.4833221435546875,"y":0.117095947265625,"z":0.170440673828125,"roomId":5555}
{"type":"accel","timestamp":1531636307161,"x":-0.0096282958984375,"y":8.64080810546875,"z":-5.216583251953125,"roomId":5555}
{"type":"gyro","timestamp":1531636307162,"x":0.5233612060546875,"y":0.0142059326171875,"z":-0.049896240234375,"roomId":5555}
{"type":"accel","timestamp":1531636307173,"x":-0.58758544921875,"y":8.661819458007812,"z":-5.8414306640625,"roomId":5555}
{"type":"gyro","timestamp":1531636307174,"x":0.4311370849609375,"y":0.0093536376953125,"z":-0.08367919921875,"roomId":5555}
{"type":"accel","timestamp":1531636307192,"x":-1.1942291259765625,"y":8.889251708984375,"z":-6.7860870361328125,"roomId":5555}
{"type":"gyro","timestamp":1531636307193,"x":0.23797607421875,"y":0.2367706298828125,"z":0.1931915283203125,"roomId":5555}
{"type":"accel","timestamp":1531636307203,"x":-0.699676513671875,"y":9.126220703125,"z":-6.9159698486328125,"roomId":5555}
{"type":"gyro","timestamp":1531636307204,"x":0.14306640625,"y":0.45025634765625,"z":0.4138946533203125,"roomId":5555}
{"type":"accel","timestamp":1531636307223,"x":0.1728363037109375,"y":9.074966430664062,"z":-6.881378173828125,"roomId":5555}
{"type":"gyro","timestamp":1531636307225,"x":-0.0153045654296875,"y":0.8350677490234375,"z":0.717376708984375,"roomId":5555}
{"type":"accel","timestamp":1531636307242,"x":0.52239990234375,"y":8.522232055664062,"z":-5.1893157958984375,"roomId":5555}
{"type":"gyro","timestamp":1531636307244,"x":-0.0280303955078125,"y":1.02099609375,"z":0.7798614501953125,"roomId":5555}
{"type":"accel","timestamp":1531636307252,"x":-0.0494232177734375,"y":8.110122680664062,"z":-4.6358489990234375,"roomId":5555}
{"type":"gyro","timestamp":1531636307254,"x":0.0655975341796875,"y":1.07550048828125,"z":0.7910308837890625,"roomId":5555}
{"type":"accel","timestamp":1531636307262,"x":-0.637237548828125,"y":7.8164520263671875,"z":-4.73907470703125,"roomId":5555}
{"type":"gyro","timestamp":1531636307272,"x":0.3066253662109375,"y":1.02911376953125,"z":0.990631103515625,"roomId":5555}
{"type":"accel","timestamp":1531636307281,"x":-1.6465911865234375,"y":6.9320831298828125,"z":-5.400177001953125,"roomId":5555}
{"type":"gyro","timestamp":1531636307283,"x":0.3922119140625,"y":0.96112060546875,"z":1.210235595703125,"roomId":5555}
{"type":"accel","timestamp":1531636307291,"x":-1.430023193359375,"y":6.334564208984375,"z":-5.7075958251953125,"roomId":5555}
{"type":"accel","timestamp":1531636307301,"x":-0.513397216796875,"y":5.8063812255859375,"z":-5.593231201171875,"roomId":5555}
{"type":"gyro","timestamp":1531636307303,"x":0.5206756591796875,"y":1.0298309326171875,"z":1.8466949462890625,"roomId":5555}
{"type":"accel","timestamp":1531636307320,"x":2.247650146484375,"y":5.1404266357421875,"z":-4.90826416015625,"roomId":5555}
{"type":"gyro","timestamp":1531636307321,"x":0.772125244140625,"y":1.4026336669921875,"z":2.36346435546875,"roomId":5555}
{"type":"accel","timestamp":1531636307330,"x":3.4201202392578125,"y":5.0995635986328125,"z":-4.524169921875,"roomId":5555}
{"type":"gyro","timestamp":1531636307331,"x":0.9748077392578125,"y":1.6433563232421875,"z":2.4685211181640625,"roomId":5555}
{"type":"accel","timestamp":1531636307343,"x":3.9821929931640625,"y":5.035064697265625,"z":-5.0721893310546875,"roomId":5555}
{"type":"gyro","timestamp":1531636307344,"x":1.196929931640625,"y":1.84820556640625,"z":2.480072021484375,"roomId":5555}
{"type":"accel","timestamp":1531636307353,"x":4.85113525390625,"y":4.9388580322265625,"z":-6.051300048828125,"roomId":5555}
{"type":"gyro","timestamp":1531636307356,"x":1.36370849609375,"y":1.9121246337890625,"z":2.41351318359375,"roomId":5555}
{"type":"accel","timestamp":1531636307370,"x":6.7909393310546875,"y":4.6257476806640625,"z":-7.4044189453125,"roomId":5555}
{"type":"gyro","timestamp":1531636307371,"x":1.3829498291015625,"y":1.3815155029296875,"z":1.8013916015625,"roomId":5555}
{"type":"accel","timestamp":1531636307380,"x":6.6217193603515625,"y":4.0794830322265625,"z":-7.9012603759765625,"roomId":5555}
{"type":"gyro","timestamp":1531636307381,"x":1.2633209228515625,"y":0.9193572998046875,"z":1.25799560546875,"roomId":5555}
{"type":"accel","timestamp":1531636307391,"x":5.6436920166015625,"y":3.3800201416015625,"z":-8.04779052734375,"roomId":5555}
{"type":"gyro","timestamp":1531636307391,"x":1.085968017578125,"y":0.45611572265625,"z":0.704681396484375,"roomId":5555}
{"type":"accel","timestamp":1531636307401,"x":4.688201904296875,"y":2.7686767578125,"z":-7.7382354736328125,"roomId":5555}
{"type":"gyro","timestamp":1531636307402,"x":0.89141845703125,"y":0.01348876953125,"z":0.2603302001953125,"roomId":5555}
{"type":"accel","timestamp":1531636307419,"x":3.7615814208984375,"y":2.250823974609375,"z":-6.28143310546875,"roomId":5555}
{"type":"gyro","timestamp":1531636307420,"x":0.571929931640625,"y":-0.62310791015625,"z":-0.2028656005859375,"roomId":5555}
{"type":"accel","timestamp":1531636307430,"x":3.8433685302734375,"y":2.28741455078125,"z":-5.3357391357421875,"roomId":5555}
{"type":"gyro","timestamp":1531636307431,"x":0.4721832275390625,"y":-0.746673583984375,"z":-0.30780029296875,"roomId":5555}
{"type":"accel","timestamp":1531636307440,"x":3.9821319580078125,"y":2.3257293701171875,"z":-4.376129150390625,"roomId":5555}
{"type":"gyro","timestamp":1531636307441,"x":0.4073638916015625,"y":-0.7629547119140625,"z":-0.41162109375,"roomId":5555}
{"type":"accel","timestamp":1531636307459,"x":2.44610595703125,"y":1.93157958984375,"z":-3.9073486328125,"roomId":5555}
{"type":"gyro","timestamp":1531636307460,"x":0.3068389892578125,"y":-0.6215972900390625,"z":-0.6969451904296875,"roomId":5555}
{"type":"accel","timestamp":1531636307471,"x":0.9837493896484375,"y":1.790771484375,"z":-4.2713165283203125,"roomId":5555}
{"type":"gyro","timestamp":1531636307473,"x":0.174896240234375,"y":-0.691864013671875,"z":-0.80413818359375,"roomId":5555}
{"type":"accel","timestamp":1531636307491,"x":-1.6553955078125,"y":0.678741455078125,"z":-5.070404052734375,"roomId":5555}
{"type":"gyro","timestamp":1531636307493,"x":-0.4201507568359375,"y":-1.2507171630859375,"z":-0.854095458984375,"roomId":5555}
{"type":"accel","timestamp":1531636307503,"x":-1.4942626953125,"y":0.3460693359375,"z":-5.3335113525390625,"roomId":5555}
{"type":"gyro","timestamp":1531636307504,"x":-0.775238037109375,"y":-1.647857666015625,"z":-0.8365936279296875,"roomId":5555}
{"type":"accel","timestamp":1531636307520,"x":0.6300811767578125,"y":-0.3094024658203125,"z":-4.832672119140625,"roomId":5555}
{"type":"gyro","timestamp":1531636307523,"x":-1.226104736328125,"y":-2.5161895751953125,"z":-1.0634765625,"roomId":5555}
{"type":"accel","timestamp":1531636307530,"x":0.958160400390625,"y":-0.676483154296875,"z":-3.829620361328125,"roomId":5555}
{"type":"gyro","timestamp":1531636307532,"x":-1.302276611328125,"y":-2.577789306640625,"z":-1.3049774169921875,"roomId":5555}
{"type":"accel","timestamp":1531636307541,"x":0.493560791015625,"y":-0.8069915771484375,"z":-2.9428558349609375,"roomId":5555}
{"type":"gyro","timestamp":1531636307543,"x":-1.282012939453125,"y":-2.290557861328125,"z":-1.5205841064453125,"roomId":5555}
{"type":"accel","timestamp":1531636307559,"x":-4.555328369140625,"y":0.19317626953125,"z":-0.609771728515625,"roomId":5555}
{"type":"gyro","timestamp":1531636307560,"x":-0.93072509765625,"y":-0.7989044189453125,"z":-1.5489349365234375,"roomId":5555}
{"type":"accel","timestamp":1531636307569,"x":-6.88507080078125,"y":0.695343017578125,"z":0.14703369140625,"roomId":5555}
{"type":"gyro","timestamp":1531636307570,"x":-0.566314697265625,