{"type":"gyro","timestamp":1531636325987,"x":0.1207275390625,"y":0.1917266845703125,"z":-0.25146484375,"roomId":5555}
{"type":"accel","timestamp":1531636326005,"x":-3.8766326904296875,"y":6.985107421875,"z":-2.137603759765625,"roomId":5555}
{"type":"accel","timestamp":1531636326015,"x":-3.51947021484375,"y":6.737945556640625,"z":-1.6342620849609375,"roomId":5555}
{"type":"gyro","timestamp":1531636326017,"x":0.4060211181640625,"y":0.030548095703125,"z":0.05230712890625,"roomId":5555}
{"type":"accel","timestamp":1531636326034,"x":-2.0537872314453125,"y":6.6171417236328125,"z":-3.9341278076171875,"roomId":5555}
{"type":"gyro","timestamp":1531636326035,"x":0.7705841064453125,"y":0.238189697265625,"z":0.40985107421875,"roomId":5555}
{"type":"accel","timestamp":1531636326053,"x":-0.4985198974609375,"y":7.0557708740234375,"z":-6.071075439453125,"roomId":5555}
{"type":"gyro","timestamp":1531636326054,"x":0.9418182373046875,"y":0.7823638916015625,"z":0.7939910888671875,"roomId":5555}
{"type":"accel","timestamp":1531636326064,"x":-0.2763824462890625,"y":7.4972076416015625,"z":-6.5098724365234375,"roomId":5555}
{"type":"gyro","timestamp":1531636326066,"x":0.8579254150390625,"y":0.964202880859375,"z":0.781646728515625,"roomId":5555}
{"type":"accel","timestamp":1531636326074,"x":-0.213226318359375,"y":7.54150390625,"z":-6.329010009765625,"roomId":5555}
{"type":"accel","timestamp":1531636326084,"x":-0.305938720703125,"y":7.594757080078125,"z":-5.4375457763671875,"roomId":5555}
{"type":"gyro","timestamp":1531636326085,"x":0.41766357421875,"y":0.6468963623046875,"z":0.3558807373046875,"roomId":5555}
{"type":"accel","timestamp":1531636326094,"x":-0.7132415771484375,"y":7.8054351806640625,"z":-4.8677825927734375,"roomId":5555}
{"type":"accel","timestamp":1531636326105,"x":-1.2209930419921875,"y":8.00201416015625,"z":-4.93511962890625,"roomId":5555}
{"type":"gyro","timestamp":1531636326106,"x":0.1221466064453125,"y":0.4039459228515625,"z":0.008087158203125,"roomId":5555}
{"type":"accel","timestamp":1531636326124,"x":-0.576019287109375,"y":8.211593627929688,"z":-7.4583892822265625,"roomId":5555}
{"type":"gyro","timestamp":1531636326125,"x":0.3690948486328125,"y":0.88616943359375,"z":0.343048095703125,"roomId":5555}
{"type":"accel","timestamp":1531636326135,"x":-0.202606201171875,"y":7.91619873046875,"z":-9.67034912109375,"roomId":5555}
{"type":"gyro","timestamp":1531636326136,"x":0.5778961181640625,"y":1.260711669921875,"z":0.706512451171875,"roomId":5555}
{"type":"accel","timestamp":1531636326145,"x":0.790252685546875,"y":7.3427734375,"z":-11.201934814453125,"roomId":5555}
{"type":"gyro","timestamp":1531636326148,"x":0.7198638916015625,"y":1.6526641845703125,"z":1.0766143798828125,"roomId":5555}
{"type":"accel","timestamp":1531636326164,"x":1.7469329833984375,"y":5.8646240234375,"z":-12.24786376953125,"roomId":5555}
{"type":"gyro","timestamp":1531636326165,"x":0.670501708984375,"y":2.2474517822265625,"z":1.56903076171875,"roomId":5555}
{"type":"accel","timestamp":1531636326183,"x":2.8063507080078125,"y":4.512298583984375,"z":-12.5751953125,"roomId":5555}
{"type":"gyro","timestamp":1531636326184,"x":0.43792724609375,"y":2.57537841796875,"z":1.79620361328125,"roomId":5555}
{"type":"accel","timestamp":1531636326194,"x":3.094940185546875,"y":3.6139373779296875,"z":-11.405776977539062,"roomId":5555}
{"type":"gyro","timestamp":1531636326195,"x":0.285980224609375,"y":2.3697357177734375,"z":1.82373046875,"roomId":5555}
{"type":"accel","timestamp":1531636326213,"x":4.078948974609375,"y":2.5496826171875,"z":-10.448104858398438,"roomId":5555}
{"type":"gyro","timestamp":1531636326214,"x":-0.005462646484375,"y":1.5918731689453125,"z":1.614776611328125,"roomId":5555}
{"type":"accel","timestamp":1531636326234,"x":4.6993255615234375,"y":2.65692138671875,"z":-8.850875854492188,"roomId":5555}
{"type":"gyro","timestamp":1531636326236,"x":-0.2332611083984375,"y":0.895904541015625,"z":1.3265533447265625,"roomId":5555}
{"type":"accel","timestamp":1531636326245,"x":4.4982452392578125,"y":3.30224609375,"z":-7.9370574951171875,"roomId":5555}
{"type":"gyro","timestamp":1531636326246,"x":-0.3094635009765625,"y":0.75146484375,"z":1.193267822265625,"roomId":5555}
{"type":"gyro","timestamp":1531636326263,"x":-0.2968292236328125,"y":0.966552734375,"z":0.98785400390625,"roomId":5555}
{"type":"accel","timestamp":1531636326272,"x":4.2867889404296875,"y":3.9015655517578125,"z":-5.9423065185546875,"roomId":5555}
{"type":"gyro","timestamp":1531636326281,"x":-0.10662841796875,"y":1.2070770263671875,"z":0.7289581298828125,"roomId":5555}
{"type":"accel","timestamp":1531636326292,"x":2.640716552734375,"y":3.4575042724609375,"z":-4.8634185791015625,"roomId":5555}
{"type":"gyro","timestamp":1531636326293,"x":-0.0123443603515625,"y":1.23583984375,"z":0.57061767578125,"roomId":5555}
{"type":"accel","timestamp":1531636326302,"x":1.65771484375,"y":2.87896728515625,"z":-4.0177154541015625,"roomId":5555}
{"type":"gyro","timestamp":1531636326303,"x":0.07879638671875,"y":1.1746063232421875,"z":0.4060821533203125,"roomId":5555}
{"type":"accel","timestamp":1531636326321,"x":1.038177490234375,"y":2.0645751953125,"z":-2.91644287109375,"roomId":5555}
{"type":"gyro","timestamp":1531636326322,"x":0.27490234375,"y":0.7486419677734375,"z":0.1840667724609375,"roomId":5555}
{"type":"accel","timestamp":1531636326332,"x":2.100341796875,"y":2.4106903076171875,"z":-2.2255859375,"roomId":5555}
{"type":"gyro","timestamp":1531636326334,"x":0.378692626953125,"y":0.2942352294921875,"z":0.091461181640625,"roomId":5555}
{"type":"accel","timestamp":1531636326344,"x":3.07989501953125,"y":2.880279541015625,"z":-1.7541656494140625,"roomId":5555}
{"type":"gyro","timestamp":1531636326345,"x":0.4908447265625,"y":-0.2328948974609375,"z":-0.0819549560546875,"roomId":5555}
{"type":"accel","timestamp":1531636326364,"x":3.031524658203125,"y":3.9559173583984375,"z":-2.1217803955078125,"roomId":5555}
{"type":"gyro","timestamp":1531636326364,"x":0.657318115234375,"y":-0.926605224609375,"z":-0.6633758544921875,"roomId":5555}
{"type":"accel","timestamp":1531636326381,"x":-0.4058837890625,"y":4.095489501953125,"z":-3.7516021728515625,"roomId":5555}
{"type":"gyro","timestamp":1531636326382,"x":0.541290283203125,"y":-1.1117095947265625,"z":-1.2082061767578125,"roomId":5555}
{"type":"accel","timestamp":1531636326392,"x":-2.247955322265625,"y":3.8241729736328125,"z":-3.8024139404296875,"roomId":5555}
{"type":"gyro","timestamp":1531636326394,"x":0.374542236328125,"y":-1.0297393798828125,"z":-1.259368896484375,"roomId":5555}
{"type":"accel","timestamp":1531636326402,"x":-2.75811767578125,"y":3.6240997314453125,"z":-3.9711456298828125,"roomId":5555}
{"type":"gyro","timestamp":1531636326403,"x":0.22271728515625,"y":-0.94024658203125,"z":-1.15838623046875,"roomId":5555}
{"type":"accel","timestamp":1531636326413,"x":-2.0915069580078125,"y":3.747283935546875,"z":-4.0926361083984375,"roomId":5555}
{"type":"gyro","timestamp":1531636326415,"x":0.1097412109375,"y":-0.956146240234375,"z":-1.0053558349609375,"roomId":5555}
{"type":"accel","timestamp":1531636326433,"x":-0.138519287109375,"y":3.5679168701171875,"z":-1.2972412109375,"roomId":5555}
{"type":"gyro","timestamp":1531636326434,"x":0.0882568359375,"y":-0.799530029296875,"z":-0.8113861083984375,"roomId":5555}
{"type":"accel","timestamp":1531636326453,"x":1.3954315185546875,"y":4.975860595703125,"z":0.2356109619140625,"roomId":5555}
{"type":"gyro","timestamp":1531636326454,"x":0.641876220703125,"y":0.0854949951171875,"z":-0.7508087158203125,"roomId":5555}
{"type":"accel","timestamp":1531636326473,"x":0.3806610107421875,"y":6.9058837890625,"z":-1.5758514404296875,"roomId":5555}
{"type":"gyro","timestamp":1531636326474,"x":1.4300994873046875,"y":0.795318603515625,"z":-0.8540802001953125,"roomId":5555}
{"type":"accel","timestamp":1531636326483,"x":-0.4251251220703125,"y":7.991424560546875,"z":-3.2158050537109375,"roomId":5555}
{"type":"gyro","timestamp":1531636326485,"x":1.5665130615234375,"y":0.96588134765625,