{"type":"gyro","timestamp":1531636323603,"x":-0.12255859375,"y":2.15814208984375,"z":1.3709716796875,"roomId":5555}
{"type":"accel","timestamp":1531636323611,"x":-0.68963623046875,"y":3.6493682861328125,"z":-10.40338134765625,"roomId":5555}
{"type":"accel","timestamp":1531636323621,"x":0.3602447509765625,"y":2.908111572265625,"z":-8.551406860351562,"roomId":5555}
{"type":"gyro","timestamp":1531636323623,"x":-0.494384765625,"y":1.7958984375,"z":1.770751953125,"roomId":5555}
{"type":"accel","timestamp":1531636323631,"x":1.9639892578125,"y":2.4102325439453125,"z":-6.283599853515625,"roomId":5555}
{"type":"gyro","timestamp":1531636323633,"x":-0.5189208984375,"y":1.6117095947265625,"z":1.87274169921875,"roomId":5555}
{"type":"accel","timestamp":1531636323641,"x":3.219635009765625,"y":1.934417724609375,"z":-4.2941436767578125,"roomId":5555}
{"type":"gyro","timestamp":1531636323650,"x":-0.03924560546875,"y":1.31427001953125,"z":1.70660400390625,"roomId":5555}
{"type":"accel","timestamp":1531636323661,"x":3.905670166015625,"y":1.1466217041015625,"z":-3.653717041015625,"roomId":5555}
{"type":"gyro","timestamp":1531636323663,"x":0.3642578125,"y":1.1587066650390625,"z":1.5075225830078125,"roomId":5555}
{"type":"accel","timestamp":1531636323680,"x":2.0745849609375,"y":0.73455810546875,"z":-6.5561370849609375,"roomId":5555}
{"type":"gyro","timestamp":1531636323681,"x":1.0120849609375,"y":0.629180908203125,"z":1.1186676025390625,"roomId":5555}
{"type":"accel","timestamp":1531636323691,"x":1.173492431640625,"y":0.4360809326171875,"z":-7.3473052978515625,"roomId":5555}
{"type":"gyro","timestamp":1531636323693,"x":1.091888427734375,"y":0.46136474609375,"z":1.0523529052734375,"roomId":5555}
{"type":"accel","timestamp":1531636323710,"x":1.8349761962890625,"y":-0.3763580322265625,"z":-6.8538665771484375,"roomId":5555}
{"type":"gyro","timestamp":1531636323711,"x":0.92877197265625,"y":0.576416015625,"z":1.151824951171875,"roomId":5555}
{"type":"accel","timestamp":1531636323730,"x":3.3266143798828125,"y":-0.7262115478515625,"z":-4.4665069580078125,"roomId":5555}
{"type":"gyro","timestamp":1531636323731,"x":0.8744659423828125,"y":0.826690673828125,"z":1.1752471923828125,"roomId":5555}
{"type":"accel","timestamp":1531636323750,"x":3.7157440185546875,"y":-0.6888275146484375,"z":-3.897216796875,"roomId":5555}
{"type":"gyro","timestamp":1531636323752,"x":1.227874755859375,"y":0.672760009765625,"z":0.765533447265625,"roomId":5555}
{"type":"accel","timestamp":1531636323761,"x":3.05450439453125,"y":-0.4627227783203125,"z":-4.871490478515625,"roomId":5555}
{"type":"gyro","timestamp":1531636323762,"x":1.43463134765625,"y":0.4556427001953125,"z":0.4208831787109375,"roomId":5555}
{"type":"accel","timestamp":1531636323780,"x":0.1875457763671875,"y":0.727996826171875,"z":-7.0984649658203125,"roomId":5555}
{"type":"gyro","timestamp":1531636323784,"x":1.4432525634765625,"y":-0.0682830810546875,"z":-0.1479339599609375,"roomId":5555}
{"type":"accel","timestamp":1531636323790,"x":-0.4849853515625,"y":1.1593780517578125,"z":-7.836578369140625,"roomId":5555}
{"type":"gyro","timestamp":1531636323799,"x":0.8058624267578125,"y":-0.88897705078125,"z":-0.3164520263671875,"roomId":5555}
{"type":"accel","timestamp":1531636323808,"x":0.4281768798828125,"y":1.473419189453125,"z":-7.020294189453125,"roomId":5555}
{"type":"gyro","timestamp":1531636323809,"x":0.2989654541015625,"y":-1.3359375,"z":-0.3813629150390625,"roomId":5555}
{"type":"accel","timestamp":1531636323818,"x":1.1088714599609375,"y":2.2526092529296875,"z":-5.468017578125,"roomId":5555}
{"type":"gyro","timestamp":1531636323819,"x":-0.128326416015625,"y":-1.4974822998046875,"z":-0.45648193359375,"roomId":5555}
{"type":"accel","timestamp":1531636323829,"x":1.7304534912109375,"y":3.3309478759765625,"z":-3.734375,"roomId":5555}
{"type":"gyro","timestamp":1531636323830,"x":-0.324493408203125,"y":-1.44244384765625,"z":-0.49359130859375,"roomId":5555}
{"type":"accel","timestamp":1531636323849,"x":1.729461669921875,"y":5.1974334716796875,"z":-1.045166015625,"roomId":5555}
{"type":"gyro","timestamp":1531636323850,"x":-0.033203125,"y":-1.2150421142578125,"z":-0.53680419921875,"roomId":5555}
{"type":"accel","timestamp":1531636323859,"x":1.4001312255859375,"y":6.6348876953125,"z":-0.4434356689453125,"roomId":5555}
{"type":"gyro","timestamp":1531636323860,"x":0.2993316650390625,"y":-1.046295166015625,"z":-0.4788665771484375,"roomId":5555}
{"type":"accel","timestamp":1531636323869,"x":2.0940093994140625,"y":8.03448486328125,"z":-0.561279296875,"roomId":5555}
{"type":"accel","timestamp":1531636323880,"x":3.077545166015625,"y":9.111709594726562,"z":-1.3343963623046875,"roomId":5555}
{"type":"gyro","timestamp":1531636323880,"x":0.6576690673828125,"y":-0.9691925048828125,"z":-0.3386688232421875,"roomId":5555}
{"type":"accel","timestamp":1531636323898,"x":3.1634521484375,"y":10.322357177734375,"z":-3.74755859375,"roomId":5555}
{"type":"gyro","timestamp":1531636323899,"x":1.21038818359375,"y":-0.705963134765625,"z":-0.2325286865234375,"roomId":5555}
{"type":"accel","timestamp":1531636323908,"x":2.9951171875,"y":10.50689697265625,"z":-4.8299407958984375,"roomId":5555}
{"type":"accel","timestamp":1531636323918,"x":3.49359130859375,"y":10.657577514648438,"z":-5.618133544921875,"roomId":5555}
{"type":"gyro","timestamp":1531636323918,"x":1.35333251953125,"y":0.00762939453125,"z":-0.25140380859375,"roomId":5555}
{"type":"gyro","timestamp":1531636323928,"x":1.3078460693359375,"y":0.239013671875,"z":-0.1856231689453125,"roomId":5555}
{"type":"accel","timestamp":1531636323939,"x":5.7984466552734375,"y":11.949050903320312,"z":-6.5996246337890625,"roomId":5555}
{"type":"gyro","timestamp":1531636323939,"x":1.2407684326171875,"y":0.2578887939453125,"z":-0.167694091796875,"roomId":5555}
{"type":"accel","timestamp":1531636323951,"x":4.5111236572265625,"y":12.699493408203125,"z":-6.4558868408203125,"roomId":5555}
{"type":"gyro","timestamp":1531636323952,"x":1.1856231689453125,"y":0.1162109375,"z":-0.3248748779296875,"roomId":5555}
{"type":"accel","timestamp":1531636323967,"x":0.6183624267578125,"y":13.5201416015625,"z":-7.6719512939453125,"roomId":5555}
{"type":"gyro","timestamp":1531636323967,"x":1.19329833984375,"y":-0.2021484375,"z":-0.862060546875,"roomId":5555}
{"type":"accel","timestamp":1531636323977,"x":-1.038726806640625,"y":13.841461181640625,"z":-8.30072021484375,"roomId":5555}
{"type":"gyro","timestamp":1531636323978,"x":1.1950836181640625,"y":-0.31201171875,"z":-0.958587646484375,"roomId":5555}
{"type":"accel","timestamp":1531636323987,"x":-1.4989013671875,"y":14.080856323242188,"z":-8.746307373046875,"roomId":5555}
{"type":"gyro","timestamp":1531636323997,"x":0.9332733154296875,"y":-0.1201019287109375,"z":-0.7062835693359375,"roomId":5555}
{"type":"accel","timestamp":1531636324008,"x":0.64312744140625,"y":14.16192626953125,"z":-10.530654907226562,"roomId":5555}
{"type":"gyro","timestamp":1531636324010,"x":0.7202606201171875,"y":0.1096343994140625,"z":-0.4502410888671875,"roomId":5555}
{"type":"accel","timestamp":1531636324028,"x":1.1402435302734375,"y":12.781570434570312,"z":-11.778610229492188,"roomId":5555}
{"type":"gyro","timestamp":1531636324030,"x":0.2463836669921875,"y":0.2854766845703125,"z":-0.2041015625,"roomId":5555}
{"type":"accel","timestamp":1531636324038,"x":0.2599334716796875,"y":11.477615356445312,"z":-11.513442993164062,"roomId":5555}
{"type":"accel","timestamp":1531636324048,"x":0.02813720703125,"y":10.307662963867188,"z":-10.70220947265625,"roomId":5555}
{"type":"gyro","timestamp":1531636324050,"x":-0.39306640625,"y":-0.0992584228515625,"z":-0.363616943359375,"roomId":5555}
{"type":"accel","timestamp":1531636324059,"x":0.6329345703125,"y":9.156356811523438,"z":-9.553802490234375,"roomId":5555}
{"type":"gyro","timestamp":1531636324060,"x":-0.64093017578125,"y":-0.371246337890625,"z":-0.36773681640625,"roomId":5555}
{"type":"accel","timestamp":1531636324078,"x":1.8586273193359375,"y":7.0950775146484375,"z":-6.7242431640625,