{"type":"accel","timestamp":1531636297925,"x":0.267791748046875,"y":3.8212738037109375,"z":-3.6761932373046875,"roomId":5555}
{"type":"gyro","timestamp":1531636297925,"x":0.7458038330078125,"y":1.74761962890625,"z":1.5028228759765625,"roomId":5555}
{"type":"accel","timestamp":1531636297943,"x":2.3582916259765625,"y":3.7944488525390625,"z":-4.4817047119140625,"roomId":5555}
{"type":"gyro","timestamp":1531636297945,"x":1.2012481689453125,"y":0.9962921142578125,"z":1.8401641845703125,"roomId":5555}
{"type":"accel","timestamp":1531636297954,"x":2.6872100830078125,"y":3.6267852783203125,"z":-5.016510009765625,"roomId":5555}
{"type":"gyro","timestamp":1531636297955,"x":1.32269287109375,"y":0.8632965087890625,"z":1.85382080078125,"roomId":5555}
{"type":"accel","timestamp":1531636297966,"x":2.296722412109375,"y":3.243011474609375,"z":-5.2833099365234375,"roomId":5555}
{"type":"gyro","timestamp":1531636297967,"x":1.33831787109375,"y":1.0178985595703125,"z":1.871795654296875,"roomId":5555}
{"type":"accel","timestamp":1531636297976,"x":2.03369140625,"y":3.007537841796875,"z":-5.6067352294921875,"roomId":5555}
{"type":"gyro","timestamp":1531636297984,"x":1.1812286376953125,"y":1.549530029296875,"z":2.0662078857421875,"roomId":5555}
{"type":"accel","timestamp":1531636297994,"x":3.3669281005859375,"y":4.393402099609375,"z":-5.7831573486328125,"roomId":5555}
{"type":"gyro","timestamp":1531636297996,"x":1.0428466796875,"y":1.42291259765625,"z":2.045379638671875,"roomId":5555}
{"type":"accel","timestamp":1531636298005,"x":3.6951141357421875,"y":5.1945648193359375,"z":-5.1109466552734375,"roomId":5555}
{"type":"gyro","timestamp":1531636298006,"x":0.9008636474609375,"y":1.0225677490234375,"z":1.835052490234375,"roomId":5555}
{"type":"accel","timestamp":1531636298015,"x":3.8835906982421875,"y":5.5543670654296875,"z":-4.534576416015625,"roomId":5555}
{"type":"gyro","timestamp":1531636298016,"x":0.7735748291015625,"y":0.5214691162109375,"z":1.46673583984375,"roomId":5555}
{"type":"accel","timestamp":1531636298025,"x":3.6862945556640625,"y":5.417755126953125,"z":-3.9966583251953125,"roomId":5555}
{"type":"gyro","timestamp":1531636298026,"x":0.6339263916015625,"y":0.024993896484375,"z":0.9902801513671875,"roomId":5555}
{"type":"accel","timestamp":1531636298044,"x":2.846649169921875,"y":4.199798583984375,"z":-2.842926025390625,"roomId":5555}
{"type":"gyro","timestamp":1531636298044,"x":0.2997283935546875,"y":-0.929656982421875,"z":0.0200042724609375,"roomId":5555}
{"type":"accel","timestamp":1531636298054,"x":2.50836181640625,"y":3.55621337890625,"z":-2.6094970703125,"roomId":5555}
{"type":"gyro","timestamp":1531636298055,"x":0.131072998046875,"y":-1.450469970703125,"z":-0.3717498779296875,"roomId":5555}
{"type":"accel","timestamp":1531636298074,"x":2.3997955322265625,"y":3.5034027099609375,"z":-1.339752197265625,"roomId":5555}
{"type":"gyro","timestamp":1531636298075,"x":-0.155120849609375,"y":-2.38818359375,"z":-0.9361572265625,"roomId":5555}
{"type":"accel","timestamp":1531636298093,"x":1.3098297119140625,"y":4.1806182861328125,"z":0.15179443359375,"roomId":5555}
{"type":"gyro","timestamp":1531636298094,"x":-0.1721649169921875,"y":-2.4673919677734375,"z":-1.2945098876953125,"roomId":5555}
{"type":"accel","timestamp":1531636298103,"x":1.026397705078125,"y":4.4381561279296875,"z":0.2468414306640625,"roomId":5555}
{"type":"gyro","timestamp":1531636298105,"x":-0.081756591796875,"y":-2.2140960693359375,"z":-1.3875885009765625,"roomId":5555}
{"type":"accel","timestamp":1531636298114,"x":0.3202056884765625,"y":4.578155517578125,"z":-0.4067840576171875,"roomId":5555}
{"type":"gyro","timestamp":1531636298115,"x":0.0110931396484375,"y":-1.8320159912109375,"z":-1.4498291015625,"roomId":5555}
{"type":"accel","timestamp":1531636298124,"x":-0.411346435546875,"y":4.5077667236328125,"z":-1.5913848876953125,"roomId":5555}
{"type":"gyro","timestamp":1531636298125,"x":0.0373382568359375,"y":-1.2616424560546875,"z":-1.4451141357421875,"roomId":5555}
{"type":"accel","timestamp":1531636298134,"x":-0.5381622314453125,"y":4.383392333984375,"z":-2.8432159423828125,"roomId":5555}
{"type":"gyro","timestamp":1531636298136,"x":-0.04437255859375,"y":-0.5698089599609375,"z":-1.3566741943359375,"roomId":5555}
{"type":"accel","timestamp":1531636298144,"x":-1.6281280517578125,"y":3.8308868408203125,"z":-3.496856689453125,"roomId":5555}
{"type":"accel","timestamp":1531636298154,"x":-2.5386962890625,"y":3.2343292236328125,"z":-3.434356689453125,"roomId":5555}
{"type":"gyro","timestamp":1531636298154,"x":-0.39593505859375,"y":0.974609375,"z":-1.0669097900390625,"roomId":5555}
{"type":"accel","timestamp":1531636298172,"x":-3.2177734375,"y":3.8751068115234375,"z":-2.6615142822265625,"roomId":5555}
{"type":"gyro","timestamp":1531636298172,"x":-0.529327392578125,"y":1.92413330078125,"z":-0.648834228515625,"roomId":5555}
{"type":"accel","timestamp":1531636298192,"x":-2.75970458984375,"y":6.3808441162109375,"z":-0.2050323486328125,"roomId":5555}
{"type":"gyro","timestamp":1531636298192,"x":-0.120086669921875,"y":1.9208221435546875,"z":-0.49676513671875,"roomId":5555}
{"type":"accel","timestamp":1531636298203,"x":-2.5200042724609375,"y":7.192047119140625,"z":-0.323760986328125,"roomId":5555}
{"type":"gyro","timestamp":1531636298206,"x":0.29498291015625,"y":1.72174072265625,"z":-0.5293121337890625,"roomId":5555}
{"type":"accel","timestamp":1531636298223,"x":-2.6262054443359375,"y":9.3681640625,"z":-3.5103759765625,"roomId":5555}
{"type":"gyro","timestamp":1531636298225,"x":1.1699066162109375,"y":1.422637939453125,"z":-0.627899169921875,"roomId":5555}
{"type":"accel","timestamp":1531636298233,"x":-3.423828125,"y":10.154830932617188,"z":-5.239593505859375,"roomId":5555}
{"type":"gyro","timestamp":1531636298235,"x":1.434326171875,"y":1.355926513671875,"z":-0.6227569580078125,"roomId":5555}
{"type":"accel","timestamp":1531636298245,"x":-3.4810028076171875,"y":10.54107666015625,"z":-6.44171142578125,"roomId":5555}
{"type":"gyro","timestamp":1531636298246,"x":1.504730224609375,"y":1.24139404296875,"z":-0.5535888671875,"roomId":5555}
{"type":"accel","timestamp":1531636298255,"x":-3.4212799072265625,"y":11.149856567382812,"z":-6.927032470703125,"roomId":5555}
{"type":"gyro","timestamp":1531636298256,"x":1.4149322509765625,"y":1.014007568359375,"z":-0.4919281005859375,"roomId":5555}
{"type":"accel","timestamp":1531636298272,"x":-3.120849609375,"y":12.637374877929688,"z":-5.22161865234375,"roomId":5555}
{"type":"gyro","timestamp":1531636298273,"x":1.0653839111328125,"y":0.3988800048828125,"z":-0.4459381103515625,"roomId":5555}
{"type":"accel","timestamp":1531636298283,"x":-3.3737945556640625,"y":13.553924560546875,"z":-3.15570068359375,"roomId":5555}
{"type":"gyro","timestamp":1531636298283,"x":0.959747314453125,"y":0.12005615234375,"z":-0.4956512451171875,"roomId":5555}
{"type":"accel","timestamp":1531636298302,"x":-4.5818939208984375,"y":13.957473754882812,"z":-1.281341552734375,"roomId":5555}
{"type":"gyro","timestamp":1531636298303,"x":1.0991058349609375,"y":-0.3376617431640625,"z":-0.3793487548828125,"roomId":5555}
{"type":"accel","timestamp":1531636298313,"x":-4.4872283935546875,"y":13.753250122070312,"z":-1.506439208984375,"roomId":5555}
{"type":"gyro","timestamp":1531636298315,"x":1.2458953857421875,"y":-0.321319580078125,"z":-0.0757293701171875,"roomId":5555}
{"type":"gyro","timestamp":1531636298325,"x":1.3762969970703125,"y":-0.0615692138671875,"z":0.3421173095703125,"roomId":5555}
{"type":"accel","timestamp":1531636298333,"x":-2.1361083984375,"y":13.980926513671875,"z":-3.3941497802734375,"roomId":5555}
{"type":"gyro","timestamp":1531636298343,"x":1.4517364501953125,"y":0.2662353515625,"z":0.794189453125,"roomId":5555}
{"type":"accel","timestamp":1531636298351,"x":0.98223876953125,"y":13.916534423828125,"z":-5.6202545166015625,"roomId":5555}
{"type":"gyro","timestamp":1531636298352,"x":1.4018707275390625,"y":0.5307464599609375,"z":1.0932464599609375,"roomId":5555}
{"type":"accel","timestamp":1531636298362,