{"type":"accel","timestamp":1531636262811,"x":2.55889892578125,"y":9.068435668945312,"z":-5.0457611083984375,"roomId":5555}
{"type":"gyro","timestamp":1531636262812,"x":-0.45013427734375,"y":0.3705291748046875,"z":0.3146820068359375,"roomId":5555}
{"type":"accel","timestamp":1531636262821,"x":3.1629638671875,"y":8.86639404296875,"z":-3.7502593994140625,"roomId":5555}
{"type":"gyro","timestamp":1531636262822,"x":-0.55877685546875,"y":0.3246307373046875,"z":0.319854736328125,"roomId":5555}
{"type":"accel","timestamp":1531636262833,"x":3.587127685546875,"y":8.416275024414062,"z":-2.3849639892578125,"roomId":5555}
{"type":"gyro","timestamp":1531636262834,"x":-0.6023712158203125,"y":0.3397979736328125,"z":0.317474365234375,"roomId":5555}
{"type":"accel","timestamp":1531636262852,"x":3.386322021484375,"y":7.9981689453125,"z":-3.0781097412109375,"roomId":5555}
{"type":"gyro","timestamp":1531636262853,"x":-0.4635162353515625,"y":0.6904449462890625,"z":0.4485626220703125,"roomId":5555}
{"type":"accel","timestamp":1531636262862,"x":2.9990692138671875,"y":7.8480987548828125,"z":-4.7121124267578125,"roomId":5555}
{"type":"gyro","timestamp":1531636262863,"x":-0.396453857421875,"y":0.83203125,"z":0.531585693359375,"roomId":5555}
{"type":"accel","timestamp":1531636262874,"x":2.43853759765625,"y":7.5215606689453125,"z":-5.9864349365234375,"roomId":5555}
{"type":"gyro","timestamp":1531636262875,"x":-0.433563232421875,"y":0.841156005859375,"z":0.5947723388671875,"roomId":5555}
{"type":"accel","timestamp":1531636262892,"x":3.027191162109375,"y":7.4590606689453125,"z":-4.8152923583984375,"roomId":5555}
{"type":"gyro","timestamp":1531636262894,"x":-0.813079833984375,"y":0.7611541748046875,"z":0.786102294921875,"roomId":5555}
{"type":"accel","timestamp":1531636262902,"x":4.3094635009765625,"y":7.664581298828125,"z":-2.90435791015625,"roomId":5555}
{"type":"gyro","timestamp":1531636262904,"x":-1.0342559814453125,"y":0.777008056640625,"z":0.80511474609375,"roomId":5555}
{"type":"accel","timestamp":1531636262913,"x":4.90826416015625,"y":7.67572021484375,"z":-1.0731201171875,"roomId":5555}
{"type":"gyro","timestamp":1531636262914,"x":-1.1899871826171875,"y":0.710205078125,"z":0.6505889892578125,"roomId":5555}
{"type":"accel","timestamp":1531636262923,"x":4.86651611328125,"y":7.3568572998046875,"z":0.0577545166015625,"roomId":5555}
{"type":"gyro","timestamp":1531636262925,"x":-1.242950439453125,"y":0.4627685546875,"z":0.3531494140625,"roomId":5555}
{"type":"accel","timestamp":1531636262941,"x":3.6212921142578125,"y":5.94873046875,"z":0.3203887939453125,"roomId":5555}
{"type":"gyro","timestamp":1531636262942,"x":-1.043426513671875,"y":-0.283416748046875,"z":-0.203033447265625,"roomId":5555}
{"type":"accel","timestamp":1531636262951,"x":2.9849853515625,"y":5.2053680419921875,"z":-0.4140472412109375,"roomId":5555}
{"type":"gyro","timestamp":1531636262953,"x":-0.83111572265625,"y":-0.4691619873046875,"z":-0.3017730712890625,"roomId":5555}
{"type":"accel","timestamp":1531636262961,"x":2.627044677734375,"y":4.59954833984375,"z":-1.5021820068359375,"roomId":5555}
{"type":"gyro","timestamp":1531636262963,"x":-0.5931549072265625,"y":-0.443328857421875,"z":-0.277374267578125,"roomId":5555}
{"type":"accel","timestamp":1531636262982,"x":4.650604248046875,"y":4.97528076171875,"z":-4.0120697021484375,"roomId":5555}
{"type":"gyro","timestamp":1531636262983,"x":-0.1962738037109375,"y":-0.237701416015625,"z":-0.1235809326171875,"roomId":5555}
{"type":"accel","timestamp":1531636263001,"x":2.7683258056640625,"y":5.8417205810546875,"z":-3.3761749267578125,"roomId":5555}
{"type":"gyro","timestamp":1531636263002,"x":-0.167236328125,"y":0.224365234375,"z":-0.1364288330078125,"roomId":5555}
{"type":"accel","timestamp":1531636263013,"x":2.0074615478515625,"y":5.7197723388671875,"z":-2.969390869140625,"roomId":5555}
{"type":"gyro","timestamp":1531636263014,"x":-0.28521728515625,"y":0.48919677734375,"z":-0.1412200927734375,"roomId":5555}
{"type":"accel","timestamp":1531636263032,"x":1.3911895751953125,"y":4.2708892822265625,"z":-1.8719329833984375,"roomId":5555}
{"type":"gyro","timestamp":1531636263034,"x":-0.7355499267578125,"y":0.6516876220703125,"z":-0.3416748046875,"roomId":5555}
{"type":"accel","timestamp":1531636263052,"x":-0.3403167724609375,"y":2.89654541015625,"z":1.25067138671875,"roomId":5555}
{"type":"gyro","timestamp":1531636263054,"x":-1.0840606689453125,"y":0.4061279296875,"z":-0.7021331787109375,"roomId":5555}
{"type":"accel","timestamp":1531636263073,"x":-1.4526824951171875,"y":2.0914154052734375,"z":1.9768524169921875,"roomId":5555}
{"type":"gyro","timestamp":1531636263075,"x":-0.62664794921875,"y":0.275177001953125,"z":-0.793243408203125,"roomId":5555}
{"type":"accel","timestamp":1531636263091,"x":-1.67333984375,"y":2.870941162109375,"z":0.9235382080078125,"roomId":5555}
{"type":"gyro","timestamp":1531636263093,"x":0.278472900390625,"y":0.526123046875,"z":-0.5664825439453125,"roomId":5555}
{"type":"accel","timestamp":1531636263101,"x":-1.838287353515625,"y":3.397735595703125,"z":-0.2533111572265625,"roomId":5555}
{"type":"gyro","timestamp":1531636263103,"x":0.701263427734375,"y":0.8519439697265625,"z":-0.393035888671875,"roomId":5555}
{"type":"accel","timestamp":1531636263111,"x":-2.49267578125,"y":4.1777496337890625,"z":-1.836212158203125,"roomId":5555}
{"type":"gyro","timestamp":1531636263120,"x":1.1572418212890625,"y":1.273956298828125,"z":-0.0946044921875,"roomId":5555}
{"type":"accel","timestamp":1531636263131,"x":-3.6257171630859375,"y":5.6523590087890625,"z":-4.7786712646484375,"roomId":5555}
{"type":"gyro","timestamp":1531636263132,"x":1.13128662109375,"y":1.0824127197265625,"z":-0.0244598388671875,"roomId":5555}
{"type":"accel","timestamp":1531636263150,"x":-3.334014892578125,"y":5.2324676513671875,"z":-3.6166839599609375,"roomId":5555}
{"type":"gyro","timestamp":1531636263151,"x":0.6756439208984375,"y":0.4109954833984375,"z":-0.202972412109375,"roomId":5555}
{"type":"accel","timestamp":1531636263160,"x":-3.6465606689453125,"y":4.6616973876953125,"z":-1.427978515625,"roomId":5555}
{"type":"gyro","timestamp":1531636263161,"x":0.4439544677734375,"y":0.2007598876953125,"z":-0.342803955078125,"roomId":5555}
{"type":"accel","timestamp":1531636263170,"x":-3.8447113037109375,"y":3.8554534912109375,"z":0.6405487060546875,"roomId":5555}
{"type":"gyro","timestamp":1531636263171,"x":0.364990234375,"y":0.090576171875,"z":-0.4012603759765625,"roomId":5555}
{"type":"accel","timestamp":1531636263180,"x":-3.6348114013671875,"y":3.3782196044921875,"z":2.0024566650390625,"roomId":5555}
{"type":"gyro","timestamp":1531636263181,"x":0.49200439453125,"y":0.00946044921875,"z":-0.3515777587890625,"roomId":5555}
{"type":"accel","timestamp":1531636263190,"x":-3.032562255859375,"y":3.6533660888671875,"z":2.68359375,"roomId":5555}
{"type":"gyro","timestamp":1531636263191,"x":0.8036956787109375,"y":-0.06689453125,"z":-0.2154693603515625,"roomId":5555}
{"type":"accel","timestamp":1531636263200,"x":-2.2122802734375,"y":4.6250152587890625,"z":2.5596771240234375,"roomId":5555}
{"type":"gyro","timestamp":1531636263201,"x":1.2297210693359375,"y":-0.0430450439453125,"z":-0.0290069580078125,"roomId":5555}
{"type":"accel","timestamp":1531636263210,"x":-1.3554534912109375,"y":6.158843994140625,"z":1.15106201171875,"roomId":5555}
{"type":"gyro","timestamp":1531636263212,"x":1.66094970703125,"y":0.13397216796875,"z":0.1674652099609375,"roomId":5555}
{"type":"accel","timestamp":1531636263229,"x":-1.164886474609375,"y":9.216354370117188,"z":-3.359588623046875,"roomId":5555}
{"type":"gyro","timestamp":1531636263230,"x":2.004119873046875,"y":0.8381500244140625,"z":0.4691162109375,"roomId":5555}
{"type":"accel","timestamp":1531636263239,"x":-0.2501068115234375,"y":9.91595458984375,"z":-4.949554443359375,"roomId":5555}
{"type":"gyro","timestamp":1531636263240,"x":1.759735107421875,"y":1.1348876953125,"z":0.534088134765625,"roomId":5555}
{"type":"accel","timestamp":1531636263250,"x":0.6491546630859375,