{"type":"accel","timestamp":1531636288052,"x":0.46807861328125,"y":8.649383544921875,"z":-1.944000244140625,"roomId":5555}
{"type":"gyro","timestamp":1531636288053,"x":0.5931854248046875,"y":2.1044921875,"z":1.411865234375,"roomId":5555}
{"type":"accel","timestamp":1531636288062,"x":0.725311279296875,"y":8.069580078125,"z":-1.2619781494140625,"roomId":5555}
{"type":"gyro","timestamp":1531636288063,"x":0.8230743408203125,"y":2.18609619140625,"z":1.5283203125,"roomId":5555}
{"type":"accel","timestamp":1531636288072,"x":0.9192962646484375,"y":7.53961181640625,"z":-0.980316162109375,"roomId":5555}
{"type":"gyro","timestamp":1531636288073,"x":1.1333465576171875,"y":2.1766815185546875,"z":1.62994384765625,"roomId":5555}
{"type":"accel","timestamp":1531636288082,"x":0.8994598388671875,"y":6.9822845458984375,"z":-1.814605712890625,"roomId":5555}
{"type":"gyro","timestamp":1531636288083,"x":1.4652252197265625,"y":2.1943511962890625,"z":1.7615203857421875,"roomId":5555}
{"type":"accel","timestamp":1531636288101,"x":1.8397674560546875,"y":6.4593658447265625,"z":-5.8935699462890625,"roomId":5555}
{"type":"gyro","timestamp":1531636288102,"x":1.76922607421875,"y":2.2328338623046875,"z":2.1007843017578125,"roomId":5555}
{"type":"accel","timestamp":1531636288120,"x":4.3170166015625,"y":6.8834991455078125,"z":-8.504913330078125,"roomId":5555}
{"type":"gyro","timestamp":1531636288121,"x":1.437530517578125,"y":1.3366851806640625,"z":1.888916015625,"roomId":5555}
{"type":"accel","timestamp":1531636288130,"x":5.8618927001953125,"y":7.0306396484375,"z":-9.595428466796875,"roomId":5555}
{"type":"gyro","timestamp":1531636288131,"x":1.10418701171875,"y":0.7062835693359375,"z":1.477783203125,"roomId":5555}
{"type":"accel","timestamp":1531636288140,"x":6.5818023681640625,"y":6.8318328857421875,"z":-9.856475830078125,"roomId":5555}
{"type":"gyro","timestamp":1531636288141,"x":0.65521240234375,"y":0.1489105224609375,"z":0.9305877685546875,"roomId":5555}
{"type":"accel","timestamp":1531636288150,"x":5.9850921630859375,"y":6.1973724365234375,"z":-8.89532470703125,"roomId":5555}
{"type":"gyro","timestamp":1531636288151,"x":0.139801025390625,"y":-0.1947479248046875,"z":0.37103271484375,"roomId":5555}
{"type":"accel","timestamp":1531636288161,"x":4.79888916015625,"y":5.336517333984375,"z":-6.8830718994140625,"roomId":5555}
{"type":"gyro","timestamp":1531636288162,"x":-0.3291473388671875,"y":-0.2900848388671875,"z":-0.06268310546875,"roomId":5555}
{"type":"accel","timestamp":1531636288181,"x":1.8446044921875,"y":2.9364776611328125,"z":-2.7232818603515625,"roomId":5555}
{"type":"gyro","timestamp":1531636288182,"x":-0.7056121826171875,"y":-0.1157989501953125,"z":-0.4110107421875,"roomId":5555}
{"type":"accel","timestamp":1531636288191,"x":1.004425048828125,"y":1.879058837890625,"z":-1.5286865234375,"roomId":5555}
{"type":"gyro","timestamp":1531636288193,"x":-0.5721588134765625,"y":-0.0990142822265625,"z":-0.368072509765625,"roomId":5555}
{"type":"accel","timestamp":1531636288203,"x":0.692230224609375,"y":1.195404052734375,"z":-0.685821533203125,"roomId":5555}
{"type":"gyro","timestamp":1531636288204,"x":-0.2838134765625,"y":-0.1922454833984375,"z":-0.2616729736328125,"roomId":5555}
{"type":"accel","timestamp":1531636288219,"x":0.1654815673828125,"y":0.7202301025390625,"z":-0.7692108154296875,"roomId":5555}
{"type":"gyro","timestamp":1531636288220,"x":0.54974365234375,"y":-0.49822998046875,"z":-0.0777587890625,"roomId":5555}
{"type":"accel","timestamp":1531636288230,"x":0.214202880859375,"y":1.0901031494140625,"z":-1.8692626953125,"roomId":5555}
{"type":"gyro","timestamp":1531636288231,"x":0.9458770751953125,"y":-0.677734375,"z":-0.0387420654296875,"roomId":5555}
{"type":"accel","timestamp":1531636288250,"x":-0.5201263427734375,"y":2.4043426513671875,"z":-3.5279693603515625,"roomId":5555}
{"type":"gyro","timestamp":1531636288251,"x":1.36370849609375,"y":-0.80908203125,"z":-0.086639404296875,"roomId":5555}
{"type":"accel","timestamp":1531636288260,"x":-1.0856781005859375,"y":3.01641845703125,"z":-3.714385986328125,"roomId":5555}
{"type":"gyro","timestamp":1531636288261,"x":1.3781890869140625,"y":-0.684112548828125,"z":-0.112274169921875,"roomId":5555}
{"type":"accel","timestamp":1531636288270,"x":-1.54974365234375,"y":3.1343231201171875,"z":-3.547332763671875,"roomId":5555}
{"type":"gyro","timestamp":1531636288273,"x":1.3102264404296875,"y":-0.55242919921875,"z":-0.1281280517578125,"roomId":5555}
{"type":"accel","timestamp":1531636288280,"x":-1.81317138671875,"y":2.731781005859375,"z":-3.4057464599609375,"roomId":5555}
{"type":"gyro","timestamp":1531636288282,"x":1.21044921875,"y":-0.516998291015625,"z":-0.157989501953125,"roomId":5555}
{"type":"accel","timestamp":1531636288290,"x":-1.696685791015625,"y":2.45733642578125,"z":-3.0825653076171875,"roomId":5555}
{"type":"accel","timestamp":1531636288301,"x":-1.349609375,"y":2.5513763427734375,"z":-2.440582275390625,"roomId":5555}
{"type":"gyro","timestamp":1531636288303,"x":1.0238037109375,"y":-0.7487945556640625,"z":-0.345489501953125,"roomId":5555}
{"type":"accel","timestamp":1531636288318,"x":-0.725250244140625,"y":3.724700927734375,"z":-0.7864532470703125,"roomId":5555}
{"type":"gyro","timestamp":1531636288319,"x":1.0824432373046875,"y":-1.065185546875,"z":-0.694091796875,"roomId":5555}
{"type":"accel","timestamp":1531636288330,"x":-0.876373291015625,"y":4.2647705078125,"z":-0.412384033203125,"roomId":5555}
{"type":"gyro","timestamp":1531636288331,"x":1.2325897216796875,"y":-1.141021728515625,"z":-0.873443603515625,"roomId":5555}
{"type":"accel","timestamp":1531636288352,"x":-3.9306793212890625,"y":4.377960205078125,"z":-1.2525482177734375,"roomId":5555}
{"type":"gyro","timestamp":1531636288353,"x":1.653350830078125,"y":-0.5351104736328125,"z":-1.0128936767578125,"roomId":5555}
{"type":"accel","timestamp":1531636288369,"x":-5.268585205078125,"y":5.329193115234375,"z":-3.2921142578125,"roomId":5555}
{"type":"gyro","timestamp":1531636288370,"x":1.8530731201171875,"y":0.5897216796875,"z":-0.5080108642578125,"roomId":5555}
{"type":"accel","timestamp":1531636288379,"x":-4.7642822265625,"y":5.6006622314453125,"z":-4.1344757080078125,"roomId":5555}
{"type":"gyro","timestamp":1531636288380,"x":1.812713623046875,"y":0.8783416748046875,"z":-0.1607818603515625,"roomId":5555}
{"type":"accel","timestamp":1531636288390,"x":-3.7375335693359375,"y":5.969970703125,"z":-5.090545654296875,"roomId":5555}
{"type":"gyro","timestamp":1531636288391,"x":1.6756134033203125,"y":1.00103759765625,"z":0.0795745849609375,"roomId":5555}
{"type":"accel","timestamp":1531636288400,"x":-2.9160003662109375,"y":6.5556793212890625,"z":-5.7790069580078125,"roomId":5555}
{"type":"gyro","timestamp":1531636288402,"x":1.4549560546875,"y":0.9844512939453125,"z":0.147796630859375,"roomId":5555}
{"type":"accel","timestamp":1531636288410,"x":-2.214874267578125,"y":7.121734619140625,"z":-5.7753753662109375,"roomId":5555}
{"type":"gyro","timestamp":1531636288419,"x":0.9786529541015625,"y":0.6984710693359375,"z":-0.1390533447265625,"roomId":5555}
{"type":"accel","timestamp":1531636288428,"x":-1.1158294677734375,"y":7.5256195068359375,"z":-5.373260498046875,"roomId":5555}
{"type":"gyro","timestamp":1531636288429,"x":0.8592071533203125,"y":0.4876251220703125,"z":-0.4070281982421875,"roomId":5555}
{"type":"accel","timestamp":1531636288438,"x":-1.2234344482421875,"y":7.434234619140625,"z":-5.6331024169921875,"roomId":5555}
{"type":"gyro","timestamp":1531636288440,"x":0.8553924560546875,"y":0.294342041015625,"z":-0.686370849609375,"roomId":5555}
{"type":"accel","timestamp":1531636288448,"x":-1.7669830322265625,"y":7.402191162109375,"z":-6.4665374755859375,"roomId":5555}
{"type":"gyro","timestamp":1531636288449,"x":0.941070556640625,"y":0.2146148681640625,"z":-0.89959716796875,"roomId":5555}
{"type":"accel","timestamp":1531636288458,"x":-2.290618896484375,"y":7.766448974609375,"z":-7.8459320068359375,"roomId":5555}
{"type":"gyro","timestamp":1531636288459,"x":1.0498046875,