{"type":"gyro","timestamp":1531636304810,"x":0.15826416015625,"y":0.4704437255859375,"z":0.599212646484375,"roomId":5555}
{"type":"accel","timestamp":1531636304828,"x":-0.409698486328125,"y":7.6921234130859375,"z":-6.69207763671875,"roomId":5555}
{"type":"gyro","timestamp":1531636304829,"x":0.99444580078125,"y":1.14849853515625,"z":1.14447021484375,"roomId":5555}
{"type":"accel","timestamp":1531636304849,"x":1.4428863525390625,"y":8.754928588867188,"z":-10.57818603515625,"roomId":5555}
{"type":"gyro","timestamp":1531636304851,"x":1.032318115234375,"y":2.221435546875,"z":1.715728759765625,"roomId":5555}
{"type":"accel","timestamp":1531636304869,"x":2.9038543701171875,"y":9.723419189453125,"z":-9.040939331054688,"roomId":5555}
{"type":"gyro","timestamp":1531636304871,"x":0.2254486083984375,"y":2.1788482666015625,"z":1.652496337890625,"roomId":5555}
{"type":"accel","timestamp":1531636304887,"x":2.418212890625,"y":8.521621704101562,"z":-5.1484375,"roomId":5555}
{"type":"gyro","timestamp":1531636304888,"x":-0.6529388427734375,"y":1.50701904296875,"z":0.902496337890625,"roomId":5555}
{"type":"accel","timestamp":1531636304897,"x":1.740264892578125,"y":7.7958526611328125,"z":-3.5141754150390625,"roomId":5555}
{"type":"gyro","timestamp":1531636304898,"x":-0.7920684814453125,"y":1.1401519775390625,"z":0.565277099609375,"roomId":5555}
{"type":"accel","timestamp":1531636304916,"x":1.5057373046875,"y":7.0139007568359375,"z":-1.7686767578125,"roomId":5555}
{"type":"gyro","timestamp":1531636304917,"x":-0.3804931640625,"y":0.5666961669921875,"z":0.3776092529296875,"roomId":5555}
{"type":"accel","timestamp":1531636304926,"x":1.609893798828125,"y":6.4986114501953125,"z":-2.653167724609375,"roomId":5555}
{"type":"gyro","timestamp":1531636304927,"x":0.057525634765625,"y":0.4138031005859375,"z":0.4612884521484375,"roomId":5555}
{"type":"accel","timestamp":1531636304937,"x":2.4248809814453125,"y":6.2361907958984375,"z":-5.3524627685546875,"roomId":5555}
{"type":"gyro","timestamp":1531636304938,"x":0.5373687744140625,"y":0.3736114501953125,"z":0.5994720458984375,"roomId":5555}
{"type":"accel","timestamp":1531636304947,"x":2.9897918701171875,"y":6.5697021484375,"z":-8.07440185546875,"roomId":5555}
{"type":"gyro","timestamp":1531636304948,"x":0.920989990234375,"y":0.40643310546875,"z":0.7336578369140625,"roomId":5555}
{"type":"accel","timestamp":1531636304957,"x":3.0760345458984375,"y":6.8829345703125,"z":-9.752487182617188,"roomId":5555}
{"type":"gyro","timestamp":1531636304958,"x":1.0666656494140625,"y":0.450042724609375,"z":0.789154052734375,"roomId":5555}
{"type":"gyro","timestamp":1531636304978,"x":0.6395111083984375,"y":0.73028564453125,"z":0.6193084716796875,"roomId":5555}
{"type":"accel","timestamp":1531636304990,"x":2.493011474609375,"y":5.7173614501953125,"z":-9.2862548828125,"roomId":5555}
{"type":"gyro","timestamp":1531636304991,"x":0.23541259765625,"y":0.94036865234375,"z":0.423004150390625,"roomId":5555}
{"type":"accel","timestamp":1531636305000,"x":1.804168701171875,"y":4.7389068603515625,"z":-8.118988037109375,"roomId":5555}
{"type":"gyro","timestamp":1531636305001,"x":-0.1500396728515625,"y":1.049224853515625,"z":0.235504150390625,"roomId":5555}
{"type":"accel","timestamp":1531636305015,"x":0.410125732421875,"y":3.8559417724609375,"z":-5.345916748046875,"roomId":5555}
{"type":"gyro","timestamp":1531636305016,"x":-0.59832763671875,"y":0.7062530517578125,"z":0.083404541015625,"roomId":5555}
{"type":"accel","timestamp":1531636305027,"x":0.2583465576171875,"y":3.802581787109375,"z":-3.96710205078125,"roomId":5555}
{"type":"gyro","timestamp":1531636305028,"x":-0.628387451171875,"y":0.38531494140625,"z":0.0595855712890625,"roomId":5555}
{"type":"accel","timestamp":1531636305045,"x":0.432952880859375,"y":3.6917572021484375,"z":-3.1101531982421875,"roomId":5555}
{"type":"gyro","timestamp":1531636305045,"x":-0.4888763427734375,"y":-0.326995849609375,"z":-0.116790771484375,"roomId":5555}
{"type":"accel","timestamp":1531636305055,"x":-0.1765594482421875,"y":3.4771881103515625,"z":-2.89337158203125,"roomId":5555}
{"type":"gyro","timestamp":1531636305056,"x":-0.4452667236328125,"y":-0.6395263671875,"z":-0.2595367431640625,"roomId":5555}
{"type":"accel","timestamp":1531636305066,"x":-0.5556182861328125,"y":3.3097381591796875,"z":-2.73614501953125,"roomId":5555}
{"type":"gyro","timestamp":1531636305066,"x":-0.4420318603515625,"y":-0.8681488037109375,"z":-0.3580780029296875,"roomId":5555}
{"type":"accel","timestamp":1531636305086,"x":-1.0706787109375,"y":2.50872802734375,"z":-2.25335693359375,"roomId":5555}
{"type":"gyro","timestamp":1531636305087,"x":-0.59161376953125,"y":-1.155517578125,"z":-0.486846923828125,"roomId":5555}
{"type":"accel","timestamp":1531636305096,"x":-1.28057861328125,"y":1.893768310546875,"z":-1.751434326171875,"roomId":5555}
{"type":"gyro","timestamp":1531636305098,"x":-0.692230224609375,"y":-1.1687774658203125,"z":-0.54180908203125,"roomId":5555}
{"type":"accel","timestamp":1531636305115,"x":-2.2204437255859375,"y":0.4628143310546875,"z":-0.25946044921875,"roomId":5555}
{"type":"gyro","timestamp":1531636305117,"x":-0.728515625,"y":-0.917022705078125,"z":-0.51123046875,"roomId":5555}
{"type":"accel","timestamp":1531636305125,"x":-2.6020355224609375,"y":-0.0593109130859375,"z":0.7253570556640625,"roomId":5555}
{"type":"gyro","timestamp":1531636305126,"x":-0.631195068359375,"y":-0.70465087890625,"z":-0.378753662109375,"roomId":5555}
{"type":"accel","timestamp":1531636305135,"x":-2.800018310546875,"y":-0.3342742919921875,"z":1.6988067626953125,"roomId":5555}
{"type":"gyro","timestamp":1531636305136,"x":-0.445953369140625,"y":-0.470428466796875,"z":-0.1773223876953125,"roomId":5555}
{"type":"accel","timestamp":1531636305145,"x":-2.8370819091796875,"y":-0.3239593505859375,"z":2.4823455810546875,"roomId":5555}
{"type":"accel","timestamp":1531636305155,"x":-2.233367919921875,"y":0.033721923828125,"z":2.937896728515625,"roomId":5555}
{"type":"gyro","timestamp":1531636305155,"x":0.1058502197265625,"y":0.0976104736328125,"z":0.2776336669921875,"roomId":5555}
{"type":"accel","timestamp":1531636305165,"x":-1.553375244140625,"y":0.4595794677734375,"z":2.9993896484375,"roomId":5555}
{"type":"gyro","timestamp":1531636305165,"x":0.4104766845703125,"y":0.46905517578125,"z":0.4228668212890625,"roomId":5555}
{"type":"accel","timestamp":1531636305186,"x":-1.0503692626953125,"y":1.615966796875,"z":2.7792510986328125,"roomId":5555}
{"type":"gyro","timestamp":1531636305187,"x":0.9684600830078125,"y":1.2106170654296875,"z":0.541473388671875,"roomId":5555}
{"type":"accel","timestamp":1531636305196,"x":-0.4513702392578125,"y":2.1572265625,"z":3.042083740234375,"roomId":5555}
{"type":"gyro","timestamp":1531636305205,"x":1.5213470458984375,"y":1.473480224609375,"z":0.4288787841796875,"roomId":5555}
{"type":"accel","timestamp":1531636305215,"x":0.2271575927734375,"y":2.94586181640625,"z":4.02362060546875,"roomId":5555}
{"type":"gyro","timestamp":1531636305216,"x":1.9311676025390625,"y":1.46044921875,"z":0.27789306640625,"roomId":5555}
{"type":"accel","timestamp":1531636305225,"x":0.5120697021484375,"y":3.2660980224609375,"z":3.7701416015625,"roomId":5555}
{"type":"gyro","timestamp":1531636305226,"x":2.4709930419921875,"y":1.4429779052734375,"z":0.1409454345703125,"roomId":5555}
{"type":"accel","timestamp":1531636305236,"x":0.6930389404296875,"y":4.3065032958984375,"z":2.6840057373046875,"roomId":5555}
{"type":"gyro","timestamp":1531636305237,"x":3.0834503173828125,"y":1.5146636962890625,"z":0.0608978271484375,"roomId":5555}
{"type":"accel","timestamp":1531636305246,"x":0.9443511962890625,"y":6.067474365234375,"z":0.5939483642578125,"roomId":5555}
{"type":"gyro","timestamp":1531636305255,"x":4.07470703125,"y":1.9852294921875,"z":0.1266632080078125,"roomId":5555}
{"type":"accel","timestamp":1531636305265,"x":0.2813568115234375,"y":10.36712646484375,"z":-5.1088714599609375,"roomId":5555}
{"type":"gyro","timestamp":1531636305265,"x":4.2459869384765625,"y":2.2518157958984375,