{"type":"accel","timestamp":1531636321157,"x":3.266876220703125,"y":3.4341888427734375,"z":-8.990814208984375,"roomId":5555}
{"type":"gyro","timestamp":1531636321158,"x":0.3231353759765625,"y":2.75341796875,"z":3.253082275390625,"roomId":5555}
{"type":"accel","timestamp":1531636321168,"x":5.1784210205078125,"y":4.0514984130859375,"z":-8.633407592773438,"roomId":5555}
{"type":"gyro","timestamp":1531636321169,"x":0.21978759765625,"y":2.583099365234375,"z":3.0770721435546875,"roomId":5555}
{"type":"accel","timestamp":1531636321187,"x":5.99786376953125,"y":5.3090667724609375,"z":-7.7795867919921875,"roomId":5555}
{"type":"gyro","timestamp":1531636321188,"x":0.07183837890625,"y":1.854400634765625,"z":2.1530303955078125,"roomId":5555}
{"type":"accel","timestamp":1531636321197,"x":4.6136932373046875,"y":4.9848480224609375,"z":-7.0247802734375,"roomId":5555}
{"type":"gyro","timestamp":1531636321198,"x":0.0382843017578125,"y":1.43341064453125,"z":1.571441650390625,"roomId":5555}
{"type":"accel","timestamp":1531636321208,"x":3.08294677734375,"y":4.1033782958984375,"z":-6.461669921875,"roomId":5555}
{"type":"gyro","timestamp":1531636321209,"x":0.0470428466796875,"y":1.0706939697265625,"z":1.080780029296875,"roomId":5555}
{"type":"accel","timestamp":1531636321226,"x":0.2732086181640625,"y":1.5623931884765625,"z":-5.24169921875,"roomId":5555}
{"type":"gyro","timestamp":1531636321227,"x":0.2700958251953125,"y":0.5838775634765625,"z":0.714324951171875,"roomId":5555}
{"type":"accel","timestamp":1531636321236,"x":0.17205810546875,"y":0.387237548828125,"z":-5.1541748046875,"roomId":5555}
{"type":"gyro","timestamp":1531636321237,"x":0.4891204833984375,"y":0.57354736328125,"z":0.894866943359375,"roomId":5555}
{"type":"accel","timestamp":1531636321247,"x":1.1989898681640625,"y":-0.2809600830078125,"z":-5.5195770263671875,"roomId":5555}
{"type":"gyro","timestamp":1531636321248,"x":0.7015533447265625,"y":0.75396728515625,"z":1.203369140625,"roomId":5555}
{"type":"accel","timestamp":1531636321258,"x":2.4503631591796875,"y":-0.18206787109375,"z":-6.045989990234375,"roomId":5555}
{"type":"gyro","timestamp":1531636321259,"x":0.8384552001953125,"y":1.1700897216796875,"z":1.5113067626953125,"roomId":5555}
{"type":"accel","timestamp":1531636321276,"x":5.7104644775390625,"y":1.3387908935546875,"z":-5.9474029541015625,"roomId":5555}
{"type":"gyro","timestamp":1531636321277,"x":0.83258056640625,"y":2.2124786376953125,"z":1.765167236328125,"roomId":5555}
{"type":"accel","timestamp":1531636321286,"x":6.2858123779296875,"y":2.02581787109375,"z":-5.533935546875,"roomId":5555}
{"type":"gyro","timestamp":1531636321288,"x":0.7622528076171875,"y":2.551239013671875,"z":1.547149658203125,"roomId":5555}
{"type":"accel","timestamp":1531636321296,"x":5.5081329345703125,"y":2.676025390625,"z":-5.3498382568359375,"roomId":5555}
{"type":"accel","timestamp":1531636321306,"x":3.8214569091796875,"y":3.33673095703125,"z":-5.4002532958984375,"roomId":5555}
{"type":"gyro","timestamp":1531636321306,"x":0.5890350341796875,"y":2.51837158203125,"z":0.5759124755859375,"roomId":5555}
{"type":"accel","timestamp":1531636321326,"x":0.231292724609375,"y":2.9233856201171875,"z":-4.2051849365234375,"roomId":5555}
{"type":"gyro","timestamp":1531636321328,"x":0.27178955078125,"y":1.0773773193359375,"z":-0.53472900390625,"roomId":5555}
{"type":"accel","timestamp":1531636321337,"x":-0.49822998046875,"y":2.19482421875,"z":-3.298248291015625,"roomId":5555}
{"type":"gyro","timestamp":1531636321338,"x":0.2823028564453125,"y":0.1976165771484375,"z":-0.868865966796875,"roomId":5555}
{"type":"accel","timestamp":1531636321357,"x":0.697845458984375,"y":2.0089874267578125,"z":-2.051361083984375,"roomId":5555}
{"type":"gyro","timestamp":1531636321357,"x":0.80645751953125,"y":-1.2967071533203125,"z":-0.9813232421875,"roomId":5555}
{"type":"accel","timestamp":1531636321376,"x":2.811859130859375,"y":5.58477783203125,"z":-3.199859619140625,"roomId":5555}
{"type":"gyro","timestamp":1531636321377,"x":1.4549560546875,"y":-1.4386444091796875,"z":-0.799468994140625,"roomId":5555}
{"type":"accel","timestamp":1531636321386,"x":3.47015380859375,"y":8.294723510742188,"z":-4.9810028076171875,"roomId":5555}
{"type":"gyro","timestamp":1531636321387,"x":1.4420928955078125,"y":-1.0945892333984375,"z":-0.776458740234375,"roomId":5555}
{"type":"accel","timestamp":1531636321396,"x":2.7708740234375,"y":10.079940795898438,"z":-5.73675537109375,"roomId":5555}
{"type":"gyro","timestamp":1531636321398,"x":0.9943084716796875,"y":-0.6138153076171875,"z":-0.8938140869140625,"roomId":5555}
{"type":"accel","timestamp":1531636321406,"x":1.1049957275390625,"y":10.86688232421875,"z":-5.1839599609375,"roomId":5555}
{"type":"accel","timestamp":1531636321418,"x":-0.33660888671875,"y":11.589675903320312,"z":-4.4512786865234375,"roomId":5555}
{"type":"gyro","timestamp":1531636321419,"x":0.104827880859375,"y":-0.7125396728515625,"z":-1.1863861083984375,"roomId":5555}
{"type":"accel","timestamp":1531636321435,"x":-1.1674652099609375,"y":13.529403686523438,"z":-2.2583770751953125,"roomId":5555}
{"type":"gyro","timestamp":1531636321436,"x":-0.20501708984375,"y":-2.095550537109375,"z":-1.230377197265625,"roomId":5555}
{"type":"accel","timestamp":1531636321454,"x":1.64923095703125,"y":13.506027221679688,"z":0.3636932373046875,"roomId":5555}
{"type":"gyro","timestamp":1531636321454,"x":-0.0741119384765625,"y":-2.1554412841796875,"z":-0.95733642578125,"roomId":5555}
{"type":"accel","timestamp":1531636321465,"x":1.3206024169921875,"y":13.47991943359375,"z":0.6777801513671875,"roomId":5555}
{"type":"gyro","timestamp":1531636321466,"x":0.2302093505859375,"y":-1.52386474609375,"z":-0.7670135498046875,"roomId":5555}
{"type":"accel","timestamp":1531636321475,"x":0.4677886962890625,"y":12.859970092773438,"z":-0.2890167236328125,"roomId":5555}
{"type":"gyro","timestamp":1531636321476,"x":0.58673095703125,"y":-0.6743011474609375,"z":-0.4941253662109375,"roomId":5555}
{"type":"accel","timestamp":1531636321494,"x":-0.5363922119140625,"y":12.865097045898438,"z":-4.5678558349609375,"roomId":5555}
{"type":"gyro","timestamp":1531636321495,"x":1.050689697265625,"y":0.336090087890625,"z":0.0571136474609375,"roomId":5555}
{"type":"accel","timestamp":1531636321506,"x":-0.1201629638671875,"y":12.754592895507812,"z":-5.7652587890625,"roomId":5555}
{"type":"gyro","timestamp":1531636321508,"x":0.940887451171875,"y":0.3228302001953125,"z":0.2107391357421875,"roomId":5555}
{"type":"accel","timestamp":1531636321516,"x":0.93994140625,"y":12.721511840820312,"z":-5.70361328125,"roomId":5555}
{"type":"gyro","timestamp":1531636321517,"x":0.6563262939453125,"y":0.2001190185546875,"z":0.28240966796875,"roomId":5555}
{"type":"accel","timestamp":1531636321534,"x":2.2828826904296875,"y":11.62689208984375,"z":-3.1384429931640625,"roomId":5555}
{"type":"gyro","timestamp":1531636321535,"x":0.129150390625,"y":-0.130950927734375,"z":0.0198211669921875,"roomId":5555}
{"type":"accel","timestamp":1531636321544,"x":1.7874755859375,"y":10.907073974609375,"z":-2.247100830078125,"roomId":5555}
{"type":"accel","timestamp":1531636321554,"x":0.610015869140625,"y":10.211074829101562,"z":-2.3101654052734375,"roomId":5555}
{"type":"gyro","timestamp":1531636321555,"x":0.152008056640625,"y":-0.1946258544921875,"z":-0.4126434326171875,"roomId":5555}
{"type":"accel","timestamp":1531636321565,"x":-0.292755126953125,"y":9.622039794921875,"z":-3.3563232421875,"roomId":5555}
{"type":"gyro","timestamp":1531636321566,"x":0.259979248046875,"y":-0.2164764404296875,"z":-0.4972991943359375,"roomId":5555}
{"type":"accel","timestamp":1531636321575,"x":-0.7317657470703125,"y":9.276290893554688,"z":-4.543853759765625,"roomId":5555}
{"type":"gyro","timestamp":1531636321576,"x":0.3276214599609375,"y":-0.4307403564453125,"z":-0.5100860595703125,"roomId":5555}
{"type":"accel","timestamp":1531636321595,"x":-0.1764373779296875,"y":8.5338134765625,"z":-5.3059844970703125,"roomId":5555}
{"type":"gyro","timestamp":1531636321596,"x":0.3720703125,