{"type":"accel","timestamp":1531636302423,"x":-1.2511138916015625,"y":7.2757415771484375,"z":-4.3128662109375,"roomId":5555}
{"type":"gyro","timestamp":1531636302424,"x":-0.5758209228515625,"y":0.996795654296875,"z":0.201202392578125,"roomId":5555}
{"type":"accel","timestamp":1531636302434,"x":-0.4715423583984375,"y":7.0335235595703125,"z":-2.8500213623046875,"roomId":5555}
{"type":"gyro","timestamp":1531636302436,"x":-0.6051483154296875,"y":1.3054351806640625,"z":0.374359130859375,"roomId":5555}
{"type":"accel","timestamp":1531636302444,"x":0.1837005615234375,"y":6.9394989013671875,"z":-1.892791748046875,"roomId":5555}
{"type":"gyro","timestamp":1531636302445,"x":-0.53436279296875,"y":1.6404571533203125,"z":0.49273681640625,"roomId":5555}
{"type":"accel","timestamp":1531636302454,"x":0.3596343994140625,"y":6.97442626953125,"z":-1.56243896484375,"roomId":5555}
{"type":"gyro","timestamp":1531636302455,"x":-0.3834991455078125,"y":1.9469757080078125,"z":0.55841064453125,"roomId":5555}
{"type":"accel","timestamp":1531636302464,"x":0.35308837890625,"y":7.0060882568359375,"z":-1.3877410888671875,"roomId":5555}
{"type":"gyro","timestamp":1531636302465,"x":-0.1805267333984375,"y":2.166717529296875,"z":0.6124114990234375,"roomId":5555}
{"type":"accel","timestamp":1531636302475,"x":0.541290283203125,"y":6.986846923828125,"z":-1.2315673828125,"roomId":5555}
{"type":"gyro","timestamp":1531636302476,"x":0.0585784912109375,"y":2.3066253662109375,"z":0.6786956787109375,"roomId":5555}
{"type":"accel","timestamp":1531636302485,"x":0.3909149169921875,"y":7.0378875732421875,"z":-1.8185577392578125,"roomId":5555}
{"type":"gyro","timestamp":1531636302487,"x":0.3321380615234375,"y":2.4385528564453125,"z":0.7530975341796875,"roomId":5555}
{"type":"accel","timestamp":1531636302495,"x":0.17236328125,"y":7.0469818115234375,"z":-3.2326507568359375,"roomId":5555}
{"type":"gyro","timestamp":1531636302498,"x":0.5986480712890625,"y":2.565399169921875,"z":0.8757171630859375,"roomId":5555}
{"type":"accel","timestamp":1531636302513,"x":0.84967041015625,"y":7.0631561279296875,"z":-6.3991851806640625,"roomId":5555}
{"type":"gyro","timestamp":1531636302514,"x":0.8484649658203125,"y":2.7579803466796875,"z":1.2357635498046875,"roomId":5555}
{"type":"accel","timestamp":1531636302523,"x":0.8978729248046875,"y":6.5037384033203125,"z":-7.152923583984375,"roomId":5555}
{"type":"gyro","timestamp":1531636302524,"x":0.798065185546875,"y":2.9138946533203125,"z":1.404693603515625,"roomId":5555}
{"type":"accel","timestamp":1531636302535,"x":-0.2026824951171875,"y":5.715911865234375,"z":-8.369140625,"roomId":5555}
{"type":"gyro","timestamp":1531636302536,"x":0.6614837646484375,"y":3.122039794921875,"z":1.5928192138671875,"roomId":5555}
{"type":"accel","timestamp":1531636302545,"x":-0.9516448974609375,"y":5.1776275634765625,"z":-10.08990478515625,"roomId":5555}
{"type":"gyro","timestamp":1531636302547,"x":0.3982696533203125,"y":3.2080841064453125,"z":1.854095458984375,"roomId":5555}
{"type":"accel","timestamp":1531636302564,"x":0.537139892578125,"y":5.370086669921875,"z":-8.866424560546875,"roomId":5555}
{"type":"gyro","timestamp":1531636302565,"x":-0.439666748046875,"y":2.05487060546875,"z":2.1785430908203125,"roomId":5555}
{"type":"accel","timestamp":1531636302583,"x":2.1504669189453125,"y":4.7175140380859375,"z":-6.0219268798828125,"roomId":5555}
{"type":"accel","timestamp":1531636302593,"x":2.2762908935546875,"y":4.172637939453125,"z":-5.23687744140625,"roomId":5555}
{"type":"gyro","timestamp":1531636302596,"x":-0.7756805419921875,"y":0.8641815185546875,"z":1.902374267578125,"roomId":5555}
{"type":"accel","timestamp":1531636302603,"x":1.3733062744140625,"y":3.3783721923828125,"z":-4.7000579833984375,"roomId":5555}
{"type":"gyro","timestamp":1531636302605,"x":-0.73052978515625,"y":0.56396484375,"z":1.733154296875,"roomId":5555}
{"type":"accel","timestamp":1531636302613,"x":0.42071533203125,"y":2.6936798095703125,"z":-4.234039306640625,"roomId":5555}
{"type":"accel","timestamp":1531636302623,"x":0.7282257080078125,"y":2.62872314453125,"z":-3.404296875,"roomId":5555}
{"type":"gyro","timestamp":1531636302623,"x":-0.469635009765625,"y":0.1908111572265625,"z":1.71990966796875,"roomId":5555}
{"type":"accel","timestamp":1531636302633,"x":2.4985809326171875,"y":3.179718017578125,"z":-2.202606201171875,"roomId":5555}
{"type":"gyro","timestamp":1531636302633,"x":-0.3014373779296875,"y":-0.0420379638671875,"z":1.9373321533203125,"roomId":5555}
{"type":"accel","timestamp":1531636302643,"x":4.35650634765625,"y":3.95635986328125,"z":-1.6274871826171875,"roomId":5555}
{"type":"gyro","timestamp":1531636302643,"x":-0.084869384765625,"y":-0.296173095703125,"z":2.1427459716796875,"roomId":5555}
{"type":"accel","timestamp":1531636302653,"x":5.118927001953125,"y":4.9017333984375,"z":-1.629425048828125,"roomId":5555}
{"type":"gyro","timestamp":1531636302655,"x":0.190948486328125,"y":-0.41534423828125,"z":2.15057373046875,"roomId":5555}
{"type":"accel","timestamp":1531636302673,"x":3.06689453125,"y":5.845947265625,"z":-3.1944580078125,"roomId":5555}
{"type":"gyro","timestamp":1531636302674,"x":0.6396331787109375,"y":-0.1627655029296875,"z":1.5294952392578125,"roomId":5555}
{"type":"accel","timestamp":1531636302696,"x":-0.008636474609375,"y":5.343231201171875,"z":-3.6974945068359375,"roomId":5555}
{"type":"gyro","timestamp":1531636302697,"x":0.47808837890625,"y":-0.409271240234375,"z":0.62371826171875,"roomId":5555}
{"type":"accel","timestamp":1531636302713,"x":-0.9858856201171875,"y":3.482208251953125,"z":-1.6391143798828125,"roomId":5555}
{"type":"gyro","timestamp":1531636302714,"x":-0.01226806640625,"y":-1.6145172119140625,"z":-0.049713134765625,"roomId":5555}
{"type":"accel","timestamp":1531636302733,"x":2.7296295166015625,"y":3.398406982421875,"z":-1.06341552734375,"roomId":5555}
{"type":"gyro","timestamp":1531636302734,"x":0.254241943359375,"y":-2.700469970703125,"z":-0.1034698486328125,"roomId":5555}
{"type":"accel","timestamp":1531636302743,"x":3.326080322265625,"y":4.1491851806640625,"z":-1.181243896484375,"roomId":5555}
{"type":"gyro","timestamp":1531636302744,"x":0.55181884765625,"y":-2.862030029296875,"z":-0.1407012939453125,"roomId":5555}
{"type":"accel","timestamp":1531636302761,"x":0.433074951171875,"y":4.443756103515625,"z":-1.3916778564453125,"roomId":5555}
{"type":"gyro","timestamp":1531636302762,"x":1.1145782470703125,"y":-2.2928924560546875,"z":-0.4126129150390625,"roomId":5555}
{"type":"accel","timestamp":1531636302771,"x":-2.077301025390625,"y":4.04150390625,"z":-1.9420623779296875,"roomId":5555}
{"type":"gyro","timestamp":1531636302772,"x":1.3324432373046875,"y":-1.852142333984375,"z":-0.502227783203125,"roomId":5555}
{"type":"accel","timestamp":1531636302781,"x":-3.6063232421875,"y":4.3736114501953125,"z":-2.0641021728515625,"roomId":5555}
{"type":"gyro","timestamp":1531636302783,"x":1.5435943603515625,"y":-1.3189697265625,"z":-0.4637298583984375,"roomId":5555}
{"type":"accel","timestamp":1531636302801,"x":-1.3867645263671875,"y":4.1796417236328125,"z":-3.0083770751953125,"roomId":5555}
{"type":"gyro","timestamp":1531636302801,"x":2.0803985595703125,"y":-0.4505767822265625,"z":0.1593780517578125,"roomId":5555}
{"type":"accel","timestamp":1531636302812,"x":1.5399017333984375,"y":4.8322906494140625,"z":-3.752105712890625,"roomId":5555}
{"type":"gyro","timestamp":1531636302814,"x":2.42913818359375,"y":-0.10345458984375,"z":0.449798583984375,"roomId":5555}
{"type":"accel","timestamp":1531636302831,"x":3.5045928955078125,"y":6.3379364013671875,"z":-6.8516845703125,"roomId":5555}
{"type":"gyro","timestamp":1531636302832,"x":3.1155242919921875,"y":0.447113037109375,"z":0.3520660400390625,"roomId":5555}
{"type":"accel","timestamp":1531636302841,"x":2.0641326904296875,"y":7.537139892578125,"z":-8.439163208007812,"roomId":5555}
{"type":"gyro","timestamp":1531636302842,"x":3.3612518310546875,"y":0.6599884033203125,"z":-0.0130615234375,"roomId":5555}
{"type":"accel","timestamp":1531636302860,