{"type":"accel","timestamp":1531636309466,"x":0.216583251953125,"y":8.141265869140625,"z":-5.0222320556640625,"roomId":5555}
{"type":"accel","timestamp":1531636309476,"x":0.2510528564453125,"y":8.045181274414062,"z":-4.6346893310546875,"roomId":5555}
{"type":"gyro","timestamp":1531636309477,"x":-0.246124267578125,"y":0.21661376953125,"z":-0.2682647705078125,"roomId":5555}
{"type":"accel","timestamp":1531636309486,"x":0.3546905517578125,"y":8.110015869140625,"z":-4.86663818359375,"roomId":5555}
{"type":"gyro","timestamp":1531636309487,"x":-0.1125640869140625,"y":0.5544281005859375,"z":-0.1038055419921875,"roomId":5555}
{"type":"accel","timestamp":1531636309496,"x":0.01068115234375,"y":7.9334869384765625,"z":-5.8646087646484375,"roomId":5555}
{"type":"accel","timestamp":1531636309507,"x":-0.72271728515625,"y":7.470703125,"z":-8.001953125,"roomId":5555}
{"type":"gyro","timestamp":1531636309508,"x":0.1322479248046875,"y":1.3738555908203125,"z":0.390411376953125,"roomId":5555}
{"type":"accel","timestamp":1531636309525,"x":0.655426025390625,"y":7.090240478515625,"z":-11.827957153320312,"roomId":5555}
{"type":"gyro","timestamp":1531636309527,"x":-0.1431884765625,"y":1.4387969970703125,"z":0.86474609375,"roomId":5555}
{"type":"accel","timestamp":1531636309536,"x":1.5027008056640625,"y":6.9820556640625,"z":-11.417327880859375,"roomId":5555}
{"type":"gyro","timestamp":1531636309537,"x":-0.5152587890625,"y":1.2477264404296875,"z":0.8665771484375,"roomId":5555}
{"type":"accel","timestamp":1531636309546,"x":1.7867279052734375,"y":6.871429443359375,"z":-9.10870361328125,"roomId":5555}
{"type":"gyro","timestamp":1531636309547,"x":-0.927581787109375,"y":1.0700531005859375,"z":0.737579345703125,"roomId":5555}
{"type":"accel","timestamp":1531636309559,"x":1.551025390625,"y":6.3802337646484375,"z":-6.1831207275390625,"roomId":5555}
{"type":"gyro","timestamp":1531636309561,"x":-1.2312774658203125,"y":0.9476776123046875,"z":0.5890960693359375,"roomId":5555}
{"type":"accel","timestamp":1531636309575,"x":0.4570159912109375,"y":5.015106201171875,"z":-1.2529296875,"roomId":5555}
{"type":"gyro","timestamp":1531636309576,"x":-1.0894317626953125,"y":0.7823028564453125,"z":0.5896453857421875,"roomId":5555}
{"type":"accel","timestamp":1531636309587,"x":0.041229248046875,"y":4.1087188720703125,"z":0.029022216796875,"roomId":5555}
{"type":"gyro","timestamp":1531636309589,"x":-0.6278839111328125,"y":0.723052978515625,"z":0.76361083984375,"roomId":5555}
{"type":"accel","timestamp":1531636309606,"x":-0.3074188232421875,"y":2.5770263671875,"z":-2.2486114501953125,"roomId":5555}
{"type":"gyro","timestamp":1531636309609,"x":0.6054840087890625,"y":0.5923614501953125,"z":1.3296356201171875,"roomId":5555}
{"type":"accel","timestamp":1531636309627,"x":2.4874725341796875,"y":2.4961700439453125,"z":-7.425933837890625,"roomId":5555}
{"type":"gyro","timestamp":1531636309629,"x":1.2809906005859375,"y":0.03192138671875,"z":1.6724090576171875,"roomId":5555}
{"type":"accel","timestamp":1531636309646,"x":4.2335662841796875,"y":2.76629638671875,"z":-8.785980224609375,"roomId":5555}
{"type":"gyro","timestamp":1531636309648,"x":1.0598907470703125,"y":-0.0474700927734375,"z":1.3530426025390625,"roomId":5555}
{"type":"accel","timestamp":1531636309658,"x":4.505340576171875,"y":2.7076416015625,"z":-7.2303619384765625,"roomId":5555}
{"type":"gyro","timestamp":1531636309659,"x":0.8140869140625,"y":0.3721923828125,"z":1.0810394287109375,"roomId":5555}
{"type":"accel","timestamp":1531636309677,"x":3.4772796630859375,"y":1.728485107421875,"z":-4.53863525390625,"roomId":5555}
{"type":"gyro","timestamp":1531636309679,"x":0.5384674072265625,"y":1.1743316650390625,"z":0.5411834716796875,"roomId":5555}
{"type":"accel","timestamp":1531636309694,"x":1.9203033447265625,"y":0.326751708984375,"z":-2.9620513916015625,"roomId":5555}
{"type":"gyro","timestamp":1531636309695,"x":0.6514434814453125,"y":1.068023681640625,"z":0.130401611328125,"roomId":5555}
{"type":"accel","timestamp":1531636309705,"x":1.3267364501953125,"y":0.059356689453125,"z":-2.296844482421875,"roomId":5555}
{"type":"gyro","timestamp":1531636309706,"x":0.8530426025390625,"y":0.755126953125,"z":-0.048095703125,"roomId":5555}
{"type":"accel","timestamp":1531636309725,"x":1.4568939208984375,"y":1.135589599609375,"z":-2.4282073974609375,"roomId":5555}
{"type":"gyro","timestamp":1531636309727,"x":1.422088623046875,"y":0.0729522705078125,"z":-0.31695556640625,"roomId":5555}
{"type":"accel","timestamp":1531636309735,"x":1.4696807861328125,"y":1.9031982421875,"z":-3.3397216796875,"roomId":5555}
{"type":"accel","timestamp":1531636309747,"x":1.5068817138671875,"y":2.930084228515625,"z":-4.0655517578125,"roomId":5555}
{"type":"gyro","timestamp":1531636309748,"x":1.71038818359375,"y":-0.210723876953125,"z":-0.5654296875,"roomId":5555}
{"type":"accel","timestamp":1531636309765,"x":2.099456787109375,"y":4.4333953857421875,"z":-4.3650665283203125,"roomId":5555}
{"type":"gyro","timestamp":1531636309767,"x":1.4187774658203125,"y":0.195281982421875,"z":-0.8802337646484375,"roomId":5555}
{"type":"accel","timestamp":1531636309784,"x":-2.551177978515625,"y":5.303619384765625,"z":-5.18511962890625,"roomId":5555}
{"type":"gyro","timestamp":1531636309786,"x":0.8134765625,"y":1.0010986328125,"z":-1.364990234375,"roomId":5555}
{"type":"accel","timestamp":1531636309794,"x":-5.69085693359375,"y":5.7623443603515625,"z":-5.0034637451171875,"roomId":5555}
{"type":"gyro","timestamp":1531636309803,"x":0.3083953857421875,"y":1.093963623046875,"z":-1.294708251953125,"roomId":5555}
{"type":"accel","timestamp":1531636309813,"x":-6.1943206787109375,"y":5.5388336181640625,"z":-3.03466796875,"roomId":5555}
{"type":"gyro","timestamp":1531636309814,"x":0.1928863525390625,"y":0.701141357421875,"z":-1.0997467041015625,"roomId":5555}
{"type":"accel","timestamp":1531636309825,"x":-4.49969482421875,"y":5.2962646484375,"z":-1.328216552734375,"roomId":5555}
{"type":"gyro","timestamp":1531636309827,"x":0.2447967529296875,"y":0.279632568359375,"z":-0.927734375,"roomId":5555}
{"type":"accel","timestamp":1531636309845,"x":-0.5670928955078125,"y":5.7110595703125,"z":-0.0767822265625,"roomId":5555}
{"type":"gyro","timestamp":1531636309846,"x":0.93072509765625,"y":0.1746826171875,"z":-0.77197265625,"roomId":5555}
{"type":"accel","timestamp":1531636309855,"x":0.2326202392578125,"y":6.803314208984375,"z":-1.67041015625,"roomId":5555}
{"type":"gyro","timestamp":1531636309856,"x":1.3968658447265625,"y":0.5631561279296875,"z":-0.798583984375,"roomId":5555}
{"type":"accel","timestamp":1531636309865,"x":-1.2478485107421875,"y":8.4525146484375,"z":-4.1006011962890625,"roomId":5555}
{"type":"gyro","timestamp":1531636309866,"x":1.75286865234375,"y":1.1556854248046875,"z":-0.8308868408203125,"roomId":5555}
{"type":"accel","timestamp":1531636309875,"x":-3.9368743896484375,"y":10.462417602539062,"z":-6.6697540283203125,"roomId":5555}
{"type":"gyro","timestamp":1531636309877,"x":1.8988189697265625,"y":1.7621307373046875,"z":-0.737457275390625,"roomId":5555}
{"type":"accel","timestamp":1531636309885,"x":-6.0490264892578125,"y":12.478851318359375,"z":-9.20135498046875,"roomId":5555}
{"type":"gyro","timestamp":1531636309886,"x":1.7590789794921875,"y":2.050079345703125,"z":-0.4820098876953125,"roomId":5555}
{"type":"accel","timestamp":1531636309895,"x":-6.721343994140625,"y":14.004928588867188,"z":-10.236297607421875,"roomId":5555}
{"type":"gyro","timestamp":1531636309897,"x":1.2859649658203125,"y":1.8444366455078125,"z":-0.187408447265625,"roomId":5555}
{"type":"accel","timestamp":1531636309914,"x":-3.389801025390625,"y":15.90716552734375,"z":-6.7788848876953125,"roomId":5555}
{"type":"gyro","timestamp":1531636309915,"x":0.1094970703125,"y":0.7392730712890625,"z":-0.0121307373046875,"roomId":5555}
{"type":"accel","timestamp":1531636309933,"x":-1.2141571044921875,"y":15.620101928710938,"z":-3.597900390625,"roomId":5555}
{"type":"gyro","timestamp":1531636309934,"x":0.0868988037109375,"y":0.019317626953125,