{"type":"gyro","timestamp":1531636258255,"x":-1.325531005859375,"y":1.4747314453125,"z":-0.1271209716796875,"roomId":5555}
{"type":"accel","timestamp":1531636258273,"x":0.6237335205078125,"y":7.2278289794921875,"z":-3.662109375,"roomId":5555}
{"type":"gyro","timestamp":1531636258274,"x":-1.2308807373046875,"y":2.1564178466796875,"z":-0.2038116455078125,"roomId":5555}
{"type":"accel","timestamp":1531636258293,"x":-1.33868408203125,"y":7.32122802734375,"z":-4.9043731689453125,"roomId":5555}
{"type":"gyro","timestamp":1531636258294,"x":-1.0764312744140625,"y":2.254302978515625,"z":-0.080352783203125,"roomId":5555}
{"type":"accel","timestamp":1531636258304,"x":-2.6381378173828125,"y":6.880035400390625,"z":-6.4344635009765625,"roomId":5555}
{"type":"gyro","timestamp":1531636258305,"x":-0.9746246337890625,"y":2.078369140625,"z":0.1221771240234375,"roomId":5555}
{"type":"accel","timestamp":1531636258314,"x":-3.5909271240234375,"y":6.7349090576171875,"z":-6.969573974609375,"roomId":5555}
{"type":"gyro","timestamp":1531636258316,"x":-0.91741943359375,"y":1.7667083740234375,"z":0.4403076171875,"roomId":5555}
{"type":"accel","timestamp":1531636258325,"x":-4.15679931640625,"y":6.4187469482421875,"z":-7.017852783203125,"roomId":5555}
{"type":"gyro","timestamp":1531636258334,"x":-0.8495635986328125,"y":1.371490478515625,"z":1.35455322265625,"roomId":5555}
{"type":"accel","timestamp":1531636258343,"x":-2.1144256591796875,"y":5.370880126953125,"z":-5.136260986328125,"roomId":5555}
{"type":"gyro","timestamp":1531636258344,"x":-0.83795166015625,"y":1.4444580078125,"z":1.823577880859375,"roomId":5555}
{"type":"accel","timestamp":1531636258362,"x":1.5063323974609375,"y":4.8552093505859375,"z":-3.718963623046875,"roomId":5555}
{"type":"gyro","timestamp":1531636258363,"x":-0.8232879638671875,"y":1.7898712158203125,"z":2.3833160400390625,"roomId":5555}
{"type":"accel","timestamp":1531636258373,"x":2.60382080078125,"y":4.190338134765625,"z":-2.8912506103515625,"roomId":5555}
{"type":"gyro","timestamp":1531636258374,"x":-0.7800140380859375,"y":1.8925628662109375,"z":2.4422607421875,"roomId":5555}
{"type":"accel","timestamp":1531636258383,"x":2.57489013671875,"y":3.1165924072265625,"z":-0.632598876953125,"roomId":5555}
{"type":"gyro","timestamp":1531636258392,"x":-0.2393951416015625,"y":1.9279022216796875,"z":2.3956146240234375,"roomId":5555}
{"type":"accel","timestamp":1531636258402,"x":3.5001678466796875,"y":1.3631439208984375,"z":-1.2457122802734375,"roomId":5555}
{"type":"gyro","timestamp":1531636258403,"x":0.2743377685546875,"y":1.891571044921875,"z":2.3590545654296875,"roomId":5555}
{"type":"accel","timestamp":1531636258413,"x":4.064422607421875,"y":1.3618621826171875,"z":-1.6082305908203125,"roomId":5555}
{"type":"gyro","timestamp":1531636258414,"x":0.83837890625,"y":1.8475799560546875,"z":2.273101806640625,"roomId":5555}
{"type":"accel","timestamp":1531636258423,"x":4.5141448974609375,"y":1.9342498779296875,"z":-3.03656005859375,"roomId":5555}
{"type":"gyro","timestamp":1531636258425,"x":1.4461822509765625,"y":1.7056732177734375,"z":2.13482666015625,"roomId":5555}
{"type":"accel","timestamp":1531636258434,"x":4.3310546875,"y":2.8642578125,"z":-5.0508270263671875,"roomId":5555}
{"type":"gyro","timestamp":1531636258435,"x":1.9795074462890625,"y":1.448211669921875,"z":1.9409637451171875,"roomId":5555}
{"type":"accel","timestamp":1531636258452,"x":4.250946044921875,"y":4.0572357177734375,"z":-7.7263946533203125,"roomId":5555}
{"type":"gyro","timestamp":1531636258453,"x":2.4250640869140625,"y":0.7387237548828125,"z":1.41119384765625,"roomId":5555}
{"type":"accel","timestamp":1531636258462,"x":4.596160888671875,"y":4.2691192626953125,"z":-7.8835296630859375,"roomId":5555}
{"type":"gyro","timestamp":1531636258463,"x":2.269256591796875,"y":0.35076904296875,"z":0.9902191162109375,"roomId":5555}
{"type":"accel","timestamp":1531636258473,"x":4.6356658935546875,"y":4.288909912109375,"z":-7.965423583984375,"roomId":5555}
{"type":"gyro","timestamp":1531636258475,"x":1.9171295166015625,"y":-0.066802978515625,"z":0.478668212890625,"roomId":5555}
{"type":"accel","timestamp":1531636258493,"x":2.577606201171875,"y":2.8558807373046875,"z":-7.5377044677734375,"roomId":5555}
{"type":"gyro","timestamp":1531636258494,"x":0.9022216796875,"y":-0.85162353515625,"z":-0.491851806640625,"roomId":5555}
{"type":"accel","timestamp":1531636258512,"x":0.390777587890625,"y":2.642425537109375,"z":-5.8391265869140625,"roomId":5555}
{"type":"gyro","timestamp":1531636258513,"x":0.1555328369140625,"y":-1.17755126953125,"z":-0.8545684814453125,"roomId":5555}
{"type":"accel","timestamp":1531636258533,"x":0.8304901123046875,"y":3.7439727783203125,"z":-3.4947662353515625,"roomId":5555}
{"type":"gyro","timestamp":1531636258535,"x":-0.266754150390625,"y":-1.4727020263671875,"z":-0.609100341796875,"roomId":5555}
{"type":"accel","timestamp":1531636258543,"x":1.1427001953125,"y":4.5805206298828125,"z":-2.5521392822265625,"roomId":5555}
{"type":"accel","timestamp":1531636258553,"x":1.6087799072265625,"y":5.343017578125,"z":-1.5419158935546875,"roomId":5555}
{"type":"gyro","timestamp":1531636258555,"x":-0.5881500244140625,"y":-1.480560302734375,"z":-0.430633544921875,"roomId":5555}
{"type":"accel","timestamp":1531636258574,"x":2.1176300048828125,"y":5.6480255126953125,"z":1.249603271484375,"roomId":5555}
{"type":"gyro","timestamp":1531636258576,"x":-0.852630615234375,"y":-1.1231536865234375,"z":-0.5674285888671875,"roomId":5555}
{"type":"accel","timestamp":1531636258585,"x":1.2133026123046875,"y":5.590179443359375,"z":2.2558135986328125,"roomId":5555}
{"type":"gyro","timestamp":1531636258587,"x":-0.89105224609375,"y":-0.6878814697265625,"z":-0.69189453125,"roomId":5555}
{"type":"accel","timestamp":1531636258603,"x":-0.5202789306640625,"y":5.5932464599609375,"z":2.292633056640625,"roomId":5555}
{"type":"gyro","timestamp":1531636258605,"x":-0.689788818359375,"y":0.1427764892578125,"z":-0.764007568359375,"roomId":5555}
{"type":"accel","timestamp":1531636258620,"x":-1.5930023193359375,"y":5.9633941650390625,"z":1.231903076171875,"roomId":5555}
{"type":"gyro","timestamp":1531636258621,"x":-0.3218536376953125,"y":0.546844482421875,"z":-0.550140380859375,"roomId":5555}
{"type":"accel","timestamp":1531636258631,"x":-1.651641845703125,"y":6.1128387451171875,"z":1.1715087890625,"roomId":5555}
{"type":"gyro","timestamp":1531636258633,"x":-0.1531524658203125,"y":0.6371612548828125,"z":-0.3990478515625,"roomId":5555}
{"type":"accel","timestamp":1531636258641,"x":-1.502838134765625,"y":6.2177886962890625,"z":1.3632965087890625,"roomId":5555}
{"type":"gyro","timestamp":1531636258642,"x":0.034027099609375,"y":0.690399169921875,"z":-0.2515869140625,"roomId":5555}
{"type":"accel","timestamp":1531636258661,"x":0.784271240234375,"y":6.0742340087890625,"z":1.778900146484375,"roomId":5555}
{"type":"gyro","timestamp":1531636258662,"x":0.6280975341796875,"y":0.7310791015625,"z":-0.0164947509765625,"roomId":5555}
{"type":"accel","timestamp":1531636258672,"x":1.5841522216796875,"y":6.029815673828125,"z":0.425811767578125,"roomId":5555}
{"type":"gyro","timestamp":1531636258673,"x":1.0525665283203125,"y":0.8772735595703125,"z":0.0504150390625,"roomId":5555}
{"type":"accel","timestamp":1531636258682,"x":1.5149688720703125,"y":5.8419647216796875,"z":-1.663604736328125,"roomId":5555}
{"type":"gyro","timestamp":1531636258683,"x":1.4743194580078125,"y":1.2583160400390625,"z":0.1353912353515625,"roomId":5555}
{"type":"accel","timestamp":1531636258699,"x":-0.29339599609375,"y":6.154052734375,"z":-6.21173095703125,"roomId":5555}
{"type":"gyro","timestamp":1531636258701,"x":1.9893951416015625,"y":2.3992919921875,"z":0.460205078125,"roomId":5555}
{"type":"accel","timestamp":1531636258710,"x":-1.228057861328125,"y":6.504180908203125,"z":-8.123764038085938,"roomId":5555}
{"type":"gyro","timestamp":1531636258711,"x":1.962249755859375,"y":2.500762939453125,"z":0.655853271484375,"roomId":5555}
{"type":"accel","timestamp":1531636258721,"x":-1.0077056884765625,