{"type":"accel","timestamp":1531636269498,"x":0.247711181640625,"y":9.105743408203125,"z":-2.35137939453125,"roomId":5555}
{"type":"gyro","timestamp":1531636269499,"x":-0.4108734130859375,"y":1.3238677978515625,"z":0.175872802734375,"roomId":5555}
{"type":"accel","timestamp":1531636269517,"x":-0.455535888671875,"y":8.152023315429688,"z":-1.9058837890625,"roomId":5555}
{"type":"gyro","timestamp":1531636269518,"x":0.034149169921875,"y":2.3344879150390625,"z":0.7684783935546875,"roomId":5555}
{"type":"accel","timestamp":1531636269527,"x":-0.1636199951171875,"y":7.7917327880859375,"z":-2.1826171875,"roomId":5555}
{"type":"gyro","timestamp":1531636269529,"x":0.270965576171875,"y":2.8502960205078125,"z":1.1927490234375,"roomId":5555}
{"type":"accel","timestamp":1531636269538,"x":0.3318634033203125,"y":7.471435546875,"z":-2.1619720458984375,"roomId":5555}
{"type":"gyro","timestamp":1531636269539,"x":0.4976043701171875,"y":3.463134765625,"z":1.6666717529296875,"roomId":5555}
{"type":"accel","timestamp":1531636269557,"x":1.669647216796875,"y":6.0363922119140625,"z":-1.1615753173828125,"roomId":5555}
{"type":"gyro","timestamp":1531636269558,"x":1.0292205810546875,"y":5.0423431396484375,"z":2.673370361328125,"roomId":5555}
{"type":"accel","timestamp":1531636269567,"x":2.4588623046875,"y":4.898956298828125,"z":-0.402618408203125,"roomId":5555}
{"type":"gyro","timestamp":1531636269576,"x":1.7568206787109375,"y":6.576202392578125,"z":3.6934967041015625,"roomId":5555}
{"type":"accel","timestamp":1531636269586,"x":5.067596435546875,"y":2.7256927490234375,"z":-0.2464599609375,"roomId":5555}
{"type":"gyro","timestamp":1531636269587,"x":2.146728515625,"y":7.1985015869140625,"z":4.1692352294921875,"roomId":5555}
{"type":"accel","timestamp":1531636269596,"x":6.875640869140625,"y":2.0839080810546875,"z":-1.41253662109375,"roomId":5555}
{"type":"gyro","timestamp":1531636269597,"x":2.45709228515625,"y":7.728546142578125,"z":4.5704193115234375,"roomId":5555}
{"type":"accel","timestamp":1531636269615,"x":10.345916748046875,"y":1.7181549072265625,"z":-3.9045562744140625,"roomId":5555}
{"type":"gyro","timestamp":1531636269616,"x":2.5754547119140625,"y":8.673812866210938,"z":5.031005859375,"roomId":5555}
{"type":"accel","timestamp":1531636269627,"x":11.405960083007812,"y":1.7815093994140625,"z":-4.6767425537109375,"roomId":5555}
{"type":"gyro","timestamp":1531636269628,"x":2.3689727783203125,"y":9.0889892578125,"z":5.0566864013671875,"roomId":5555}
{"type":"accel","timestamp":1531636269637,"x":11.844223022460938,"y":1.6995697021484375,"z":-4.4238128662109375,"roomId":5555}
{"type":"gyro","timestamp":1531636269638,"x":2.0558319091796875,"y":9.415786743164062,"z":4.971221923828125,"roomId":5555}
{"type":"accel","timestamp":1531636269659,"x":12.293609619140625,"y":1.25439453125,"z":-3.281005859375,"roomId":5555}
{"type":"gyro","timestamp":1531636269661,"x":1.476226806640625,"y":9.794540405273438,"z":4.576690673828125,"roomId":5555}
{"type":"accel","timestamp":1531636269677,"x":9.944122314453125,"y":1.468719482421875,"z":-1.0748443603515625,"roomId":5555}
{"type":"gyro","timestamp":1531636269679,"x":1.213623046875,"y":9.407501220703125,"z":3.8586273193359375,"roomId":5555}
{"type":"accel","timestamp":1531636269688,"x":8.06915283203125,"y":1.511077880859375,"z":0.2698822021484375,"roomId":5555}
{"type":"gyro","timestamp":1531636269691,"x":1.2235260009765625,"y":8.824111938476562,"z":3.4580841064453125,"roomId":5555}
{"type":"accel","timestamp":1531636269706,"x":5.1137847900390625,"y":2.5888214111328125,"z":2.491302490234375,"roomId":5555}
{"type":"gyro","timestamp":1531636269707,"x":1.200042724609375,"y":6.9365386962890625,"z":2.781524658203125,"roomId":5555}
{"type":"accel","timestamp":1531636269716,"x":4.9732208251953125,"y":3.0972137451171875,"z":3.1711578369140625,"roomId":5555}
{"type":"accel","timestamp":1531636269726,"x":5.903167724609375,"y":3.4461517333984375,"z":2.4471282958984375,"roomId":5555}
{"type":"gyro","timestamp":1531636269727,"x":1.397216796875,"y":5.212677001953125,"z":2.2559051513671875,"roomId":5555}
{"type":"accel","timestamp":1531636269745,"x":5.56781005859375,"y":3.576904296875,"z":-0.7258148193359375,"roomId":5555}
{"type":"gyro","timestamp":1531636269746,"x":1.630462646484375,"y":3.5863037109375,"z":1.51959228515625,"roomId":5555}
{"type":"accel","timestamp":1531636269757,"x":4.3297271728515625,"y":3.249481201171875,"z":-1.6368408203125,"roomId":5555}
{"type":"gyro","timestamp":1531636269757,"x":1.5315704345703125,"y":2.8414459228515625,"z":1.2208709716796875,"roomId":5555}
{"type":"accel","timestamp":1531636269775,"x":1.490203857421875,"y":2.734527587890625,"z":-4.222259521484375,"roomId":5555}
{"type":"gyro","timestamp":1531636269776,"x":0.9229278564453125,"y":1.5438385009765625,"z":0.991485595703125,"roomId":5555}
{"type":"accel","timestamp":1531636269786,"x":0.4794464111328125,"y":2.9939422607421875,"z":-6.56109619140625,"roomId":5555}
{"type":"gyro","timestamp":1531636269787,"x":0.3817596435546875,"y":0.620574951171875,"z":1.0420989990234375,"roomId":5555}
{"type":"accel","timestamp":1531636269807,"x":4.2104644775390625,"y":4.368499755859375,"z":-7.3793792724609375,"roomId":5555}
{"type":"gyro","timestamp":1531636269809,"x":-1.100250244140625,"y":-2.795013427734375,"z":0.852020263671875,"roomId":5555}
{"type":"accel","timestamp":1531636269825,"x":7.87939453125,"y":4.534942626953125,"z":-4.522247314453125,"roomId":5555}
{"type":"gyro","timestamp":1531636269826,"x":-1.9452972412109375,"y":-6.6526641845703125,"z":-0.3750152587890625,"roomId":5555}
{"type":"accel","timestamp":1531636269845,"x":9.315200805664062,"y":3.6121978759765625,"z":-3.13848876953125,"roomId":5555}
{"type":"gyro","timestamp":1531636269847,"x":-2.000213623046875,"y":-8.83087158203125,"z":-1.64581298828125,"roomId":5555}
{"type":"accel","timestamp":1531636269855,"x":8.93994140625,"y":3.8265380859375,"z":-2.718109130859375,"roomId":5555}
{"type":"gyro","timestamp":1531636269856,"x":-1.9144287109375,"y":-9.385818481445312,"z":-2.065460205078125,"roomId":5555}
{"type":"accel","timestamp":1531636269865,"x":7.676025390625,"y":3.8585205078125,"z":-3.2371063232421875,"roomId":5555}
{"type":"gyro","timestamp":1531636269866,"x":-1.825286865234375,"y":-9.550704956054688,"z":-2.28936767578125,"roomId":5555}
{"type":"accel","timestamp":1531636269875,"x":6.3217010498046875,"y":4.058258056640625,"z":-4.7152557373046875,"roomId":5555}
{"type":"gyro","timestamp":1531636269876,"x":-1.8207855224609375,"y":-9.3211669921875,"z":-2.3070831298828125,"roomId":5555}
{"type":"accel","timestamp":1531636269894,"x":7.7259368896484375,"y":5.0516204833984375,"z":-5.3397216796875,"roomId":5555}
{"type":"gyro","timestamp":1531636269894,"x":-2.2118682861328125,"y":-8.55194091796875,"z":-2.0467681884765625,"roomId":5555}
{"type":"accel","timestamp":1531636269905,"x":10.150146484375,"y":4.9915008544921875,"z":-4.1173553466796875,"roomId":5555}
{"type":"gyro","timestamp":1531636269906,"x":-2.440399169921875,"y":-8.296432495117188,"z":-2.156646728515625,"roomId":5555}
{"type":"accel","timestamp":1531636269916,"x":13.85858154296875,"y":5.7540283203125,"z":-0.9749603271484375,"roomId":5555}
{"type":"gyro","timestamp":1531636269917,"x":-2.5449371337890625,"y":-8.303955078125,"z":-2.59442138671875,"roomId":5555}
{"type":"accel","timestamp":1531636269934,"x":14.055130004882812,"y":9.280380249023438,"z":5.6428070068359375,"roomId":5555}
{"type":"gyro","timestamp":1531636269935,"x":-1.831573486328125,"y":-7.9227447509765625,"z":-4.204193115234375,"roomId":5555}
{"type":"accel","timestamp":1531636269944,"x":7.102996826171875,"y":10.70025634765625,"z":5.6735382080078125,"roomId":5555}
{"type":"gyro","timestamp":1531636269946,"x":-1.336181640625,"y":-7.046234130859375,"z":-4.9023284912109375,"roomId":5555}
{"type":"accel","timestamp":1531636269955,"x":-2.335357666015625,"y":10.746734619140625,"z":5.9439239501953125,"roomId":5555}
{"type":"gyro","timestamp":1531636269956,"x":-1.0386962890625,"y":-6.1656341552734375,