{"type":"gyro","timestamp":1531636278450,"x":-0.0635833740234375,"y":0.2978363037109375,"z":0.2733306884765625,"roomId":5555}
{"type":"accel","timestamp":1531636278458,"x":-0.8189697265625,"y":8.600662231445312,"z":-6.8460693359375,"roomId":5555}
{"type":"gyro","timestamp":1531636278460,"x":-0.2598114013671875,"y":0.3548431396484375,"z":0.214752197265625,"roomId":5555}
{"type":"accel","timestamp":1531636278478,"x":-1.243316650390625,"y":7.865753173828125,"z":-6.583404541015625,"roomId":5555}
{"type":"gyro","timestamp":1531636278480,"x":-0.5475311279296875,"y":0.7397003173828125,"z":0.3541259765625,"roomId":5555}
{"type":"accel","timestamp":1531636278496,"x":-1.446868896484375,"y":6.886138916015625,"z":-6.2404022216796875,"roomId":5555}
{"type":"gyro","timestamp":1531636278497,"x":-0.602386474609375,"y":1.3675384521484375,"z":0.7646484375,"roomId":5555}
{"type":"accel","timestamp":1531636278506,"x":-1.528564453125,"y":6.2370758056640625,"z":-6.0252685546875,"roomId":5555}
{"type":"gyro","timestamp":1531636278507,"x":-0.5310821533203125,"y":1.69366455078125,"z":1.0517730712890625,"roomId":5555}
{"type":"accel","timestamp":1531636278516,"x":-1.60943603515625,"y":5.2269134521484375,"z":-5.821807861328125,"roomId":5555}
{"type":"gyro","timestamp":1531636278517,"x":-0.3937835693359375,"y":1.9817047119140625,"z":1.403594970703125,"roomId":5555}
{"type":"accel","timestamp":1531636278526,"x":-1.52490234375,"y":3.9097442626953125,"z":-5.86602783203125,"roomId":5555}
{"type":"gyro","timestamp":1531636278527,"x":-0.2083587646484375,"y":2.24041748046875,"z":1.82281494140625,"roomId":5555}
{"type":"accel","timestamp":1531636278536,"x":-1.0175323486328125,"y":2.4065399169921875,"z":-6.778472900390625,"roomId":5555}
{"type":"accel","timestamp":1531636278546,"x":-0.0507965087890625,"y":1.14434814453125,"z":-8.13751220703125,"roomId":5555}
{"type":"gyro","timestamp":1531636278547,"x":0.1105804443359375,"y":2.7535858154296875,"z":2.781158447265625,"roomId":5555}
{"type":"accel","timestamp":1531636278556,"x":1.1574249267578125,"y":0.54876708984375,"z":-8.245819091796875,"roomId":5555}
{"type":"gyro","timestamp":1531636278557,"x":0.1440277099609375,"y":2.9566650390625,"z":3.200775146484375,"roomId":5555}
{"type":"accel","timestamp":1531636278575,"x":2.8686981201171875,"y":0.395965576171875,"z":-4.952301025390625,"roomId":5555}
{"type":"gyro","timestamp":1531636278576,"x":0.3137664794921875,"y":3.35333251953125,"z":3.7557373046875,"roomId":5555}
{"type":"accel","timestamp":1531636278586,"x":4.1832275390625,"y":0.3797149658203125,"z":-4.37469482421875,"roomId":5555}
{"type":"gyro","timestamp":1531636278588,"x":0.5223541259765625,"y":3.6817474365234375,"z":3.9324951171875,"roomId":5555}
{"type":"accel","timestamp":1531636278596,"x":5.904266357421875,"y":0.500213623046875,"z":-4.4881744384765625,"roomId":5555}
{"type":"gyro","timestamp":1531636278597,"x":0.715576171875,"y":3.8767852783203125,"z":3.9830474853515625,"roomId":5555}
{"type":"accel","timestamp":1531636278607,"x":7.1372222900390625,"y":1.0300140380859375,"z":-4.58636474609375,"roomId":5555}
{"type":"gyro","timestamp":1531636278609,"x":0.8573455810546875,"y":3.78839111328125,"z":3.8236846923828125,"roomId":5555}
{"type":"accel","timestamp":1531636278625,"x":5.9598388671875,"y":1.7060089111328125,"z":-7.8657684326171875,"roomId":5555}
{"type":"gyro","timestamp":1531636278625,"x":0.820037841796875,"y":3.3239898681640625,"z":3.0022125244140625,"roomId":5555}
{"type":"accel","timestamp":1531636278635,"x":5.53155517578125,"y":2.2178955078125,"z":-9.438766479492188,"roomId":5555}
{"type":"gyro","timestamp":1531636278636,"x":0.4842529296875,"y":3.0912322998046875,"z":2.579010009765625,"roomId":5555}
{"type":"accel","timestamp":1531636278646,"x":5.2967681884765625,"y":2.4879150390625,"z":-8.949798583984375,"roomId":5555}
{"type":"gyro","timestamp":1531636278647,"x":0.02569580078125,"y":2.6094970703125,"z":2.1128997802734375,"roomId":5555}
{"type":"accel","timestamp":1531636278667,"x":4.7976531982421875,"y":1.2716827392578125,"z":-5.2016754150390625,"roomId":5555}
{"type":"gyro","timestamp":1531636278669,"x":-0.6312408447265625,"y":1.1019744873046875,"z":1.0168914794921875,"roomId":5555}
{"type":"accel","timestamp":1531636278679,"x":6.0856475830078125,"y":1.0547943115234375,"z":-2.597320556640625,"roomId":5555}
{"type":"gyro","timestamp":1531636278681,"x":-0.673492431640625,"y":0.2775726318359375,"z":0.5092926025390625,"roomId":5555}
{"type":"accel","timestamp":1531636278700,"x":7.104095458984375,"y":0.4727935791015625,"z":0.9235076904296875,"roomId":5555}
{"type":"gyro","timestamp":1531636278701,"x":-0.1513214111328125,"y":-0.988983154296875,"z":-0.5701141357421875,"roomId":5555}
{"type":"accel","timestamp":1531636278714,"x":4.9361114501953125,"y":1.5727996826171875,"z":-0.21875,"roomId":5555}
{"type":"gyro","timestamp":1531636278715,"x":0.689971923828125,"y":-1.7641448974609375,"z":-1.6014404296875,"roomId":5555}
{"type":"accel","timestamp":1531636278725,"x":2.524017333984375,"y":2.7216644287109375,"z":-2.15234375,"roomId":5555}
{"type":"gyro","timestamp":1531636278726,"x":1.0410308837890625,"y":-2.3087158203125,"z":-2.04608154296875,"roomId":5555}
{"type":"accel","timestamp":1531636278744,"x":-2.367431640625,"y":6.8537445068359375,"z":-6.86578369140625,"roomId":5555}
{"type":"gyro","timestamp":1531636278745,"x":1.259002685546875,"y":-3.37677001953125,"z":-2.5294342041015625,"roomId":5555}
{"type":"accel","timestamp":1531636278754,"x":-4.8179168701171875,"y":8.548507690429688,"z":-7.0266571044921875,"roomId":5555}
{"type":"gyro","timestamp":1531636278756,"x":1.0883026123046875,"y":-3.629913330078125,"z":-2.51483154296875,"roomId":5555}
{"type":"accel","timestamp":1531636278764,"x":-5.6960296630859375,"y":9.084884643554688,"z":-4.8223114013671875,"roomId":5555}
{"type":"accel","timestamp":1531636278774,"x":-3.9036407470703125,"y":8.741378784179688,"z":-0.6746368408203125,"roomId":5555}
{"type":"gyro","timestamp":1531636278774,"x":0.717987060546875,"y":-2.92041015625,"z":-1.874267578125,"roomId":5555}
{"type":"accel","timestamp":1531636278784,"x":-0.7945709228515625,"y":8.392791748046875,"z":3.60650634765625,"roomId":5555}
{"type":"gyro","timestamp":1531636278785,"x":0.8340606689453125,"y":-2.2632598876953125,"z":-1.446929931640625,"roomId":5555}
{"type":"accel","timestamp":1531636278794,"x":1.6658782958984375,"y":8.499359130859375,"z":6.340911865234375,"roomId":5555}
{"type":"gyro","timestamp":1531636278795,"x":1.247894287109375,"y":-1.5537261962890625,"z":-1.1114501953125,"roomId":5555}
{"type":"accel","timestamp":1531636278805,"x":3.66302490234375,"y":9.124282836914062,"z":7.1331634521484375,"roomId":5555}
{"type":"gyro","timestamp":1531636278806,"x":1.875457763671875,"y":-0.6671600341796875,"z":-0.8518829345703125,"roomId":5555}
{"type":"accel","timestamp":1531636278826,"x":5.256500244140625,"y":11.32574462890625,"z":1.639495849609375,"roomId":5555}
{"type":"gyro","timestamp":1531636278828,"x":3.1804656982421875,"y":1.4282989501953125,"z":-0.5353851318359375,"roomId":5555}
{"type":"accel","timestamp":1531636278846,"x":-0.4383544921875,"y":15.174407958984375,"z":-7.2137908935546875,"roomId":5555}
{"type":"gyro","timestamp":1531636278846,"x":3.197021484375,"y":1.6940460205078125,"z":-0.8778228759765625,"roomId":5555}
{"type":"accel","timestamp":1531636278865,"x":-7.347900390625,"y":17.495773315429688,"z":-7.8609161376953125,"roomId":5555}
{"type":"gyro","timestamp":1531636278867,"x":1.45166015625,"y":0.06256103515625,"z":-1.5652618408203125,"roomId":5555}
{"type":"accel","timestamp":1531636278875,"x":-7.9009857177734375,"y":16.9405517578125,"z":-3.7497711181640625,"roomId":5555}
{"type":"gyro","timestamp":1531636278876,"x":0.6734619140625,"y":-0.4459228515625,"z":-1.5647430419921875,"roomId":5555}
{"type":"accel","timestamp":1531636278885,"x":-7.7499237060546875,"y":15.591217041015625,"z":-0.92755126953125,"roomId":5555}
{"type":"gyro","timestamp":1531636278887,"x":0.4246978759765625,"y":-0.4147186279296875,