{"type":"accel","timestamp":1531636443886,"x":3.363922119140625,"y":6.3409423828125,"z":5.0276947021484375,"roomId":5555}
{"type":"gyro","timestamp":1531636443887,"x":0.00396728515625,"y":-0.0603485107421875,"z":0.0545654296875,"roomId":5555}
{"type":"accel","timestamp":1531636443896,"x":3.2725982666015625,"y":6.2762908935546875,"z":5.0576171875,"roomId":5555}
{"type":"gyro","timestamp":1531636443897,"x":-0.001007080078125,"y":-0.0473175048828125,"z":0.0496368408203125,"roomId":5555}
{"type":"accel","timestamp":1531636443906,"x":3.16851806640625,"y":6.2127532958984375,"z":5.0592803955078125,"roomId":5555}
{"type":"gyro","timestamp":1531636443907,"x":-0.0051116943359375,"y":-0.0307159423828125,"z":0.0564727783203125,"roomId":5555}
{"type":"accel","timestamp":1531636443916,"x":3.21728515625,"y":6.2109527587890625,"z":5.104400634765625,"roomId":5555}
{"type":"gyro","timestamp":1531636443918,"x":-0.001617431640625,"y":-0.0331573486328125,"z":0.067840576171875,"roomId":5555}
{"type":"accel","timestamp":1531636443935,"x":3.52166748046875,"y":6.295562744140625,"z":5.2242889404296875,"roomId":5555}
{"type":"gyro","timestamp":1531636443936,"x":0.0360565185546875,"y":-0.08221435546875,"z":0.0572967529296875,"roomId":5555}
{"type":"accel","timestamp":1531636443945,"x":3.4248199462890625,"y":6.2564697265625,"z":5.150970458984375,"roomId":5555}
{"type":"gyro","timestamp":1531636443946,"x":0.049346923828125,"y":-0.066619873046875,"z":0.042877197265625,"roomId":5555}
{"type":"accel","timestamp":1531636443955,"x":3.3169403076171875,"y":6.1967620849609375,"z":5.0894927978515625,"roomId":5555}
{"type":"gyro","timestamp":1531636443956,"x":0.0448150634765625,"y":-0.0165863037109375,"z":0.0451507568359375,"roomId":5555}
{"type":"accel","timestamp":1531636443975,"x":3.4290313720703125,"y":6.1993255615234375,"z":4.9668731689453125,"roomId":5555}
{"type":"gyro","timestamp":1531636443976,"x":0.0285797119140625,"y":0.06695556640625,"z":0.0740814208984375,"roomId":5555}
{"type":"accel","timestamp":1531636443994,"x":3.475494384765625,"y":6.189971923828125,"z":4.8170013427734375,"roomId":5555}
{"type":"gyro","timestamp":1531636443995,"x":0.0218048095703125,"y":0.0441741943359375,"z":0.0661163330078125,"roomId":5555}
{"type":"accel","timestamp":1531636444005,"x":3.5312042236328125,"y":6.2061767578125,"z":4.8626861572265625,"roomId":5555}
{"type":"gyro","timestamp":1531636444007,"x":0.0240325927734375,"y":-0.00262451171875,"z":0.05267333984375,"roomId":5555}
{"type":"accel","timestamp":1531636444016,"x":3.516143798828125,"y":6.2450103759765625,"z":4.8158111572265625,"roomId":5555}
{"type":"gyro","timestamp":1531636444017,"x":0.0334625244140625,"y":-0.044464111328125,"z":0.036468505859375,"roomId":5555}
{"type":"accel","timestamp":1531636444036,"x":3.3433685302734375,"y":6.1619873046875,"z":4.7808380126953125,"roomId":5555}
{"type":"gyro","timestamp":1531636444037,"x":0.0120697021484375,"y":-0.0496673583984375,"z":0.019256591796875,"roomId":5555}
{"type":"accel","timestamp":1531636444054,"x":3.4647979736328125,"y":6.2046661376953125,"z":4.907257080078125,"roomId":5555}
{"type":"gyro","timestamp":1531636444055,"x":-0.0061798095703125,"y":-0.017608642578125,"z":0.0349884033203125,"roomId":5555}
{"type":"accel","timestamp":1531636444065,"x":3.5046539306640625,"y":6.2538909912109375,"z":4.89019775390625,"roomId":5555}
{"type":"gyro","timestamp":1531636444066,"x":-0.00604248046875,"y":0.0015411376953125,"z":0.0334320068359375,"roomId":5555}
{"type":"accel","timestamp":1531636444075,"x":3.4488983154296875,"y":6.2403717041015625,"z":4.856201171875,"roomId":5555}
{"type":"gyro","timestamp":1531636444076,"x":-0.011932373046875,"y":0.0216217041015625,"z":0.0269012451171875,"roomId":5555}
{"type":"accel","timestamp":1531636444087,"x":3.4765777587890625,"y":6.229034423828125,"z":4.8736572265625,"roomId":5555}
{"type":"gyro","timestamp":1531636444088,"x":-0.0227813720703125,"y":0.031707763671875,"z":0.0224761962890625,"roomId":5555}
{"type":"accel","timestamp":1531636444104,"x":3.5280609130859375,"y":6.2146453857421875,"z":4.8763885498046875,"roomId":5555}
{"type":"gyro","timestamp":1531636444105,"x":-0.040008544921875,"y":0.022003173828125,"z":0.0018768310546875,"roomId":5555}
{"type":"accel","timestamp":1531636444124,"x":3.3940277099609375,"y":6.0630645751953125,"z":4.9342193603515625,"roomId":5555}
{"type":"gyro","timestamp":1531636444125,"x":-0.046783447265625,"y":-0.018218994140625,"z":-0.01226806640625,"roomId":5555}
{"type":"accel","timestamp":1531636444134,"x":3.38812255859375,"y":6.092010498046875,"z":4.946533203125,"roomId":5555}
{"type":"gyro","timestamp":1531636444135,"x":-0.05047607421875,"y":-0.0217132568359375,"z":-0.0080108642578125,"roomId":5555}
{"type":"accel","timestamp":1531636444144,"x":3.3925018310546875,"y":6.0957794189453125,"z":5.032073974609375,"roomId":5555}
{"type":"gyro","timestamp":1531636444145,"x":-0.060272216796875,"y":-0.01531982421875,"z":-0.0063323974609375,"roomId":5555}
{"type":"accel","timestamp":1531636444154,"x":3.3430633544921875,"y":6.100311279296875,"z":5.14007568359375,"roomId":5555}
{"type":"gyro","timestamp":1531636444155,"x":-0.06121826171875,"y":-0.0138702392578125,"z":-0.0075836181640625,"roomId":5555}
{"type":"accel","timestamp":1531636444173,"x":3.33392333984375,"y":6.1506805419921875,"z":5.09368896484375,"roomId":5555}
{"type":"gyro","timestamp":1531636444173,"x":-0.03118896484375,"y":-0.03802490234375,"z":-0.003936767578125,"roomId":5555}
{"type":"accel","timestamp":1531636444183,"x":3.2912445068359375,"y":6.16778564453125,"z":5.020660400390625,"roomId":5555}
{"type":"gyro","timestamp":1531636444184,"x":-0.0250244140625,"y":-0.0450897216796875,"z":-0.002105712890625,"roomId":5555}
{"type":"accel","timestamp":1531636444194,"x":3.25927734375,"y":6.161590576171875,"z":4.972015380859375,"roomId":5555}
{"type":"gyro","timestamp":1531636444195,"x":-0.0250396728515625,"y":-0.0481719970703125,"z":0.0028228759765625,"roomId":5555}
{"type":"accel","timestamp":1531636444204,"x":3.30792236328125,"y":6.1743621826171875,"z":4.94482421875,"roomId":5555}
{"type":"gyro","timestamp":1531636444204,"x":-0.025634765625,"y":-0.0624237060546875,"z":0.0092620849609375,"roomId":5555}
{"type":"accel","timestamp":1531636444214,"x":3.4814910888671875,"y":6.2071990966796875,"z":5.0052032470703125,"roomId":5555}
{"type":"gyro","timestamp":1531636444215,"x":-0.0247039794921875,"y":-0.0879058837890625,"z":0.0103759765625,"roomId":5555}
{"type":"accel","timestamp":1531636444233,"x":3.62615966796875,"y":6.2871246337890625,"z":5.04010009765625,"roomId":5555}
{"type":"gyro","timestamp":1531636444234,"x":-0.0267791748046875,"y":-0.0566864013671875,"z":-0.01214599609375,"roomId":5555}
{"type":"accel","timestamp":1531636444243,"x":3.4963836669921875,"y":6.231597900390625,"z":4.940643310546875,"roomId":5555}
{"type":"gyro","timestamp":1531636444244,"x":-0.044677734375,"y":-0.0010833740234375,"z":-0.0183258056640625,"roomId":5555}
{"type":"accel","timestamp":1531636444254,"x":3.4270477294921875,"y":6.1575469970703125,"z":4.914215087890625,"roomId":5555}
{"type":"gyro","timestamp":1531636444256,"x":-0.07403564453125,"y":0.0436553955078125,"z":-0.0130462646484375,"roomId":5555}
{"type":"accel","timestamp":1531636444273,"x":3.5632476806640625,"y":6.1368408203125,"z":5.1847381591796875,"roomId":5555}
{"type":"gyro","timestamp":1531636444274,"x":-0.0987548828125,"y":0.0303497314453125,"z":0.0011749267578125,"roomId":5555}
{"type":"accel","timestamp":1531636444285,"x":3.6172332763671875,"y":6.1270294189453125,"z":5.2907562255859375,"roomId":5555}
{"type":"gyro","timestamp":1531636444286,"x":-0.0787353515625,"y":-0.006591796875,"z":-0.0063018798828125,"roomId":5555}
{"type":"accel","timestamp":1531636444304,"x":3.4919281005859375,"y":6.158233642578125,"z":5.207763671875,"roomId":5555}
{"type":"gyro","timestamp":1531636444304,"x":-0.029693603515625,"y":-0.042572021484375,"z":-0.0290069580078125,"roomId":5555}
{"type":"accel","timestamp":1531636444324,"x":3.338470458984375,