{"type":"gyro","timestamp":1531636417369,"x":0.0190277099609375,"y":-0.0225982666015625,"z":0.0380706787109375,"roomId":5555}
{"type":"accel","timestamp":1531636417385,"x":-0.2943878173828125,"y":-1.2194671630859375,"z":9.695602416992188,"roomId":5555}
{"type":"gyro","timestamp":1531636417391,"x":0.0088043212890625,"y":-0.0012054443359375,"z":0.0433349609375,"roomId":5555}
{"type":"accel","timestamp":1531636417397,"x":-0.243133544921875,"y":-1.2119140625,"z":9.785812377929688,"roomId":5555}
{"type":"gyro","timestamp":1531636417403,"x":0.02130126953125,"y":-0.0275726318359375,"z":0.0294342041015625,"roomId":5555}
{"type":"accel","timestamp":1531636417413,"x":-0.26055908203125,"y":-1.214691162109375,"z":9.803146362304688,"roomId":5555}
{"type":"gyro","timestamp":1531636417414,"x":0.0364532470703125,"y":-0.03033447265625,"z":0.021820068359375,"roomId":5555}
{"type":"accel","timestamp":1531636417423,"x":-0.2414703369140625,"y":-1.19757080078125,"z":9.759307861328125,"roomId":5555}
{"type":"gyro","timestamp":1531636417425,"x":0.0407562255859375,"y":-0.0176544189453125,"z":0.0173492431640625,"roomId":5555}
{"type":"accel","timestamp":1531636417433,"x":-0.25372314453125,"y":-1.1903076171875,"z":9.771041870117188,"roomId":5555}
{"type":"accel","timestamp":1531636417444,"x":-0.333282470703125,"y":-1.2015533447265625,"z":9.752914428710938,"roomId":5555}
{"type":"gyro","timestamp":1531636417445,"x":0.0194244384765625,"y":0.023773193359375,"z":0.007537841796875,"roomId":5555}
{"type":"accel","timestamp":1531636417454,"x":-0.4225311279296875,"y":-1.220001220703125,"z":9.706314086914062,"roomId":5555}
{"type":"gyro","timestamp":1531636417455,"x":0.0088958740234375,"y":0.038116455078125,"z":0.0103302001953125,"roomId":5555}
{"type":"accel","timestamp":1531636417464,"x":-0.477020263671875,"y":-1.2169036865234375,"z":9.704544067382812,"roomId":5555}
{"type":"gyro","timestamp":1531636417465,"x":0.0026092529296875,"y":0.035614013671875,"z":0.020538330078125,"roomId":5555}
{"type":"accel","timestamp":1531636417475,"x":-0.45770263671875,"y":-1.2260284423828125,"z":9.7239990234375,"roomId":5555}
{"type":"gyro","timestamp":1531636417476,"x":0.0018463134765625,"y":0.009918212890625,"z":0.03094482421875,"roomId":5555}
{"type":"accel","timestamp":1531636417485,"x":-0.4839324951171875,"y":-1.2360076904296875,"z":9.710723876953125,"roomId":5555}
{"type":"gyro","timestamp":1531636417486,"x":0.013824462890625,"y":-0.0261077880859375,"z":0.0359954833984375,"roomId":5555}
{"type":"accel","timestamp":1531636417504,"x":-0.287933349609375,"y":-1.2359161376953125,"z":9.611038208007812,"roomId":5555}
{"type":"gyro","timestamp":1531636417506,"x":0.0359649658203125,"y":-0.094268798828125,"z":0.0518798828125,"roomId":5555}
{"type":"accel","timestamp":1531636417514,"x":-0.1068267822265625,"y":-1.2141265869140625,"z":9.760299682617188,"roomId":5555}
{"type":"gyro","timestamp":1531636417515,"x":0.035430908203125,"y":-0.1103515625,"z":0.044677734375,"roomId":5555}
{"type":"accel","timestamp":1531636417524,"x":-0.0699920654296875,"y":-1.2089385986328125,"z":9.849136352539062,"roomId":5555}
{"type":"accel","timestamp":1531636417544,"x":-0.3429107666015625,"y":-1.1576690673828125,"z":9.587081909179688,"roomId":5555}
{"type":"gyro","timestamp":1531636417546,"x":0.048858642578125,"y":-0.0638885498046875,"z":0.0092010498046875,"roomId":5555}
{"type":"accel","timestamp":1531636417554,"x":-0.42974853515625,"y":-1.149627685546875,"z":9.516036987304688,"roomId":5555}
{"type":"gyro","timestamp":1531636417555,"x":0.0450897216796875,"y":-0.019866943359375,"z":0.0086517333984375,"roomId":5555}
{"type":"accel","timestamp":1531636417564,"x":-0.4708099365234375,"y":-1.1616363525390625,"z":9.5350341796875,"roomId":5555}
{"type":"gyro","timestamp":1531636417565,"x":0.025390625,"y":0.011138916015625,"z":0.0178985595703125,"roomId":5555}
{"type":"accel","timestamp":1531636417574,"x":-0.36932373046875,"y":-1.2040252685546875,"z":9.611221313476562,"roomId":5555}
{"type":"gyro","timestamp":1531636417575,"x":0.003509521484375,"y":0.014404296875,"z":0.0295562744140625,"roomId":5555}
{"type":"accel","timestamp":1531636417593,"x":-0.222869873046875,"y":-1.1855926513671875,"z":9.578704833984375,"roomId":5555}
{"type":"gyro","timestamp":1531636417594,"x":-0.0028076171875,"y":-0.04974365234375,"z":0.044586181640625,"roomId":5555}
{"type":"accel","timestamp":1531636417603,"x":-0.15301513671875,"y":-1.1738128662109375,"z":9.521484375,"roomId":5555}
{"type":"gyro","timestamp":1531636417605,"x":0.0073699951171875,"y":-0.0894012451171875,"z":0.042022705078125,"roomId":5555}
{"type":"accel","timestamp":1531636417614,"x":-0.0525054931640625,"y":-1.2166290283203125,"z":9.71405029296875,"roomId":5555}
{"type":"gyro","timestamp":1531636417615,"x":0.0081329345703125,"y":-0.11962890625,"z":0.0361480712890625,"roomId":5555}
{"type":"accel","timestamp":1531636417624,"x":-0.0881195068359375,"y":-1.27362060546875,"z":10.02349853515625,"roomId":5555}
{"type":"gyro","timestamp":1531636417626,"x":-0.003936767578125,"y":-0.13763427734375,"z":0.01983642578125,"roomId":5555}
{"type":"accel","timestamp":1531636417634,"x":-0.262481689453125,"y":-1.3334503173828125,"z":10.15863037109375,"roomId":5555}
{"type":"gyro","timestamp":1531636417635,"x":-0.0095977783203125,"y":-0.14373779296875,"z":-0.004180908203125,"roomId":5555}
{"type":"accel","timestamp":1531636417644,"x":-0.4032135009765625,"y":-1.3311614990234375,"z":10.067047119140625,"roomId":5555}
{"type":"gyro","timestamp":1531636417645,"x":0.0081329345703125,"y":-0.122039794921875,"z":-0.0152587890625,"roomId":5555}
{"type":"accel","timestamp":1531636417663,"x":-0.228424072265625,"y":-1.14849853515625,"z":9.8369140625,"roomId":5555}
{"type":"gyro","timestamp":1531636417665,"x":0.04803466796875,"y":-0.01556396484375,"z":0.016998291015625,"roomId":5555}
{"type":"accel","timestamp":1531636417673,"x":-0.1102447509765625,"y":-1.021820068359375,"z":9.805191040039062,"roomId":5555}
{"type":"accel","timestamp":1531636417684,"x":-0.11968994140625,"y":-0.946563720703125,"z":9.753677368164062,"roomId":5555}
{"type":"gyro","timestamp":1531636417685,"x":0.034027099609375,"y":0.0546112060546875,"z":0.0349273681640625,"roomId":5555}
{"type":"accel","timestamp":1531636417704,"x":-0.3823089599609375,"y":-1.1133270263671875,"z":9.834274291992188,"roomId":5555}
{"type":"gyro","timestamp":1531636417705,"x":0.0104522705078125,"y":0.0352325439453125,"z":0.0005950927734375,"roomId":5555}
{"type":"accel","timestamp":1531636417723,"x":-0.37982177734375,"y":-1.180999755859375,"z":9.999923706054688,"roomId":5555}
{"type":"gyro","timestamp":1531636417724,"x":0.009033203125,"y":-0.0164031982421875,"z":0.0032806396484375,"roomId":5555}
{"type":"accel","timestamp":1531636417734,"x":-0.3299407958984375,"y":-1.177642822265625,"z":9.995330810546875,"roomId":5555}
{"type":"gyro","timestamp":1531636417735,"x":0.0222320556640625,"y":-0.03643798828125,"z":0.0189971923828125,"roomId":5555}
{"type":"accel","timestamp":1531636417744,"x":-0.2280120849609375,"y":-1.1892547607421875,"z":9.990463256835938,"roomId":5555}
{"type":"gyro","timestamp":1531636417745,"x":0.0447998046875,"y":-0.048736572265625,"z":0.0321502685546875,"roomId":5555}
{"type":"accel","timestamp":1531636417764,"x":-0.146728515625,"y":-1.1133880615234375,"z":9.826492309570312,"roomId":5555}
{"type":"gyro","timestamp":1531636417767,"x":0.0839080810546875,"y":-0.0653533935546875,"z":0.041473388671875,"roomId":5555}
{"type":"accel","timestamp":1531636417785,"x":-0.1994781494140625,"y":-1.1894989013671875,"z":9.597946166992188,"roomId":5555}
{"type":"gyro","timestamp":1531636417786,"x":0.0926055908203125,"y":-0.02239990234375,"z":0.027862548828125,"roomId":5555}
{"type":"accel","timestamp":1531636417804,"x":-0.19970703125,"y":-1.23016357421875,"z":9.633926391601562,"roomId":5555}
{"type":"gyro","timestamp":1531636417806,"x":0.0499114990234375,"y":0.01171875,"z":0.024566650390625,"roomId":5555}
{"type":"accel","timestamp":1531636417815,"x":-0.2740478515625,