{"type":"accel","timestamp":1531636436586,"x":3.3536529541015625,"y":6.1909942626953125,"z":5.540924072265625,"roomId":5555}
{"type":"gyro","timestamp":1531636436587,"x":0.266021728515625,"y":-0.0049896240234375,"z":-0.0143280029296875,"roomId":5555}
{"type":"accel","timestamp":1531636436605,"x":3.377166748046875,"y":6.4912109375,"z":4.681732177734375,"roomId":5555}
{"type":"gyro","timestamp":1531636436606,"x":0.3323211669921875,"y":-0.0863800048828125,"z":-0.021881103515625,"roomId":5555}
{"type":"accel","timestamp":1531636436625,"x":3.300201416015625,"y":6.612335205078125,"z":4.06396484375,"roomId":5555}
{"type":"gyro","timestamp":1531636436626,"x":0.227203369140625,"y":0.01220703125,"z":-0.0203399658203125,"roomId":5555}
{"type":"accel","timestamp":1531636436636,"x":3.257354736328125,"y":6.6255950927734375,"z":3.9988250732421875,"roomId":5555}
{"type":"gyro","timestamp":1531636436639,"x":0.1238555908203125,"y":0.1062774658203125,"z":-0.0124359130859375,"roomId":5555}
{"type":"accel","timestamp":1531636436653,"x":3.0436248779296875,"y":6.4564971923828125,"z":4.228973388671875,"roomId":5555}
{"type":"gyro","timestamp":1531636436654,"x":-0.0579833984375,"y":0.17425537109375,"z":-0.0019378662109375,"roomId":5555}
{"type":"accel","timestamp":1531636436664,"x":2.9688568115234375,"y":6.3813018798828125,"z":4.412933349609375,"roomId":5555}
{"type":"gyro","timestamp":1531636436666,"x":-0.0994415283203125,"y":0.1040496826171875,"z":0.0036163330078125,"roomId":5555}
{"type":"accel","timestamp":1531636436674,"x":2.944610595703125,"y":6.2996368408203125,"z":4.6267242431640625,"roomId":5555}
{"type":"accel","timestamp":1531636436685,"x":2.927764892578125,"y":6.2091827392578125,"z":4.8581695556640625,"roomId":5555}
{"type":"gyro","timestamp":1531636436688,"x":-0.1033172607421875,"y":-0.1349639892578125,"z":0.0055694580078125,"roomId":5555}
{"type":"accel","timestamp":1531636436695,"x":3.112579345703125,"y":6.1161041259765625,"z":5.16943359375,"roomId":5555}
{"type":"gyro","timestamp":1531636436704,"x":-0.01422119140625,"y":-0.352691650390625,"z":-0.0176239013671875,"roomId":5555}
{"type":"accel","timestamp":1531636436714,"x":3.2907257080078125,"y":6.0145263671875,"z":5.240509033203125,"roomId":5555}
{"type":"gyro","timestamp":1531636436715,"x":0.034820556640625,"y":-0.3419647216796875,"z":-0.0372161865234375,"roomId":5555}
{"type":"accel","timestamp":1531636436725,"x":3.3103790283203125,"y":5.9824676513671875,"z":5.096527099609375,"roomId":5555}
{"type":"gyro","timestamp":1531636436735,"x":0.0493927001953125,"y":-0.239593505859375,"z":-0.0475921630859375,"roomId":5555}
{"type":"accel","timestamp":1531636436744,"x":3.3389892578125,"y":5.984771728515625,"z":4.7640380859375,"roomId":5555}
{"type":"gyro","timestamp":1531636436746,"x":0.0363616943359375,"y":-0.080718994140625,"z":-0.045135498046875,"roomId":5555}
{"type":"accel","timestamp":1531636436763,"x":3.5196990966796875,"y":6.10321044921875,"z":4.6685028076171875,"roomId":5555}
{"type":"gyro","timestamp":1531636436765,"x":-0.0220947265625,"y":0.2118682861328125,"z":-0.04290771484375,"roomId":5555}
{"type":"accel","timestamp":1531636436774,"x":3.6788482666015625,"y":6.1802825927734375,"z":4.67742919921875,"roomId":5555}
{"type":"gyro","timestamp":1531636436775,"x":-0.0272064208984375,"y":0.229766845703125,"z":-0.0523223876953125,"roomId":5555}
{"type":"accel","timestamp":1531636436792,"x":3.6397857666015625,"y":6.396575927734375,"z":4.4772796630859375,"roomId":5555}
{"type":"gyro","timestamp":1531636436793,"x":-0.0067138671875,"y":0.190185546875,"z":-0.0933685302734375,"roomId":5555}
{"type":"accel","timestamp":1531636436803,"x":3.5565643310546875,"y":6.4913787841796875,"z":4.271759033203125,"roomId":5555}
{"type":"gyro","timestamp":1531636436804,"x":-0.0071563720703125,"y":0.1939239501953125,"z":-0.110321044921875,"roomId":5555}
{"type":"accel","timestamp":1531636436813,"x":3.437042236328125,"y":6.658203125,"z":4.0930023193359375,"roomId":5555}
{"type":"gyro","timestamp":1531636436814,"x":-0.0187835693359375,"y":0.2135772705078125,"z":-0.12060546875,"roomId":5555}
{"type":"accel","timestamp":1531636436823,"x":3.3164825439453125,"y":6.766845703125,"z":4.0153961181640625,"roomId":5555}
{"type":"gyro","timestamp":1531636436825,"x":-0.044708251953125,"y":0.2333526611328125,"z":-0.1277618408203125,"roomId":5555}
{"type":"accel","timestamp":1531636436834,"x":3.2233123779296875,"y":6.7917327880859375,"z":4.0218963623046875,"roomId":5555}
{"type":"gyro","timestamp":1531636436836,"x":-0.0851593017578125,"y":0.22979736328125,"z":-0.13104248046875,"roomId":5555}
{"type":"accel","timestamp":1531636436853,"x":3.1661529541015625,"y":6.736297607421875,"z":4.2327423095703125,"roomId":5555}
{"type":"gyro","timestamp":1531636436854,"x":-0.1839141845703125,"y":0.1761322021484375,"z":-0.141632080078125,"roomId":5555}
{"type":"accel","timestamp":1531636436863,"x":3.3173675537109375,"y":6.790008544921875,"z":4.3449554443359375,"roomId":5555}
{"type":"gyro","timestamp":1531636436865,"x":-0.232421875,"y":0.1486358642578125,"z":-0.141387939453125,"roomId":5555}
{"type":"accel","timestamp":1531636436874,"x":3.3297119140625,"y":6.8386077880859375,"z":4.5833282470703125,"roomId":5555}
{"type":"gyro","timestamp":1531636436875,"x":-0.282501220703125,"y":0.1131134033203125,"z":-0.1473388671875,"roomId":5555}
{"type":"accel","timestamp":1531636436884,"x":3.1622314453125,"y":6.7144622802734375,"z":4.929931640625,"roomId":5555}
{"type":"gyro","timestamp":1531636436886,"x":-0.3364410400390625,"y":0.07232666015625,"z":-0.166656494140625,"roomId":5555}
{"type":"accel","timestamp":1531636436896,"x":3.0584564208984375,"y":6.5778350830078125,"z":5.3564605712890625,"roomId":5555}
{"type":"gyro","timestamp":1531636436898,"x":-0.389556884765625,"y":0.043182373046875,"z":-0.1888427734375,"roomId":5555}
{"type":"accel","timestamp":1531636436914,"x":2.960906982421875,"y":6.493560791015625,"z":5.8338775634765625,"roomId":5555}
{"type":"gyro","timestamp":1531636436915,"x":-0.445220947265625,"y":0.010284423828125,"z":-0.1942138671875,"roomId":5555}
{"type":"accel","timestamp":1531636436936,"x":2.800537109375,"y":6.306732177734375,"z":6.4705352783203125,"roomId":5555}
{"type":"gyro","timestamp":1531636436938,"x":-0.441131591796875,"y":-0.05377197265625,"z":-0.209808349609375,"roomId":5555}
{"type":"accel","timestamp":1531636436955,"x":2.419097900390625,"y":6.0113067626953125,"z":6.675811767578125,"roomId":5555}
{"type":"gyro","timestamp":1531636436957,"x":-0.37554931640625,"y":-0.1117401123046875,"z":-0.2428131103515625,"roomId":5555}
{"type":"gyro","timestamp":1531636436973,"x":-0.2952880859375,"y":-0.1067352294921875,"z":-0.2315826416015625,"roomId":5555}
{"type":"accel","timestamp":1531636436984,"x":2.43756103515625,"y":5.8858489990234375,"z":7.0113983154296875,"roomId":5555}
{"type":"gyro","timestamp":1531636436985,"x":-0.2442474365234375,"y":-0.0842437744140625,"z":-0.2222900390625,"roomId":5555}
{"type":"accel","timestamp":1531636437003,"x":2.4537200927734375,"y":5.82135009765625,"z":6.8255615234375,"roomId":5555}
{"type":"gyro","timestamp":1531636437004,"x":-0.1036224365234375,"y":-0.024627685546875,"z":-0.20257568359375,"roomId":5555}
{"type":"accel","timestamp":1531636437022,"x":2.27142333984375,"y":5.80029296875,"z":6.4716033935546875,"roomId":5555}
{"type":"gyro","timestamp":1531636437024,"x":0.0218353271484375,"y":0.0302581787109375,"z":-0.1662139892578125,"roomId":5555}
{"type":"accel","timestamp":1531636437034,"x":2.223388671875,"y":5.8193817138671875,"z":6.26885986328125,"roomId":5555}
{"type":"gyro","timestamp":1531636437035,"x":0.0722808837890625,"y":0.063446044921875,"z":-0.140411376953125,"roomId":5555}
{"type":"accel","timestamp":1531636437055,"x":2.22528076171875,"y":5.866363525390625,"z":5.8681488037109375,"roomId":5555}
{"type":"gyro","timestamp":1531636437057,"x":0.16204833984375,"y":0.081085205078125,"z":-0.081787109375,"roomId":5555}
{"type":"accel","timestamp":1531636437071,"x":2.361236572265625,"y":5.8894195556640625,