{"type":"accel","timestamp":1531636425351,"x":-3.9893341064453125,"y":-0.3768310546875,"z":12.19219970703125,"roomId":5555}
{"type":"gyro","timestamp":1531636425360,"x":-0.5802001953125,"y":0.5100250244140625,"z":-0.2822418212890625,"roomId":5555}
{"type":"accel","timestamp":1531636425370,"x":-3.7252349853515625,"y":-0.7371368408203125,"z":11.530838012695312,"roomId":5555}
{"type":"gyro","timestamp":1531636425371,"x":-0.48858642578125,"y":0.4000091552734375,"z":-0.1794891357421875,"roomId":5555}
{"type":"accel","timestamp":1531636425381,"x":-3.7400970458984375,"y":-0.94525146484375,"z":11.385223388671875,"roomId":5555}
{"type":"gyro","timestamp":1531636425382,"x":-0.4332733154296875,"y":0.3042755126953125,"z":-0.096771240234375,"roomId":5555}
{"type":"accel","timestamp":1531636425402,"x":-3.9230194091796875,"y":-1.271240234375,"z":10.898040771484375,"roomId":5555}
{"type":"gyro","timestamp":1531636425403,"x":-0.305877685546875,"y":0.04132080078125,"z":0.076141357421875,"roomId":5555}
{"type":"accel","timestamp":1531636425420,"x":-3.3315582275390625,"y":-1.2696380615234375,"z":10.855255126953125,"roomId":5555}
{"type":"gyro","timestamp":1531636425422,"x":-0.1757354736328125,"y":-0.307525634765625,"z":0.2364044189453125,"roomId":5555}
{"type":"accel","timestamp":1531636425431,"x":-2.8493194580078125,"y":-1.299468994140625,"z":10.952178955078125,"roomId":5555}
{"type":"gyro","timestamp":1531636425433,"x":-0.0872039794921875,"y":-0.477447509765625,"z":0.269134521484375,"roomId":5555}
{"type":"accel","timestamp":1531636425441,"x":-2.46270751953125,"y":-1.3050079345703125,"z":10.953475952148438,"roomId":5555}
{"type":"gyro","timestamp":1531636425444,"x":0.01531982421875,"y":-0.6009368896484375,"z":0.272918701171875,"roomId":5555}
{"type":"accel","timestamp":1531636425462,"x":-2.3291015625,"y":-1.4416961669921875,"z":10.549331665039062,"roomId":5555}
{"type":"gyro","timestamp":1531636425463,"x":0.17608642578125,"y":-0.6412200927734375,"z":0.2635650634765625,"roomId":5555}
{"type":"accel","timestamp":1531636425480,"x":-1.9979095458984375,"y":-1.2465057373046875,"z":9.8983154296875,"roomId":5555}
{"type":"gyro","timestamp":1531636425481,"x":0.204193115234375,"y":-0.393890380859375,"z":0.2835235595703125,"roomId":5555}
{"type":"accel","timestamp":1531636425491,"x":-1.7424774169921875,"y":-1.0891876220703125,"z":9.703598022460938,"roomId":5555}
{"type":"gyro","timestamp":1531636425492,"x":0.1708984375,"y":-0.2205963134765625,"z":0.27178955078125,"roomId":5555}
{"type":"accel","timestamp":1531636425509,"x":-1.5496368408203125,"y":-1.0602569580078125,"z":9.91253662109375,"roomId":5555}
{"type":"gyro","timestamp":1531636425510,"x":0.0884857177734375,"y":0.0908355712890625,"z":0.1846466064453125,"roomId":5555}
{"type":"accel","timestamp":1531636425519,"x":-1.5036163330078125,"y":-1.142822265625,"z":10.0406494140625,"roomId":5555}
{"type":"gyro","timestamp":1531636425520,"x":0.0826263427734375,"y":0.1929779052734375,"z":0.1293182373046875,"roomId":5555}
{"type":"accel","timestamp":1531636425530,"x":-1.59490966796875,"y":-1.1112060546875,"z":10.001968383789062,"roomId":5555}
{"type":"gyro","timestamp":1531636425531,"x":0.102508544921875,"y":0.259674072265625,"z":0.0748138427734375,"roomId":5555}
{"type":"accel","timestamp":1531636425540,"x":-1.912628173828125,"y":-1.0831146240234375,"z":9.777496337890625,"roomId":5555}
{"type":"gyro","timestamp":1531636425549,"x":0.15753173828125,"y":0.3125,"z":0.0049896240234375,"roomId":5555}
{"type":"accel","timestamp":1531636425559,"x":-2.3545379638671875,"y":-1.1291351318359375,"z":9.186859130859375,"roomId":5555}
{"type":"gyro","timestamp":1531636425560,"x":0.16046142578125,"y":0.2910614013671875,"z":0.0048828125,"roomId":5555}
{"type":"accel","timestamp":1531636425570,"x":-2.3573150634765625,"y":-1.07666015625,"z":9.16583251953125,"roomId":5555}
{"type":"gyro","timestamp":1531636425572,"x":0.150604248046875,"y":0.25299072265625,"z":0.0122833251953125,"roomId":5555}
{"type":"accel","timestamp":1531636425589,"x":-2.361480712890625,"y":-0.9904937744140625,"z":9.096481323242188,"roomId":5555}
{"type":"gyro","timestamp":1531636425590,"x":0.1629638671875,"y":0.137359619140625,"z":0.0181732177734375,"roomId":5555}
{"type":"accel","timestamp":1531636425599,"x":-2.275054931640625,"y":-0.91290283203125,"z":9.173355102539062,"roomId":5555}
{"type":"gyro","timestamp":1531636425600,"x":0.1709747314453125,"y":0.067291259765625,"z":0.0199432373046875,"roomId":5555}
{"type":"accel","timestamp":1531636425610,"x":-2.3149566650390625,"y":-0.889617919921875,"z":9.252700805664062,"roomId":5555}
{"type":"gyro","timestamp":1531636425611,"x":0.1737060546875,"y":0.0231475830078125,"z":0.0158538818359375,"roomId":5555}
{"type":"accel","timestamp":1531636425628,"x":-2.3104248046875,"y":-1.035400390625,"z":9.341339111328125,"roomId":5555}
{"type":"gyro","timestamp":1531636425629,"x":0.1827850341796875,"y":-0.0310211181640625,"z":0.019866943359375,"roomId":5555}
{"type":"accel","timestamp":1531636425638,"x":-2.2258453369140625,"y":-1.0474395751953125,"z":9.289413452148438,"roomId":5555}
{"type":"gyro","timestamp":1531636425639,"x":0.1883087158203125,"y":-0.0786590576171875,"z":0.0293121337890625,"roomId":5555}
{"type":"accel","timestamp":1531636425648,"x":-2.055084228515625,"y":-0.960174560546875,"z":9.102981567382812,"roomId":5555}
{"type":"gyro","timestamp":1531636425649,"x":0.1873931884765625,"y":-0.1127777099609375,"z":0.03765869140625,"roomId":5555}
{"type":"accel","timestamp":1531636425659,"x":-1.8033294677734375,"y":-0.876708984375,"z":8.957855224609375,"roomId":5555}
{"type":"gyro","timestamp":1531636425660,"x":0.1689910888671875,"y":-0.1194000244140625,"z":0.0411376953125,"roomId":5555}
{"type":"accel","timestamp":1531636425678,"x":-1.2697906494140625,"y":-0.761962890625,"z":9.48223876953125,"roomId":5555}
{"type":"gyro","timestamp":1531636425679,"x":0.1063232421875,"y":-0.063568115234375,"z":-0.0146942138671875,"roomId":5555}
{"type":"accel","timestamp":1531636425688,"x":-1.5366363525390625,"y":-0.9190826416015625,"z":9.577804565429688,"roomId":5555}
{"type":"gyro","timestamp":1531636425689,"x":0.0988616943359375,"y":-0.0007781982421875,"z":-0.0735015869140625,"roomId":5555}
{"type":"accel","timestamp":1531636425698,"x":-1.968994140625,"y":-1.1039276123046875,"z":9.382278442382812,"roomId":5555}
{"type":"gyro","timestamp":1531636425699,"x":0.095794677734375,"y":0.071136474609375,"z":-0.0979156494140625,"roomId":5555}
{"type":"accel","timestamp":1531636425709,"x":-2.312103271484375,"y":-1.199920654296875,"z":9.106353759765625,"roomId":5555}
{"type":"gyro","timestamp":1531636425710,"x":0.0757904052734375,"y":0.1165313720703125,"z":-0.07867431640625,"roomId":5555}
{"type":"accel","timestamp":1531636425728,"x":-2.1734161376953125,"y":-1.22625732421875,"z":9.2452392578125,"roomId":5555}
{"type":"gyro","timestamp":1531636425729,"x":0.010406494140625,"y":0.0861663818359375,"z":-0.00732421875,"roomId":5555}
{"type":"accel","timestamp":1531636425738,"x":-2.0305633544921875,"y":-1.2354278564453125,"z":9.580062866210938,"roomId":5555}
{"type":"gyro","timestamp":1531636425739,"x":0.01080322265625,"y":0.00836181640625,"z":0.0037841796875,"roomId":5555}
{"type":"accel","timestamp":1531636425748,"x":-1.9050140380859375,"y":-1.28668212890625,"z":9.652114868164062,"roomId":5555}
{"type":"accel","timestamp":1531636425758,"x":-1.8466033935546875,"y":-1.254669189453125,"z":9.594345092773438,"roomId":5555}
{"type":"gyro","timestamp":1531636425759,"x":0.0830535888671875,"y":-0.084259033203125,"z":0.010101318359375,"roomId":5555}
{"type":"accel","timestamp":1531636425768,"x":-1.8439178466796875,"y":-1.2159576416015625,"z":9.54608154296875,"roomId":5555}
{"type":"accel","timestamp":1531636425778,"x":-1.7487335205078125,"y":-1.183502197265625,"z":9.458480834960938,"roomId":5555}
{"type":"gyro","timestamp":1531636425779,"x":0.085906982421875,"y":-0.04833984375,"z":0.0288848876953125,"roomId":5555}
{"type":"accel","timestamp":1531636425797,"x":-1.8142547607421875,