{"type":"gyro","timestamp":1531636420535,"x":0.0035552978515625,"y":-0.00079345703125,"z":-0.012237548828125,"roomId":5555}
{"type":"accel","timestamp":1531636420544,"x":0.5751953125,"y":8.240310668945312,"z":-1.2636566162109375,"roomId":5555}
{"type":"gyro","timestamp":1531636420545,"x":-0.0102386474609375,"y":-0.004974365234375,"z":-0.0041046142578125,"roomId":5555}
{"type":"accel","timestamp":1531636420554,"x":0.583953857421875,"y":8.245407104492188,"z":-1.2906494140625,"roomId":5555}
{"type":"gyro","timestamp":1531636420556,"x":-0.0277252197265625,"y":-0.0055389404296875,"z":0.006378173828125,"roomId":5555}
{"type":"accel","timestamp":1531636420564,"x":0.606475830078125,"y":8.245407104492188,"z":-1.2620849609375,"roomId":5555}
{"type":"gyro","timestamp":1531636420566,"x":-0.044769287109375,"y":0.001800537109375,"z":0.0176239013671875,"roomId":5555}
{"type":"accel","timestamp":1531636420584,"x":0.6765594482421875,"y":8.21942138671875,"z":-1.1104736328125,"roomId":5555}
{"type":"gyro","timestamp":1531636420586,"x":-0.0614471435546875,"y":0.011474609375,"z":0.0254364013671875,"roomId":5555}
{"type":"accel","timestamp":1531636420595,"x":0.6639556884765625,"y":8.220779418945312,"z":-1.034210205078125,"roomId":5555}
{"type":"gyro","timestamp":1531636420597,"x":-0.064056396484375,"y":0.0215911865234375,"z":0.024566650390625,"roomId":5555}
{"type":"accel","timestamp":1531636420605,"x":0.6828765869140625,"y":8.264480590820312,"z":-1.0176239013671875,"roomId":5555}
{"type":"gyro","timestamp":1531636420614,"x":-0.0634002685546875,"y":0.050018310546875,"z":0.0251617431640625,"roomId":5555}
{"type":"accel","timestamp":1531636420624,"x":0.678558349609375,"y":8.356948852539062,"z":-1.03759765625,"roomId":5555}
{"type":"gyro","timestamp":1531636420625,"x":-0.065032958984375,"y":0.0553741455078125,"z":0.02752685546875,"roomId":5555}
{"type":"accel","timestamp":1531636420635,"x":0.7018280029296875,"y":8.373809814453125,"z":-0.9798736572265625,"roomId":5555}
{"type":"gyro","timestamp":1531636420636,"x":-0.0608978271484375,"y":0.044769287109375,"z":0.029205322265625,"roomId":5555}
{"type":"accel","timestamp":1531636420651,"x":0.7355804443359375,"y":8.419021606445312,"z":-0.9862518310546875,"roomId":5555}
{"type":"gyro","timestamp":1531636420652,"x":-0.0352325439453125,"y":0.0126495361328125,"z":0.0421905517578125,"roomId":5555}
{"type":"accel","timestamp":1531636420663,"x":0.781982421875,"y":8.44775390625,"z":-0.9864349365234375,"roomId":5555}
{"type":"gyro","timestamp":1531636420664,"x":-0.02410888671875,"y":0.0065765380859375,"z":0.049957275390625,"roomId":5555}
{"type":"accel","timestamp":1531636420682,"x":0.95477294921875,"y":8.401336669921875,"z":-1.1087493896484375,"roomId":5555}
{"type":"gyro","timestamp":1531636420684,"x":-0.0022430419921875,"y":-0.005279541015625,"z":0.054473876953125,"roomId":5555}
{"type":"accel","timestamp":1531636420693,"x":0.9925689697265625,"y":8.3778076171875,"z":-1.1652679443359375,"roomId":5555}
{"type":"gyro","timestamp":1531636420694,"x":-0.00531005859375,"y":-0.0057830810546875,"z":0.049652099609375,"roomId":5555}
{"type":"accel","timestamp":1531636420703,"x":0.958221435546875,"y":8.333541870117188,"z":-1.1269378662109375,"roomId":5555}
{"type":"gyro","timestamp":1531636420712,"x":-0.0353240966796875,"y":0.02008056640625,"z":0.0340118408203125,"roomId":5555}
{"type":"accel","timestamp":1531636420722,"x":0.9108734130859375,"y":8.307327270507812,"z":-0.9431610107421875,"roomId":5555}
{"type":"gyro","timestamp":1531636420723,"x":-0.0457916259765625,"y":0.0491790771484375,"z":0.0229949951171875,"roomId":5555}
{"type":"accel","timestamp":1531636420733,"x":0.8054962158203125,"y":8.282913208007812,"z":-0.8414154052734375,"roomId":5555}
{"type":"gyro","timestamp":1531636420734,"x":-0.047943115234375,"y":0.079254150390625,"z":0.0116424560546875,"roomId":5555}
{"type":"accel","timestamp":1531636420743,"x":0.7532196044921875,"y":8.261199951171875,"z":-0.9012603759765625,"roomId":5555}
{"type":"gyro","timestamp":1531636420744,"x":-0.0439453125,"y":0.0914154052734375,"z":0.0061492919921875,"roomId":5555}
{"type":"accel","timestamp":1531636420761,"x":0.769012451171875,"y":8.384429931640625,"z":-1.1436614990234375,"roomId":5555}
{"type":"gyro","timestamp":1531636420762,"x":-0.04248046875,"y":0.0596160888671875,"z":-0.00128173828125,"roomId":5555}
{"type":"accel","timestamp":1531636420773,"x":0.7810821533203125,"y":8.394775390625,"z":-1.1814117431640625,"roomId":5555}
{"type":"gyro","timestamp":1531636420774,"x":-0.0427398681640625,"y":0.0318450927734375,"z":-0.00836181640625,"roomId":5555}
{"type":"accel","timestamp":1531636420783,"x":0.7511749267578125,"y":8.3692626953125,"z":-1.1269989013671875,"roomId":5555}
{"type":"gyro","timestamp":1531636420784,"x":-0.04022216796875,"y":0.0008544921875,"z":-0.013458251953125,"roomId":5555}
{"type":"accel","timestamp":1531636420803,"x":0.725433349609375,"y":8.362503051757812,"z":-0.99786376953125,"roomId":5555}
{"type":"gyro","timestamp":1531636420803,"x":-0.025360107421875,"y":-0.005706787109375,"z":0.0039825439453125,"roomId":5555}
{"type":"accel","timestamp":1531636420821,"x":0.7519683837890625,"y":8.331893920898438,"z":-0.982635498046875,"roomId":5555}
{"type":"gyro","timestamp":1531636420823,"x":-0.0183868408203125,"y":0.05633544921875,"z":0.029083251953125,"roomId":5555}
{"type":"accel","timestamp":1531636420833,"x":0.748046875,"y":8.291610717773438,"z":-1.05914306640625,"roomId":5555}
{"type":"gyro","timestamp":1531636420834,"x":-0.023284912109375,"y":0.084930419921875,"z":0.0371246337890625,"roomId":5555}
{"type":"accel","timestamp":1531636420843,"x":0.7545623779296875,"y":8.275482177734375,"z":-1.10272216796875,"roomId":5555}
{"type":"gyro","timestamp":1531636420844,"x":-0.032958984375,"y":0.101837158203125,"z":0.0446929931640625,"roomId":5555}
{"type":"accel","timestamp":1531636420853,"x":0.721282958984375,"y":8.253280639648438,"z":-1.077545166015625,"roomId":5555}
{"type":"gyro","timestamp":1531636420854,"x":-0.04400634765625,"y":0.1066741943359375,"z":0.0446319580078125,"roomId":5555}
{"type":"accel","timestamp":1531636420872,"x":0.687744140625,"y":8.21142578125,"z":-1.0851593017578125,"roomId":5555}
{"type":"gyro","timestamp":1531636420873,"x":-0.05548095703125,"y":0.065093994140625,"z":0.0277252197265625,"roomId":5555}
{"type":"accel","timestamp":1531636420892,"x":0.7410888671875,"y":8.244308471679688,"z":-1.0816497802734375,"roomId":5555}
{"type":"gyro","timestamp":1531636420894,"x":-0.0563812255859375,"y":0.034149169921875,"z":0.0055389404296875,"roomId":5555}
{"type":"accel","timestamp":1531636420902,"x":0.7208404541015625,"y":8.251815795898438,"z":-1.0356903076171875,"roomId":5555}
{"type":"gyro","timestamp":1531636420905,"x":-0.057403564453125,"y":0.0391998291015625,"z":-0.0007781982421875,"roomId":5555}
{"type":"accel","timestamp":1531636420912,"x":0.7503204345703125,"y":8.274383544921875,"z":-0.9678802490234375,"roomId":5555}
{"type":"gyro","timestamp":1531636420922,"x":-0.037384033203125,"y":0.022430419921875,"z":0.0074310302734375,"roomId":5555}
{"type":"accel","timestamp":1531636420930,"x":0.80059814453125,"y":8.354598999023438,"z":-0.952392578125,"roomId":5555}
{"type":"accel","timestamp":1531636420940,"x":0.839630126953125,"y":8.392715454101562,"z":-0.9517059326171875,"roomId":5555}
{"type":"gyro","timestamp":1531636420941,"x":-0.0145263671875,"y":-0.0186004638671875,"z":0.027313232421875,"roomId":5555}
{"type":"accel","timestamp":1531636420950,"x":0.869537353515625,"y":8.3878173828125,"z":-0.938385009765625,"roomId":5555}
{"type":"gyro","timestamp":1531636420951,"x":-0.0108642578125,"y":-0.005615234375,"z":0.0413055419921875,"roomId":5555}
{"type":"accel","timestamp":1531636420960,"x":0.849517822265625,"y":8.373733520507812,"z":-0.9137725830078125,"roomId":5555}
{"type":"gyro","timestamp":1531636420961,"x":-0.0111236572265625,"y":0.0343475341796875,"z":0.0564117431640625,"roomId":5555}
{"type":"accel","timestamp":1531636420970,"x":0.772705078125,"y":8.341461181640625,