{"type":"accel","timestamp":1531636423015,"x":-1.5610809326171875,"y":7.550201416015625,"z":-1.2933349609375,"roomId":5555}
{"type":"gyro","timestamp":1531636423016,"x":0.0731048583984375,"y":-0.2464599609375,"z":0.1220550537109375,"roomId":5555}
{"type":"accel","timestamp":1531636423025,"x":-1.6768341064453125,"y":7.6257476806640625,"z":-1.3199005126953125,"roomId":5555}
{"type":"gyro","timestamp":1531636423026,"x":0.0677032470703125,"y":-0.289398193359375,"z":0.0663299560546875,"roomId":5555}
{"type":"accel","timestamp":1531636423035,"x":-1.815185546875,"y":7.7524566650390625,"z":-1.449981689453125,"roomId":5555}
{"type":"accel","timestamp":1531636423045,"x":-2.0044403076171875,"y":7.94500732421875,"z":-1.56201171875,"roomId":5555}
{"type":"gyro","timestamp":1531636423046,"x":0.0530853271484375,"y":-0.2568359375,"z":0.0533599853515625,"roomId":5555}
{"type":"accel","timestamp":1531636423057,"x":-2.137664794921875,"y":8.119308471679688,"z":-1.524017333984375,"roomId":5555}
{"type":"gyro","timestamp":1531636423058,"x":0.020263671875,"y":-0.2008514404296875,"z":0.096832275390625,"roomId":5555}
{"type":"accel","timestamp":1531636423075,"x":-2.2563629150390625,"y":8.144332885742188,"z":-1.4210968017578125,"roomId":5555}
{"type":"gyro","timestamp":1531636423075,"x":-0.02655029296875,"y":-0.1123046875,"z":0.2063140869140625,"roomId":5555}
{"type":"accel","timestamp":1531636423085,"x":-2.106536865234375,"y":8.08544921875,"z":-1.3492279052734375,"roomId":5555}
{"type":"gyro","timestamp":1531636423087,"x":-0.0390472412109375,"y":-0.0842437744140625,"z":0.248931884765625,"roomId":5555}
{"type":"accel","timestamp":1531636423097,"x":-1.9342498779296875,"y":8.027450561523438,"z":-1.26873779296875,"roomId":5555}
{"type":"gyro","timestamp":1531636423098,"x":-0.042236328125,"y":-0.0774078369140625,"z":0.26519775390625,"roomId":5555}
{"type":"accel","timestamp":1531636423114,"x":-1.780181884765625,"y":7.9308013916015625,"z":-1.3276519775390625,"roomId":5555}
{"type":"gyro","timestamp":1531636423115,"x":-0.0286407470703125,"y":-0.1399078369140625,"z":0.2265472412109375,"roomId":5555}
{"type":"accel","timestamp":1531636423124,"x":-1.659912109375,"y":7.8934783935546875,"z":-1.3275909423828125,"roomId":5555}
{"type":"gyro","timestamp":1531636423126,"x":-0.029022216796875,"y":-0.174346923828125,"z":0.1953582763671875,"roomId":5555}
{"type":"accel","timestamp":1531636423134,"x":-1.500244140625,"y":7.9196014404296875,"z":-1.2730255126953125,"roomId":5555}
{"type":"accel","timestamp":1531636423145,"x":-1.28057861328125,"y":8.045425415039062,"z":-1.2443389892578125,"roomId":5555}
{"type":"gyro","timestamp":1531636423145,"x":-0.03997802734375,"y":-0.2115325927734375,"z":0.1459197998046875,"roomId":5555}
{"type":"accel","timestamp":1531636423157,"x":-1.1954193115234375,"y":8.169265747070312,"z":-1.29302978515625,"roomId":5555}
{"type":"gyro","timestamp":1531636423158,"x":-0.04779052734375,"y":-0.238037109375,"z":0.117919921875,"roomId":5555}
{"type":"accel","timestamp":1531636423175,"x":-1.230865478515625,"y":8.273910522460938,"z":-1.24481201171875,"roomId":5555}
{"type":"gyro","timestamp":1531636423175,"x":-0.0650482177734375,"y":-0.2119293212890625,"z":0.0831451416015625,"roomId":5555}
{"type":"accel","timestamp":1531636423185,"x":-1.153045654296875,"y":8.283233642578125,"z":-1.13604736328125,"roomId":5555}
{"type":"gyro","timestamp":1531636423185,"x":-0.0623779296875,"y":-0.1607666015625,"z":0.0857086181640625,"roomId":5555}
{"type":"accel","timestamp":1531636423195,"x":-1.0579071044921875,"y":8.24310302734375,"z":-1.0850677490234375,"roomId":5555}
{"type":"gyro","timestamp":1531636423196,"x":-0.047760009765625,"y":-0.0936737060546875,"z":0.08538818359375,"roomId":5555}
{"type":"accel","timestamp":1531636423205,"x":-1.0785369873046875,"y":8.14691162109375,"z":-1.072845458984375,"roomId":5555}
{"type":"gyro","timestamp":1531636423214,"x":-0.0217742919921875,"y":-0.0051422119140625,"z":0.05023193359375,"roomId":5555}
{"type":"accel","timestamp":1531636423229,"x":-1.354705810546875,"y":8.227493286132812,"z":-0.85302734375,"roomId":5555}
{"type":"gyro","timestamp":1531636423229,"x":-0.0218048095703125,"y":-0.02069091796875,"z":0.0213775634765625,"roomId":5555}
{"type":"accel","timestamp":1531636423243,"x":-1.79071044921875,"y":8.460357666015625,"z":-0.8593902587890625,"roomId":5555}
{"type":"gyro","timestamp":1531636423244,"x":0.0035552978515625,"y":-0.07708740234375,"z":-0.0077667236328125,"roomId":5555}
{"type":"accel","timestamp":1531636423257,"x":-1.974273681640625,"y":8.444122314453125,"z":-1.052490234375,"roomId":5555}
{"type":"gyro","timestamp":1531636423257,"x":0.0152130126953125,"y":-0.0683441162109375,"z":0.0232391357421875,"roomId":5555}
{"type":"accel","timestamp":1531636423273,"x":-1.9823760986328125,"y":8.123199462890625,"z":-1.262725830078125,"roomId":5555}
{"type":"gyro","timestamp":1531636423274,"x":0.0054168701171875,"y":-0.0169525146484375,"z":0.1365966796875,"roomId":5555}
{"type":"accel","timestamp":1531636423283,"x":-1.7723236083984375,"y":7.9945831298828125,"z":-1.2122344970703125,"roomId":5555}
{"type":"gyro","timestamp":1531636423284,"x":-0.006134033203125,"y":0.0067291259765625,"z":0.1826324462890625,"roomId":5555}
{"type":"accel","timestamp":1531636423293,"x":-1.47442626953125,"y":7.9987030029296875,"z":-1.0904693603515625,"roomId":5555}
{"type":"gyro","timestamp":1531636423294,"x":-0.0218353271484375,"y":0.003021240234375,"z":0.1899871826171875,"roomId":5555}
{"type":"accel","timestamp":1531636423303,"x":-1.24017333984375,"y":8.155624389648438,"z":-0.8893585205078125,"roomId":5555}
{"type":"gyro","timestamp":1531636423305,"x":-0.0338134765625,"y":-0.0375823974609375,"z":0.1478118896484375,"roomId":5555}
{"type":"accel","timestamp":1531636423313,"x":-1.1761016845703125,"y":8.34881591796875,"z":-0.8950958251953125,"roomId":5555}
{"type":"accel","timestamp":1531636423324,"x":-1.2772064208984375,"y":8.458648681640625,"z":-1.1163330078125,"roomId":5555}
{"type":"gyro","timestamp":1531636423324,"x":-0.0172882080078125,"y":-0.137725830078125,"z":0.0050811767578125,"roomId":5555}
{"type":"accel","timestamp":1531636423343,"x":-1.473052978515625,"y":8.632110595703125,"z":-1.2474822998046875,"roomId":5555}
{"type":"gyro","timestamp":1531636423343,"x":-0.0089874267578125,"y":-0.186737060546875,"z":-0.07525634765625,"roomId":5555}
{"type":"accel","timestamp":1531636423357,"x":-1.53704833984375,"y":8.681671142578125,"z":-1.23834228515625,"roomId":5555}
{"type":"gyro","timestamp":1531636423357,"x":0.0070037841796875,"y":-0.1809539794921875,"z":-0.0915374755859375,"roomId":5555}
{"type":"accel","timestamp":1531636423373,"x":-1.370758056640625,"y":8.580734252929688,"z":-1.4507904052734375,"roomId":5555}
{"type":"gyro","timestamp":1531636423373,"x":0.0217437744140625,"y":-0.0942840576171875,"z":-0.064666748046875,"roomId":5555}
{"type":"accel","timestamp":1531636423383,"x":-1.292388916015625,"y":8.466644287109375,"z":-1.5056610107421875,"roomId":5555}
{"type":"gyro","timestamp":1531636423383,"x":-0.0094146728515625,"y":-0.0320587158203125,"z":-0.0453338623046875,"roomId":5555}
{"type":"gyro","timestamp":1531636423393,"x":-0.0516357421875,"y":0.0176849365234375,"z":-0.0348968505859375,"roomId":5555}
{"type":"accel","timestamp":1531636423403,"x":-1.4681396484375,"y":8.412185668945312,"z":-1.1748809814453125,"roomId":5555}
{"type":"gyro","timestamp":1531636423403,"x":-0.0812835693359375,"y":0.04779052734375,"z":-0.038482666015625,"roomId":5555}
{"type":"gyro","timestamp":1531636423413,"x":-0.083160400390625,"y":0.0515289306640625,"z":-0.0528411865234375,"roomId":5555}
{"type":"accel","timestamp":1531636423425,"x":-1.7939605712890625,"y":8.425399780273438,"z":-0.9737091064453125,"roomId":5555}
{"type":"gyro","timestamp":1531636423426,"x":-0.0631103515625,"y":0.0316009521484375,"z":-0.0605010986328125,"roomId":5555}
{"type":"accel","timestamp":1531636423442,"x":-1.981597900390625,"y":8.373870849609375,"z":-0.920074462890625,"roomId":5555}
{"type":"gyro",