{"type":"gyro","timestamp":1531636409082,"x":0.0115509033203125,"y":0.000152587890625,"z":0.0212554931640625,"roomId":5555}
{"type":"gyro","timestamp":1531636409092,"x":0.0096282958984375,"y":0.0016632080078125,"z":0.015777587890625,"roomId":5555}
{"type":"accel","timestamp":1531636409101,"x":1.208465576171875,"y":8.230682373046875,"z":-1.2105255126953125,"roomId":5555}
{"type":"gyro","timestamp":1531636409102,"x":0.0052642822265625,"y":-0.0064239501953125,"z":0.0115966796875,"roomId":5555}
{"type":"accel","timestamp":1531636409111,"x":1.2898406982421875,"y":8.282363891601562,"z":-1.12384033203125,"roomId":5555}
{"type":"gyro","timestamp":1531636409120,"x":-0.0086669921875,"y":-0.0146331787109375,"z":0.006988525390625,"roomId":5555}
{"type":"accel","timestamp":1531636409130,"x":1.2660064697265625,"y":8.233657836914062,"z":-1.0792083740234375,"roomId":5555}
{"type":"gyro","timestamp":1531636409131,"x":-0.0109405517578125,"y":-0.003936767578125,"z":-0.0008392333984375,"roomId":5555}
{"type":"accel","timestamp":1531636409140,"x":1.2806854248046875,"y":8.233291625976562,"z":-1.108245849609375,"roomId":5555}
{"type":"gyro","timestamp":1531636409141,"x":-0.0098876953125,"y":-0.0000762939453125,"z":-0.005096435546875,"roomId":5555}
{"type":"accel","timestamp":1531636409150,"x":1.34271240234375,"y":8.271865844726562,"z":-1.1144561767578125,"roomId":5555}
{"type":"gyro","timestamp":1531636409151,"x":-0.0120697021484375,"y":-0.00299072265625,"z":0.00140380859375,"roomId":5555}
{"type":"accel","timestamp":1531636409160,"x":1.3690185546875,"y":8.299148559570312,"z":-1.08514404296875,"roomId":5555}
{"type":"accel","timestamp":1531636409170,"x":1.3747711181640625,"y":8.28216552734375,"z":-1.0653533935546875,"roomId":5555}
{"type":"gyro","timestamp":1531636409170,"x":-0.02581787109375,"y":-0.0038604736328125,"z":0.0273895263671875,"roomId":5555}
{"type":"accel","timestamp":1531636409180,"x":1.3612060546875,"y":8.272109985351562,"z":-1.0323028564453125,"roomId":5555}
{"type":"gyro","timestamp":1531636409181,"x":-0.0276336669921875,"y":0.000152587890625,"z":0.0417327880859375,"roomId":5555}
{"type":"accel","timestamp":1531636409190,"x":1.344512939453125,"y":8.2694091796875,"z":-1.03558349609375,"roomId":5555}
{"type":"accel","timestamp":1531636409200,"x":1.4320220947265625,"y":8.260055541992188,"z":-1.0635986328125,"roomId":5555}
{"type":"gyro","timestamp":1531636409201,"x":-0.0167388916015625,"y":-0.0034027099609375,"z":0.0526580810546875,"roomId":5555}
{"type":"accel","timestamp":1531636409211,"x":1.4511566162109375,"y":8.264434814453125,"z":-1.1088104248046875,"roomId":5555}
{"type":"gyro","timestamp":1531636409213,"x":-0.01287841796875,"y":-0.0009918212890625,"z":0.0461273193359375,"roomId":5555}
{"type":"accel","timestamp":1531636409231,"x":1.4089813232421875,"y":8.236587524414062,"z":-1.164703369140625,"roomId":5555}
{"type":"gyro","timestamp":1531636409232,"x":-0.0182647705078125,"y":0.0181884765625,"z":0.018646240234375,"roomId":5555}
{"type":"accel","timestamp":1531636409250,"x":1.4964599609375,"y":8.298019409179688,"z":-1.093109130859375,"roomId":5555}
{"type":"gyro","timestamp":1531636409251,"x":-0.0274200439453125,"y":0.0209197998046875,"z":-0.0061798095703125,"roomId":5555}
{"type":"accel","timestamp":1531636409270,"x":1.49224853515625,"y":8.290878295898438,"z":-1.1075439453125,"roomId":5555}
{"type":"gyro","timestamp":1531636409271,"x":-0.0258636474609375,"y":0.0023651123046875,"z":-0.0184173583984375,"roomId":5555}
{"type":"gyro","timestamp":1531636409281,"x":-0.02801513671875,"y":0.0069580078125,"z":-0.0191192626953125,"roomId":5555}
{"type":"accel","timestamp":1531636409291,"x":1.4872283935546875,"y":8.30279541015625,"z":-1.02374267578125,"roomId":5555}
{"type":"gyro","timestamp":1531636409292,"x":-0.031524658203125,"y":0.0175933837890625,"z":-0.0159912109375,"roomId":5555}
{"type":"accel","timestamp":1531636409301,"x":1.417694091796875,"y":8.288681030273438,"z":-1.0046234130859375,"roomId":5555}
{"type":"gyro","timestamp":1531636409302,"x":-0.0287933349609375,"y":0.0245513916015625,"z":-0.0121307373046875,"roomId":5555}
{"type":"accel","timestamp":1531636409319,"x":1.3657379150390625,"y":8.309646606445312,"z":-0.9903717041015625,"roomId":5555}
{"type":"gyro","timestamp":1531636409321,"x":-0.0146636962890625,"y":0.0145111083984375,"z":-0.0051116943359375,"roomId":5555}
{"type":"accel","timestamp":1531636409331,"x":1.3826446533203125,"y":8.29010009765625,"z":-0.99560546875,"roomId":5555}
{"type":"gyro","timestamp":1531636409332,"x":-0.010101318359375,"y":0.00030517578125,"z":-0.0033721923828125,"roomId":5555}
{"type":"accel","timestamp":1531636409341,"x":1.4010467529296875,"y":8.259689331054688,"z":-1.0160064697265625,"roomId":5555}
{"type":"gyro","timestamp":1531636409343,"x":-0.004608154296875,"y":-0.0084991455078125,"z":-0.006011962890625,"roomId":5555}
{"type":"accel","timestamp":1531636409351,"x":1.3888397216796875,"y":8.257125854492188,"z":-0.9958038330078125,"roomId":5555}
{"type":"gyro","timestamp":1531636409352,"x":-0.0026702880859375,"y":-0.0050048828125,"z":-0.01007080078125,"roomId":5555}
{"type":"accel","timestamp":1531636409369,"x":1.2875213623046875,"y":8.247283935546875,"z":-1.04156494140625,"roomId":5555}
{"type":"gyro","timestamp":1531636409371,"x":-0.0016326904296875,"y":0.006103515625,"z":-0.013702392578125,"roomId":5555}
{"type":"accel","timestamp":1531636409380,"x":1.258209228515625,"y":8.2354736328125,"z":-1.0647125244140625,"roomId":5555}
{"type":"gyro","timestamp":1531636409381,"x":-0.00787353515625,"y":0.0240325927734375,"z":-0.011749267578125,"roomId":5555}
{"type":"accel","timestamp":1531636409399,"x":1.32708740234375,"y":8.22808837890625,"z":-1.048614501953125,"roomId":5555}
{"type":"gyro","timestamp":1531636409401,"x":-0.0203094482421875,"y":0.0493011474609375,"z":-0.00750732421875,"roomId":5555}
{"type":"accel","timestamp":1531636409409,"x":1.40533447265625,"y":8.21966552734375,"z":-0.984771728515625,"roomId":5555}
{"type":"accel","timestamp":1531636409421,"x":1.4290618896484375,"y":8.22686767578125,"z":-0.974517822265625,"roomId":5555}
{"type":"gyro","timestamp":1531636409423,"x":-0.0266265869140625,"y":0.048919677734375,"z":-0.01708984375,"roomId":5555}
{"type":"accel","timestamp":1531636409438,"x":1.3247833251953125,"y":8.244110107421875,"z":-0.963592529296875,"roomId":5555}
{"type":"gyro","timestamp":1531636409439,"x":-0.0211334228515625,"y":0.0241851806640625,"z":-0.036102294921875,"roomId":5555}
{"type":"accel","timestamp":1531636409448,"x":1.1683502197265625,"y":8.256210327148438,"z":-0.96014404296875,"roomId":5555}
{"type":"gyro","timestamp":1531636409449,"x":-0.01708984375,"y":0.0060577392578125,"z":-0.041107177734375,"roomId":5555}
{"type":"accel","timestamp":1531636409458,"x":1.0115814208984375,"y":8.243209838867188,"z":-0.97589111328125,"roomId":5555}
{"type":"gyro","timestamp":1531636409459,"x":-0.014801025390625,"y":-0.0030059814453125,"z":-0.0372161865234375,"roomId":5555}
{"type":"accel","timestamp":1531636409470,"x":0.9131927490234375,"y":8.245407104492188,"z":-1.028167724609375,"roomId":5555}
{"type":"gyro","timestamp":1531636409471,"x":-0.016448974609375,"y":-0.0078277587890625,"z":-0.023193359375,"roomId":5555}
{"type":"accel","timestamp":1531636409488,"x":1.062835693359375,"y":8.225799560546875,"z":-1.0127105712890625,"roomId":5555}
{"type":"gyro","timestamp":1531636409489,"x":-0.0255126953125,"y":-0.002044677734375,"z":0.020904541015625,"roomId":5555}
{"type":"accel","timestamp":1531636409498,"x":1.14910888671875,"y":8.241500854492188,"z":-0.955047607421875,"roomId":5555}
{"type":"gyro","timestamp":1531636409499,"x":-0.0244903564453125,"y":0.013275146484375,"z":0.038726806640625,"roomId":5555}
{"type":"accel","timestamp":1531636409508,"x":1.24786376953125,"y":8.229171752929688,"z":-0.9413604736328125,"roomId":5555}
{"type":"gyro","timestamp":1531636409510,"x":-0.0214691162109375,"y":0.037628173828125,"z":0.0481109619140625,"roomId":5555}
{"type":"accel","timestamp":1531636409518,