{"type":"accel","timestamp":1531636429184,"x":0.7703094482421875,"y":8.44525146484375,"z":0.0869903564453125,"roomId":5555}
{"type":"gyro","timestamp":1531636429185,"x":0.0310211181640625,"y":-0.020477294921875,"z":0.004974365234375,"roomId":5555}
{"type":"accel","timestamp":1531636429194,"x":0.7534027099609375,"y":8.380569458007812,"z":0.0086517333984375,"roomId":5555}
{"type":"gyro","timestamp":1531636429195,"x":0.0376129150390625,"y":-0.0413360595703125,"z":0.004608154296875,"roomId":5555}
{"type":"accel","timestamp":1531636429204,"x":0.7808990478515625,"y":8.36505126953125,"z":-0.0439300537109375,"roomId":5555}
{"type":"gyro","timestamp":1531636429213,"x":0.0161590576171875,"y":-0.0325469970703125,"z":0.0028076171875,"roomId":5555}
{"type":"accel","timestamp":1531636429224,"x":0.7087860107421875,"y":8.275222778320312,"z":0.0030975341796875,"roomId":5555}
{"type":"gyro","timestamp":1531636429224,"x":-0.0022430419921875,"y":0.0099945068359375,"z":0.0024871826171875,"roomId":5555}
{"type":"accel","timestamp":1531636429234,"x":0.66058349609375,"y":8.28662109375,"z":0.0347900390625,"roomId":5555}
{"type":"gyro","timestamp":1531636429234,"x":-0.0164337158203125,"y":0.047271728515625,"z":0.0034027099609375,"roomId":5555}
{"type":"accel","timestamp":1531636429244,"x":0.62274169921875,"y":8.30194091796875,"z":0.021575927734375,"roomId":5555}
{"type":"gyro","timestamp":1531636429244,"x":-0.0219879150390625,"y":0.0596771240234375,"z":0.002197265625,"roomId":5555}
{"type":"accel","timestamp":1531636429254,"x":0.5955047607421875,"y":8.310577392578125,"z":0.0279693603515625,"roomId":5555}
{"type":"gyro","timestamp":1531636429255,"x":-0.0222930908203125,"y":0.042510986328125,"z":-0.0023956298828125,"roomId":5555}
{"type":"accel","timestamp":1531636429264,"x":0.605316162109375,"y":8.308517456054688,"z":0.05401611328125,"roomId":5555}
{"type":"gyro","timestamp":1531636429265,"x":-0.01953125,"y":0.0097198486328125,"z":-0.0039215087890625,"roomId":5555}
{"type":"accel","timestamp":1531636429274,"x":0.637176513671875,"y":8.317428588867188,"z":0.0589752197265625,"roomId":5555}
{"type":"gyro","timestamp":1531636429275,"x":-0.01336669921875,"y":-0.01470947265625,"z":0.0016632080078125,"roomId":5555}
{"type":"accel","timestamp":1531636429284,"x":0.6866912841796875,"y":8.334793090820312,"z":0.0204315185546875,"roomId":5555}
{"type":"gyro","timestamp":1531636429287,"x":-0.0078887939453125,"y":-0.0174713134765625,"z":0.01275634765625,"roomId":5555}
{"type":"accel","timestamp":1531636429294,"x":0.754150390625,"y":8.345413208007812,"z":-0.00836181640625,"roomId":5555}
{"type":"gyro","timestamp":1531636429296,"x":-0.0048370361328125,"y":-0.0047607421875,"z":0.0265960693359375,"roomId":5555}
{"type":"accel","timestamp":1531636429304,"x":0.7892608642578125,"y":8.34637451171875,"z":0.0267486572265625,"roomId":5555}
{"type":"gyro","timestamp":1531636429314,"x":0.001434326171875,"y":0.016265869140625,"z":0.05523681640625,"roomId":5555}
{"type":"accel","timestamp":1531636429324,"x":0.7740020751953125,"y":8.3345947265625,"z":0.13726806640625,"roomId":5555}
{"type":"gyro","timestamp":1531636429325,"x":0.009124755859375,"y":0.003265380859375,"z":0.05902099609375,"roomId":5555}
{"type":"accel","timestamp":1531636429344,"x":0.8614349365234375,"y":8.353561401367188,"z":0.1380157470703125,"roomId":5555}
{"type":"gyro","timestamp":1531636429345,"x":0.021759033203125,"y":-0.02618408203125,"z":0.055145263671875,"roomId":5555}
{"type":"accel","timestamp":1531636429354,"x":0.9794921875,"y":8.386734008789062,"z":0.08135986328125,"roomId":5555}
{"type":"gyro","timestamp":1531636429355,"x":0.019256591796875,"y":-0.0097198486328125,"z":0.0471649169921875,"roomId":5555}
{"type":"accel","timestamp":1531636429365,"x":1.0149688720703125,"y":8.405685424804688,"z":0.0259552001953125,"roomId":5555}
{"type":"gyro","timestamp":1531636429367,"x":0.0100555419921875,"y":0.0155487060546875,"z":0.03204345703125,"roomId":5555}
{"type":"accel","timestamp":1531636429375,"x":0.9778594970703125,"y":8.382598876953125,"z":0.036468505859375,"roomId":5555}
{"type":"gyro","timestamp":1531636429377,"x":0.001129150390625,"y":0.0317535400390625,"z":0.015350341796875,"roomId":5555}
{"type":"accel","timestamp":1531636429386,"x":0.9457244873046875,"y":8.372421264648438,"z":0.0911712646484375,"roomId":5555}
{"type":"gyro","timestamp":1531636429387,"x":-0.001495361328125,"y":0.029693603515625,"z":0.002410888671875,"roomId":5555}
{"type":"accel","timestamp":1531636429404,"x":0.9433441162109375,"y":8.381637573242188,"z":0.162078857421875,"roomId":5555}
{"type":"gyro","timestamp":1531636429406,"x":0.0103912353515625,"y":0.015380859375,"z":-0.004058837890625,"roomId":5555}
{"type":"accel","timestamp":1531636429414,"x":0.88409423828125,"y":8.396148681640625,"z":0.181304931640625,"roomId":5555}
{"type":"gyro","timestamp":1531636429415,"x":0.013275146484375,"y":0.032073974609375,"z":0.0008697509765625,"roomId":5555}
{"type":"gyro","timestamp":1531636429425,"x":0.0165252685546875,"y":0.0494537353515625,"z":0.010101318359375,"roomId":5555}
{"type":"accel","timestamp":1531636429432,"x":0.826690673828125,"y":8.425567626953125,"z":0.136444091796875,"roomId":5555}
{"type":"accel","timestamp":1531636429442,"x":0.8072052001953125,"y":8.402984619140625,"z":0.098907470703125,"roomId":5555}
{"type":"gyro","timestamp":1531636429443,"x":0.026092529296875,"y":0.0477294921875,"z":0.017791748046875,"roomId":5555}
{"type":"accel","timestamp":1531636429452,"x":0.7667083740234375,"y":8.376495361328125,"z":0.0549774169921875,"roomId":5555}
{"type":"gyro","timestamp":1531636429453,"x":0.0306549072265625,"y":0.0380096435546875,"z":0.0132598876953125,"roomId":5555}
{"type":"accel","timestamp":1531636429463,"x":0.751708984375,"y":8.368377685546875,"z":0.000946044921875,"roomId":5555}
{"type":"gyro","timestamp":1531636429464,"x":0.033111572265625,"y":0.023284912109375,"z":0.0095672607421875,"roomId":5555}
{"type":"accel","timestamp":1531636429473,"x":0.7365875244140625,"y":8.360733032226562,"z":-0.04638671875,"roomId":5555}
{"type":"gyro","timestamp":1531636429474,"x":0.033966064453125,"y":0.0059814453125,"z":0.00933837890625,"roomId":5555}
{"type":"accel","timestamp":1531636429483,"x":0.7205810546875,"y":8.34356689453125,"z":-0.0751800537109375,"roomId":5555}
{"type":"gyro","timestamp":1531636429486,"x":0.02935791015625,"y":0.0017242431640625,"z":0.0135498046875,"roomId":5555}
{"type":"accel","timestamp":1531636429494,"x":0.73822021484375,"y":8.347000122070312,"z":-0.06317138671875,"roomId":5555}
{"type":"gyro","timestamp":1531636429495,"x":0.0187530517578125,"y":0.01104736328125,"z":0.019317626953125,"roomId":5555}
{"type":"accel","timestamp":1531636429504,"x":0.8230438232421875,"y":8.360214233398438,"z":-0.04876708984375,"roomId":5555}
{"type":"gyro","timestamp":1531636429505,"x":0.009124755859375,"y":0.02960205078125,"z":0.02520751953125,"roomId":5555}
{"type":"accel","timestamp":1531636429523,"x":0.8184967041015625,"y":8.341049194335938,"z":-0.055908203125,"roomId":5555}
{"type":"gyro","timestamp":1531636429525,"x":-0.005767822265625,"y":0.070343017578125,"z":0.01995849609375,"roomId":5555}
{"type":"accel","timestamp":1531636429534,"x":0.858062744140625,"y":8.358322143554688,"z":-0.03143310546875,"roomId":5555}
{"type":"gyro","timestamp":1531636429535,"x":-0.0138092041015625,"y":0.079559326171875,"z":0.016815185546875,"roomId":5555}
{"type":"accel","timestamp":1531636429552,"x":0.9403076171875,"y":8.374618530273438,"z":0.107208251953125,"roomId":5555}
{"type":"gyro","timestamp":1531636429552,"x":-0.004791259765625,"y":0.0550384521484375,"z":0.0067291259765625,"roomId":5555}
{"type":"accel","timestamp":1531636429562,"x":0.9674835205078125,"y":8.374618530273438,"z":0.1887359619140625,"roomId":5555}
{"type":"gyro","timestamp":1531636429563,"x":0.0072784423828125,"y":0.0325469970703125,"z":-0.0004119873046875,"roomId":5555}
{"type":"accel","timestamp":1531636429572,"x":0.986572265625,"y":8.3607177734375,"z":0.22021484375,"roomId":5555}
{"type":"gyro",