{"type":"accel","timestamp":1531636459589,"x":0.9618682861328125,"y":6.637969970703125,"z":-4.97576904296875,"roomId":5555}
{"type":"gyro","timestamp":1531636459590,"x":-0.0153350830078125,"y":-0.0058135986328125,"z":-0.0217132568359375,"roomId":5555}
{"type":"accel","timestamp":1531636459599,"x":0.9983673095703125,"y":6.63885498046875,"z":-4.983917236328125,"roomId":5555}
{"type":"gyro","timestamp":1531636459600,"x":0.0289154052734375,"y":-0.030792236328125,"z":-0.045166015625,"roomId":5555}
{"type":"accel","timestamp":1531636459610,"x":0.9862060546875,"y":6.6981048583984375,"z":-4.9988250732421875,"roomId":5555}
{"type":"gyro","timestamp":1531636459611,"x":0.0604705810546875,"y":-0.01788330078125,"z":-0.0574798583984375,"roomId":5555}
{"type":"accel","timestamp":1531636459629,"x":0.6416778564453125,"y":6.5841522216796875,"z":-5.27618408203125,"roomId":5555}
{"type":"gyro","timestamp":1531636459630,"x":0.0744171142578125,"y":0.0959625244140625,"z":-0.03314208984375,"roomId":5555}
{"type":"accel","timestamp":1531636459648,"x":0.564117431640625,"y":6.6589202880859375,"z":-5.466644287109375,"roomId":5555}
{"type":"gyro","timestamp":1531636459648,"x":0.0478363037109375,"y":0.1277923583984375,"z":0.0126800537109375,"roomId":5555}
{"type":"accel","timestamp":1531636459658,"x":0.5896759033203125,"y":6.760711669921875,"z":-5.6392059326171875,"roomId":5555}
{"type":"gyro","timestamp":1531636459658,"x":0.0459747314453125,"y":0.10589599609375,"z":0.016845703125,"roomId":5555}
{"type":"accel","timestamp":1531636459668,"x":0.6506500244140625,"y":6.846923828125,"z":-5.7299957275390625,"roomId":5555}
{"type":"gyro","timestamp":1531636459669,"x":0.0436553955078125,"y":0.0690155029296875,"z":0.0129852294921875,"roomId":5555}
{"type":"accel","timestamp":1531636459678,"x":0.7534942626953125,"y":6.8110504150390625,"z":-5.6421356201171875,"roomId":5555}
{"type":"gyro","timestamp":1531636459679,"x":0.03021240234375,"y":0.0547027587890625,"z":0.0009613037109375,"roomId":5555}
{"type":"accel","timestamp":1531636459697,"x":1.0559234619140625,"y":6.7353973388671875,"z":-5.4433441162109375,"roomId":5555}
{"type":"gyro","timestamp":1531636459698,"x":0.0124969482421875,"y":0.031768798828125,"z":-0.03350830078125,"roomId":5555}
{"type":"accel","timestamp":1531636459708,"x":1.0420684814453125,"y":6.7788238525390625,"z":-5.418365478515625,"roomId":5555}
{"type":"gyro","timestamp":1531636459709,"x":0.0160064697265625,"y":0.0184478759765625,"z":-0.05975341796875,"roomId":5555}
{"type":"accel","timestamp":1531636459719,"x":0.9324951171875,"y":6.8307647705078125,"z":-5.45074462890625,"roomId":5555}
{"type":"gyro","timestamp":1531636459720,"x":0.027130126953125,"y":0.0135955810546875,"z":-0.081207275390625,"roomId":5555}
{"type":"accel","timestamp":1531636459738,"x":0.661865234375,"y":6.828826904296875,"z":-5.5989532470703125,"roomId":5555}
{"type":"gyro","timestamp":1531636459739,"x":0.0434722900390625,"y":0.0144805908203125,"z":-0.0878448486328125,"roomId":5555}
{"type":"accel","timestamp":1531636459748,"x":0.6355743408203125,"y":6.8675079345703125,"z":-5.6741943359375,"roomId":5555}
{"type":"gyro","timestamp":1531636459749,"x":0.0313568115234375,"y":0.020721435546875,"z":-0.0731048583984375,"roomId":5555}
{"type":"accel","timestamp":1531636459758,"x":0.6494140625,"y":6.910491943359375,"z":-5.671051025390625,"roomId":5555}
{"type":"gyro","timestamp":1531636459759,"x":-0.000732421875,"y":0.0387115478515625,"z":-0.054443359375,"roomId":5555}
{"type":"accel","timestamp":1531636459768,"x":0.6245574951171875,"y":6.898590087890625,"z":-5.6244659423828125,"roomId":5555}
{"type":"accel","timestamp":1531636459778,"x":0.5206298828125,"y":6.8837432861328125,"z":-5.514862060546875,"roomId":5555}
{"type":"gyro","timestamp":1531636459779,"x":-0.0784912109375,"y":0.045684814453125,"z":-0.0370941162109375,"roomId":5555}
{"type":"accel","timestamp":1531636459797,"x":0.245635986328125,"y":6.7145538330078125,"z":-5.1890106201171875,"roomId":5555}
{"type":"gyro","timestamp":1531636459798,"x":-0.090728759765625,"y":-0.0387115478515625,"z":-0.055877685546875,"roomId":5555}
{"type":"accel","timestamp":1531636459808,"x":0.1030426025390625,"y":6.5605926513671875,"z":-4.9833221435546875,"roomId":5555}
{"type":"gyro","timestamp":1531636459809,"x":-0.06903076171875,"y":-0.054473876953125,"z":-0.0499267578125,"roomId":5555}
{"type":"accel","timestamp":1531636459818,"x":0.08441162109375,"y":6.461639404296875,"z":-4.8426361083984375,"roomId":5555}
{"type":"gyro","timestamp":1531636459819,"x":-0.0318603515625,"y":-0.030792236328125,"z":-0.019378662109375,"roomId":5555}
{"type":"accel","timestamp":1531636459829,"x":0.22271728515625,"y":6.4786376953125,"z":-4.9068756103515625,"roomId":5555}
{"type":"gyro","timestamp":1531636459830,"x":0.01263427734375,"y":0.0080718994140625,"z":0.0242919921875,"roomId":5555}
{"type":"accel","timestamp":1531636459848,"x":0.588623046875,"y":6.6747589111328125,"z":-5.3366241455078125,"roomId":5555}
{"type":"gyro","timestamp":1531636459850,"x":0.0494842529296875,"y":0.0350189208984375,"z":0.0660552978515625,"roomId":5555}
{"type":"accel","timestamp":1531636459858,"x":0.768829345703125,"y":6.8726959228515625,"z":-5.4441375732421875,"roomId":5555}
{"type":"accel","timestamp":1531636459870,"x":0.775054931640625,"y":6.9706573486328125,"z":-5.54901123046875,"roomId":5555}
{"type":"gyro","timestamp":1531636459871,"x":0.02923583984375,"y":-0.0162353515625,"z":0.0388641357421875,"roomId":5555}
{"type":"accel","timestamp":1531636459888,"x":0.6330108642578125,"y":6.878173828125,"z":-5.6089935302734375,"roomId":5555}
{"type":"gyro","timestamp":1531636459890,"x":-0.0097198486328125,"y":-0.085723876953125,"z":0.00396728515625,"roomId":5555}
{"type":"accel","timestamp":1531636459898,"x":0.6475830078125,"y":6.8179931640625,"z":-5.410552978515625,"roomId":5555}
{"type":"gyro","timestamp":1531636459899,"x":-0.0265655517578125,"y":-0.12109375,"z":-0.00860595703125,"roomId":5555}
{"type":"accel","timestamp":1531636459917,"x":0.757720947265625,"y":6.7516326904296875,"z":-5.2052459716796875,"roomId":5555}
{"type":"gyro","timestamp":1531636459918,"x":-0.019866943359375,"y":-0.110931396484375,"z":-0.003631591796875,"roomId":5555}
{"type":"accel","timestamp":1531636459927,"x":0.86102294921875,"y":6.788482666015625,"z":-5.2943267822265625,"roomId":5555}
{"type":"gyro","timestamp":1531636459929,"x":0.0020294189453125,"y":-0.09033203125,"z":0.0061798095703125,"roomId":5555}
{"type":"accel","timestamp":1531636459938,"x":0.95050048828125,"y":6.861297607421875,"z":-5.425537109375,"roomId":5555}
{"type":"gyro","timestamp":1531636459940,"x":0.02484130859375,"y":-0.084075927734375,"z":0.0079193115234375,"roomId":5555}
{"type":"accel","timestamp":1531636459957,"x":0.8159942626953125,"y":6.953460693359375,"z":-5.69622802734375,"roomId":5555}
{"type":"gyro","timestamp":1531636459959,"x":0.0439910888671875,"y":-0.08282470703125,"z":-0.01507568359375,"roomId":5555}
{"type":"accel","timestamp":1531636459967,"x":0.7284698486328125,"y":6.891143798828125,"z":-5.7917327880859375,"roomId":5555}
{"type":"accel","timestamp":1531636459977,"x":0.665618896484375,"y":6.9208831787109375,"z":-5.7801666259765625,"roomId":5555}
{"type":"gyro","timestamp":1531636459978,"x":-0.00408935546875,"y":-0.097900390625,"z":-0.0341796875,"roomId":5555}
{"type":"accel","timestamp":1531636459988,"x":0.513427734375,"y":6.905975341796875,"z":-5.669769287109375,"roomId":5555}
{"type":"gyro","timestamp":1531636459989,"x":-0.0355987548828125,"y":-0.1172027587890625,"z":-0.0531158447265625,"roomId":5555}
{"type":"accel","timestamp":1531636460006,"x":0.3908843994140625,"y":6.79248046875,"z":-5.619140625,"roomId":5555}
{"type":"gyro","timestamp":1531636460007,"x":-0.06591796875,"y":-0.150177001953125,"z":-0.0599517822265625,"roomId":5555}
{"type":"accel","timestamp":1531636460016,"x":0.4626922607421875,"y":6.8105621337890625,"z":-5.46246337890625,"roomId":5555}
{"type":"accel","timestamp":1531636460026,"x":0.4560699462890625,"y":6.817352294921875,