{"type":"gyro","timestamp":1531636465927,"x":0.011138916015625,"y":0.0095977783203125,"z":-0.0242156982421875,"roomId":5555}
{"type":"accel","timestamp":1531636465938,"x":1.45208740234375,"y":6.2350921630859375,"z":-5.574951171875,"roomId":5555}
{"type":"gyro","timestamp":1531636465939,"x":0.0291748046875,"y":0.05047607421875,"z":-0.0190887451171875,"roomId":5555}
{"type":"accel","timestamp":1531636465957,"x":1.2069244384765625,"y":6.327972412109375,"z":-6.0941314697265625,"roomId":5555}
{"type":"gyro","timestamp":1531636465958,"x":0.044342041015625,"y":0.043060302734375,"z":-0.0167694091796875,"roomId":5555}
{"type":"accel","timestamp":1531636465967,"x":1.159454345703125,"y":6.411651611328125,"z":-6.3776092529296875,"roomId":5555}
{"type":"gyro","timestamp":1531636465969,"x":0.0301513671875,"y":0.0165863037109375,"z":-0.0116119384765625,"roomId":5555}
{"type":"accel","timestamp":1531636465977,"x":1.2461700439453125,"y":6.51531982421875,"z":-6.4439239501953125,"roomId":5555}
{"type":"accel","timestamp":1531636465987,"x":1.3742523193359375,"y":6.5280914306640625,"z":-6.297027587890625,"roomId":5555}
{"type":"gyro","timestamp":1531636465988,"x":-0.0435638427734375,"y":0.000885009765625,"z":0.006439208984375,"roomId":5555}
{"type":"accel","timestamp":1531636466006,"x":1.5089263916015625,"y":6.404998779296875,"z":-5.6558685302734375,"roomId":5555}
{"type":"gyro","timestamp":1531636466007,"x":-0.066986083984375,"y":-0.00311279296875,"z":-0.007598876953125,"roomId":5555}
{"type":"accel","timestamp":1531636466026,"x":1.5561065673828125,"y":6.337921142578125,"z":-5.2686920166015625,"roomId":5555}
{"type":"gyro","timestamp":1531636466028,"x":-0.0196533203125,"y":0.02490234375,"z":-0.01910400390625,"roomId":5555}
{"type":"accel","timestamp":1531636466036,"x":1.448822021484375,"y":6.2610321044921875,"z":-5.195953369140625,"roomId":5555}
{"type":"gyro","timestamp":1531636466037,"x":0.008544921875,"y":0.0465850830078125,"z":-0.022064208984375,"roomId":5555}
{"type":"accel","timestamp":1531636466046,"x":1.3965301513671875,"y":6.229339599609375,"z":-5.4184722900390625,"roomId":5555}
{"type":"accel","timestamp":1531636466056,"x":1.3064117431640625,"y":6.29278564453125,"z":-5.735137939453125,"roomId":5555}
{"type":"gyro","timestamp":1531636466057,"x":0.0497894287109375,"y":0.023284912109375,"z":-0.0080413818359375,"roomId":5555}
{"type":"accel","timestamp":1531636466068,"x":1.2847137451171875,"y":6.3436126708984375,"z":-5.969940185546875,"roomId":5555}
{"type":"gyro","timestamp":1531636466069,"x":0.046234130859375,"y":-0.00335693359375,"z":-0.0048370361328125,"roomId":5555}
{"type":"accel","timestamp":1531636466086,"x":1.4257354736328125,"y":6.40966796875,"z":-5.97735595703125,"roomId":5555}
{"type":"gyro","timestamp":1531636466087,"x":0.001983642578125,"y":0.011077880859375,"z":0.010955810546875,"roomId":5555}
{"type":"accel","timestamp":1531636466105,"x":1.6448974609375,"y":6.26397705078125,"z":-5.7859649658203125,"roomId":5555}
{"type":"gyro","timestamp":1531636466107,"x":-0.0071563720703125,"y":0.0052947998046875,"z":-0.0130767822265625,"roomId":5555}
{"type":"accel","timestamp":1531636466115,"x":1.5001983642578125,"y":6.2131500244140625,"z":-5.78741455078125,"roomId":5555}
{"type":"gyro","timestamp":1531636466117,"x":0.008758544921875,"y":-0.021636962890625,"z":-0.03839111328125,"roomId":5555}
{"type":"accel","timestamp":1531636466125,"x":1.2998046875,"y":6.284088134765625,"z":-5.852752685546875,"roomId":5555}
{"type":"gyro","timestamp":1531636466127,"x":0.022857666015625,"y":-0.0260772705078125,"z":-0.0424957275390625,"roomId":5555}
{"type":"accel","timestamp":1531636466136,"x":1.246551513671875,"y":6.3215789794921875,"z":-5.8788299560546875,"roomId":5555}
{"type":"gyro","timestamp":1531636466138,"x":0.025177001953125,"y":0.010528564453125,"z":-0.0218963623046875,"roomId":5555}
{"type":"accel","timestamp":1531636466146,"x":1.3749542236328125,"y":6.382568359375,"z":-5.849945068359375,"roomId":5555}
{"type":"accel","timestamp":1531636466156,"x":1.4800262451171875,"y":6.4544830322265625,"z":-5.795379638671875,"roomId":5555}
{"type":"gyro","timestamp":1531636466158,"x":0.0228271484375,"y":0.0663299560546875,"z":0.0082244873046875,"roomId":5555}
{"type":"accel","timestamp":1531636466174,"x":1.349639892578125,"y":6.391265869140625,"z":-5.735504150390625,"roomId":5555}
{"type":"gyro","timestamp":1531636466174,"x":0.030914306640625,"y":0.015533447265625,"z":-0.0064544677734375,"roomId":5555}
{"type":"accel","timestamp":1531636466185,"x":1.38653564453125,"y":6.3540496826171875,"z":-5.6937408447265625,"roomId":5555}
{"type":"gyro","timestamp":1531636466186,"x":0.0306549072265625,"y":0.0204925537109375,"z":0.00408935546875,"roomId":5555}
{"type":"accel","timestamp":1531636466204,"x":1.555572509765625,"y":6.4196624755859375,"z":-5.633209228515625,"roomId":5555}
{"type":"gyro","timestamp":1531636466205,"x":0.0242767333984375,"y":0.076141357421875,"z":0.032806396484375,"roomId":5555}
{"type":"accel","timestamp":1531636466216,"x":1.5977630615234375,"y":6.4196929931640625,"z":-5.8059234619140625,"roomId":5555}
{"type":"gyro","timestamp":1531636466217,"x":0.0318603515625,"y":0.0758209228515625,"z":0.0277252197265625,"roomId":5555}
{"type":"accel","timestamp":1531636466235,"x":1.527587890625,"y":6.4094696044921875,"z":-6.1473388671875,"roomId":5555}
{"type":"gyro","timestamp":1531636466236,"x":0.025634765625,"y":0.0048675537109375,"z":-0.0083160400390625,"roomId":5555}
{"type":"accel","timestamp":1531636466245,"x":1.599609375,"y":6.389923095703125,"z":-5.9901580810546875,"roomId":5555}
{"type":"gyro","timestamp":1531636466247,"x":0.00531005859375,"y":-0.00347900390625,"z":-0.0165863037109375,"roomId":5555}
{"type":"accel","timestamp":1531636466265,"x":1.6942291259765625,"y":6.36431884765625,"z":-5.77545166015625,"roomId":5555}
{"type":"gyro","timestamp":1531636466267,"x":0.0085601806640625,"y":0.0011444091796875,"z":-0.0280609130859375,"roomId":5555}
{"type":"accel","timestamp":1531636466275,"x":1.5946197509765625,"y":6.3219146728515625,"z":-5.5958099365234375,"roomId":5555}
{"type":"accel","timestamp":1531636466285,"x":1.5509490966796875,"y":6.235931396484375,"z":-5.4500579833984375,"roomId":5555}
{"type":"gyro","timestamp":1531636466287,"x":0.0296478271484375,"y":0.0384674072265625,"z":-0.041656494140625,"roomId":5555}
{"type":"accel","timestamp":1531636466295,"x":1.4295196533203125,"y":6.262115478515625,"z":-5.65264892578125,"roomId":5555}
{"type":"gyro","timestamp":1531636466297,"x":0.0517578125,"y":0.05926513671875,"z":-0.0399017333984375,"roomId":5555}
{"type":"accel","timestamp":1531636466314,"x":1.085662841796875,"y":6.3741912841796875,"z":-6.10394287109375,"roomId":5555}
{"type":"gyro","timestamp":1531636466315,"x":0.0725250244140625,"y":0.0110626220703125,"z":-0.029632568359375,"roomId":5555}
{"type":"accel","timestamp":1531636466325,"x":1.1631317138671875,"y":6.4090728759765625,"z":-6.15643310546875,"roomId":5555}
{"type":"gyro","timestamp":1531636466327,"x":0.052337646484375,"y":0.0186767578125,"z":-0.0012664794921875,"roomId":5555}
{"type":"accel","timestamp":1531636466345,"x":1.4482879638671875,"y":6.337066650390625,"z":-5.8516387939453125,"roomId":5555}
{"type":"gyro","timestamp":1531636466346,"x":-0.013916015625,"y":0.1108856201171875,"z":0.0416259765625,"roomId":5555}
{"type":"accel","timestamp":1531636466355,"x":1.5677337646484375,"y":6.3144073486328125,"z":-5.89312744140625,"roomId":5555}
{"type":"gyro","timestamp":1531636466356,"x":-0.0192718505859375,"y":0.0998687744140625,"z":0.0368194580078125,"roomId":5555}
{"type":"accel","timestamp":1531636466365,"x":1.59307861328125,"y":6.4049530029296875,"z":-5.99102783203125,"roomId":5555}
{"type":"gyro","timestamp":1531636466366,"x":-0.0107879638671875,"y":0.030029296875,"z":0.0136566162109375,"roomId":5555}
{"type":"accel","timestamp":1531636466384,"x":1.71466064453125,"y":6.38983154296875,"z":-5.819244384765625,"roomId":5555}
{"type":"gyro","timestamp":1531636466386,"x":-0.007598876953125,"y":0.00006103515625,