{"type":"accel","timestamp":1531636450770,"x":2.7788848876953125,"y":6.2616424560546875,"z":5.22442626953125,"roomId":5555}
{"type":"gyro","timestamp":1531636450771,"x":-0.099609375,"y":0.023590087890625,"z":-0.0501861572265625,"roomId":5555}
{"type":"accel","timestamp":1531636450788,"x":2.585418701171875,"y":6.1909637451171875,"z":5.30999755859375,"roomId":5555}
{"type":"gyro","timestamp":1531636450788,"x":-0.0940093994140625,"y":0.0611572265625,"z":-0.02728271484375,"roomId":5555}
{"type":"accel","timestamp":1531636450799,"x":2.5634918212890625,"y":6.22442626953125,"z":5.2965087890625,"roomId":5555}
{"type":"gyro","timestamp":1531636450799,"x":-0.08087158203125,"y":0.054229736328125,"z":-0.0054473876953125,"roomId":5555}
{"type":"accel","timestamp":1531636450818,"x":2.81109619140625,"y":6.2723541259765625,"z":5.4399261474609375,"roomId":5555}
{"type":"gyro","timestamp":1531636450819,"x":-0.04486083984375,"y":-0.0294036865234375,"z":0.0161590576171875,"roomId":5555}
{"type":"accel","timestamp":1531636450828,"x":2.9095306396484375,"y":6.276153564453125,"z":5.451324462890625,"roomId":5555}
{"type":"gyro","timestamp":1531636450830,"x":-0.022186279296875,"y":-0.0662689208984375,"z":0.014801025390625,"roomId":5555}
{"type":"accel","timestamp":1531636450838,"x":2.9315643310546875,"y":6.2808380126953125,"z":5.3965911865234375,"roomId":5555}
{"type":"accel","timestamp":1531636450849,"x":2.969940185546875,"y":6.2988739013671875,"z":5.34228515625,"roomId":5555}
{"type":"gyro","timestamp":1531636450850,"x":-0.0057220458984375,"y":-0.0908203125,"z":0.0116424560546875,"roomId":5555}
{"type":"accel","timestamp":1531636450868,"x":2.94384765625,"y":6.303985595703125,"z":5.3795623779296875,"roomId":5555}
{"type":"gyro","timestamp":1531636450869,"x":-0.0170440673828125,"y":-0.064117431640625,"z":0.012969970703125,"roomId":5555}
{"type":"accel","timestamp":1531636450878,"x":2.87432861328125,"y":6.2406463623046875,"z":5.3643798828125,"roomId":5555}
{"type":"gyro","timestamp":1531636450880,"x":-0.0138092041015625,"y":-0.0573577880859375,"z":0.0195465087890625,"roomId":5555}
{"type":"accel","timestamp":1531636450888,"x":2.910125732421875,"y":6.1814422607421875,"z":5.3883056640625,"roomId":5555}
{"type":"accel","timestamp":1531636450899,"x":3.0540924072265625,"y":6.17950439453125,"z":5.500152587890625,"roomId":5555}
{"type":"gyro","timestamp":1531636450900,"x":0.0211029052734375,"y":-0.097686767578125,"z":0.03240966796875,"roomId":5555}
{"type":"accel","timestamp":1531636450917,"x":2.8731536865234375,"y":6.1807098388671875,"z":5.1323394775390625,"roomId":5555}
{"type":"gyro","timestamp":1531636450918,"x":0.0620574951171875,"y":-0.0404510498046875,"z":0.02178955078125,"roomId":5555}
{"type":"accel","timestamp":1531636450928,"x":2.7797698974609375,"y":6.1748809814453125,"z":4.9337921142578125,"roomId":5555}
{"type":"gyro","timestamp":1531636450930,"x":0.0518035888671875,"y":0.0050048828125,"z":0.041839599609375,"roomId":5555}
{"type":"accel","timestamp":1531636450938,"x":2.8106231689453125,"y":6.2090606689453125,"z":4.8580322265625,"roomId":5555}
{"type":"gyro","timestamp":1531636450940,"x":0.03765869140625,"y":0.0167999267578125,"z":0.0684814453125,"roomId":5555}
{"type":"accel","timestamp":1531636450948,"x":2.9622039794921875,"y":6.2658843994140625,"z":4.848052978515625,"roomId":5555}
{"type":"gyro","timestamp":1531636450951,"x":0.0372772216796875,"y":-0.02606201171875,"z":0.083984375,"roomId":5555}
{"type":"accel","timestamp":1531636450960,"x":3.3089447021484375,"y":6.2875518798828125,"z":4.9478912353515625,"roomId":5555}
{"type":"gyro","timestamp":1531636450961,"x":0.04901123046875,"y":-0.1039886474609375,"z":0.0853271484375,"roomId":5555}
{"type":"accel","timestamp":1531636450977,"x":3.6919708251953125,"y":6.4603729248046875,"z":4.9457550048828125,"roomId":5555}
{"type":"gyro","timestamp":1531636450977,"x":0.0572052001953125,"y":-0.1278839111328125,"z":0.0308685302734375,"roomId":5555}
{"type":"accel","timestamp":1531636450988,"x":3.5865631103515625,"y":6.430938720703125,"z":4.8442535400390625,"roomId":5555}
{"type":"gyro","timestamp":1531636450989,"x":0.0221405029296875,"y":-0.048583984375,"z":0.0021209716796875,"roomId":5555}
{"type":"accel","timestamp":1531636450998,"x":3.464019775390625,"y":6.3506927490234375,"z":4.884002685546875,"roomId":5555}
{"type":"gyro","timestamp":1531636451000,"x":-0.028472900390625,"y":0.03900146484375,"z":-0.004180908203125,"roomId":5555}
{"type":"accel","timestamp":1531636451018,"x":3.365447998046875,"y":6.3176727294921875,"z":5.101654052734375,"roomId":5555}
{"type":"gyro","timestamp":1531636451019,"x":-0.0621795654296875,"y":0.07763671875,"z":0.000701904296875,"roomId":5555}
{"type":"accel","timestamp":1531636451029,"x":3.2892913818359375,"y":6.33758544921875,"z":5.1171112060546875,"roomId":5555}
{"type":"gyro","timestamp":1531636451030,"x":-0.0376434326171875,"y":0.0179443359375,"z":-0.0113677978515625,"roomId":5555}
{"type":"accel","timestamp":1531636451047,"x":2.916412353515625,"y":6.2899322509765625,"z":4.84234619140625,"roomId":5555}
{"type":"gyro","timestamp":1531636451048,"x":-0.00604248046875,"y":-0.0727386474609375,"z":-0.02655029296875,"roomId":5555}
{"type":"accel","timestamp":1531636451066,"x":2.8114013671875,"y":6.2285919189453125,"z":4.8996429443359375,"roomId":5555}
{"type":"gyro","timestamp":1531636451067,"x":-0.040679931640625,"y":-0.099884033203125,"z":0.0015869140625,"roomId":5555}
{"type":"accel","timestamp":1531636451076,"x":3.0714111328125,"y":6.2056884765625,"z":5.135406494140625,"roomId":5555}
{"type":"gyro","timestamp":1531636451078,"x":-0.0434112548828125,"y":-0.1287078857421875,"z":0.005828857421875,"roomId":5555}
{"type":"accel","timestamp":1531636451087,"x":3.2989654541015625,"y":6.229766845703125,"z":5.3226165771484375,"roomId":5555}
{"type":"gyro","timestamp":1531636451088,"x":-0.029266357421875,"y":-0.1289520263671875,"z":-0.0050811767578125,"roomId":5555}
{"type":"accel","timestamp":1531636451097,"x":3.2440032958984375,"y":6.29327392578125,"z":5.2705535888671875,"roomId":5555}
{"type":"gyro","timestamp":1531636451098,"x":-0.0217132568359375,"y":-0.0659332275390625,"z":-0.02587890625,"roomId":5555}
{"type":"accel","timestamp":1531636451116,"x":2.8583984375,"y":6.215576171875,"z":5.1680145263671875,"roomId":5555}
{"type":"gyro","timestamp":1531636451116,"x":-0.083404541015625,"y":0.1373138427734375,"z":-0.0226898193359375,"roomId":5555}
{"type":"accel","timestamp":1531636451126,"x":2.85516357421875,"y":6.1859283447265625,"z":5.35150146484375,"roomId":5555}
{"type":"gyro","timestamp":1531636451127,"x":-0.1055908203125,"y":0.16876220703125,"z":-0.00091552734375,"roomId":5555}
{"type":"accel","timestamp":1531636451136,"x":2.86724853515625,"y":6.1490478515625,"z":5.462310791015625,"roomId":5555}
{"type":"gyro","timestamp":1531636451137,"x":-0.0889129638671875,"y":0.1267242431640625,"z":0.009429931640625,"roomId":5555}
{"type":"accel","timestamp":1531636451146,"x":2.99237060546875,"y":6.167816162109375,"z":5.5390472412109375,"roomId":5555}
{"type":"gyro","timestamp":1531636451147,"x":-0.045135498046875,"y":0.0201263427734375,"z":0.011505126953125,"roomId":5555}
{"type":"accel","timestamp":1531636451157,"x":3.1160430908203125,"y":6.26641845703125,"z":5.547637939453125,"roomId":5555}
{"type":"gyro","timestamp":1531636451158,"x":0.01104736328125,"y":-0.0967864990234375,"z":0.0027313232421875,"roomId":5555}
{"type":"accel","timestamp":1531636451167,"x":3.097442626953125,"y":6.334503173828125,"z":5.334197998046875,"roomId":5555}
{"type":"gyro","timestamp":1531636451169,"x":0.05181884765625,"y":-0.14453125,"z":-0.010345458984375,"roomId":5555}
{"type":"accel","timestamp":1531636451185,"x":2.9384613037109375,"y":6.3106689453125,"z":5.063262939453125,"roomId":5555}
{"type":"gyro","timestamp":1531636451187,"x":0.020843505859375,"y":-0.0415496826171875,"z":0.0047760009765625,"roomId":5555}
{"type":"accel","timestamp":1531636451195,"x":3.0027923583984375,"y":6.246673583984375,"z":5.1814422607421875,