{"type":"gyro","timestamp":1531636472625,"x":-0.1239013671875,"y":0.037933349609375,"z":0.0272979736328125,"roomId":5555}
{"type":"accel","timestamp":1531636472640,"x":2.043060302734375,"y":5.59564208984375,"z":-5.61395263671875,"roomId":5555}
{"type":"gyro","timestamp":1531636472641,"x":-0.050933837890625,"y":0.0192108154296875,"z":0.024688720703125,"roomId":5555}
{"type":"accel","timestamp":1531636472650,"x":2.05279541015625,"y":5.7096710205078125,"z":-5.601715087890625,"roomId":5555}
{"type":"gyro","timestamp":1531636472651,"x":0.0195159912109375,"y":-0.01971435546875,"z":0.0214996337890625,"roomId":5555}
{"type":"accel","timestamp":1531636472661,"x":1.97125244140625,"y":5.77777099609375,"z":-5.79144287109375,"roomId":5555}
{"type":"gyro","timestamp":1531636472661,"x":0.08489990234375,"y":-0.045806884765625,"z":0.013580322265625,"roomId":5555}
{"type":"accel","timestamp":1531636472680,"x":1.7607421875,"y":5.8115692138671875,"z":-6.4982757568359375,"roomId":5555}
{"type":"gyro","timestamp":1531636472680,"x":0.1269683837890625,"y":-0.0683746337890625,"z":-0.0028228759765625,"roomId":5555}
{"type":"accel","timestamp":1531636472697,"x":1.7636260986328125,"y":5.818450927734375,"z":-6.5751495361328125,"roomId":5555}
{"type":"gyro","timestamp":1531636472699,"x":0.099151611328125,"y":-0.071624755859375,"z":-0.004150390625,"roomId":5555}
{"type":"accel","timestamp":1531636472713,"x":1.8736114501953125,"y":5.8208160400390625,"z":-6.3170318603515625,"roomId":5555}
{"type":"gyro","timestamp":1531636472715,"x":0.02886962890625,"y":-0.03533935546875,"z":-0.0050048828125,"roomId":5555}
{"type":"accel","timestamp":1531636472731,"x":1.961700439453125,"y":5.9234466552734375,"z":-6.0389251708984375,"roomId":5555}
{"type":"gyro","timestamp":1531636472733,"x":0.0055694580078125,"y":-0.02978515625,"z":-0.0124969482421875,"roomId":5555}
{"type":"accel","timestamp":1531636472749,"x":1.7877655029296875,"y":5.746826171875,"z":-6.1383056640625,"roomId":5555}
{"type":"gyro","timestamp":1531636472749,"x":0.030029296875,"y":-0.0377197265625,"z":-0.0175323486328125,"roomId":5555}
{"type":"accel","timestamp":1531636472760,"x":1.7857666015625,"y":5.7479400634765625,"z":-6.1784210205078125,"roomId":5555}
{"type":"gyro","timestamp":1531636472760,"x":0.0415496826171875,"y":-0.0028533935546875,"z":-0.001312255859375,"roomId":5555}
{"type":"accel","timestamp":1531636472771,"x":1.844940185546875,"y":5.80120849609375,"z":-6.162933349609375,"roomId":5555}
{"type":"gyro","timestamp":1531636472773,"x":0.04986572265625,"y":0.031402587890625,"z":0.0137786865234375,"roomId":5555}
{"type":"accel","timestamp":1531636472791,"x":1.8216094970703125,"y":5.9032135009765625,"z":-6.250213623046875,"roomId":5555}
{"type":"gyro","timestamp":1531636472792,"x":0.065277099609375,"y":0.0759429931640625,"z":0.0173797607421875,"roomId":5555}
{"type":"accel","timestamp":1531636472801,"x":1.777008056640625,"y":5.9250335693359375,"z":-6.3366851806640625,"roomId":5555}
{"type":"gyro","timestamp":1531636472802,"x":0.0681915283203125,"y":0.0715789794921875,"z":0.0154876708984375,"roomId":5555}
{"type":"accel","timestamp":1531636472820,"x":1.9337310791015625,"y":5.843505859375,"z":-6.3390350341796875,"roomId":5555}
{"type":"gyro","timestamp":1531636472823,"x":0.065460205078125,"y":0.0312957763671875,"z":0.0122528076171875,"roomId":5555}
{"type":"accel","timestamp":1531636472830,"x":2.2344970703125,"y":5.9348907470703125,"z":-6.4066925048828125,"roomId":5555}
{"type":"gyro","timestamp":1531636472832,"x":0.0709991455078125,"y":0.00408935546875,"z":0.0094451904296875,"roomId":5555}
{"type":"accel","timestamp":1531636472841,"x":2.377716064453125,"y":5.9231414794921875,"z":-6.4895172119140625,"roomId":5555}
{"type":"gyro","timestamp":1531636472843,"x":0.0760040283203125,"y":-0.0338134765625,"z":-0.016326904296875,"roomId":5555}
{"type":"accel","timestamp":1531636472859,"x":2.023040771484375,"y":5.8154296875,"z":-6.5937957763671875,"roomId":5555}
{"type":"gyro","timestamp":1531636472860,"x":0.053009033203125,"y":-0.0299530029296875,"z":-0.0662384033203125,"roomId":5555}
{"type":"accel","timestamp":1531636472869,"x":1.836883544921875,"y":5.7589874267578125,"z":-6.6776580810546875,"roomId":5555}
{"type":"accel","timestamp":1531636472880,"x":1.738616943359375,"y":5.759124755859375,"z":-6.7140960693359375,"roomId":5555}
{"type":"gyro","timestamp":1531636472881,"x":0.01092529296875,"y":0.0135498046875,"z":-0.0435791015625,"roomId":5555}
{"type":"accel","timestamp":1531636472899,"x":1.5528106689453125,"y":5.7628173828125,"z":-6.499725341796875,"roomId":5555}
{"type":"gyro","timestamp":1531636472900,"x":-0.0167236328125,"y":0.013092041015625,"z":-0.024139404296875,"roomId":5555}
{"type":"accel","timestamp":1531636472912,"x":1.51727294921875,"y":5.78692626953125,"z":-6.51666259765625,"roomId":5555}
{"type":"gyro","timestamp":1531636472913,"x":-0.0206146240234375,"y":0.0252838134765625,"z":-0.0079498291015625,"roomId":5555}
{"type":"accel","timestamp":1531636472928,"x":1.435211181640625,"y":5.919036865234375,"z":-6.333709716796875,"roomId":5555}
{"type":"gyro","timestamp":1531636472929,"x":-0.0417633056640625,"y":0.00701904296875,"z":0.0211334228515625,"roomId":5555}
{"type":"accel","timestamp":1531636472938,"x":1.3929443359375,"y":5.831207275390625,"z":-6.1707763671875,"roomId":5555}
{"type":"gyro","timestamp":1531636472939,"x":-0.053466796875,"y":0.0193328857421875,"z":0.035125732421875,"roomId":5555}
{"type":"accel","timestamp":1531636472949,"x":1.4321441650390625,"y":5.762939453125,"z":-6.0893096923828125,"roomId":5555}
{"type":"gyro","timestamp":1531636472950,"x":-0.0483551025390625,"y":0.0388336181640625,"z":0.0564727783203125,"roomId":5555}
{"type":"accel","timestamp":1531636472959,"x":1.499420166015625,"y":5.783355712890625,"z":-6.16644287109375,"roomId":5555}
{"type":"gyro","timestamp":1531636472960,"x":-0.0308074951171875,"y":0.0416107177734375,"z":0.07611083984375,"roomId":5555}
{"type":"accel","timestamp":1531636472979,"x":1.74566650390625,"y":5.81268310546875,"z":-6.436553955078125,"roomId":5555}
{"type":"gyro","timestamp":1531636472980,"x":-0.0012969970703125,"y":0.008148193359375,"z":0.0886077880859375,"roomId":5555}
{"type":"accel","timestamp":1531636472989,"x":1.81298828125,"y":5.8103790283203125,"z":-6.600860595703125,"roomId":5555}
{"type":"gyro","timestamp":1531636472990,"x":-0.0067138671875,"y":-0.0023345947265625,"z":0.0867767333984375,"roomId":5555}
{"type":"accel","timestamp":1531636472999,"x":1.8621826171875,"y":5.7294464111328125,"z":-6.5805816650390625,"roomId":5555}
{"type":"gyro","timestamp":1531636473009,"x":-0.028778076171875,"y":-0.004150390625,"z":0.0868072509765625,"roomId":5555}
{"type":"accel","timestamp":1531636473018,"x":2.1965789794921875,"y":5.826873779296875,"z":-6.2443695068359375,"roomId":5555}
{"type":"gyro","timestamp":1531636473021,"x":-0.052581787109375,"y":0.005523681640625,"z":0.0928802490234375,"roomId":5555}
{"type":"accel","timestamp":1531636473029,"x":2.2405853271484375,"y":5.8082122802734375,"z":-6.0728759765625,"roomId":5555}
{"type":"accel","timestamp":1531636473039,"x":2.2564849853515625,"y":5.7617034912109375,"z":-6.0408477783203125,"roomId":5555}
{"type":"gyro","timestamp":1531636473041,"x":-0.0322723388671875,"y":-0.030548095703125,"z":0.0817108154296875,"roomId":5555}
{"type":"accel","timestamp":1531636473049,"x":2.38958740234375,"y":5.810821533203125,"z":-6.2247314453125,"roomId":5555}
{"type":"gyro","timestamp":1531636473050,"x":0.006256103515625,"y":-0.03607177734375,"z":0.071441650390625,"roomId":5555}
{"type":"accel","timestamp":1531636473069,"x":2.3993682861328125,"y":5.989013671875,"z":-6.86785888671875,"roomId":5555}
{"type":"gyro","timestamp":1531636473070,"x":0.0593414306640625,"y":0.0111083984375,"z":0.05792236328125,"roomId":5555}
{"type":"accel","timestamp":1531636473079,"x":2.2734375,"y":5.9366912841796875,"z":-6.7611083984375,"roomId":5555}
{"type":"gyro","timestamp":1531636473080,"x":0.0413970947265625,"y":0.010589599609375,"z":0.03228759765625,