{"type":"accel","timestamp":1531636432035,"x":-2.4009246826171875,"y":7.862396240234375,"z":-0.7862548828125,"roomId":5555}
{"type":"gyro","timestamp":1531636432036,"x":-0.0705718994140625,"y":0.2229766845703125,"z":0.0643768310546875,"roomId":5555}
{"type":"accel","timestamp":1531636432045,"x":-2.316253662109375,"y":7.967803955078125,"z":-0.51806640625,"roomId":5555}
{"type":"gyro","timestamp":1531636432046,"x":-0.0378570556640625,"y":0.2241363525390625,"z":0.0951995849609375,"roomId":5555}
{"type":"accel","timestamp":1531636432066,"x":-1.9925384521484375,"y":8.19866943359375,"z":-0.942169189453125,"roomId":5555}
{"type":"gyro","timestamp":1531636432068,"x":0.0810089111328125,"y":0.163177490234375,"z":0.101531982421875,"roomId":5555}
{"type":"accel","timestamp":1531636432087,"x":-1.7998504638671875,"y":8.281295776367188,"z":-1.6538238525390625,"roomId":5555}
{"type":"gyro","timestamp":1531636432089,"x":0.0983734130859375,"y":0.1201934814453125,"z":0.052032470703125,"roomId":5555}
{"type":"accel","timestamp":1531636432108,"x":-1.9765777587890625,"y":8.050430297851562,"z":-1.481109619140625,"roomId":5555}
{"type":"gyro","timestamp":1531636432110,"x":0.057373046875,"y":0.0702362060546875,"z":-0.023712158203125,"roomId":5555}
{"type":"accel","timestamp":1531636432126,"x":-2.2032623291015625,"y":7.9932098388671875,"z":-1.156005859375,"roomId":5555}
{"type":"gyro","timestamp":1531636432128,"x":0.0675201416015625,"y":-0.0279693603515625,"z":-0.0774078369140625,"roomId":5555}
{"type":"accel","timestamp":1531636432136,"x":-2.2821044921875,"y":8.07379150390625,"z":-1.069305419921875,"roomId":5555}
{"type":"accel","timestamp":1531636432146,"x":-2.345001220703125,"y":8.156875610351562,"z":-1.1387176513671875,"roomId":5555}
{"type":"gyro","timestamp":1531636432148,"x":0.09442138671875,"y":-0.0502166748046875,"z":-0.092620849609375,"roomId":5555}
{"type":"accel","timestamp":1531636432164,"x":-2.23577880859375,"y":8.398696899414062,"z":-1.6994171142578125,"roomId":5555}
{"type":"gyro","timestamp":1531636432165,"x":0.1033172607421875,"y":-0.0235443115234375,"z":-0.0681915283203125,"roomId":5555}
{"type":"accel","timestamp":1531636432174,"x":-2.217803955078125,"y":8.400375366210938,"z":-1.808563232421875,"roomId":5555}
{"type":"gyro","timestamp":1531636432176,"x":0.0872650146484375,"y":-0.037933349609375,"z":-0.07830810546875,"roomId":5555}
{"type":"accel","timestamp":1531636432184,"x":-2.27734375,"y":8.354080200195312,"z":-1.741241455078125,"roomId":5555}
{"type":"gyro","timestamp":1531636432185,"x":0.0704498291015625,"y":-0.0632476806640625,"z":-0.089080810546875,"roomId":5555}
{"type":"accel","timestamp":1531636432196,"x":-2.273773193359375,"y":8.317474365234375,"z":-1.626220703125,"roomId":5555}
{"type":"gyro","timestamp":1531636432197,"x":0.06842041015625,"y":-0.075103759765625,"z":-0.0844268798828125,"roomId":5555}
{"type":"accel","timestamp":1531636432215,"x":-2.3456573486328125,"y":8.276870727539062,"z":-1.5673370361328125,"roomId":5555}
{"type":"gyro","timestamp":1531636432215,"x":0.0649261474609375,"y":-0.0065765380859375,"z":-0.0289306640625,"roomId":5555}
{"type":"accel","timestamp":1531636432233,"x":-2.2610321044921875,"y":8.251785278320312,"z":-1.628326416015625,"roomId":5555}
{"type":"gyro","timestamp":1531636432233,"x":0.04046630859375,"y":0.041900634765625,"z":0.026458740234375,"roomId":5555}
{"type":"accel","timestamp":1531636432243,"x":-2.399566650390625,"y":8.094833374023438,"z":-1.4776611328125,"roomId":5555}
{"type":"gyro","timestamp":1531636432243,"x":0.0335693359375,"y":0.03900146484375,"z":0.032562255859375,"roomId":5555}
{"type":"accel","timestamp":1531636432253,"x":-2.4900665283203125,"y":8.051589965820312,"z":-1.3873748779296875,"roomId":5555}
{"type":"gyro","timestamp":1531636432254,"x":0.0513458251953125,"y":0.0124359130859375,"z":0.038604736328125,"roomId":5555}
{"type":"accel","timestamp":1531636432263,"x":-2.6215362548828125,"y":7.992706298828125,"z":-1.3921356201171875,"roomId":5555}
{"type":"gyro","timestamp":1531636432264,"x":0.067138671875,"y":0.0065155029296875,"z":0.0542755126953125,"roomId":5555}
{"type":"accel","timestamp":1531636432274,"x":-2.6330413818359375,"y":7.8877105712890625,"z":-1.4982147216796875,"roomId":5555}
{"type":"gyro","timestamp":1531636432274,"x":0.0611114501953125,"y":0.026458740234375,"z":0.0961151123046875,"roomId":5555}
{"type":"accel","timestamp":1531636432293,"x":-2.1759490966796875,"y":7.9221649169921875,"z":-1.6406097412109375,"roomId":5555}
{"type":"gyro","timestamp":1531636432293,"x":0.0395660400390625,"y":0.040252685546875,"z":0.170623779296875,"roomId":5555}
{"type":"accel","timestamp":1531636432303,"x":-1.9576568603515625,"y":7.975006103515625,"z":-1.690032958984375,"roomId":5555}
{"type":"gyro","timestamp":1531636432303,"x":0.0373687744140625,"y":0.020416259765625,"z":0.1660308837890625,"roomId":5555}
{"type":"accel","timestamp":1531636432328,"x":-1.68011474609375,"y":8.038009643554688,"z":-1.2223663330078125,"roomId":5555}
{"type":"gyro","timestamp":1531636432329,"x":0.036376953125,"y":-0.07708740234375,"z":0.09271240234375,"roomId":5555}
{"type":"accel","timestamp":1531636432342,"x":-1.584197998046875,"y":8.116378784179688,"z":-1.0750732421875,"roomId":5555}
{"type":"gyro","timestamp":1531636432343,"x":0.1020355224609375,"y":-0.0673370361328125,"z":0.0594940185546875,"roomId":5555}
{"type":"accel","timestamp":1531636432352,"x":-1.4840240478515625,"y":8.248703002929688,"z":-1.524871826171875,"roomId":5555}
{"type":"accel","timestamp":1531636432362,"x":-1.457244873046875,"y":8.332061767578125,"z":-1.967254638671875,"roomId":5555}
{"type":"gyro","timestamp":1531636432363,"x":0.1187744140625,"y":-0.056243896484375,"z":0.0428924560546875,"roomId":5555}
{"type":"accel","timestamp":1531636432372,"x":-1.6419830322265625,"y":8.373886108398438,"z":-2.098724365234375,"roomId":5555}
{"type":"accel","timestamp":1531636432382,"x":-1.834442138671875,"y":8.296035766601562,"z":-1.9759368896484375,"roomId":5555}
{"type":"gyro","timestamp":1531636432383,"x":0.0432586669921875,"y":-0.050872802734375,"z":-0.0013580322265625,"roomId":5555}
{"type":"accel","timestamp":1531636432395,"x":-1.944366455078125,"y":8.162582397460938,"z":-1.7557220458984375,"roomId":5555}
{"type":"gyro","timestamp":1531636432396,"x":0.0032958984375,"y":-0.0159454345703125,"z":0.0041961669921875,"roomId":5555}
{"type":"accel","timestamp":1531636432412,"x":-1.8997039794921875,"y":7.960693359375,"z":-1.239776611328125,"roomId":5555}
{"type":"gyro","timestamp":1531636432412,"x":-0.038909912109375,"y":0.055328369140625,"z":0.0455780029296875,"roomId":5555}
{"type":"accel","timestamp":1531636432431,"x":-1.7697296142578125,"y":7.9151763916015625,"z":-0.6869049072265625,"roomId":5555}
{"type":"gyro","timestamp":1531636432432,"x":0.0235443115234375,"y":0.032562255859375,"z":0.0324859619140625,"roomId":5555}
{"type":"accel","timestamp":1531636432442,"x":-1.6172027587890625,"y":8.075836181640625,"z":-0.8408355712890625,"roomId":5555}
{"type":"gyro","timestamp":1531636432442,"x":0.0897979736328125,"y":0.0062255859375,"z":0.02081298828125,"roomId":5555}
{"type":"accel","timestamp":1531636432461,"x":-1.6358489990234375,"y":8.427169799804688,"z":-1.669342041015625,"roomId":5555}
{"type":"gyro","timestamp":1531636432462,"x":0.1466827392578125,"y":-0.0311431884765625,"z":-0.0123138427734375,"roomId":5555}
{"type":"accel","timestamp":1531636432471,"x":-1.917999267578125,"y":8.445877075195312,"z":-1.953460693359375,"roomId":5555}
{"type":"accel","timestamp":1531636432481,"x":-1.9317474365234375,"y":8.405685424804688,"z":-2.107574462890625,"roomId":5555}
{"type":"gyro","timestamp":1531636432482,"x":0.150970458984375,"y":-0.0475311279296875,"z":-0.0791168212890625,"roomId":5555}
{"type":"accel","timestamp":1531636432496,"x":-1.86712646484375,"y":8.385879516601562,"z":-2.294158935546875,"roomId":5555}
{"type":"gyro","timestamp":1531636432497,"x":0.1083984375,"y":0.00299072265625,"z":-0.0592498779296875,"roomId":5555}
{"type":"accel",