{"type":"accel","timestamp":1531636412865,"x":-1.7834014892578125,"y":7.591552734375,"z":-3.703521728515625,"roomId":5555}
{"type":"gyro","timestamp":1531636412866,"x":0.069793701171875,"y":0.0003662109375,"z":0.0478057861328125,"roomId":5555}
{"type":"accel","timestamp":1531636412875,"x":-1.7397003173828125,"y":7.667510986328125,"z":-3.5915374755859375,"roomId":5555}
{"type":"gyro","timestamp":1531636412876,"x":0.053619384765625,"y":-0.000457763671875,"z":0.0442047119140625,"roomId":5555}
{"type":"accel","timestamp":1531636412885,"x":-1.7091522216796875,"y":7.7270355224609375,"z":-3.4680023193359375,"roomId":5555}
{"type":"accel","timestamp":1531636412895,"x":-1.68634033203125,"y":7.7193756103515625,"z":-3.419921875,"roomId":5555}
{"type":"gyro","timestamp":1531636412896,"x":0.036773681640625,"y":0.0421600341796875,"z":0.0430145263671875,"roomId":5555}
{"type":"accel","timestamp":1531636412905,"x":-1.6789398193359375,"y":7.6806182861328125,"z":-3.420989990234375,"roomId":5555}
{"type":"gyro","timestamp":1531636412906,"x":0.0355224609375,"y":0.056671142578125,"z":0.03265380859375,"roomId":5555}
{"type":"accel","timestamp":1531636412915,"x":-1.7191162109375,"y":7.632965087890625,"z":-3.3658905029296875,"roomId":5555}
{"type":"gyro","timestamp":1531636412916,"x":0.0344085693359375,"y":0.0618133544921875,"z":0.0168304443359375,"roomId":5555}
{"type":"accel","timestamp":1531636412926,"x":-1.7339630126953125,"y":7.5361328125,"z":-3.3338470458984375,"roomId":5555}
{"type":"gyro","timestamp":1531636412927,"x":0.0301055908203125,"y":0.0747222900390625,"z":0.00177001953125,"roomId":5555}
{"type":"accel","timestamp":1531636412945,"x":-1.663330078125,"y":7.4763946533203125,"z":-3.31463623046875,"roomId":5555}
{"type":"gyro","timestamp":1531636412946,"x":0.0079345703125,"y":0.0819091796875,"z":-0.0196533203125,"roomId":5555}
{"type":"accel","timestamp":1531636412955,"x":-1.541595458984375,"y":7.49365234375,"z":-3.274688720703125,"roomId":5555}
{"type":"gyro","timestamp":1531636412956,"x":-0.011688232421875,"y":0.07562255859375,"z":-0.0374603271484375,"roomId":5555}
{"type":"accel","timestamp":1531636412965,"x":-1.460357666015625,"y":7.5339202880859375,"z":-3.2330169677734375,"roomId":5555}
{"type":"gyro","timestamp":1531636412966,"x":-0.028778076171875,"y":0.075164794921875,"z":-0.0637969970703125,"roomId":5555}
{"type":"accel","timestamp":1531636412975,"x":-1.4172515869140625,"y":7.6297454833984375,"z":-3.1556549072265625,"roomId":5555}
{"type":"gyro","timestamp":1531636412976,"x":-0.044830322265625,"y":0.084716796875,"z":-0.09722900390625,"roomId":5555}
{"type":"accel","timestamp":1531636412986,"x":-1.578369140625,"y":7.673370361328125,"z":-2.9027252197265625,"roomId":5555}
{"type":"gyro","timestamp":1531636412988,"x":-0.0459747314453125,"y":0.111602783203125,"z":-0.134735107421875,"roomId":5555}
{"type":"accel","timestamp":1531636413005,"x":-1.702911376953125,"y":7.858551025390625,"z":-3.3924407958984375,"roomId":5555}
{"type":"gyro","timestamp":1531636413005,"x":0.05645751953125,"y":0.0582733154296875,"z":-0.2234039306640625,"roomId":5555}
{"type":"accel","timestamp":1531636413024,"x":-2.0698089599609375,"y":7.912078857421875,"z":-3.5815887451171875,"roomId":5555}
{"type":"gyro","timestamp":1531636413025,"x":0.236114501953125,"y":-0.1372222900390625,"z":-0.3414764404296875,"roomId":5555}
{"type":"accel","timestamp":1531636413034,"x":-2.3394775390625,"y":7.80072021484375,"z":-3.77679443359375,"roomId":5555}
{"type":"gyro","timestamp":1531636413035,"x":0.2913360595703125,"y":-0.14581298828125,"z":-0.3513336181640625,"roomId":5555}
{"type":"accel","timestamp":1531636413044,"x":-2.5843658447265625,"y":7.7143402099609375,"z":-3.95220947265625,"roomId":5555}
{"type":"gyro","timestamp":1531636413045,"x":0.294677734375,"y":-0.1097869873046875,"z":-0.3058624267578125,"roomId":5555}
{"type":"accel","timestamp":1531636413055,"x":-2.687896728515625,"y":7.669586181640625,"z":-4.093017578125,"roomId":5555}
{"type":"gyro","timestamp":1531636413056,"x":0.2570953369140625,"y":-0.039703369140625,"z":-0.2269287109375,"roomId":5555}
{"type":"accel","timestamp":1531636413065,"x":-2.760345458984375,"y":7.577392578125,"z":-4.103790283203125,"roomId":5555}
{"type":"gyro","timestamp":1531636413071,"x":0.1948699951171875,"y":0.0439910888671875,"z":-0.1429443359375,"roomId":5555}
{"type":"accel","timestamp":1531636413084,"x":-2.5154266357421875,"y":7.50579833984375,"z":-3.803802490234375,"roomId":5555}
{"type":"gyro","timestamp":1531636413085,"x":0.0821990966796875,"y":0.1612548828125,"z":0.00341796875,"roomId":5555}
{"type":"accel","timestamp":1531636413103,"x":-2.0208892822265625,"y":7.5634613037109375,"z":-3.444854736328125,"roomId":5555}
{"type":"gyro","timestamp":1531636413104,"x":0.056610107421875,"y":0.12579345703125,"z":0.051025390625,"roomId":5555}
{"type":"accel","timestamp":1531636413113,"x":-1.9136199951171875,"y":7.5615234375,"z":-3.3795013427734375,"roomId":5555}
{"type":"gyro","timestamp":1531636413114,"x":0.078948974609375,"y":0.0865631103515625,"z":0.040008544921875,"roomId":5555}
{"type":"accel","timestamp":1531636413123,"x":-1.930877685546875,"y":7.5571746826171875,"z":-3.460296630859375,"roomId":5555}
{"type":"gyro","timestamp":1531636413124,"x":0.110809326171875,"y":0.0610198974609375,"z":0.022064208984375,"roomId":5555}
{"type":"accel","timestamp":1531636413133,"x":-1.9644317626953125,"y":7.525054931640625,"z":-3.6021881103515625,"roomId":5555}
{"type":"gyro","timestamp":1531636413134,"x":0.1422576904296875,"y":0.0450286865234375,"z":0.0116424560546875,"roomId":5555}
{"type":"accel","timestamp":1531636413143,"x":-2.027008056640625,"y":7.482696533203125,"z":-3.7216796875,"roomId":5555}
{"type":"gyro","timestamp":1531636413144,"x":0.1602630615234375,"y":0.038330078125,"z":0.009307861328125,"roomId":5555}
{"type":"accel","timestamp":1531636413153,"x":-2.0573272705078125,"y":7.43939208984375,"z":-3.8091278076171875,"roomId":5555}
{"type":"accel","timestamp":1531636413163,"x":-1.97589111328125,"y":7.382293701171875,"z":-3.8352813720703125,"roomId":5555}
{"type":"gyro","timestamp":1531636413164,"x":0.137298583984375,"y":0.016937255859375,"z":0.010406494140625,"roomId":5555}
{"type":"accel","timestamp":1531636413173,"x":-1.8464813232421875,"y":7.44384765625,"z":-3.83575439453125,"roomId":5555}
{"type":"accel","timestamp":1531636413183,"x":-1.8322296142578125,"y":7.5222930908203125,"z":-3.8052978515625,"roomId":5555}
{"type":"gyro","timestamp":1531636413184,"x":0.078094482421875,"y":-0.0374755859375,"z":-0.000823974609375,"roomId":5555}
{"type":"gyro","timestamp":1531636413193,"x":0.0622100830078125,"y":-0.0366058349609375,"z":-0.0094451904296875,"roomId":5555}
{"type":"accel","timestamp":1531636413203,"x":-2.00238037109375,"y":7.5468292236328125,"z":-3.845977783203125,"roomId":5555}
{"type":"gyro","timestamp":1531636413205,"x":0.0545654296875,"y":-0.0157623291015625,"z":-0.0067596435546875,"roomId":5555}
{"type":"accel","timestamp":1531636413214,"x":-2.0938720703125,"y":7.5014495849609375,"z":-3.9296417236328125,"roomId":5555}
{"type":"gyro","timestamp":1531636413214,"x":0.0442352294921875,"y":0.0056915283203125,"z":0.00762939453125,"roomId":5555}
{"type":"accel","timestamp":1531636413233,"x":-2.1475830078125,"y":7.4827728271484375,"z":-3.8321075439453125,"roomId":5555}
{"type":"gyro","timestamp":1531636413234,"x":0.007049560546875,"y":0.0244598388671875,"z":0.0255889892578125,"roomId":5555}
{"type":"accel","timestamp":1531636413244,"x":-2.103790283203125,"y":7.4862213134765625,"z":-3.7899627685546875,"roomId":5555}
{"type":"gyro","timestamp":1531636413246,"x":-0.0053558349609375,"y":0.011260986328125,"z":0.02630615234375,"roomId":5555}
{"type":"accel","timestamp":1531636413255,"x":-2.0990753173828125,"y":7.4474029541015625,"z":-3.745635986328125,"roomId":5555}
{"type":"gyro","timestamp":1531636413257,"x":-0.009735107421875,"y":0.00384521484375,"z":0.0202484130859375,"roomId":5555}
{"type":"accel","timestamp":1531636413273,"x":-2.1141204833984375,