{"type":"gyro","timestamp":1531636208184,"x":-0.0458221435546875,"y":0.3499603271484375,"z":0.20123291015625,"roomId":5555}
{"type":"accel","timestamp":1531636208202,"x":-0.291259765625,"y":8.705642700195312,"z":-4.30926513671875,"roomId":5555}
{"type":"gyro","timestamp":1531636208203,"x":-0.455413818359375,"y":0.5468292236328125,"z":0.1589202880859375,"roomId":5555}
{"type":"accel","timestamp":1531636208213,"x":-0.2302398681640625,"y":8.654998779296875,"z":-3.171783447265625,"roomId":5555}
{"type":"gyro","timestamp":1531636208214,"x":-0.51470947265625,"y":0.7868499755859375,"z":0.1781158447265625,"roomId":5555}
{"type":"accel","timestamp":1531636208233,"x":0.420989990234375,"y":9.537704467773438,"z":-2.7304840087890625,"roomId":5555}
{"type":"gyro","timestamp":1531636208234,"x":-0.486541748046875,"y":0.956146240234375,"z":0.1414642333984375,"roomId":5555}
{"type":"accel","timestamp":1531636208243,"x":1.09967041015625,"y":9.859649658203125,"z":-3.765472412109375,"roomId":5555}
{"type":"gyro","timestamp":1531636208244,"x":-0.3657684326171875,"y":0.9040679931640625,"z":0.082427978515625,"roomId":5555}
{"type":"accel","timestamp":1531636208253,"x":1.9203033447265625,"y":9.973129272460938,"z":-5.519378662109375,"roomId":5555}
{"type":"gyro","timestamp":1531636208254,"x":-0.297637939453125,"y":1.020660400390625,"z":0.0547943115234375,"roomId":5555}
{"type":"accel","timestamp":1531636208263,"x":2.327972412109375,"y":9.901123046875,"z":-6.420379638671875,"roomId":5555}
{"type":"gyro","timestamp":1531636208264,"x":-0.4339447021484375,"y":1.4124908447265625,"z":0.0738677978515625,"roomId":5555}
{"type":"accel","timestamp":1531636208275,"x":2.0916595458984375,"y":9.536819458007812,"z":-5.7947540283203125,"roomId":5555}
{"type":"gyro","timestamp":1531636208276,"x":-0.7587890625,"y":2.1375579833984375,"z":0.2003173828125,"roomId":5555}
{"type":"accel","timestamp":1531636208292,"x":3.8578033447265625,"y":9.389938354492188,"z":-4.6293487548828125,"roomId":5555}
{"type":"gyro","timestamp":1531636208293,"x":-1.4695281982421875,"y":4.1320953369140625,"z":0.78875732421875,"roomId":5555}
{"type":"accel","timestamp":1531636208302,"x":6.49346923828125,"y":9.938201904296875,"z":-4.7068328857421875,"roomId":5555}
{"type":"gyro","timestamp":1531636208303,"x":-1.5868377685546875,"y":4.6028900146484375,"z":0.86865234375,"roomId":5555}
{"type":"accel","timestamp":1531636208312,"x":8.305282592773438,"y":10.153060913085938,"z":-4.8209075927734375,"roomId":5555}
{"type":"gyro","timestamp":1531636208314,"x":-1.460906982421875,"y":4.5637664794921875,"z":0.608306884765625,"roomId":5555}
{"type":"accel","timestamp":1531636208331,"x":7.0054168701171875,"y":8.266677856445312,"z":-3.45574951171875,"roomId":5555}
{"type":"gyro","timestamp":1531636208332,"x":-0.9906005859375,"y":4.4098358154296875,"z":-0.20703125,"roomId":5555}
{"type":"accel","timestamp":1531636208342,"x":4.815948486328125,"y":7.0611114501953125,"z":-1.8720855712890625,"roomId":5555}
{"type":"gyro","timestamp":1531636208343,"x":-0.8703155517578125,"y":4.9132232666015625,"z":-0.270843505859375,"roomId":5555}
{"type":"accel","timestamp":1531636208352,"x":2.744659423828125,"y":5.9929046630859375,"z":-0.283843994140625,"roomId":5555}
{"type":"gyro","timestamp":1531636208353,"x":-0.8101806640625,"y":5.7918548583984375,"z":0.007720947265625,"roomId":5555}
{"type":"accel","timestamp":1531636208362,"x":1.114501953125,"y":4.7700347900390625,"z":0.74603271484375,"roomId":5555}
{"type":"gyro","timestamp":1531636208363,"x":-0.7186126708984375,"y":6.6627349853515625,"z":0.5908660888671875,"roomId":5555}
{"type":"accel","timestamp":1531636208372,"x":0.9989166259765625,"y":4.19268798828125,"z":0.696868896484375,"roomId":5555}
{"type":"gyro","timestamp":1531636208382,"x":-0.4215240478515625,"y":7.7069549560546875,"z":2.337799072265625,"roomId":5555}
{"type":"accel","timestamp":1531636208392,"x":5.65570068359375,"y":4.41522216796875,"z":-0.5761871337890625,"roomId":5555}
{"type":"gyro","timestamp":1531636208393,"x":-0.4377288818359375,"y":8.215774536132812,"z":3.1131744384765625,"roomId":5555}
{"type":"accel","timestamp":1531636208402,"x":9.208648681640625,"y":4.373809814453125,"z":-1.1281280517578125,"roomId":5555}
{"type":"gyro","timestamp":1531636208403,"x":-0.638916015625,"y":8.751510620117188,"z":3.6215057373046875,"roomId":5555}
{"type":"accel","timestamp":1531636208412,"x":11.667694091796875,"y":4.333770751953125,"z":-0.3979339599609375,"roomId":5555}
{"type":"gyro","timestamp":1531636208413,"x":-0.97283935546875,"y":9.239669799804688,"z":3.8216094970703125,"roomId":5555}
{"type":"accel","timestamp":1531636208432,"x":10.921676635742188,"y":3.6591796875,"z":6.279388427734375,"roomId":5555}
{"type":"gyro","timestamp":1531636208433,"x":-1.4313201904296875,"y":10.094955444335938,"z":3.6367950439453125,"roomId":5555}
{"type":"accel","timestamp":1531636208450,"x":7.116455078125,"y":2.792083740234375,"z":13.013168334960938,"roomId":5555}
{"type":"gyro","timestamp":1531636208451,"x":-0.630706787109375,"y":10.395263671875,"z":3.5002593994140625,"roomId":5555}
{"type":"accel","timestamp":1531636208461,"x":5.5399932861328125,"y":2.30902099609375,"z":13.90643310546875,"roomId":5555}
{"type":"gyro","timestamp":1531636208462,"x":0.170013427734375,"y":10.285064697265625,"z":3.61651611328125,"roomId":5555}
{"type":"accel","timestamp":1531636208471,"x":5.01983642578125,"y":1.6903839111328125,"z":13.270034790039062,"roomId":5555}
{"type":"gyro","timestamp":1531636208474,"x":0.983367919921875,"y":10.1611328125,"z":3.8663482666015625,"roomId":5555}
{"type":"accel","timestamp":1531636208482,"x":6.153350830078125,"y":0.7789459228515625,"z":11.690780639648438,"roomId":5555}
{"type":"gyro","timestamp":1531636208483,"x":1.61212158203125,"y":10.15179443359375,"z":4.2199859619140625,"roomId":5555}
{"type":"accel","timestamp":1531636208500,"x":11.242401123046875,"y":-0.2209930419921875,"z":10.036407470703125,"roomId":5555}
{"type":"gyro","timestamp":1531636208501,"x":2.0538177490234375,"y":10.850692749023438,"z":4.9160003662109375,"roomId":5555}
{"type":"accel","timestamp":1531636208510,"x":12.368743896484375,"y":-0.4789886474609375,"z":10.583816528320312,"roomId":5555}
{"type":"gyro","timestamp":1531636208511,"x":2.0298919677734375,"y":11.45538330078125,"z":5.06256103515625,"roomId":5555}
{"type":"accel","timestamp":1531636208520,"x":11.861557006835938,"y":-1.1175079345703125,"z":11.448226928710938,"roomId":5555}
{"type":"gyro","timestamp":1531636208521,"x":2.053466796875,"y":11.946029663085938,"z":5.1104278564453125,"roomId":5555}
{"type":"accel","timestamp":1531636208530,"x":10.590408325195312,"y":-2.238189697265625,"z":11.638290405273438,"roomId":5555}
{"type":"accel","timestamp":1531636208540,"x":9.818145751953125,"y":-2.9812469482421875,"z":11.237564086914062,"roomId":5555}
{"type":"gyro","timestamp":1531636208540,"x":2.5123291015625,"y":12.325027465820312,"z":5.3507537841796875,"roomId":5555}
{"type":"accel","timestamp":1531636208550,"x":10.3731689453125,"y":-3.40850830078125,"z":10.642623901367188,"roomId":5555}
{"type":"gyro","timestamp":1531636208551,"x":2.7213897705078125,"y":12.512008666992188,"z":5.6407470703125,"roomId":5555}
{"type":"accel","timestamp":1531636208570,"x":14.680282592773438,"y":-2.5414581298828125,"z":8.160308837890625,"roomId":5555}
{"type":"gyro","timestamp":1531636208571,"x":2.5618743896484375,"y":13.166305541992188,"z":6.21917724609375,"roomId":5555}
{"type":"accel","timestamp":1531636208580,"x":16.583938598632812,"y":-1.476715087890625,"z":6.73883056640625,"roomId":5555}
{"type":"gyro","timestamp":1531636208581,"x":2.3351593017578125,"y":13.226089477539062,"z":6.2382049560546875,"roomId":5555}
{"type":"accel","timestamp":1531636208591,"x":16.497634887695312,"y":-0.4173736572265625,"z":5.160430908203125,"roomId":5555}
{"type":"gyro","timestamp":1531636208592,"x":2.14178466796875,"y":12.737060546875,"z":5.9699554443359375,"roomId":5555}
{"type":"accel","timestamp":1531636208601,"x":14.959747314453125,"y":0.897186279296875,