{"type":"gyro","timestamp":1531636183523,"x":-0.341278076171875,"y":0.2660675048828125,"z":0.2710418701171875,"roomId":5555}
{"type":"accel","timestamp":1531636183531,"x":-0.2292938232421875,"y":8.260696411132812,"z":-3.25396728515625,"roomId":5555}
{"type":"gyro","timestamp":1531636183532,"x":-0.4063262939453125,"y":0.2811431884765625,"z":0.2167816162109375,"roomId":5555}
{"type":"accel","timestamp":1531636183549,"x":0.444244384765625,"y":8.606735229492188,"z":-4.4161224365234375,"roomId":5555}
{"type":"gyro","timestamp":1531636183550,"x":-0.26202392578125,"y":0.352630615234375,"z":0.1613311767578125,"roomId":5555}
{"type":"accel","timestamp":1531636183560,"x":1.19970703125,"y":9.165191650390625,"z":-5.05206298828125,"roomId":5555}
{"type":"gyro","timestamp":1531636183561,"x":-0.22332763671875,"y":0.4960479736328125,"z":0.2215728759765625,"roomId":5555}
{"type":"accel","timestamp":1531636183570,"x":1.980377197265625,"y":9.460922241210938,"z":-5.7024993896484375,"roomId":5555}
{"type":"gyro","timestamp":1531636183571,"x":-0.25439453125,"y":0.697845458984375,"z":0.268463134765625,"roomId":5555}
{"type":"accel","timestamp":1531636183580,"x":2.6919097900390625,"y":9.59552001953125,"z":-6.0868072509765625,"roomId":5555}
{"type":"gyro","timestamp":1531636183583,"x":-0.34088134765625,"y":1.0139007568359375,"z":0.2887725830078125,"roomId":5555}
{"type":"accel","timestamp":1531636183591,"x":3.027008056640625,"y":9.689300537109375,"z":-6.084320068359375,"roomId":5555}
{"type":"gyro","timestamp":1531636183592,"x":-0.4863128662109375,"y":1.45233154296875,"z":0.2822265625,"roomId":5555}
{"type":"accel","timestamp":1531636183601,"x":2.984893798828125,"y":9.43353271484375,"z":-5.9546051025390625,"roomId":5555}
{"type":"gyro","timestamp":1531636183602,"x":-0.67388916015625,"y":1.9264678955078125,"z":0.2434234619140625,"roomId":5555}
{"type":"accel","timestamp":1531636183611,"x":2.8746795654296875,"y":8.852249145507812,"z":-5.7070159912109375,"roomId":5555}
{"type":"gyro","timestamp":1531636183613,"x":-0.838714599609375,"y":2.3250732421875,"z":0.1929473876953125,"roomId":5555}
{"type":"accel","timestamp":1531636183629,"x":2.5347747802734375,"y":7.8828125,"z":-4.2604522705078125,"roomId":5555}
{"type":"gyro","timestamp":1531636183630,"x":-0.9832916259765625,"y":2.8844451904296875,"z":0.1277618408203125,"roomId":5555}
{"type":"accel","timestamp":1531636183639,"x":2.295379638671875,"y":7.21881103515625,"z":-3.284454345703125,"roomId":5555}
{"type":"gyro","timestamp":1531636183640,"x":-0.975189208984375,"y":3.17755126953125,"z":0.171783447265625,"roomId":5555}
{"type":"accel","timestamp":1531636183650,"x":2.0660400390625,"y":6.519317626953125,"z":-2.525146484375,"roomId":5555}
{"type":"gyro","timestamp":1531636183651,"x":-0.8978729248046875,"y":3.5485076904296875,"z":0.3150634765625,"roomId":5555}
{"type":"accel","timestamp":1531636183669,"x":2.1090850830078125,"y":5.91387939453125,"z":-2.29736328125,"roomId":5555}
{"type":"gyro","timestamp":1531636183670,"x":-0.583892822265625,"y":4.6137542724609375,"z":0.9482269287109375,"roomId":5555}
{"type":"accel","timestamp":1531636183680,"x":3.32568359375,"y":5.8818817138671875,"z":-2.2385406494140625,"roomId":5555}
{"type":"gyro","timestamp":1531636183682,"x":-0.4676055908203125,"y":5.230682373046875,"z":1.408294677734375,"roomId":5555}
{"type":"accel","timestamp":1531636183691,"x":5.1732177734375,"y":6.1248016357421875,"z":-2.11285400390625,"roomId":5555}
{"type":"gyro","timestamp":1531636183693,"x":-0.4476165771484375,"y":5.8425750732421875,"z":1.9044036865234375,"roomId":5555}
{"type":"accel","timestamp":1531636183701,"x":7.3947601318359375,"y":6.2314605712890625,"z":-1.97113037109375,"roomId":5555}
{"type":"gyro","timestamp":1531636183703,"x":-0.52825927734375,"y":6.418365478515625,"z":2.338287353515625,"roomId":5555}
{"type":"accel","timestamp":1531636183719,"x":11.120223999023438,"y":5.46282958984375,"z":-1.2682952880859375,"roomId":5555}
{"type":"gyro","timestamp":1531636183720,"x":-0.8386688232421875,"y":7.60577392578125,"z":2.8513946533203125,"roomId":5555}
{"type":"gyro","timestamp":1531636183738,"x":-1.0930328369140625,"y":8.888763427734375,"z":3.051239013671875,"roomId":5555}
{"type":"accel","timestamp":1531636183749,"x":12.492507934570312,"y":5.1964874267578125,"z":0.756927490234375,"roomId":5555}
{"type":"gyro","timestamp":1531636183753,"x":-1.2019500732421875,"y":9.54315185546875,"z":3.050537109375,"roomId":5555}
{"type":"accel","timestamp":1531636183765,"x":11.85980224609375,"y":5.049224853515625,"z":2.4776458740234375,"roomId":5555}
{"type":"gyro","timestamp":1531636183766,"x":-1.26153564453125,"y":10.067153930664062,"z":3.01751708984375,"roomId":5555}
{"type":"accel","timestamp":1531636183779,"x":10.925384521484375,"y":4.4233856201171875,"z":7.6441192626953125,"roomId":5555}
{"type":"gyro","timestamp":1531636183779,"x":-1.00732421875,"y":10.527389526367188,"z":2.96759033203125,"roomId":5555}
{"type":"accel","timestamp":1531636183798,"x":9.107421875,"y":2.873748779296875,"z":10.35931396484375,"roomId":5555}
{"type":"gyro","timestamp":1531636183798,"x":-0.0450592041015625,"y":10.350784301757812,"z":2.993560791015625,"roomId":5555}
{"type":"accel","timestamp":1531636183808,"x":8.663833618164062,"y":1.7136688232421875,"z":10.16119384765625,"roomId":5555}
{"type":"gyro","timestamp":1531636183810,"x":0.4711151123046875,"y":10.468048095703125,"z":3.1611480712890625,"roomId":5555}
{"type":"accel","timestamp":1531636183828,"x":7.707061767578125,"y":0.0382232666015625,"z":8.648834228515625,"roomId":5555}
{"type":"gyro","timestamp":1531636183829,"x":1.0989532470703125,"y":11.306671142578125,"z":3.7189483642578125,"roomId":5555}
{"type":"accel","timestamp":1531636183838,"x":7.8602752685546875,"y":-0.0594635009765625,"z":8.818603515625,"roomId":5555}
{"type":"gyro","timestamp":1531636183839,"x":1.253326416015625,"y":11.696762084960938,"z":4.0515899658203125,"roomId":5555}
{"type":"accel","timestamp":1531636183848,"x":8.357803344726562,"y":0.2246856689453125,"z":9.6021728515625,"roomId":5555}
{"type":"gyro","timestamp":1531636183849,"x":1.444305419921875,"y":11.822280883789062,"z":4.314453125,"roomId":5555}
{"type":"accel","timestamp":1531636183858,"x":8.385009765625,"y":0.307220458984375,"z":10.039093017578125,"roomId":5555}
{"type":"accel","timestamp":1531636183868,"x":7.8202362060546875,"y":0.090850830078125,"z":9.689300537109375,"roomId":5555}
{"type":"gyro","timestamp":1531636183869,"x":2.1064300537109375,"y":11.422515869140625,"z":4.568817138671875,"roomId":5555}
{"type":"accel","timestamp":1531636183887,"x":7.8680267333984375,"y":-0.537109375,"z":7.0315093994140625,"roomId":5555}
{"type":"gyro","timestamp":1531636183888,"x":2.6520843505859375,"y":10.724960327148438,"z":4.8981170654296875,"roomId":5555}
{"type":"accel","timestamp":1531636183897,"x":8.559432983398438,"y":-0.3990020751953125,"z":6.429229736328125,"roomId":5555}
{"type":"gyro","timestamp":1531636183898,"x":2.66839599609375,"y":10.445083618164062,"z":5.07305908203125,"roomId":5555}
{"type":"accel","timestamp":1531636183909,"x":10.147994995117188,"y":-0.1353759765625,"z":6.556854248046875,"roomId":5555}
{"type":"gyro","timestamp":1531636183909,"x":2.5706634521484375,"y":10.217391967773438,"z":5.1692352294921875,"roomId":5555}
{"type":"accel","timestamp":1531636183928,"x":12.090469360351562,"y":1.0712127685546875,"z":5.6871185302734375,"roomId":5555}
{"type":"gyro","timestamp":1531636183930,"x":2.3900909423828125,"y":9.822891235351562,"z":4.97064208984375,"roomId":5555}
{"type":"accel","timestamp":1531636183938,"x":11.291030883789062,"y":1.904754638671875,"z":5.0386505126953125,"roomId":5555}
{"type":"accel","timestamp":1531636183948,"x":10.278884887695312,"y":2.191131591796875,"z":4.231048583984375,"roomId":5555}
{"type":"gyro","timestamp":1531636183950,"x":2.0191497802734375,"y":9.503173828125,"z":4.6016998291015625,"roomId":5555}
{"type":"accel","timestamp":1531636183967,"x":8.593017578125,"y":2.75244140625,"z":3.8579559326171875,