{"type":"accel","timestamp":1531636181186,"x":-1.8490447998046875,"y":7.761138916015625,"z":-3.98736572265625,"roomId":5555}
{"type":"accel","timestamp":1531636181196,"x":-1.8473052978515625,"y":8.105606079101562,"z":-2.8217926025390625,"roomId":5555}
{"type":"gyro","timestamp":1531636181196,"x":-0.400177001953125,"y":-0.1345672607421875,"z":-0.07928466796875,"roomId":5555}
{"type":"accel","timestamp":1531636181215,"x":-1.9488372802734375,"y":8.1064453125,"z":-4.8436737060546875,"roomId":5555}
{"type":"gyro","timestamp":1531636181216,"x":-0.1349334716796875,"y":0.26593017578125,"z":-0.024017333984375,"roomId":5555}
{"type":"accel","timestamp":1531636181226,"x":-1.12371826171875,"y":8.61883544921875,"z":-5.6319122314453125,"roomId":5555}
{"type":"gyro","timestamp":1531636181227,"x":-0.1226043701171875,"y":0.1973876953125,"z":-0.0058135986328125,"roomId":5555}
{"type":"accel","timestamp":1531636181236,"x":-0.2151336669921875,"y":9.026046752929688,"z":-6.541229248046875,"roomId":5555}
{"type":"gyro","timestamp":1531636181237,"x":-0.10369873046875,"y":0.10711669921875,"z":-0.0377349853515625,"roomId":5555}
{"type":"accel","timestamp":1531636181256,"x":-0.08245849609375,"y":9.024887084960938,"z":-7.092041015625,"roomId":5555}
{"type":"gyro","timestamp":1531636181257,"x":-0.2783355712890625,"y":0.4107666015625,"z":-0.218475341796875,"roomId":5555}
{"type":"accel","timestamp":1531636181275,"x":-1.5121612548828125,"y":7.913787841796875,"z":-6.1627960205078125,"roomId":5555}
{"type":"gyro","timestamp":1531636181276,"x":-0.64093017578125,"y":1.2447052001953125,"z":-0.1743011474609375,"roomId":5555}
{"type":"accel","timestamp":1531636181286,"x":-1.46417236328125,"y":8.015869140625,"z":-6.6758270263671875,"roomId":5555}
{"type":"gyro","timestamp":1531636181288,"x":-0.7321624755859375,"y":1.4427642822265625,"z":-0.0525970458984375,"roomId":5555}
{"type":"accel","timestamp":1531636181305,"x":0.338958740234375,"y":9.424560546875,"z":-7.2169952392578125,"roomId":5555}
{"type":"gyro","timestamp":1531636181307,"x":-0.58929443359375,"y":0.64788818359375,"z":-0.1498565673828125,"roomId":5555}
{"type":"accel","timestamp":1531636181315,"x":0.044586181640625,"y":9.177047729492188,"z":-7.35943603515625,"roomId":5555}
{"type":"accel","timestamp":1531636181326,"x":-0.6823883056640625,"y":8.74334716796875,"z":-7.157012939453125,"roomId":5555}
{"type":"gyro","timestamp":1531636181327,"x":-0.71124267578125,"y":0.5147247314453125,"z":-0.4047698974609375,"roomId":5555}
{"type":"accel","timestamp":1531636181337,"x":-1.1545257568359375,"y":8.477020263671875,"z":-6.7188720703125,"roomId":5555}
{"type":"gyro","timestamp":1531636181338,"x":-0.8883209228515625,"y":0.808319091796875,"z":-0.2987213134765625,"roomId":5555}
{"type":"accel","timestamp":1531636181354,"x":-1.4990692138671875,"y":8.628433227539062,"z":-4.8292388916015625,"roomId":5555}
{"type":"accel","timestamp":1531636181365,"x":-1.458831787109375,"y":8.223800659179688,"z":-4.3840484619140625,"roomId":5555}
{"type":"gyro","timestamp":1531636181367,"x":-1.17132568359375,"y":1.9014129638671875,"z":0.217010498046875,"roomId":5555}
{"type":"accel","timestamp":1531636181376,"x":-0.320648193359375,"y":7.6944122314453125,"z":-4.1702117919921875,"roomId":5555}
{"type":"gyro","timestamp":1531636181377,"x":-1.2695770263671875,"y":2.7902984619140625,"z":0.6536407470703125,"roomId":5555}
{"type":"accel","timestamp":1531636181394,"x":4.4989166259765625,"y":8.08245849609375,"z":-3.8618011474609375,"roomId":5555}
{"type":"gyro","timestamp":1531636181395,"x":-1.3874359130859375,"y":4.58172607421875,"z":1.6677703857421875,"roomId":5555}
{"type":"accel","timestamp":1531636181406,"x":6.4412384033203125,"y":7.915679931640625,"z":-3.628814697265625,"roomId":5555}
{"type":"gyro","timestamp":1531636181408,"x":-1.3281707763671875,"y":5.216064453125,"z":1.9654388427734375,"roomId":5555}
{"type":"accel","timestamp":1531636181426,"x":7.40679931640625,"y":6.503875732421875,"z":-1.6912078857421875,"roomId":5555}
{"type":"gyro","timestamp":1531636181427,"x":-1.090087890625,"y":5.9948577880859375,"z":2.0837249755859375,"roomId":5555}
{"type":"accel","timestamp":1531636181438,"x":7.5886688232421875,"y":5.6194305419921875,"z":-0.3533172607421875,"roomId":5555}
{"type":"gyro","timestamp":1531636181439,"x":-0.9399566650390625,"y":6.309539794921875,"z":2.168853759765625,"roomId":5555}
{"type":"accel","timestamp":1531636181454,"x":7.67572021484375,"y":3.033111572265625,"z":2.438323974609375,"roomId":5555}
{"type":"gyro","timestamp":1531636181455,"x":-0.65032958984375,"y":7.4564666748046875,"z":2.7537384033203125,"roomId":5555}
{"type":"accel","timestamp":1531636181474,"x":10.67578125,"y":1.0208892822265625,"z":5.5642547607421875,"roomId":5555}
{"type":"gyro","timestamp":1531636181475,"x":-0.4057464599609375,"y":9.197402954101562,"z":3.8524322509765625,"roomId":5555}
{"type":"accel","timestamp":1531636181485,"x":12.44171142578125,"y":-0.5258026123046875,"z":7.175994873046875,"roomId":5555}
{"type":"gyro","timestamp":1531636181487,"x":-0.2904815673828125,"y":10.149703979492188,"z":4.4041748046875,"roomId":5555}
{"type":"accel","timestamp":1531636181504,"x":17.226959228515625,"y":-3.1696624755859375,"z":10.91094970703125,"roomId":5555}
{"type":"gyro","timestamp":1531636181505,"x":-0.035430908203125,"y":12.067855834960938,"z":5.2578277587890625,"roomId":5555}
{"type":"accel","timestamp":1531636181524,"x":20.44512939453125,"y":-3.7067413330078125,"z":16.288497924804688,"roomId":5555}
{"type":"gyro","timestamp":1531636181525,"x":0.33099365234375,"y":13.932968139648438,"z":5.736572265625,"roomId":5555}
{"type":"accel","timestamp":1531636181534,"x":20.200592041015625,"y":-3.9647064208984375,"z":17.901046752929688,"roomId":5555}
{"type":"gyro","timestamp":1531636181535,"x":0.7388916015625,"y":14.723419189453125,"z":5.7381744384765625,"roomId":5555}
{"type":"accel","timestamp":1531636181544,"x":18.995361328125,"y":-5.043914794921875,"z":17.3485107421875,"roomId":5555}
{"type":"gyro","timestamp":1531636181545,"x":1.4563751220703125,"y":15.180679321289062,"z":5.5913238525390625,"roomId":5555}
{"type":"accel","timestamp":1531636181554,"x":17.26123046875,"y":-6.02947998046875,"z":15.10009765625,"roomId":5555}
{"type":"accel","timestamp":1531636181564,"x":15.258132934570312,"y":-6.779937744140625,"z":11.536636352539062,"roomId":5555}
{"type":"gyro","timestamp":1531636181566,"x":3.53759765625,"y":14.591217041015625,"z":5.0614166259765625,"roomId":5555}
{"type":"accel","timestamp":1531636181574,"x":13.437042236328125,"y":-7.0002288818359375,"z":8.154815673828125,"roomId":5555}
{"type":"gyro","timestamp":1531636181584,"x":5.1389617919921875,"y":12.510025024414062,"z":4.72320556640625,"roomId":5555}
{"type":"accel","timestamp":1531636181595,"x":13.85870361328125,"y":-5.55755615234375,"z":4.4646453857421875,"roomId":5555}
{"type":"gyro","timestamp":1531636181598,"x":5.4462738037109375,"y":11.512588500976562,"z":4.7620697021484375,"roomId":5555}
{"type":"gyro","timestamp":1531636181612,"x":5.3372955322265625,"y":10.145172119140625,"z":4.8056182861328125,"roomId":5555}
{"type":"accel","timestamp":1531636181623,"x":16.634231567382812,"y":-2.3548126220703125,"z":4.3706512451171875,"roomId":5555}
{"type":"gyro","timestamp":1531636181624,"x":5.092376708984375,"y":9.853271484375,"z":4.634124755859375,"roomId":5555}
{"type":"accel","timestamp":1531636181634,"x":16.687515258789062,"y":-1.5791778564453125,"z":3.917388916015625,"roomId":5555}
{"type":"gyro","timestamp":1531636181635,"x":4.8065948486328125,"y":9.7388916015625,"z":4.347015380859375,"roomId":5555}
{"type":"accel","timestamp":1531636181653,"x":12.245697021484375,"y":-1.9136505126953125,"z":1.4220733642578125,"roomId":5555}
{"type":"gyro","timestamp":1531636181655,"x":4.0676727294921875,"y":9.81158447265625,"z":4.0404205322265625,"roomId":5555}
{"type":"accel","timestamp":1531636181663,"x":11.492721557617188,"y":-1.8367462158203125,"z":0.52093505859375,"roomId":5555}
{"type":"accel","timestamp":1531636181674,