{"type":"gyro","timestamp":1531636161988,"x":0.22979736328125,"y":-0.177520751953125,"z":0.183929443359375,"roomId":5555}
{"type":"accel","timestamp":1531636161998,"x":-1.76153564453125,"y":9.994903564453125,"z":-3.931182861328125,"roomId":5555}
{"type":"gyro","timestamp":1531636161999,"x":0.1793975830078125,"y":-0.169036865234375,"z":0.2164459228515625,"roomId":5555}
{"type":"accel","timestamp":1531636162016,"x":0.0471343994140625,"y":11.332794189453125,"z":-5.575592041015625,"roomId":5555}
{"type":"gyro","timestamp":1531636162017,"x":0.038177490234375,"y":0.1305999755859375,"z":0.335113525390625,"roomId":5555}
{"type":"accel","timestamp":1531636162036,"x":1.3965911865234375,"y":11.929931640625,"z":-7.3472137451171875,"roomId":5555}
{"type":"gyro","timestamp":1531636162036,"x":-0.17059326171875,"y":0.43975830078125,"z":0.339447021484375,"roomId":5555}
{"type":"accel","timestamp":1531636162046,"x":2.1217803955078125,"y":12.251953125,"z":-7.4653472900390625,"roomId":5555}
{"type":"gyro","timestamp":1531636162047,"x":-0.345489501953125,"y":0.6935577392578125,"z":0.279144287109375,"roomId":5555}
{"type":"accel","timestamp":1531636162066,"x":-0.3915863037109375,"y":10.79705810546875,"z":-5.3814697265625,"roomId":5555}
{"type":"gyro","timestamp":1531636162067,"x":-0.74017333984375,"y":1.6142730712890625,"z":0.4432830810546875,"roomId":5555}
{"type":"accel","timestamp":1531636162076,"x":-1.7749786376953125,"y":9.73095703125,"z":-3.93426513671875,"roomId":5555}
{"type":"gyro","timestamp":1531636162078,"x":-0.799713134765625,"y":2.3607330322265625,"z":0.914154052734375,"roomId":5555}
{"type":"accel","timestamp":1531636162087,"x":-2.5697479248046875,"y":8.6221923828125,"z":-2.5227203369140625,"roomId":5555}
{"type":"gyro","timestamp":1531636162088,"x":-0.7490081787109375,"y":3.324493408203125,"z":1.66412353515625,"roomId":5555}
{"type":"accel","timestamp":1531636162097,"x":-1.3417205810546875,"y":7.8935546875,"z":-1.78839111328125,"roomId":5555}
{"type":"gyro","timestamp":1531636162098,"x":-0.5938720703125,"y":4.4682159423828125,"z":2.6045684814453125,"roomId":5555}
{"type":"accel","timestamp":1531636162115,"x":6.856048583984375,"y":7.753082275390625,"z":-1.0035247802734375,"roomId":5555}
{"type":"gyro","timestamp":1531636162115,"x":-0.1792449951171875,"y":6.5594940185546875,"z":4.080780029296875,"roomId":5555}
{"type":"accel","timestamp":1531636162125,"x":10.32269287109375,"y":8.203323364257812,"z":-0.72320556640625,"roomId":5555}
{"type":"gyro","timestamp":1531636162126,"x":-0.0101165771484375,"y":7.2295684814453125,"z":4.2567596435546875,"roomId":5555}
{"type":"accel","timestamp":1531636162135,"x":12.247528076171875,"y":8.215988159179688,"z":-0.713653564453125,"roomId":5555}
{"type":"gyro","timestamp":1531636162137,"x":0.1060333251953125,"y":7.7669677734375,"z":4.134307861328125,"roomId":5555}
{"type":"accel","timestamp":1531636162154,"x":12.95147705078125,"y":6.2010040283203125,"z":-0.446929931640625,"roomId":5555}
{"type":"gyro","timestamp":1531636162155,"x":0.2024383544921875,"y":8.749221801757812,"z":3.6243438720703125,"roomId":5555}
{"type":"accel","timestamp":1531636162164,"x":12.084259033203125,"y":4.5441131591796875,"z":0.0321197509765625,"roomId":5555}
{"type":"gyro","timestamp":1531636162165,"x":0.1862030029296875,"y":9.091537475585938,"z":3.4566192626953125,"roomId":5555}
{"type":"accel","timestamp":1531636162175,"x":11.489013671875,"y":3.2356414794921875,"z":1.233734130859375,"roomId":5555}
{"type":"gyro","timestamp":1531636162177,"x":0.1056060791015625,"y":9.363845825195312,"z":3.44012451171875,"roomId":5555}
{"type":"accel","timestamp":1531636162185,"x":11.353103637695312,"y":2.6908111572265625,"z":3.2526397705078125,"roomId":5555}
{"type":"gyro","timestamp":1531636162194,"x":-0.0088348388671875,"y":10.219757080078125,"z":3.5874176025390625,"roomId":5555}
{"type":"accel","timestamp":1531636162205,"x":12.332763671875,"y":2.100433349609375,"z":6.898406982421875,"roomId":5555}
{"type":"gyro","timestamp":1531636162206,"x":0.02362060546875,"y":10.872055053710938,"z":3.5992279052734375,"roomId":5555}
{"type":"accel","timestamp":1531636162215,"x":11.9991455078125,"y":0.9969482421875,"z":8.229751586914062,"roomId":5555}
{"type":"gyro","timestamp":1531636162216,"x":0.098114013671875,"y":11.513656616210938,"z":3.5974578857421875,"roomId":5555}
{"type":"accel","timestamp":1531636162235,"x":11.576431274414062,"y":-1.197540283203125,"z":12.208541870117188,"roomId":5555}
{"type":"gyro","timestamp":1531636162237,"x":0.24151611328125,"y":12.034591674804688,"z":3.6373291015625,"roomId":5555}
{"type":"accel","timestamp":1531636162246,"x":11.341537475585938,"y":-1.791351318359375,"z":13.656906127929688,"roomId":5555}
{"type":"gyro","timestamp":1531636162247,"x":0.520233154296875,"y":12.343978881835938,"z":3.6910552978515625,"roomId":5555}
{"type":"accel","timestamp":1531636162256,"x":10.778396606445312,"y":-2.2813873291015625,"z":13.60400390625,"roomId":5555}
{"type":"gyro","timestamp":1531636162265,"x":1.595611572265625,"y":12.374603271484375,"z":3.73272705078125,"roomId":5555}
{"type":"accel","timestamp":1531636162273,"x":10.101882934570312,"y":-3.496917724609375,"z":10.939727783203125,"roomId":5555}
{"type":"accel","timestamp":1531636162284,"x":9.9390869140625,"y":-3.4716796875,"z":9.77020263671875,"roomId":5555}
{"type":"gyro","timestamp":1531636162285,"x":2.7783966064453125,"y":11.881423950195312,"z":3.8810882568359375,"roomId":5555}
{"type":"accel","timestamp":1531636162305,"x":10.015182495117188,"y":-3.016143798828125,"z":7.7707672119140625,"roomId":5555}
{"type":"gyro","timestamp":1531636162306,"x":3.4922943115234375,"y":11.722946166992188,"z":4.155517578125,"roomId":5555}
{"type":"accel","timestamp":1531636162316,"x":10.36627197265625,"y":-2.917022705078125,"z":7.21881103515625,"roomId":5555}
{"type":"gyro","timestamp":1531636162317,"x":3.6482696533203125,"y":12.064605712890625,"z":4.348846435546875,"roomId":5555}
{"type":"accel","timestamp":1531636162326,"x":11.533737182617188,"y":-2.7022705078125,"z":7.1920623779296875,"roomId":5555}
{"type":"gyro","timestamp":1531636162327,"x":3.6472015380859375,"y":12.614608764648438,"z":4.5834503173828125,"roomId":5555}
{"type":"accel","timestamp":1531636162345,"x":13.409866333007812,"y":-2.001251220703125,"z":6.8602142333984375,"roomId":5555}
{"type":"gyro","timestamp":1531636162347,"x":3.33782958984375,"y":13.897232055664062,"z":5.0684051513671875,"roomId":5555}
{"type":"accel","timestamp":1531636162365,"x":13.397308349609375,"y":0.385498046875,"z":6.75140380859375,"roomId":5555}
{"type":"gyro","timestamp":1531636162368,"x":2.866424560546875,"y":13.711944580078125,"z":5.4852142333984375,"roomId":5555}
{"type":"accel","timestamp":1531636162376,"x":13.29876708984375,"y":1.314697265625,"z":7.0586700439453125,"roomId":5555}
{"type":"gyro","timestamp":1531636162386,"x":2.5844573974609375,"y":11.808364868164062,"z":5.507049560546875,"roomId":5555}
{"type":"accel","timestamp":1531636162395,"x":11.899215698242188,"y":1.1425323486328125,"z":4.898956298828125,"roomId":5555}
{"type":"gyro","timestamp":1531636162396,"x":2.6500396728515625,"y":10.871414184570312,"z":5.3517303466796875,"roomId":5555}
{"type":"accel","timestamp":1531636162405,"x":11.3050537109375,"y":1.0693206787109375,"z":3.5251617431640625,"roomId":5555}
{"type":"gyro","timestamp":1531636162406,"x":2.6832275390625,"y":9.904632568359375,"z":5.2100677490234375,"roomId":5555}
{"type":"accel","timestamp":1531636162424,"x":12.5316162109375,"y":2.9046783447265625,"z":1.3142547607421875,"roomId":5555}
{"type":"gyro","timestamp":1531636162426,"x":2.5040130615234375,"y":7.2908935546875,"z":5.04510498046875,"roomId":5555}
{"type":"accel","timestamp":1531636162443,"x":17.076248168945312,"y":5.3239288330078125,"z":1.80059814453125,"roomId":5555}
{"type":"gyro","timestamp":1531636162445,"x":2.210968017578125,"y":4.0730743408203125,"z":4.778411865234375,"roomId":5555}
{"type":"accel","timestamp":1531636162455,"x":19.542236328125,"y":6.1322784423828125,