{"type":"accel","timestamp":1531636171809,"x":3.57684326171875,"y":10.449386596679688,"z":-7.229034423828125,"roomId":5555}
{"type":"gyro","timestamp":1531636171810,"x":-1.1423797607421875,"y":2.676513671875,"z":0.8814544677734375,"roomId":5555}
{"type":"accel","timestamp":1531636171819,"x":2.98345947265625,"y":9.540237426757812,"z":-5.2628021240234375,"roomId":5555}
{"type":"gyro","timestamp":1531636171820,"x":-1.3756256103515625,"y":3.3116607666015625,"z":1.022613525390625,"roomId":5555}
{"type":"accel","timestamp":1531636171839,"x":2.85040283203125,"y":7.870208740234375,"z":-1.1386566162109375,"roomId":5555}
{"type":"gyro","timestamp":1531636171840,"x":-1.5081634521484375,"y":4.909912109375,"z":1.6853179931640625,"roomId":5555}
{"type":"accel","timestamp":1531636171850,"x":4.072052001953125,"y":8.020233154296875,"z":0.041259765625,"roomId":5555}
{"type":"gyro","timestamp":1531636171853,"x":-1.377593994140625,"y":5.6458282470703125,"z":2.058319091796875,"roomId":5555}
{"type":"accel","timestamp":1531636171860,"x":5.8558807373046875,"y":8.585220336914062,"z":0.614288330078125,"roomId":5555}
{"type":"accel","timestamp":1531636171870,"x":7.5765380859375,"y":8.640625,"z":1.1877288818359375,"roomId":5555}
{"type":"gyro","timestamp":1531636171871,"x":-0.764892578125,"y":6.0154876708984375,"z":2.269622802734375,"roomId":5555}
{"type":"accel","timestamp":1531636171880,"x":9.398910522460938,"y":8.1583251953125,"z":1.513671875,"roomId":5555}
{"type":"gyro","timestamp":1531636171882,"x":-0.314727783203125,"y":5.82073974609375,"z":2.1552581787109375,"roomId":5555}
{"type":"accel","timestamp":1531636171899,"x":11.570266723632812,"y":6.2977294921875,"z":0.9764251708984375,"roomId":5555}
{"type":"gyro","timestamp":1531636171900,"x":0.4623565673828125,"y":6.202667236328125,"z":1.933837890625,"roomId":5555}
{"type":"accel","timestamp":1531636171919,"x":11.55792236328125,"y":5.0716400146484375,"z":0.3242034912109375,"roomId":5555}
{"type":"gyro","timestamp":1531636171920,"x":0.875213623046875,"y":7.17999267578125,"z":1.860198974609375,"roomId":5555}
{"type":"accel","timestamp":1531636171930,"x":11.348114013671875,"y":5.3651275634765625,"z":0.0823822021484375,"roomId":5555}
{"type":"gyro","timestamp":1531636171931,"x":1.0359344482421875,"y":7.49627685546875,"z":1.88555908203125,"roomId":5555}
{"type":"accel","timestamp":1531636171940,"x":10.940338134765625,"y":5.9984283447265625,"z":-0.2843017578125,"roomId":5555}
{"type":"gyro","timestamp":1531636171941,"x":1.13800048828125,"y":7.688140869140625,"z":1.8774566650390625,"roomId":5555}
{"type":"accel","timestamp":1531636171958,"x":10.878021240234375,"y":7.0993499755859375,"z":0.35028076171875,"roomId":5555}
{"type":"gyro","timestamp":1531636171959,"x":0.9304656982421875,"y":7.8946075439453125,"z":1.66754150390625,"roomId":5555}
{"type":"accel","timestamp":1531636171979,"x":9.830810546875,"y":6.577239990234375,"z":3.63128662109375,"roomId":5555}
{"type":"gyro","timestamp":1531636171980,"x":0.6145477294921875,"y":8.02496337890625,"z":1.329681396484375,"roomId":5555}
{"type":"accel","timestamp":1531636171989,"x":9.022293090820312,"y":6.1173095703125,"z":5.17041015625,"roomId":5555}
{"type":"gyro","timestamp":1531636171990,"x":0.6845550537109375,"y":8.050262451171875,"z":1.225494384765625,"roomId":5555}
{"type":"accel","timestamp":1531636172000,"x":8.517013549804688,"y":5.6370391845703125,"z":6.370849609375,"roomId":5555}
{"type":"gyro","timestamp":1531636172001,"x":0.9230194091796875,"y":7.9830780029296875,"z":1.130645751953125,"roomId":5555}
{"type":"accel","timestamp":1531636172020,"x":6.851593017578125,"y":3.510528564453125,"z":6.5686798095703125,"roomId":5555}
{"type":"gyro","timestamp":1531636172021,"x":1.67535400390625,"y":7.7997894287109375,"z":1.07647705078125,"roomId":5555}
{"type":"accel","timestamp":1531636172038,"x":6.4852447509765625,"y":2.0013580322265625,"z":5.563720703125,"roomId":5555}
{"type":"gyro","timestamp":1531636172039,"x":2.18865966796875,"y":8.320404052734375,"z":1.5180206298828125,"roomId":5555}
{"type":"accel","timestamp":1531636172049,"x":6.7534332275390625,"y":1.868316650390625,"z":5.0212249755859375,"roomId":5555}
{"type":"gyro","timestamp":1531636172051,"x":2.3336944580078125,"y":8.717422485351562,"z":1.8137969970703125,"roomId":5555}
{"type":"accel","timestamp":1531636172068,"x":8.1737060546875,"y":2.193695068359375,"z":3.5943603515625,"roomId":5555}
{"type":"gyro","timestamp":1531636172069,"x":2.524322509765625,"y":9.439865112304688,"z":2.3653717041015625,"roomId":5555}
{"type":"accel","timestamp":1531636172079,"x":8.794998168945312,"y":2.4020843505859375,"z":3.0092620849609375,"roomId":5555}
{"type":"gyro","timestamp":1531636172080,"x":2.538787841796875,"y":9.695358276367188,"z":2.52996826171875,"roomId":5555}
{"type":"accel","timestamp":1531636172098,"x":8.8076171875,"y":2.47711181640625,"z":2.3487091064453125,"roomId":5555}
{"type":"gyro","timestamp":1531636172099,"x":2.4258880615234375,"y":9.996185302734375,"z":2.71875,"roomId":5555}
{"type":"accel","timestamp":1531636172108,"x":8.471282958984375,"y":2.3905181884765625,"z":1.6356353759765625,"roomId":5555}
{"type":"gyro","timestamp":1531636172109,"x":2.3148651123046875,"y":10.16827392578125,"z":2.8076629638671875,"roomId":5555}
{"type":"accel","timestamp":1531636172118,"x":8.231887817382812,"y":2.6773223876953125,"z":1.4432220458984375,"roomId":5555}
{"type":"gyro","timestamp":1531636172127,"x":1.981842041015625,"y":10.1002197265625,"z":2.932891845703125,"roomId":5555}
{"type":"accel","timestamp":1531636172138,"x":8.307083129882812,"y":2.8123016357421875,"z":2.2443695068359375,"roomId":5555}
{"type":"gyro","timestamp":1531636172138,"x":1.91168212890625,"y":9.883224487304688,"z":2.99176025390625,"roomId":5555}
{"type":"accel","timestamp":1531636172158,"x":9.009246826171875,"y":2.9406280517578125,"z":2.1525421142578125,"roomId":5555}
{"type":"gyro","timestamp":1531636172158,"x":1.950164794921875,"y":9.19732666015625,"z":3.0941314697265625,"roomId":5555}
{"type":"accel","timestamp":1531636172168,"x":9.519927978515625,"y":3.1087493896484375,"z":1.9778900146484375,"roomId":5555}
{"type":"gyro","timestamp":1531636172170,"x":1.9894561767578125,"y":8.639801025390625,"z":3.091644287109375,"roomId":5555}
{"type":"accel","timestamp":1531636172188,"x":10.55303955078125,"y":3.398468017578125,"z":0.93707275390625,"roomId":5555}
{"type":"gyro","timestamp":1531636172190,"x":2.0323486328125,"y":7.456512451171875,"z":2.9426116943359375,"roomId":5555}
{"type":"accel","timestamp":1531636172198,"x":11.202117919921875,"y":3.68609619140625,"z":0.1439971923828125,"roomId":5555}
{"type":"gyro","timestamp":1531636172200,"x":1.91497802734375,"y":7.12335205078125,"z":2.8268585205078125,"roomId":5555}
{"type":"accel","timestamp":1531636172209,"x":11.36981201171875,"y":4.1194000244140625,"z":-0.8537139892578125,"roomId":5555}
{"type":"gyro","timestamp":1531636172210,"x":1.6748199462890625,"y":6.9423675537109375,"z":2.6668853759765625,"roomId":5555}
{"type":"accel","timestamp":1531636172227,"x":11.3101806640625,"y":5.0488433837890625,"z":-1.1123046875,"roomId":5555}
{"type":"gyro","timestamp":1531636172228,"x":0.9786834716796875,"y":6.257720947265625,"z":2.289794921875,"roomId":5555}
{"type":"accel","timestamp":1531636172247,"x":11.35125732421875,"y":5.3326416015625,"z":0.9727935791015625,"roomId":5555}
{"type":"gyro","timestamp":1531636172248,"x":0.465667724609375,"y":4.9984130859375,"z":1.887847900390625,"roomId":5555}
{"type":"accel","timestamp":1531636172262,"x":11.986434936523438,"y":5.2004547119140625,"z":2.7664031982421875,"roomId":5555}
{"type":"gyro","timestamp":1531636172263,"x":0.366363525390625,"y":4.3700103759765625,"z":1.68890380859375,"roomId":5555}
{"type":"accel","timestamp":1531636172277,"x":11.903594970703125,"y":4.9690093994140625,"z":4.0280303955078125,"roomId":5555}
{"type":"gyro","timestamp":1531636172279,"x":0.63177490234375,"y":3.24090576171875,"z":1.2954254150390625,"roomId":5555}
{"type":"accel","timestamp":1531636172289,