{"type":"gyro","timestamp":1531636188289,"x":-0.576690673828125,"y":2.6276092529296875,"z":0.6979217529296875,"roomId":5555}
{"type":"accel","timestamp":1531636188300,"x":5.1379547119140625,"y":8.923919677734375,"z":-1.8291778564453125,"roomId":5555}
{"type":"gyro","timestamp":1531636188301,"x":-0.519989013671875,"y":2.6665802001953125,"z":0.4902801513671875,"roomId":5555}
{"type":"accel","timestamp":1531636188317,"x":3.819244384765625,"y":8.397506713867188,"z":-0.057952880859375,"roomId":5555}
{"type":"gyro","timestamp":1531636188318,"x":-0.1996612548828125,"y":2.9649200439453125,"z":0.3031768798828125,"roomId":5555}
{"type":"accel","timestamp":1531636188327,"x":3.329620361328125,"y":8.261367797851562,"z":-0.332000732421875,"roomId":5555}
{"type":"gyro","timestamp":1531636188328,"x":0.001434326171875,"y":3.3115234375,"z":0.42315673828125,"roomId":5555}
{"type":"accel","timestamp":1531636188337,"x":3.36865234375,"y":8.129302978515625,"z":-1.3468780517578125,"roomId":5555}
{"type":"gyro","timestamp":1531636188338,"x":0.1539154052734375,"y":3.776611328125,"z":0.68170166015625,"roomId":5555}
{"type":"accel","timestamp":1531636188348,"x":3.900115966796875,"y":8.109970092773438,"z":-2.535858154296875,"roomId":5555}
{"type":"gyro","timestamp":1531636188349,"x":0.191436767578125,"y":4.3019866943359375,"z":1.001129150390625,"roomId":5555}
{"type":"accel","timestamp":1531636188358,"x":4.56146240234375,"y":7.924713134765625,"z":-3.0836029052734375,"roomId":5555}
{"type":"gyro","timestamp":1531636188359,"x":0.0926055908203125,"y":4.8155517578125,"z":1.298583984375,"roomId":5555}
{"type":"accel","timestamp":1531636188369,"x":5.023162841796875,"y":7.6188201904296875,"z":-2.6336669921875,"roomId":5555}
{"type":"gyro","timestamp":1531636188369,"x":-0.067169189453125,"y":5.2242279052734375,"z":1.5443878173828125,"roomId":5555}
{"type":"accel","timestamp":1531636188389,"x":5.9703216552734375,"y":7.3508453369140625,"z":0.0222625732421875,"roomId":5555}
{"type":"gyro","timestamp":1531636188390,"x":-0.1892242431640625,"y":5.5914764404296875,"z":2.03338623046875,"roomId":5555}
{"type":"accel","timestamp":1531636188408,"x":7.403289794921875,"y":6.3506622314453125,"z":2.964630126953125,"roomId":5555}
{"type":"gyro","timestamp":1531636188410,"x":-0.062042236328125,"y":6.0793304443359375,"z":2.561981201171875,"roomId":5555}
{"type":"accel","timestamp":1531636188418,"x":8.777679443359375,"y":5.60382080078125,"z":4.02789306640625,"roomId":5555}
{"type":"gyro","timestamp":1531636188421,"x":0.0145111083984375,"y":6.577667236328125,"z":2.8310394287109375,"roomId":5555}
{"type":"accel","timestamp":1531636188429,"x":10.405471801757812,"y":4.9227752685546875,"z":4.760650634765625,"roomId":5555}
{"type":"gyro","timestamp":1531636188439,"x":0.20538330078125,"y":7.7562103271484375,"z":3.2522735595703125,"roomId":5555}
{"type":"accel","timestamp":1531636188449,"x":13.272415161132812,"y":3.59674072265625,"z":5.81658935546875,"roomId":5555}
{"type":"gyro","timestamp":1531636188451,"x":0.335845947265625,"y":8.293899536132812,"z":3.331939697265625,"roomId":5555}
{"type":"accel","timestamp":1531636188467,"x":15.431198120117188,"y":3.2103271484375,"z":7.7777557373046875,"roomId":5555}
{"type":"gyro","timestamp":1531636188468,"x":0.71148681640625,"y":9.065826416015625,"z":3.0749969482421875,"roomId":5555}
{"type":"accel","timestamp":1531636188487,"x":12.839553833007812,"y":1.9789581298828125,"z":7.7267608642578125,"roomId":5555}
{"type":"gyro","timestamp":1531636188489,"x":1.4991912841796875,"y":9.217376708984375,"z":2.480987548828125,"roomId":5555}
{"type":"accel","timestamp":1531636188498,"x":10.695846557617188,"y":1.1957244873046875,"z":7.016845703125,"roomId":5555}
{"type":"gyro","timestamp":1531636188500,"x":1.9355010986328125,"y":9.13897705078125,"z":2.3107452392578125,"roomId":5555}
{"type":"accel","timestamp":1531636188518,"x":7.9901580810546875,"y":-0.007965087890625,"z":5.4884796142578125,"roomId":5555}
{"type":"gyro","timestamp":1531636188521,"x":2.5440826416015625,"y":8.899215698242188,"z":2.4279632568359375,"roomId":5555}
{"type":"accel","timestamp":1531636188529,"x":8.5177001953125,"y":-0.1179656982421875,"z":5.5607452392578125,"roomId":5555}
{"type":"gyro","timestamp":1531636188530,"x":2.6954498291015625,"y":8.862625122070312,"z":2.628021240234375,"roomId":5555}
{"type":"accel","timestamp":1531636188540,"x":9.324462890625,"y":-0.0860137939453125,"z":5.954345703125,"roomId":5555}
{"type":"gyro","timestamp":1531636188543,"x":2.84393310546875,"y":8.82080078125,"z":2.7813720703125,"roomId":5555}
{"type":"accel","timestamp":1531636188557,"x":9.630111694335938,"y":-0.771636962890625,"z":5.3674468994140625,"roomId":5555}
{"type":"gyro","timestamp":1531636188557,"x":3.2912750244140625,"y":8.637008666992188,"z":2.9147491455078125,"roomId":5555}
{"type":"accel","timestamp":1531636188576,"x":9.508651733398438,"y":-0.884765625,"z":3.278717041015625,"roomId":5555}
{"type":"gyro","timestamp":1531636188576,"x":3.5653839111328125,"y":8.568191528320312,"z":3.11529541015625,"roomId":5555}
{"type":"accel","timestamp":1531636188587,"x":9.733627319335938,"y":-0.4333648681640625,"z":2.5382843017578125,"roomId":5555}
{"type":"gyro","timestamp":1531636188588,"x":3.5281982421875,"y":8.658538818359375,"z":3.2626190185546875,"roomId":5555}
{"type":"accel","timestamp":1531636188597,"x":10.465652465820312,"y":0.2335968017578125,"z":2.4251251220703125,"roomId":5555}
{"type":"gyro","timestamp":1531636188598,"x":3.412567138671875,"y":8.785232543945312,"z":3.4073333740234375,"roomId":5555}
{"type":"accel","timestamp":1531636188615,"x":11.865936279296875,"y":1.2639923095703125,"z":1.93402099609375,"roomId":5555}
{"type":"gyro","timestamp":1531636188617,"x":3.1078948974609375,"y":9.336456298828125,"z":3.660858154296875,"roomId":5555}
{"type":"accel","timestamp":1531636188626,"x":12.175140380859375,"y":1.55743408203125,"z":1.5124053955078125,"roomId":5555}
{"type":"gyro","timestamp":1531636188627,"x":2.9081573486328125,"y":9.652267456054688,"z":3.7550048828125,"roomId":5555}
{"type":"accel","timestamp":1531636188639,"x":12.554397583007812,"y":2.02392578125,"z":1.418609619140625,"roomId":5555}
{"type":"gyro","timestamp":1531636188640,"x":2.6986846923828125,"y":9.774978637695312,"z":3.806549072265625,"roomId":5555}
{"type":"accel","timestamp":1531636188657,"x":13.123321533203125,"y":3.0046539306640625,"z":0.6977386474609375,"roomId":5555}
{"type":"gyro","timestamp":1531636188658,"x":2.4119110107421875,"y":9.3720703125,"z":3.6885986328125,"roomId":5555}
{"type":"accel","timestamp":1531636188675,"x":12.124603271484375,"y":3.7878570556640625,"z":-0.8524627685546875,"roomId":5555}
{"type":"gyro","timestamp":1531636188676,"x":2.042266845703125,"y":8.3782958984375,"z":3.3498077392578125,"roomId":5555}
{"type":"accel","timestamp":1531636188685,"x":11.728591918945312,"y":4.287139892578125,"z":-1.1876373291015625,"roomId":5555}
{"type":"gyro","timestamp":1531636188687,"x":1.8124542236328125,"y":7.5662078857421875,"z":3.187103271484375,"roomId":5555}
{"type":"accel","timestamp":1531636188696,"x":11.699691772460938,"y":4.6325531005859375,"z":-1.160186767578125,"roomId":5555}
{"type":"gyro","timestamp":1531636188697,"x":1.627777099609375,"y":6.5797271728515625,"z":3.0282135009765625,"roomId":5555}
{"type":"accel","timestamp":1531636188706,"x":12.244293212890625,"y":4.749603271484375,"z":-0.8469696044921875,"roomId":5555}
{"type":"gyro","timestamp":1531636188709,"x":1.51983642578125,"y":5.463287353515625,"z":2.8717041015625,"roomId":5555}
{"type":"accel","timestamp":1531636188716,"x":13.409698486328125,"y":4.9410552978515625,"z":-0.2424468994140625,"roomId":5555}
{"type":"gyro","timestamp":1531636188725,"x":1.4644927978515625,"y":3.312469482421875,"z":2.525238037109375,"roomId":5555}
{"type":"accel","timestamp":1531636188734,"x":15.643402099609375,"y":5.4438629150390625,"z":0.500762939453125,"roomId":5555}
{"type":"gyro","timestamp":1531636188735,"x":1.470367431640625,"y":2.51220703125,"z":2.2777557373046875,