{"type":"accel","timestamp":1531636193414,"x":-1.4472808837890625,"y":8.045730590820312,"z":-3.3817138671875,"roomId":5555}
{"type":"gyro","timestamp":1531636193416,"x":0.0816802978515625,"y":0.1094207763671875,"z":0.2746124267578125,"roomId":5555}
{"type":"accel","timestamp":1531636193433,"x":-1.65087890625,"y":8.449661254882812,"z":-3.95892333984375,"roomId":5555}
{"type":"gyro","timestamp":1531636193433,"x":0.058685302734375,"y":0.171539306640625,"z":0.2793121337890625,"roomId":5555}
{"type":"gyro","timestamp":1531636193444,"x":0.030792236328125,"y":0.248504638671875,"z":0.335418701171875,"roomId":5555}
{"type":"accel","timestamp":1531636193453,"x":-1.3886260986328125,"y":8.9100341796875,"z":-4.79425048828125,"roomId":5555}
{"type":"gyro","timestamp":1531636193455,"x":-0.00177001953125,"y":0.3621978759765625,"z":0.4261932373046875,"roomId":5555}
{"type":"accel","timestamp":1531636193465,"x":-0.0063934326171875,"y":9.082260131835938,"z":-5.8043365478515625,"roomId":5555}
{"type":"gyro","timestamp":1531636193466,"x":-0.0768280029296875,"y":0.49835205078125,"z":0.486663818359375,"roomId":5555}
{"type":"accel","timestamp":1531636193485,"x":1.194000244140625,"y":8.823089599609375,"z":-5.858673095703125,"roomId":5555}
{"type":"gyro","timestamp":1531636193486,"x":-0.3698272705078125,"y":0.3023223876953125,"z":0.0534820556640625,"roomId":5555}
{"type":"accel","timestamp":1531636193503,"x":-2.1131591796875,"y":7.741546630859375,"z":-2.3516693115234375,"roomId":5555}
{"type":"gyro","timestamp":1531636193504,"x":-0.463653564453125,"y":-0.012115478515625,"z":-0.3825836181640625,"roomId":5555}
{"type":"accel","timestamp":1531636193513,"x":-3.711700439453125,"y":7.6168975830078125,"z":-1.5746307373046875,"roomId":5555}
{"type":"gyro","timestamp":1531636193514,"x":-0.378753662109375,"y":0.160003662109375,"z":-0.2524871826171875,"roomId":5555}
{"type":"accel","timestamp":1531636193535,"x":-4.924346923828125,"y":8.328750610351562,"z":-2.47943115234375,"roomId":5555}
{"type":"gyro","timestamp":1531636193536,"x":-0.162078857421875,"y":0.98681640625,"z":0.631195068359375,"roomId":5555}
{"type":"accel","timestamp":1531636193552,"x":-1.6589202880859375,"y":9.007049560546875,"z":-4.18084716796875,"roomId":5555}
{"type":"gyro","timestamp":1531636193553,"x":-0.18267822265625,"y":2.6736297607421875,"z":1.978607177734375,"roomId":5555}
{"type":"accel","timestamp":1531636193573,"x":4.9236907958984375,"y":9.429229736328125,"z":-6.177276611328125,"roomId":5555}
{"type":"gyro","timestamp":1531636193574,"x":-0.403656005859375,"y":4.40167236328125,"z":2.8740692138671875,"roomId":5555}
{"type":"accel","timestamp":1531636193583,"x":7.389984130859375,"y":9.201873779296875,"z":-6.6425933837890625,"roomId":5555}
{"type":"gyro","timestamp":1531636193584,"x":-0.51910400390625,"y":4.8491363525390625,"z":2.904815673828125,"roomId":5555}
{"type":"accel","timestamp":1531636193593,"x":8.203109741210938,"y":8.7833251953125,"z":-5.9139862060546875,"roomId":5555}
{"type":"gyro","timestamp":1531636193596,"x":-0.6689300537109375,"y":5.055206298828125,"z":2.726348876953125,"roomId":5555}
{"type":"accel","timestamp":1531636193603,"x":7.885772705078125,"y":8.363311767578125,"z":-3.7261505126953125,"roomId":5555}
{"type":"accel","timestamp":1531636193613,"x":7.26171875,"y":7.701019287109375,"z":-0.89422607421875,"roomId":5555}
{"type":"gyro","timestamp":1531636193615,"x":-0.9293975830078125,"y":5.4364471435546875,"z":2.4796905517578125,"roomId":5555}
{"type":"accel","timestamp":1531636193623,"x":6.6559295654296875,"y":6.573944091796875,"z":1.389556884765625,"roomId":5555}
{"type":"gyro","timestamp":1531636193624,"x":-0.825286865234375,"y":5.913665771484375,"z":2.61676025390625,"roomId":5555}
{"type":"accel","timestamp":1531636193641,"x":7.4402008056640625,"y":3.955322265625,"z":2.740997314453125,"roomId":5555}
{"type":"gyro","timestamp":1531636193642,"x":-0.4099578857421875,"y":7.52618408203125,"z":3.406402587890625,"roomId":5555}
{"type":"accel","timestamp":1531636193652,"x":8.921615600585938,"y":3.0038909912109375,"z":2.7632904052734375,"roomId":5555}
{"type":"gyro","timestamp":1531636193653,"x":-0.3130950927734375,"y":8.552352905273438,"z":3.9036407470703125,"roomId":5555}
{"type":"accel","timestamp":1531636193671,"x":12.1082763671875,"y":1.7069549560546875,"z":3.954071044921875,"roomId":5555}
{"type":"gyro","timestamp":1531636193673,"x":-0.4613037109375,"y":10.535858154296875,"z":4.62103271484375,"roomId":5555}
{"type":"accel","timestamp":1531636193681,"x":13.329208374023438,"y":1.1902923583984375,"z":5.6144866943359375,"roomId":5555}
{"type":"accel","timestamp":1531636193692,"x":14.264434814453125,"y":0.988555908203125,"z":7.8639678955078125,"roomId":5555}
{"type":"gyro","timestamp":1531636193694,"x":-0.57373046875,"y":11.646102905273438,"z":4.64361572265625,"roomId":5555}
{"type":"accel","timestamp":1531636193702,"x":14.939376831054688,"y":0.993499755859375,"z":10.117111206054688,"roomId":5555}
{"type":"gyro","timestamp":1531636193703,"x":-0.3654327392578125,"y":11.813812255859375,"z":4.4218902587890625,"roomId":5555}
{"type":"accel","timestamp":1531636193712,"x":14.83001708984375,"y":0.9914703369140625,"z":11.880874633789062,"roomId":5555}
{"type":"gyro","timestamp":1531636193720,"x":0.66943359375,"y":11.514816284179688,"z":3.64825439453125,"roomId":5555}
{"type":"accel","timestamp":1531636193732,"x":11.105560302734375,"y":0.0061187744140625,"z":11.920791625976562,"roomId":5555}
{"type":"gyro","timestamp":1531636193733,"x":1.3977203369140625,"y":11.113494873046875,"z":3.2810516357421875,"roomId":5555}
{"type":"accel","timestamp":1531636193751,"x":7.6764984130859375,"y":-1.369049072265625,"z":9.156097412109375,"roomId":5555}
{"type":"gyro","timestamp":1531636193752,"x":2.6881103515625,"y":10.004928588867188,"z":3.0422821044921875,"roomId":5555}
{"type":"accel","timestamp":1531636193761,"x":6.9435272216796875,"y":-1.3833160400390625,"z":8.203201293945312,"roomId":5555}
{"type":"accel","timestamp":1531636193771,"x":6.3804473876953125,"y":-1.1668701171875,"z":7.3221588134765625,"roomId":5555}
{"type":"gyro","timestamp":1531636193772,"x":3.551239013671875,"y":8.657089233398438,"z":3.0621490478515625,"roomId":5555}
{"type":"accel","timestamp":1531636193782,"x":5.814117431640625,"y":-1.0235137939453125,"z":6.19085693359375,"roomId":5555}
{"type":"gyro","timestamp":1531636193784,"x":3.920928955078125,"y":7.909271240234375,"z":3.059234619140625,"roomId":5555}
{"type":"accel","timestamp":1531636193799,"x":6.0546417236328125,"y":-0.83746337890625,"z":4.601898193359375,"roomId":5555}
{"type":"gyro","timestamp":1531636193801,"x":4.2953338623046875,"y":6.893218994140625,"z":3.203521728515625,"roomId":5555}
{"type":"accel","timestamp":1531636193810,"x":6.7685394287109375,"y":-0.58843994140625,"z":4.5109405517578125,"roomId":5555}
{"type":"gyro","timestamp":1531636193819,"x":4.108612060546875,"y":6.85638427734375,"z":3.4225006103515625,"roomId":5555}
{"type":"accel","timestamp":1531636193829,"x":7.641082763671875,"y":-0.20770263671875,"z":3.76788330078125,"roomId":5555}
{"type":"gyro","timestamp":1531636193830,"x":3.957366943359375,"y":6.9778900146484375,"z":3.5135345458984375,"roomId":5555}
{"type":"accel","timestamp":1531636193839,"x":8.053115844726562,"y":-0.0384063720703125,"z":3.5015106201171875,"roomId":5555}
{"type":"gyro","timestamp":1531636193840,"x":3.7721099853515625,"y":7.0895843505859375,"z":3.6070556640625,"roomId":5555}
{"type":"accel","timestamp":1531636193850,"x":8.7381591796875,"y":0.3498077392578125,"z":3.461578369140625,"roomId":5555}
{"type":"gyro","timestamp":1531636193851,"x":3.5402679443359375,"y":7.2898406982421875,"z":3.692474365234375,"roomId":5555}
{"type":"accel","timestamp":1531636193860,"x":9.45166015625,"y":0.937896728515625,"z":3.44091796875,"roomId":5555}
{"type":"gyro","timestamp":1531636193861,"x":3.25555419921875,"y":7.6250457763671875,"z":3.752716064453125,"roomId":5555}
{"type":"accel","timestamp":1531636193880,"x":9.18994140625,"y":1.973480224609375,