{"type":"accel","timestamp":1531636169574,"x":14.792266845703125,"y":6.9953155517578125,"z":1.0960235595703125,"roomId":5555}
{"type":"gyro","timestamp":1531636169575,"x":-1.8236846923828125,"y":10.5101318359375,"z":3.3667449951171875,"roomId":5555}
{"type":"accel","timestamp":1531636169584,"x":14.30633544921875,"y":6.01263427734375,"z":4.5416717529296875,"roomId":5555}
{"type":"gyro","timestamp":1531636169585,"x":-1.68182373046875,"y":10.020950317382812,"z":2.9254913330078125,"roomId":5555}
{"type":"accel","timestamp":1531636169594,"x":13.660232543945312,"y":4.903167724609375,"z":6.82562255859375,"roomId":5555}
{"type":"gyro","timestamp":1531636169595,"x":-1.2072601318359375,"y":9.407730102539062,"z":2.511993408203125,"roomId":5555}
{"type":"accel","timestamp":1531636169605,"x":12.867523193359375,"y":3.9444427490234375,"z":7.946563720703125,"roomId":5555}
{"type":"gyro","timestamp":1531636169606,"x":-0.591766357421875,"y":8.82855224609375,"z":2.1597137451171875,"roomId":5555}
{"type":"accel","timestamp":1531636169615,"x":11.861068725585938,"y":3.1783905029296875,"z":8.525772094726562,"roomId":5555}
{"type":"accel","timestamp":1531636169625,"x":10.595062255859375,"y":2.595367431640625,"z":8.883941650390625,"roomId":5555}
{"type":"gyro","timestamp":1531636169626,"x":0.44342041015625,"y":8.250411987304688,"z":1.8061981201171875,"roomId":5555}
{"type":"accel","timestamp":1531636169635,"x":9.211410522460938,"y":2.1888427734375,"z":9.170745849609375,"roomId":5555}
{"type":"gyro","timestamp":1531636169636,"x":0.7359619140625,"y":8.527450561523438,"z":1.8523712158203125,"roomId":5555}
{"type":"accel","timestamp":1531636169645,"x":8.00689697265625,"y":1.9548797607421875,"z":9.625717163085938,"roomId":5555}
{"type":"gyro","timestamp":1531636169646,"x":0.915252685546875,"y":9.085372924804688,"z":2.0128326416015625,"roomId":5555}
{"type":"accel","timestamp":1531636169656,"x":7.404083251953125,"y":1.525421142578125,"z":10.13189697265625,"roomId":5555}
{"type":"gyro","timestamp":1531636169657,"x":1.0800933837890625,"y":9.678909301757812,"z":2.2483367919921875,"roomId":5555}
{"type":"accel","timestamp":1531636169674,"x":7.198944091796875,"y":0.6182098388671875,"z":10.699722290039062,"roomId":5555}
{"type":"gyro","timestamp":1531636169675,"x":1.4943084716796875,"y":10.625350952148438,"z":2.85894775390625,"roomId":5555}
{"type":"accel","timestamp":1531636169684,"x":7.3347320556640625,"y":0.44989013671875,"z":10.955596923828125,"roomId":5555}
{"type":"gyro","timestamp":1531636169686,"x":1.75048828125,"y":10.855758666992188,"z":3.118408203125,"roomId":5555}
{"type":"accel","timestamp":1531636169697,"x":7.3028411865234375,"y":0.136077880859375,"z":10.834381103515625,"roomId":5555}
{"type":"gyro","timestamp":1531636169698,"x":2.103118896484375,"y":10.79266357421875,"z":3.289093017578125,"roomId":5555}
{"type":"accel","timestamp":1531636169714,"x":6.886962890625,"y":-0.969329833984375,"z":8.546005249023438,"roomId":5555}
{"type":"gyro","timestamp":1531636169717,"x":3.0260772705078125,"y":9.790481567382812,"z":3.4906463623046875,"roomId":5555}
{"type":"accel","timestamp":1531636169725,"x":6.89605712890625,"y":-1.100738525390625,"z":6.9610443115234375,"roomId":5555}
{"type":"accel","timestamp":1531636169735,"x":7.1148529052734375,"y":-0.934844970703125,"z":5.6085968017578125,"roomId":5555}
{"type":"gyro","timestamp":1531636169737,"x":3.6672821044921875,"y":8.299957275390625,"z":3.676910400390625,"roomId":5555}
{"type":"accel","timestamp":1531636169746,"x":7.2291717529296875,"y":-0.4898681640625,"z":4.6305084228515625,"roomId":5555}
{"type":"gyro","timestamp":1531636169747,"x":3.7855072021484375,"y":7.688140869140625,"z":3.727142333984375,"roomId":5555}
{"type":"accel","timestamp":1531636169767,"x":6.70220947265625,"y":0.2454681396484375,"z":2.8131256103515625,"roomId":5555}
{"type":"gyro","timestamp":1531636169769,"x":3.6863861083984375,"y":7.134765625,"z":3.810577392578125,"roomId":5555}
{"type":"accel","timestamp":1531636169785,"x":7.9991455078125,"y":1.2736968994140625,"z":1.4796905517578125,"roomId":5555}
{"type":"gyro","timestamp":1531636169787,"x":3.12152099609375,"y":7.0080718994140625,"z":3.91070556640625,"roomId":5555}
{"type":"accel","timestamp":1531636169795,"x":9.112319946289062,"y":2.32733154296875,"z":1.7429046630859375,"roomId":5555}
{"type":"accel","timestamp":1531636169806,"x":9.682449340820312,"y":3.2385101318359375,"z":1.994354248046875,"roomId":5555}
{"type":"gyro","timestamp":1531636169807,"x":2.6344757080078125,"y":6.0689697265625,"z":3.5697479248046875,"roomId":5555}
{"type":"accel","timestamp":1531636169824,"x":8.643112182617188,"y":4.3065032958984375,"z":1.685211181640625,"roomId":5555}
{"type":"gyro","timestamp":1531636169824,"x":2.4666900634765625,"y":4.90472412109375,"z":2.920013427734375,"roomId":5555}
{"type":"accel","timestamp":1531636169835,"x":7.7580718994140625,"y":4.325714111328125,"z":1.772247314453125,"roomId":5555}
{"type":"gyro","timestamp":1531636169837,"x":2.3221588134765625,"y":4.5274200439453125,"z":2.669921875,"roomId":5555}
{"type":"accel","timestamp":1531636169852,"x":7.45263671875,"y":3.835235595703125,"z":2.0496826171875,"roomId":5555}
{"type":"gyro","timestamp":1531636169853,"x":1.9664154052734375,"y":4.423919677734375,"z":2.4669952392578125,"roomId":5555}
{"type":"accel","timestamp":1531636169862,"x":7.835693359375,"y":3.9470672607421875,"z":2.06561279296875,"roomId":5555}
{"type":"gyro","timestamp":1531636169864,"x":1.787811279296875,"y":4.55401611328125,"z":2.4367218017578125,"roomId":5555}
{"type":"accel","timestamp":1531636169874,"x":8.587890625,"y":4.1554107666015625,"z":2.1868438720703125,"roomId":5555}
{"type":"gyro","timestamp":1531636169876,"x":1.582794189453125,"y":4.6902618408203125,"z":2.396942138671875,"roomId":5555}
{"type":"accel","timestamp":1531636169894,"x":10.6016845703125,"y":4.8505401611328125,"z":2.958648681640625,"roomId":5555}
{"type":"gyro","timestamp":1531636169896,"x":1.22412109375,"y":4.6483917236328125,"z":2.1460113525390625,"roomId":5555}
{"type":"accel","timestamp":1531636169914,"x":11.043731689453125,"y":4.596435546875,"z":3.0890350341796875,"roomId":5555}
{"type":"gyro","timestamp":1531636169915,"x":1.028656005859375,"y":4.402313232421875,"z":1.7209014892578125,"roomId":5555}
{"type":"accel","timestamp":1531636169933,"x":10.29412841796875,"y":3.6236724853515625,"z":3.2975006103515625,"roomId":5555}
{"type":"gyro","timestamp":1531636169936,"x":0.7758941650390625,"y":4.2535552978515625,"z":1.4680938720703125,"roomId":5555}
{"type":"accel","timestamp":1531636169943,"x":10.055511474609375,"y":3.0312652587890625,"z":3.804931640625,"roomId":5555}
{"type":"accel","timestamp":1531636169953,"x":10.482009887695312,"y":3.029632568359375,"z":3.6183319091796875,"roomId":5555}
{"type":"gyro","timestamp":1531636169955,"x":0.7628173828125,"y":3.6298828125,"z":1.4657745361328125,"roomId":5555}
{"type":"accel","timestamp":1531636169965,"x":11.286941528320312,"y":3.699371337890625,"z":1.41827392578125,"roomId":5555}
{"type":"gyro","timestamp":1531636169965,"x":0.9170989990234375,"y":2.9308624267578125,"z":1.4692230224609375,"roomId":5555}
{"type":"accel","timestamp":1531636169982,"x":12.886734008789062,"y":8.307708740234375,"z":-7.1659088134765625,"roomId":5555}
{"type":"gyro","timestamp":1531636169983,"x":0.1775970458984375,"y":0.6664886474609375,"z":0.8910675048828125,"roomId":5555}
{"type":"accel","timestamp":1531636169993,"x":12.506851196289062,"y":7.718536376953125,"z":0.4605865478515625,"roomId":5555}
{"type":"gyro","timestamp":1531636169994,"x":-1.2443389892578125,"y":-1.1776275634765625,"z":-0.057830810546875,"roomId":5555}
{"type":"accel","timestamp":1531636170003,"x":9.468048095703125,"y":1.145477294921875,"z":16.9598388671875,"roomId":5555}
{"type":"gyro","timestamp":1531636170005,"x":-2.1999969482421875,"y":-2.5554962158203125,"z":-0.93426513671875,"roomId":5555}
{"type":"accel","timestamp":1531636170021,"x":9.632217407226562,"y":-5.43096923828125,"z":20.267547607421875,