{"type":"gyro","timestamp":1531636178924,"x":0.2073822021484375,"y":-0.293121337890625,"z":-0.1919708251953125,"roomId":5555}
{"type":"accel","timestamp":1531636178933,"x":-1.1437225341796875,"y":8.108413696289062,"z":-4.2935943603515625,"roomId":5555}
{"type":"gyro","timestamp":1531636178934,"x":0.122100830078125,"y":-0.2474517822265625,"z":-0.2332611083984375,"roomId":5555}
{"type":"accel","timestamp":1531636178943,"x":-1.5790557861328125,"y":8.323440551757812,"z":-4.182586669921875,"roomId":5555}
{"type":"gyro","timestamp":1531636178944,"x":0.02532958984375,"y":-0.11138916015625,"z":-0.199005126953125,"roomId":5555}
{"type":"accel","timestamp":1531636178961,"x":-1.639892578125,"y":8.807769775390625,"z":-4.0312957763671875,"roomId":5555}
{"type":"gyro","timestamp":1531636178963,"x":-0.1433258056640625,"y":0.2299041748046875,"z":0.004913330078125,"roomId":5555}
{"type":"accel","timestamp":1531636178980,"x":-1.0566558837890625,"y":9.861907958984375,"z":-4.4278411865234375,"roomId":5555}
{"type":"gyro","timestamp":1531636178981,"x":-0.2762298583984375,"y":0.66925048828125,"z":0.24371337890625,"roomId":5555}
{"type":"accel","timestamp":1531636178991,"x":-0.266693115234375,"y":10.391891479492188,"z":-5.36602783203125,"roomId":5555}
{"type":"gyro","timestamp":1531636178992,"x":-0.3360748291015625,"y":0.8382568359375,"z":0.35076904296875,"roomId":5555}
{"type":"accel","timestamp":1531636179001,"x":0.3286895751953125,"y":10.936019897460938,"z":-6.12847900390625,"roomId":5555}
{"type":"gyro","timestamp":1531636179002,"x":-0.415985107421875,"y":0.935791015625,"z":0.4432525634765625,"roomId":5555}
{"type":"accel","timestamp":1531636179020,"x":0.9580230712890625,"y":10.580581665039062,"z":-6.6477508544921875,"roomId":5555}
{"type":"gyro","timestamp":1531636179021,"x":-0.68170166015625,"y":1.581146240234375,"z":0.80413818359375,"roomId":5555}
{"type":"accel","timestamp":1531636179030,"x":1.012481689453125,"y":9.716384887695312,"z":-6.0760040283203125,"roomId":5555}
{"type":"gyro","timestamp":1531636179032,"x":-0.893951416015625,"y":2.27618408203125,"z":1.132659912109375,"roomId":5555}
{"type":"accel","timestamp":1531636179040,"x":1.0803985595703125,"y":8.838973999023438,"z":-5.4669952392578125,"roomId":5555}
{"type":"gyro","timestamp":1531636179041,"x":-1.1477508544921875,"y":3.2236480712890625,"z":1.5919189453125,"roomId":5555}
{"type":"accel","timestamp":1531636179051,"x":2.268463134765625,"y":7.9621734619140625,"z":-4.1603851318359375,"roomId":5555}
{"type":"gyro","timestamp":1531636179053,"x":-1.433135986328125,"y":4.295623779296875,"z":2.0771636962890625,"roomId":5555}
{"type":"accel","timestamp":1531636179071,"x":4.6110382080078125,"y":7.658233642578125,"z":-0.6986236572265625,"roomId":5555}
{"type":"gyro","timestamp":1531636179073,"x":-1.6444244384765625,"y":5.6922149658203125,"z":2.555450439453125,"roomId":5555}
{"type":"accel","timestamp":1531636179092,"x":4.763671875,"y":6.0897216796875,"z":1.46661376953125,"roomId":5555}
{"type":"gyro","timestamp":1531636179094,"x":-1.1033172607421875,"y":6.5228271484375,"z":2.918701171875,"roomId":5555}
{"type":"accel","timestamp":1531636179103,"x":4.2288970947265625,"y":4.77880859375,"z":1.6378173828125,"roomId":5555}
{"type":"gyro","timestamp":1531636179105,"x":-0.793609619140625,"y":6.9247894287109375,"z":3.2768402099609375,"roomId":5555}
{"type":"accel","timestamp":1531636179122,"x":5.9035491943359375,"y":1.6986083984375,"z":3.530609130859375,"roomId":5555}
{"type":"gyro","timestamp":1531636179124,"x":-0.5819091796875,"y":8.09210205078125,"z":4.5246734619140625,"roomId":5555}
{"type":"accel","timestamp":1531636179143,"x":12.562576293945312,"y":-0.1710205078125,"z":7.2911529541015625,"roomId":5555}
{"type":"gyro","timestamp":1531636179144,"x":-0.726409912109375,"y":10.059661865234375,"z":5.7169952392578125,"roomId":5555}
{"type":"accel","timestamp":1531636179162,"x":17.291717529296875,"y":-2.23236083984375,"z":12.553787231445312,"roomId":5555}
{"type":"gyro","timestamp":1531636179164,"x":-0.84124755859375,"y":12.450027465820312,"z":6.0718536376953125,"roomId":5555}
{"type":"accel","timestamp":1531636179184,"x":18.259048461914062,"y":-3.420928955078125,"z":16.481918334960938,"roomId":5555}
{"type":"gyro","timestamp":1531636179185,"x":-0.1284942626953125,"y":14.2763671875,"z":6.1379547119140625,"roomId":5555}
{"type":"accel","timestamp":1531636179201,"x":16.105697631835938,"y":-4.2709503173828125,"z":15.972259521484375,"roomId":5555}
{"type":"gyro","timestamp":1531636179202,"x":1.41143798828125,"y":15.30755615234375,"z":6.11383056640625,"roomId":5555}
{"type":"accel","timestamp":1531636179219,"x":13.077789306640625,"y":-3.9474334716796875,"z":11.196731567382812,"roomId":5555}
{"type":"gyro","timestamp":1531636179220,"x":2.7721710205078125,"y":15.25006103515625,"z":6.2057037353515625,"roomId":5555}
{"type":"accel","timestamp":1531636179231,"x":12.124313354492188,"y":-2.9689788818359375,"z":8.353958129882812,"roomId":5555}
{"type":"gyro","timestamp":1531636179240,"x":3.0544891357421875,"y":14.393783569335938,"z":6.16815185546875,"roomId":5555}
{"type":"accel","timestamp":1531636179253,"x":11.475845336914062,"y":-1.42645263671875,"z":7.006622314453125,"roomId":5555}
{"type":"gyro","timestamp":1531636179254,"x":3.0997467041015625,"y":13.106033325195312,"z":6.0167694091796875,"roomId":5555}
{"type":"accel","timestamp":1531636179269,"x":10.287139892578125,"y":-0.2940216064453125,"z":6.7834320068359375,"roomId":5555}
{"type":"gyro","timestamp":1531636179270,"x":3.2980194091796875,"y":9.932785034179688,"z":5.3875579833984375,"roomId":5555}
{"type":"accel","timestamp":1531636179279,"x":9.39288330078125,"y":0.765777587890625,"z":5.730987548828125,"roomId":5555}
{"type":"gyro","timestamp":1531636179280,"x":3.5313720703125,"y":8.580612182617188,"z":5.0046844482421875,"roomId":5555}
{"type":"accel","timestamp":1531636179289,"x":9.163619995117188,"y":2.028594970703125,"z":4.0073089599609375,"roomId":5555}
{"type":"gyro","timestamp":1531636179290,"x":3.66583251953125,"y":7.7465972900390625,"z":4.683441162109375,"roomId":5555}
{"type":"accel","timestamp":1531636179300,"x":9.457595825195312,"y":3.3771820068359375,"z":2.0829315185546875,"roomId":5555}
{"type":"gyro","timestamp":1531636179301,"x":3.608245849609375,"y":7.384918212890625,"z":4.481048583984375,"roomId":5555}
{"type":"accel","timestamp":1531636179318,"x":9.929519653320312,"y":5.5061798095703125,"z":1.558074951171875,"roomId":5555}
{"type":"gyro","timestamp":1531636179319,"x":2.813720703125,"y":7.37860107421875,"z":4.2849578857421875,"roomId":5555}
{"type":"accel","timestamp":1531636179330,"x":9.512527465820312,"y":5.9056396484375,"z":3.5449676513671875,"roomId":5555}
{"type":"gyro","timestamp":1531636179332,"x":2.23602294921875,"y":7.159881591796875,"z":4.058349609375,"roomId":5555}
{"type":"accel","timestamp":1531636179340,"x":10.021743774414062,"y":5.4898223876953125,"z":5.720794677734375,"roomId":5555}
{"type":"gyro","timestamp":1531636179350,"x":1.59051513671875,"y":5.8515167236328125,"z":3.4742431640625,"roomId":5555}
{"type":"accel","timestamp":1531636179359,"x":9.301971435546875,"y":4.4409027099609375,"z":7.655426025390625,"roomId":5555}
{"type":"gyro","timestamp":1531636179360,"x":1.6464996337890625,"y":5.1836700439453125,"z":3.1692047119140625,"roomId":5555}
{"type":"accel","timestamp":1531636179369,"x":8.739120483398438,"y":4.115814208984375,"z":6.9488372802734375,"roomId":5555}
{"type":"gyro","timestamp":1531636179370,"x":1.7656402587890625,"y":4.8850555419921875,"z":2.915008544921875,"roomId":5555}
{"type":"accel","timestamp":1531636179379,"x":8.704452514648438,"y":4.0030975341796875,"z":5.8140106201171875,"roomId":5555}
{"type":"gyro","timestamp":1531636179380,"x":1.8786773681640625,"y":4.753204345703125,"z":2.8074188232421875,"roomId":5555}
{"type":"accel","timestamp":1531636179389,"x":8.679031372070312,"y":4.2431488037109375,"z":5.5994873046875,"roomId":5555}
{"type":"gyro","timestamp":1531636179390,"x":1.9196929931640625,"y":4.6688079833984375,