{"type":"accel","timestamp":1531636203296,"x":0.7155609130859375,"y":8.545700073242188,"z":-5.2643280029296875,"roomId":5555}
{"type":"accel","timestamp":1531636203306,"x":0.2215728759765625,"y":8.264785766601562,"z":-3.0651092529296875,"roomId":5555}
{"type":"gyro","timestamp":1531636203307,"x":-0.4215087890625,"y":0.5155029296875,"z":0.170379638671875,"roomId":5555}
{"type":"accel","timestamp":1531636203316,"x":-1.2711334228515625,"y":7.3931121826171875,"z":-0.9987945556640625,"roomId":5555}
{"type":"gyro","timestamp":1531636203325,"x":-0.2042236328125,"y":0.6620941162109375,"z":0.09100341796875,"roomId":5555}
{"type":"accel","timestamp":1531636203335,"x":-0.889068603515625,"y":7.6920623779296875,"z":-0.251495361328125,"roomId":5555}
{"type":"gyro","timestamp":1531636203335,"x":0.0022430419921875,"y":0.9540557861328125,"z":0.2471923828125,"roomId":5555}
{"type":"accel","timestamp":1531636203346,"x":0.3636016845703125,"y":8.47662353515625,"z":-2.2328033447265625,"roomId":5555}
{"type":"gyro","timestamp":1531636203347,"x":0.1587677001953125,"y":1.393157958984375,"z":0.42095947265625,"roomId":5555}
{"type":"accel","timestamp":1531636203357,"x":1.885955810546875,"y":9.447265625,"z":-4.9149932861328125,"roomId":5555}
{"type":"gyro","timestamp":1531636203358,"x":0.1885833740234375,"y":1.8165435791015625,"z":0.523529052734375,"roomId":5555}
{"type":"accel","timestamp":1531636203367,"x":3.0192413330078125,"y":10.101577758789062,"z":-7.3406982421875,"roomId":5555}
{"type":"gyro","timestamp":1531636203368,"x":0.078369140625,"y":2.161956787109375,"z":0.5130767822265625,"roomId":5555}
{"type":"accel","timestamp":1531636203388,"x":2.8990325927734375,"y":10.010528564453125,"z":-7.7928924560546875,"roomId":5555}
{"type":"gyro","timestamp":1531636203389,"x":-0.4508819580078125,"y":2.684539794921875,"z":0.3933258056640625,"roomId":5555}
{"type":"accel","timestamp":1531636203406,"x":4.5309295654296875,"y":9.22027587890625,"z":-6.61810302734375,"roomId":5555}
{"type":"gyro","timestamp":1531636203408,"x":-0.976531982421875,"y":3.2401580810546875,"z":0.45489501953125,"roomId":5555}
{"type":"accel","timestamp":1531636203418,"x":6.02349853515625,"y":9.330764770507812,"z":-4.889862060546875,"roomId":5555}
{"type":"gyro","timestamp":1531636203419,"x":-1.1105194091796875,"y":3.1805419921875,"z":0.2822113037109375,"roomId":5555}
{"type":"accel","timestamp":1531636203435,"x":5.0018768310546875,"y":7.6356658935546875,"z":-0.2225494384765625,"roomId":5555}
{"type":"gyro","timestamp":1531636203436,"x":-0.8008270263671875,"y":2.8392791748046875,"z":-0.290924072265625,"roomId":5555}
{"type":"accel","timestamp":1531636203445,"x":3.5447540283203125,"y":6.42724609375,"z":0.981231689453125,"roomId":5555}
{"type":"gyro","timestamp":1531636203455,"x":-0.323089599609375,"y":3.7966156005859375,"z":-0.0166473388671875,"roomId":5555}
{"type":"accel","timestamp":1531636203465,"x":2.5836944580078125,"y":4.96356201171875,"z":1.285430908203125,"roomId":5555}
{"type":"gyro","timestamp":1531636203465,"x":-0.1373291015625,"y":4.568878173828125,"z":0.417327880859375,"roomId":5555}
{"type":"accel","timestamp":1531636203475,"x":3.2693023681640625,"y":4.9650726318359375,"z":0.2530364990234375,"roomId":5555}
{"type":"gyro","timestamp":1531636203476,"x":0.041412353515625,"y":5.285369873046875,"z":0.938507080078125,"roomId":5555}
{"type":"accel","timestamp":1531636203485,"x":4.137115478515625,"y":5.02685546875,"z":-0.8802947998046875,"roomId":5555}
{"type":"gyro","timestamp":1531636203487,"x":0.1485595703125,"y":5.849151611328125,"z":1.490020751953125,"roomId":5555}
{"type":"accel","timestamp":1531636203496,"x":5.5023193359375,"y":4.8821868896484375,"z":-1.8462677001953125,"roomId":5555}
{"type":"gyro","timestamp":1531636203497,"x":0.122711181640625,"y":6.25091552734375,"z":2.05877685546875,"roomId":5555}
{"type":"accel","timestamp":1531636203506,"x":8.077423095703125,"y":4.913909912109375,"z":-2.643829345703125,"roomId":5555}
{"type":"gyro","timestamp":1531636203508,"x":-0.0448150634765625,"y":6.5440673828125,"z":2.6079559326171875,"roomId":5555}
{"type":"accel","timestamp":1531636203525,"x":12.32086181640625,"y":4.4311981201171875,"z":0.692108154296875,"roomId":5555}
{"type":"gyro","timestamp":1531636203526,"x":-0.79718017578125,"y":7.3601226806640625,"z":3.337554931640625,"roomId":5555}
{"type":"accel","timestamp":1531636203535,"x":11.999114990234375,"y":2.78387451171875,"z":6.63177490234375,"roomId":5555}
{"type":"accel","timestamp":1531636203546,"x":11.079742431640625,"y":0.7280120849609375,"z":13.048721313476562,"roomId":5555}
{"type":"gyro","timestamp":1531636203548,"x":-1.1087799072265625,"y":8.95318603515625,"z":3.8622894287109375,"roomId":5555}
{"type":"accel","timestamp":1531636203565,"x":11.326156616210938,"y":-3.202606201171875,"z":17.946578979492188,"roomId":5555}
{"type":"gyro","timestamp":1531636203567,"x":0.36273193359375,"y":9.933685302734375,"z":4.6917877197265625,"roomId":5555}
{"type":"accel","timestamp":1531636203586,"x":19.972915649414062,"y":-2.713409423828125,"z":14.56048583984375,"roomId":5555}
{"type":"gyro","timestamp":1531636203588,"x":1.844940185546875,"y":10.72467041015625,"z":5.1903076171875,"roomId":5555}
{"type":"accel","timestamp":1531636203606,"x":17.391021728515625,"y":-1.7639923095703125,"z":12.8026123046875,"roomId":5555}
{"type":"gyro","timestamp":1531636203609,"x":2.1470794677734375,"y":12.331893920898438,"z":4.8831787109375,"roomId":5555}
{"type":"accel","timestamp":1531636203624,"x":12.922836303710938,"y":-4.1346588134765625,"z":13.715835571289062,"roomId":5555}
{"type":"gyro","timestamp":1531636203625,"x":2.3950347900390625,"y":12.80731201171875,"z":5.2703399658203125,"roomId":5555}
{"type":"accel","timestamp":1531636203634,"x":13.6915283203125,"y":-5.089324951171875,"z":15.396453857421875,"roomId":5555}
{"type":"accel","timestamp":1531636203644,"x":15.915084838867188,"y":-6.3510284423828125,"z":16.197311401367188,"roomId":5555}
{"type":"gyro","timestamp":1531636203644,"x":2.8565216064453125,"y":13.1444091796875,"z":6.1355743408203125,"roomId":5555}
{"type":"accel","timestamp":1531636203654,"x":19.32977294921875,"y":-6.5580902099609375,"z":15.952987670898438,"roomId":5555}
{"type":"gyro","timestamp":1531636203654,"x":3.036376953125,"y":13.646743774414062,"z":6.48577880859375,"roomId":5555}
{"type":"accel","timestamp":1531636203674,"x":20.640487670898438,"y":-5.71038818359375,"z":13.609298706054688,"roomId":5555}
{"type":"gyro","timestamp":1531636203676,"x":3.275726318359375,"y":14.177017211914062,"z":6.5899200439453125,"roomId":5555}
{"type":"accel","timestamp":1531636203687,"x":19.386016845703125,"y":-6.074920654296875,"z":11.504318237304688,"roomId":5555}
{"type":"gyro","timestamp":1531636203688,"x":3.5131988525390625,"y":13.438705444335938,"z":6.5374755859375,"roomId":5555}
{"type":"accel","timestamp":1531636203704,"x":22.182342529296875,"y":-5.2374114990234375,"z":9.197433471679688,"roomId":5555}
{"type":"gyro","timestamp":1531636203706,"x":4.6490325927734375,"y":9.204574584960938,"z":6.1691436767578125,"roomId":5555}
{"type":"accel","timestamp":1531636203714,"x":24.4810791015625,"y":-2.8926849365234375,"z":3.784942626953125,"roomId":5555}
{"type":"gyro","timestamp":1531636203715,"x":5.51611328125,"y":6.5975341796875,"z":5.57196044921875,"roomId":5555}
{"type":"accel","timestamp":1531636203724,"x":24.22119140625,"y":0.1102752685546875,"z":-1.892364501953125,"roomId":5555}
{"type":"gyro","timestamp":1531636203726,"x":5.989715576171875,"y":4.455291748046875,"z":4.7775726318359375,"roomId":5555}
{"type":"accel","timestamp":1531636203735,"x":23.376296997070312,"y":1.741546630859375,"z":-6.8838043212890625,"roomId":5555}
{"type":"gyro","timestamp":1531636203737,"x":5.9932098388671875,"y":2.96453857421875,"z":4.0606842041015625,"roomId":5555}
{"type":"accel","timestamp":1531636203754,"x":25.461883544921875,"y":4.7684173583984375,"z":-12.472274780273438,"roomId":5555}
{"type":"gyro","timestamp":1531636203754,"x":4.816925048828125,"y":1.76953125,