{"type":"accel","timestamp":1531636191061,"x":9.06658935546875,"y":5.3713531494140625,"z":4.978057861328125,"roomId":5555}
{"type":"gyro","timestamp":1531636191064,"x":-0.7369384765625,"y":5.85614013671875,"z":3.4823150634765625,"roomId":5555}
{"type":"accel","timestamp":1531636191080,"x":11.831100463867188,"y":4.0036468505859375,"z":5.558258056640625,"roomId":5555}
{"type":"gyro","timestamp":1531636191081,"x":-0.143890380859375,"y":7.714111328125,"z":3.92803955078125,"roomId":5555}
{"type":"accel","timestamp":1531636191090,"x":12.587646484375,"y":2.8247222900390625,"z":4.5709228515625,"roomId":5555}
{"type":"gyro","timestamp":1531636191091,"x":0.1461029052734375,"y":8.646484375,"z":4.140350341796875,"roomId":5555}
{"type":"accel","timestamp":1531636191101,"x":13.169952392578125,"y":1.719635009765625,"z":3.69891357421875,"roomId":5555}
{"type":"gyro","timestamp":1531636191103,"x":0.324310302734375,"y":9.400588989257812,"z":4.361328125,"roomId":5555}
{"type":"accel","timestamp":1531636191119,"x":13.953277587890625,"y":0.33465576171875,"z":4.34283447265625,"roomId":5555}
{"type":"gyro","timestamp":1531636191121,"x":0.39227294921875,"y":10.167755126953125,"z":4.6750946044921875,"roomId":5555}
{"type":"accel","timestamp":1531636191130,"x":14.384170532226562,"y":0.1295318603515625,"z":6.0069732666015625,"roomId":5555}
{"type":"gyro","timestamp":1531636191131,"x":0.383880615234375,"y":10.353790283203125,"z":4.7088775634765625,"roomId":5555}
{"type":"accel","timestamp":1531636191149,"x":15.2362060546875,"y":-0.3984222412109375,"z":10.382003784179688,"roomId":5555}
{"type":"gyro","timestamp":1531636191150,"x":0.6094818115234375,"y":10.587158203125,"z":4.499114990234375,"roomId":5555}
{"type":"accel","timestamp":1531636191159,"x":14.366928100585938,"y":-0.7799072265625,"z":12.363815307617188,"roomId":5555}
{"type":"gyro","timestamp":1531636191162,"x":0.949127197265625,"y":10.573715209960938,"z":4.3052215576171875,"roomId":5555}
{"type":"accel","timestamp":1531636191169,"x":12.667343139648438,"y":-1.18597412109375,"z":13.601348876953125,"roomId":5555}
{"type":"accel","timestamp":1531636191179,"x":10.736923217773438,"y":-1.9456329345703125,"z":13.832046508789062,"roomId":5555}
{"type":"gyro","timestamp":1531636191180,"x":2.01593017578125,"y":10.374496459960938,"z":4.05902099609375,"roomId":5555}
{"type":"accel","timestamp":1531636191189,"x":9.040618896484375,"y":-2.879058837890625,"z":13.433258056640625,"roomId":5555}
{"type":"gyro","timestamp":1531636191190,"x":2.6243743896484375,"y":10.131011962890625,"z":4.0622100830078125,"roomId":5555}
{"type":"accel","timestamp":1531636191209,"x":6.7905426025390625,"y":-4.412994384765625,"z":11.190078735351562,"roomId":5555}
{"type":"gyro","timestamp":1531636191210,"x":3.806121826171875,"y":9.310714721679688,"z":4.346099853515625,"roomId":5555}
{"type":"accel","timestamp":1531636191227,"x":7.7299652099609375,"y":-5.371429443359375,"z":9.008468627929688,"roomId":5555}
{"type":"gyro","timestamp":1531636191228,"x":4.5695953369140625,"y":8.922775268554688,"z":4.8920440673828125,"roomId":5555}
{"type":"accel","timestamp":1531636191238,"x":8.177490234375,"y":-5.5407867431640625,"z":7.7753448486328125,"roomId":5555}
{"type":"gyro","timestamp":1531636191238,"x":4.7293701171875,"y":9.12603759765625,"z":5.21636962890625,"roomId":5555}
{"type":"accel","timestamp":1531636191249,"x":8.69708251953125,"y":-5.228546142578125,"z":6.5616302490234375,"roomId":5555}
{"type":"gyro","timestamp":1531636191250,"x":4.693756103515625,"y":9.622329711914062,"z":5.60504150390625,"roomId":5555}
{"type":"accel","timestamp":1531636191259,"x":9.613983154296875,"y":-4.3871612548828125,"z":5.7596893310546875,"roomId":5555}
{"type":"gyro","timestamp":1531636191268,"x":4.08819580078125,"y":10.591690063476562,"z":6.3885040283203125,"roomId":5555}
{"type":"accel","timestamp":1531636191278,"x":11.518173217773438,"y":-1.8751678466796875,"z":5.5404052734375,"roomId":5555}
{"type":"gyro","timestamp":1531636191279,"x":3.6262359619140625,"y":10.932174682617188,"z":6.6858978271484375,"roomId":5555}
{"type":"accel","timestamp":1531636191296,"x":12.60064697265625,"y":-0.1276092529296875,"z":6.035186767578125,"roomId":5555}
{"type":"gyro","timestamp":1531636191297,"x":2.6561431884765625,"y":11.11474609375,"z":6.9237213134765625,"roomId":5555}
{"type":"accel","timestamp":1531636191307,"x":12.956069946289062,"y":0.298736572265625,"z":5.9013214111328125,"roomId":5555}
{"type":"gyro","timestamp":1531636191308,"x":2.292633056640625,"y":10.599685668945312,"z":6.8309478759765625,"roomId":5555}
{"type":"accel","timestamp":1531636191317,"x":13.465133666992188,"y":0.731475830078125,"z":5.4611968994140625,"roomId":5555}
{"type":"gyro","timestamp":1531636191318,"x":2.0740814208984375,"y":9.574111938476562,"z":6.5882720947265625,"roomId":5555}
{"type":"accel","timestamp":1531636191328,"x":14.370223999023438,"y":1.3841094970703125,"z":4.7474822998046875,"roomId":5555}
{"type":"gyro","timestamp":1531636191329,"x":1.9674835205078125,"y":8.118484497070312,"z":6.1735076904296875,"roomId":5555}
{"type":"accel","timestamp":1531636191347,"x":15.714645385742188,"y":3.2267608642578125,"z":3.7474365234375,"roomId":5555}
{"type":"gyro","timestamp":1531636191349,"x":1.88897705078125,"y":4.4614105224609375,"z":4.888153076171875,"roomId":5555}
{"type":"accel","timestamp":1531636191358,"x":16.042022705078125,"y":3.1993408203125,"z":4.01690673828125,"roomId":5555}
{"type":"gyro","timestamp":1531636191359,"x":1.937408447265625,"y":2.632659912109375,"z":4.2012786865234375,"roomId":5555}
{"type":"accel","timestamp":1531636191369,"x":16.811782836914062,"y":2.8255615234375,"z":4.06317138671875,"roomId":5555}
{"type":"gyro","timestamp":1531636191370,"x":2.0444183349609375,"y":1.15362548828125,"z":3.630462646484375,"roomId":5555}
{"type":"accel","timestamp":1531636191379,"x":17.78662109375,"y":2.7583770751953125,"z":3.41937255859375,"roomId":5555}
{"type":"gyro","timestamp":1531636191381,"x":2.122314453125,"y":0.22283935546875,"z":3.2085723876953125,"roomId":5555}
{"type":"accel","timestamp":1531636191396,"x":19.053573608398438,"y":2.943817138671875,"z":1.756988525390625,"roomId":5555}
{"type":"gyro","timestamp":1531636191397,"x":1.9082794189453125,"y":-0.1184844970703125,"z":2.7116851806640625,"roomId":5555}
{"type":"accel","timestamp":1531636191406,"x":19.220062255859375,"y":3.388641357421875,"z":-1.0952606201171875,"roomId":5555}
{"type":"gyro","timestamp":1531636191408,"x":1.7026214599609375,"y":-0.0625152587890625,"z":2.533905029296875,"roomId":5555}
{"type":"accel","timestamp":1531636191417,"x":19.768783569335938,"y":5.7808990478515625,"z":-6.953277587890625,"roomId":5555}
{"type":"gyro","timestamp":1531636191418,"x":1.1828155517578125,"y":-0.174407958984375,"z":2.238922119140625,"roomId":5555}
{"type":"accel","timestamp":1531636191427,"x":19.736785888671875,"y":7.5021514892578125,"z":-7.5936737060546875,"roomId":5555}
{"type":"gyro","timestamp":1531636191428,"x":-0.31072998046875,"y":-0.67303466796875,"z":1.428955078125,"roomId":5555}
{"type":"accel","timestamp":1531636191437,"x":14.969635009765625,"y":2.3094940185546875,"z":6.7146759033203125,"roomId":5555}
{"type":"accel","timestamp":1531636191447,"x":9.868759155273438,"y":-5.823394775390625,"z":20.925140380859375,"roomId":5555}
{"type":"gyro","timestamp":1531636191449,"x":-2.800750732421875,"y":-1.7340850830078125,"z":-0.6003265380859375,"roomId":5555}
{"type":"accel","timestamp":1531636191457,"x":6.9459228515625,"y":-8.83905029296875,"z":23.027206420898438,"roomId":5555}
{"type":"gyro","timestamp":1531636191467,"x":1.0623779296875,"y":-1.1502838134765625,"z":0.6932830810546875,"roomId":5555}
{"type":"accel","timestamp":1531636191476,"x":8.943511962890625,"y":-0.251861572265625,"z":7.240203857421875,"roomId":5555}
{"type":"gyro","timestamp":1531636191478,"x":2.445068359375,"y":-0.26397705078125,"z":1.522491455078125,"roomId":5555}
{"type":"accel","timestamp":1531636191487,"x":10.694793701171875,"y":3.624542236328125,"z":-0.4157867431640625,