{"type":"accel","timestamp":1531636201002,"x":3.3754119873046875,"y":8.7694091796875,"z":-6.4878082275390625,"roomId":5555}
{"type":"gyro","timestamp":1531636201003,"x":-1.252960205078125,"y":2.942626953125,"z":-0.03173828125,"roomId":5555}
{"type":"accel","timestamp":1531636201012,"x":3.661773681640625,"y":8.373550415039062,"z":-7.2080841064453125,"roomId":5555}
{"type":"gyro","timestamp":1531636201013,"x":-1.380645751953125,"y":3.4123687744140625,"z":-0.01153564453125,"roomId":5555}
{"type":"accel","timestamp":1531636201031,"x":2.6025543212890625,"y":7.1986541748046875,"z":-4.15338134765625,"roomId":5555}
{"type":"gyro","timestamp":1531636201031,"x":-1.77374267578125,"y":4.694305419921875,"z":0.11041259765625,"roomId":5555}
{"type":"accel","timestamp":1531636201051,"x":0.9019012451171875,"y":6.7025909423828125,"z":0.7242584228515625,"roomId":5555}
{"type":"gyro","timestamp":1531636201052,"x":-1.48211669921875,"y":5.8998260498046875,"z":0.6537017822265625,"roomId":5555}
{"type":"accel","timestamp":1531636201061,"x":0.2072906494140625,"y":6.3320159912109375,"z":1.8943634033203125,"roomId":5555}
{"type":"gyro","timestamp":1531636201062,"x":-0.9868316650390625,"y":6.450469970703125,"z":1.151336669921875,"roomId":5555}
{"type":"accel","timestamp":1531636201071,"x":0.18280029296875,"y":5.7092437744140625,"z":1.55755615234375,"roomId":5555}
{"type":"gyro","timestamp":1531636201072,"x":-0.458526611328125,"y":7.0753631591796875,"z":1.8468780517578125,"roomId":5555}
{"type":"accel","timestamp":1531636201081,"x":1.2802276611328125,"y":5.4481353759765625,"z":0.613861083984375,"roomId":5555}
{"type":"gyro","timestamp":1531636201083,"x":-0.15570068359375,"y":7.8728179931640625,"z":2.723388671875,"roomId":5555}
{"type":"accel","timestamp":1531636201091,"x":3.2000579833984375,"y":5.3620452880859375,"z":0.0119171142578125,"roomId":5555}
{"type":"gyro","timestamp":1531636201093,"x":-0.2052764892578125,"y":8.924362182617188,"z":3.695709228515625,"roomId":5555}
{"type":"accel","timestamp":1531636201101,"x":5.8975372314453125,"y":4.5605621337890625,"z":0.5153045654296875,"roomId":5555}
{"type":"gyro","timestamp":1531636201103,"x":-0.5523681640625,"y":10.288299560546875,"z":4.68988037109375,"roomId":5555}
{"type":"accel","timestamp":1531636201120,"x":12.205291748046875,"y":3.2876129150390625,"z":5.6339263916015625,"roomId":5555}
{"type":"gyro","timestamp":1531636201121,"x":-1.65130615234375,"y":13.46826171875,"z":6.3138885498046875,"roomId":5555}
{"type":"accel","timestamp":1531636201131,"x":13.57305908203125,"y":3.016815185546875,"z":11.039947509765625,"roomId":5555}
{"type":"gyro","timestamp":1531636201133,"x":-2.0922698974609375,"y":14.927932739257812,"z":6.7397003173828125,"roomId":5555}
{"type":"accel","timestamp":1531636201141,"x":14.706756591796875,"y":2.2454986572265625,"z":16.698089599609375,"roomId":5555}
{"type":"accel","timestamp":1531636201155,"x":15.533859252929688,"y":1.0591278076171875,"z":20.627593994140625,"roomId":5555}
{"type":"gyro","timestamp":1531636201156,"x":-1.56256103515625,"y":16.585861206054688,"z":6.846527099609375,"roomId":5555}
{"type":"accel","timestamp":1531636201173,"x":14.198944091796875,"y":-2.4386138916015625,"z":20.889633178710938,"roomId":5555}
{"type":"gyro","timestamp":1531636201174,"x":0.5181732177734375,"y":16.3363037109375,"z":6.3226165771484375,"roomId":5555}
{"type":"accel","timestamp":1531636201183,"x":13.782119750976562,"y":-2.93450927734375,"z":18.453964233398438,"roomId":5555}
{"type":"gyro","timestamp":1531636201184,"x":1.543609619140625,"y":15.85101318359375,"z":6.137115478515625,"roomId":5555}
{"type":"accel","timestamp":1531636201201,"x":13.059524536132812,"y":-2.2780609130859375,"z":11.553085327148438,"roomId":5555}
{"type":"gyro","timestamp":1531636201203,"x":3.08795166015625,"y":14.004409790039062,"z":5.6732330322265625,"roomId":5555}
{"type":"accel","timestamp":1531636201220,"x":11.563339233398438,"y":-1.109222412109375,"z":7.12261962890625,"roomId":5555}
{"type":"gyro","timestamp":1531636201222,"x":3.557830810546875,"y":12.419357299804688,"z":5.191497802734375,"roomId":5555}
{"type":"accel","timestamp":1531636201230,"x":10.336868286132812,"y":-0.63330078125,"z":5.8090972900390625,"roomId":5555}
{"type":"accel","timestamp":1531636201240,"x":8.994140625,"y":-0.765106201171875,"z":5.1315460205078125,"roomId":5555}
{"type":"gyro","timestamp":1531636201241,"x":3.2619476318359375,"y":11.416015625,"z":5.017425537109375,"roomId":5555}
{"type":"accel","timestamp":1531636201259,"x":12.576385498046875,"y":1.1142120361328125,"z":2.8941192626953125,"roomId":5555}
{"type":"gyro","timestamp":1531636201260,"x":3.4317169189453125,"y":8.891189575195312,"z":4.9737701416015625,"roomId":5555}
{"type":"accel","timestamp":1531636201271,"x":14.977951049804688,"y":2.8489532470703125,"z":0.33367919921875,"roomId":5555}
{"type":"gyro","timestamp":1531636201273,"x":3.69146728515625,"y":7.14794921875,"z":4.58203125,"roomId":5555}
{"type":"accel","timestamp":1531636201291,"x":13.461929321289062,"y":2.9732818603515625,"z":-2.8314361572265625,"roomId":5555}
{"type":"gyro","timestamp":1531636201292,"x":3.711944580078125,"y":4.590179443359375,"z":3.486083984375,"roomId":5555}
{"type":"accel","timestamp":1531636201310,"x":13.643463134765625,"y":2.7661590576171875,"z":-4.76800537109375,"roomId":5555}
{"type":"gyro","timestamp":1531636201311,"x":2.8824615478515625,"y":3.951080322265625,"z":3.288543701171875,"roomId":5555}
{"type":"accel","timestamp":1531636201321,"x":15.773880004882812,"y":3.288665771484375,"z":-3.75958251953125,"roomId":5555}
{"type":"gyro","timestamp":1531636201322,"x":2.387115478515625,"y":3.53436279296875,"z":3.3004150390625,"roomId":5555}
{"type":"accel","timestamp":1531636201331,"x":18.38580322265625,"y":4.3530426025390625,"z":-3.3557586669921875,"roomId":5555}
{"type":"gyro","timestamp":1531636201332,"x":2.05242919921875,"y":2.9820556640625,"z":3.143890380859375,"roomId":5555}
{"type":"accel","timestamp":1531636201348,"x":20.465225219726562,"y":6.7779388427734375,"z":-4.923370361328125,"roomId":5555}
{"type":"gyro","timestamp":1531636201349,"x":1.34417724609375,"y":1.8914947509765625,"z":2.382049560546875,"roomId":5555}
{"type":"accel","timestamp":1531636201359,"x":20.4454345703125,"y":9.152145385742188,"z":-7.810546875,"roomId":5555}
{"type":"gyro","timestamp":1531636201360,"x":0.5143585205078125,"y":1.2443695068359375,"z":1.7667388916015625,"roomId":5555}
{"type":"accel","timestamp":1531636201370,"x":18.055526733398438,"y":6.247528076171875,"z":-0.5537109375,"roomId":5555}
{"type":"gyro","timestamp":1531636201371,"x":-0.9936370849609375,"y":0.016571044921875,"z":0.7364349365234375,"roomId":5555}
{"type":"accel","timestamp":1531636201380,"x":12.355133056640625,"y":-4.5183868408203125,"z":20.501022338867188,"roomId":5555}
{"type":"gyro","timestamp":1531636201383,"x":-1.997406005859375,"y":-1.667205810546875,"z":-0.194305419921875,"roomId":5555}
{"type":"accel","timestamp":1531636201400,"x":8.812103271484375,"y":-5.3500213623046875,"z":17.874847412109375,"roomId":5555}
{"type":"gyro","timestamp":1531636201402,"x":1.437225341796875,"y":-0.625823974609375,"z":0.962158203125,"roomId":5555}
{"type":"accel","timestamp":1531636201411,"x":12.786361694335938,"y":2.3725738525390625,"z":1.5730438232421875,"roomId":5555}
{"type":"gyro","timestamp":1531636201413,"x":2.669158935546875,"y":0.9076080322265625,"z":1.8874053955078125,"roomId":5555}
{"type":"accel","timestamp":1531636201430,"x":17.99267578125,"y":13.714645385742188,"z":-11.835800170898438,"roomId":5555}
{"type":"gyro","timestamp":1531636201431,"x":1.423095703125,"y":0.5022735595703125,"z":1.741485595703125,"roomId":5555}
{"type":"accel","timestamp":1531636201450,"x":15.278671264648438,"y":13.311325073242188,"z":-6.731201171875,"roomId":5555}
{"type":"gyro","timestamp":1531636201451,"x":-0.1097564697265625,"y":-1.1102752685546875,"z":0.1862335205078125,"roomId":5555}
{"type":"accel","timestamp":1531636201460,"x":12.942611694335938,"y":11.399032592773438,