{"type":"gyro","timestamp":1531636164471,"x":-0.5311737060546875,"y":2.4404449462890625,"z":0.163360595703125,"roomId":5555}
{"type":"accel","timestamp":1531636164480,"x":2.337615966796875,"y":7.6434783935546875,"z":-1.6013946533203125,"roomId":5555}
{"type":"accel","timestamp":1531636164490,"x":1.5556640625,"y":6.597320556640625,"z":-0.50909423828125,"roomId":5555}
{"type":"gyro","timestamp":1531636164491,"x":-0.2212371826171875,"y":2.7221527099609375,"z":0.2546539306640625,"roomId":5555}
{"type":"accel","timestamp":1531636164509,"x":1.6851654052734375,"y":5.9739227294921875,"z":0.7632904052734375,"roomId":5555}
{"type":"gyro","timestamp":1531636164510,"x":-0.3399810791015625,"y":4.344635009765625,"z":1.253692626953125,"roomId":5555}
{"type":"accel","timestamp":1531636164519,"x":4.532958984375,"y":6.664215087890625,"z":-0.21942138671875,"roomId":5555}
{"type":"gyro","timestamp":1531636164520,"x":-0.1885223388671875,"y":4.974456787109375,"z":1.9711761474609375,"roomId":5555}
{"type":"accel","timestamp":1531636164529,"x":7.273590087890625,"y":6.5910491943359375,"z":-1.670989990234375,"roomId":5555}
{"type":"gyro","timestamp":1531636164530,"x":0.0247039794921875,"y":5.68963623046875,"z":2.672332763671875,"roomId":5555}
{"type":"accel","timestamp":1531636164539,"x":9.02740478515625,"y":5.9006805419921875,"z":-2.61083984375,"roomId":5555}
{"type":"gyro","timestamp":1531636164540,"x":0.0618133544921875,"y":6.6325836181640625,"z":3.1823577880859375,"roomId":5555}
{"type":"accel","timestamp":1531636164549,"x":10.501251220703125,"y":4.996673583984375,"z":-2.6599578857421875,"roomId":5555}
{"type":"gyro","timestamp":1531636164550,"x":-0.198455810546875,"y":7.7151947021484375,"z":3.5579071044921875,"roomId":5555}
{"type":"accel","timestamp":1531636164559,"x":10.780624389648438,"y":3.951202392578125,"z":-1.1549224853515625,"roomId":5555}
{"type":"accel","timestamp":1531636164569,"x":9.9189453125,"y":2.7154083251953125,"z":2.4239044189453125,"roomId":5555}
{"type":"gyro","timestamp":1531636164571,"x":-1.4597015380859375,"y":10.0697021484375,"z":4.041900634765625,"roomId":5555}
{"type":"accel","timestamp":1531636164579,"x":8.873382568359375,"y":1.28741455078125,"z":6.916107177734375,"roomId":5555}
{"type":"accel","timestamp":1531636164589,"x":7.555816650390625,"y":0.125213623046875,"z":11.1456298828125,"roomId":5555}
{"type":"gyro","timestamp":1531636164589,"x":-2.6214599609375,"y":11.842086791992188,"z":4.3893280029296875,"roomId":5555}
{"type":"accel","timestamp":1531636164599,"x":6.49969482421875,"y":-0.49896240234375,"z":14.25457763671875,"roomId":5555}
{"type":"gyro","timestamp":1531636164601,"x":-2.6495361328125,"y":12.269271850585938,"z":4.6158447265625,"roomId":5555}
{"type":"accel","timestamp":1531636164609,"x":5.8878631591796875,"y":-0.9932861328125,"z":16.529953002929688,"roomId":5555}
{"type":"gyro","timestamp":1531636164610,"x":-2.262786865234375,"y":12.355117797851562,"z":4.808929443359375,"roomId":5555}
{"type":"accel","timestamp":1531636164630,"x":5.3894805908203125,"y":-1.2345123291015625,"z":17.81829833984375,"roomId":5555}
{"type":"gyro","timestamp":1531636164631,"x":-0.7308502197265625,"y":11.533203125,"z":5.0172119140625,"roomId":5555}
{"type":"accel","timestamp":1531636164640,"x":5.281036376953125,"y":-1.55670166015625,"z":18.368759155273438,"roomId":5555}
{"type":"gyro","timestamp":1531636164641,"x":0.12115478515625,"y":11.085067749023438,"z":5.0613861083984375,"roomId":5555}
{"type":"accel","timestamp":1531636164658,"x":5.0407867431640625,"y":-3.1172332763671875,"z":17.301116943359375,"roomId":5555}
{"type":"gyro","timestamp":1531636164659,"x":1.789031982421875,"y":10.439620971679688,"z":5.2548980712890625,"roomId":5555}
{"type":"accel","timestamp":1531636164668,"x":5.852142333984375,"y":-3.834442138671875,"z":14.855117797851562,"roomId":5555}
{"type":"gyro","timestamp":1531636164669,"x":2.508209228515625,"y":10.410598754882812,"z":5.4857330322265625,"roomId":5555}
{"type":"accel","timestamp":1531636164678,"x":7.8126678466796875,"y":-3.85137939453125,"z":12.234619140625,"roomId":5555}
{"type":"gyro","timestamp":1531636164688,"x":3.222503662109375,"y":10.651336669921875,"z":5.9418182373046875,"roomId":5555}
{"type":"accel","timestamp":1531636164698,"x":10.852432250976562,"y":-2.597381591796875,"z":9.02984619140625,"roomId":5555}
{"type":"gyro","timestamp":1531636164699,"x":3.302032470703125,"y":10.608993530273438,"z":6.0027923583984375,"roomId":5555}
{"type":"accel","timestamp":1531636164717,"x":11.3302001953125,"y":-2.9775543212890625,"z":9.706863403320312,"roomId":5555}
{"type":"gyro","timestamp":1531636164718,"x":3.16510009765625,"y":10.56085205078125,"z":6.1331329345703125,"roomId":5555}
{"type":"accel","timestamp":1531636164728,"x":13.24517822265625,"y":-4.042083740234375,"z":10.326507568359375,"roomId":5555}
{"type":"gyro","timestamp":1531636164729,"x":2.9982757568359375,"y":10.775558471679688,"z":6.319061279296875,"roomId":5555}
{"type":"accel","timestamp":1531636164739,"x":16.62750244140625,"y":-3.71893310546875,"z":11.039840698242188,"roomId":5555}
{"type":"gyro","timestamp":1531636164740,"x":2.823211669921875,"y":10.89361572265625,"z":6.454864501953125,"roomId":5555}
{"type":"accel","timestamp":1531636164758,"x":19.376861572265625,"y":-1.15972900390625,"z":9.811538696289062,"roomId":5555}
{"type":"gyro","timestamp":1531636164759,"x":2.6297454833984375,"y":10.404495239257812,"z":6.083343505859375,"roomId":5555}
{"type":"accel","timestamp":1531636164768,"x":18.82647705078125,"y":-0.105987548828125,"z":7.793304443359375,"roomId":5555}
{"type":"gyro","timestamp":1531636164769,"x":2.5582427978515625,"y":9.816970825195312,"z":5.712005615234375,"roomId":5555}
{"type":"accel","timestamp":1531636164787,"x":18.35980224609375,"y":1.73638916015625,"z":3.1116790771484375,"roomId":5555}
{"type":"gyro","timestamp":1531636164788,"x":2.152679443359375,"y":8.072479248046875,"z":4.9759521484375,"roomId":5555}
{"type":"accel","timestamp":1531636164797,"x":18.062545776367188,"y":2.7389068603515625,"z":1.7682952880859375,"roomId":5555}
{"type":"gyro","timestamp":1531636164798,"x":1.9558563232421875,"y":6.7216033935546875,"z":4.5332794189453125,"roomId":5555}
{"type":"accel","timestamp":1531636164808,"x":17.914138793945312,"y":3.4271697998046875,"z":0.2012481689453125,"roomId":5555}
{"type":"gyro","timestamp":1531636164809,"x":1.8889312744140625,"y":5.164306640625,"z":4.095703125,"roomId":5555}
{"type":"accel","timestamp":1531636164818,"x":17.76422119140625,"y":4.6298828125,"z":-1.605712890625,"roomId":5555}
{"type":"gyro","timestamp":1531636164819,"x":1.8570709228515625,"y":3.6799163818359375,"z":3.691680908203125,"roomId":5555}
{"type":"accel","timestamp":1531636164836,"x":20.605010986328125,"y":6.5527801513671875,"z":-5.20208740234375,"roomId":5555}
{"type":"gyro","timestamp":1531636164837,"x":1.2906036376953125,"y":1.57806396484375,"z":2.927947998046875,"roomId":5555}
{"type":"accel","timestamp":1531636164847,"x":23.2489013671875,"y":8.463180541992188,"z":-7.358551025390625,"roomId":5555}
{"type":"gyro","timestamp":1531636164848,"x":0.4683685302734375,"y":0.7567291259765625,"z":2.1282806396484375,"roomId":5555}
{"type":"accel","timestamp":1531636164857,"x":17.9810791015625,"y":6.991912841796875,"z":2.0518035888671875,"roomId":5555}
{"type":"accel","timestamp":1531636164867,"x":4.335906982421875,"y":-4.4122161865234375,"z":19.160598754882812,"roomId":5555}
{"type":"gyro","timestamp":1531636164868,"x":-1.6136322021484375,"y":-0.560791015625,"z":-0.51708984375,"roomId":5555}
{"type":"accel","timestamp":1531636164877,"x":1.989715576171875,"y":-8.424880981445312,"z":21.03460693359375,"roomId":5555}
{"type":"gyro","timestamp":1531636164878,"x":-0.4175872802734375,"y":-0.1044158935546875,"z":0.183685302734375,"roomId":5555}
{"type":"accel","timestamp":1531636164896,"x":14.599853515625,"y":7.6614532470703125,"z":-3.286651611328125,"roomId":5555}
{"type":"gyro","timestamp":1531636164897,"x":2.1250152587890625,"y":0.72784423828125,"z":2.003875732421875,