{"type":"accel","timestamp":1531636176577,"x":8.491897583007812,"y":6.822784423828125,"z":-2.7849578857421875,"roomId":5555}
{"type":"gyro","timestamp":1531636176578,"x":-0.4800567626953125,"y":4.86181640625,"z":2.9425048828125,"roomId":5555}
{"type":"accel","timestamp":1531636176587,"x":8.47412109375,"y":6.738525390625,"z":-2.711700439453125,"roomId":5555}
{"type":"gyro","timestamp":1531636176588,"x":-0.4669952392578125,"y":5.046844482421875,"z":2.8790283203125,"roomId":5555}
{"type":"accel","timestamp":1531636176597,"x":7.6726837158203125,"y":6.260040283203125,"z":-2.0383758544921875,"roomId":5555}
{"type":"gyro","timestamp":1531636176598,"x":-0.509490966796875,"y":5.2717742919921875,"z":2.82830810546875,"roomId":5555}
{"type":"accel","timestamp":1531636176607,"x":6.5579376220703125,"y":5.30419921875,"z":-0.72930908203125,"roomId":5555}
{"type":"gyro","timestamp":1531636176617,"x":-0.5861053466796875,"y":6.00115966796875,"z":3.011810302734375,"roomId":5555}
{"type":"accel","timestamp":1531636176626,"x":4.8278045654296875,"y":3.1531982421875,"z":2.633758544921875,"roomId":5555}
{"type":"gyro","timestamp":1531636176627,"x":-0.5294036865234375,"y":6.40911865234375,"z":3.3215789794921875,"roomId":5555}
{"type":"accel","timestamp":1531636176636,"x":4.7633209228515625,"y":1.912384033203125,"z":4.075103759765625,"roomId":5555}
{"type":"gyro","timestamp":1531636176637,"x":-0.4405670166015625,"y":6.9317474365234375,"z":3.76593017578125,"roomId":5555}
{"type":"accel","timestamp":1531636176646,"x":5.749969482421875,"y":1.1590423583984375,"z":5.498779296875,"roomId":5555}
{"type":"gyro","timestamp":1531636176647,"x":-0.3502349853515625,"y":7.5364837646484375,"z":4.278839111328125,"roomId":5555}
{"type":"accel","timestamp":1531636176657,"x":7.5665283203125,"y":0.8114166259765625,"z":6.7189178466796875,"roomId":5555}
{"type":"gyro","timestamp":1531636176657,"x":-0.25958251953125,"y":8.17327880859375,"z":4.76873779296875,"roomId":5555}
{"type":"accel","timestamp":1531636176667,"x":10.086929321289062,"y":0.64764404296875,"z":7.7381134033203125,"roomId":5555}
{"type":"gyro","timestamp":1531636176668,"x":-0.1639862060546875,"y":8.803680419921875,"z":5.1652069091796875,"roomId":5555}
{"type":"accel","timestamp":1531636176687,"x":14.400314331054688,"y":1.0018463134765625,"z":9.738311767578125,"roomId":5555}
{"type":"gyro","timestamp":1531636176689,"x":0.051513671875,"y":10.194412231445312,"z":5.455657958984375,"roomId":5555}
{"type":"accel","timestamp":1531636176697,"x":15.479415893554688,"y":0.802734375,"z":10.804183959960938,"roomId":5555}
{"type":"gyro","timestamp":1531636176699,"x":0.23468017578125,"y":10.7760009765625,"z":5.3396453857421875,"roomId":5555}
{"type":"accel","timestamp":1531636176707,"x":15.675247192382812,"y":0.2368011474609375,"z":11.695907592773438,"roomId":5555}
{"type":"accel","timestamp":1531636176719,"x":15.097610473632812,"y":-0.47515869140625,"z":12.192626953125,"roomId":5555}
{"type":"gyro","timestamp":1531636176722,"x":0.9533843994140625,"y":10.883255004882812,"z":4.8174591064453125,"roomId":5555}
{"type":"accel","timestamp":1531636176736,"x":13.073135375976562,"y":-1.3983001708984375,"z":11.572296142578125,"roomId":5555}
{"type":"gyro","timestamp":1531636176736,"x":1.9828643798828125,"y":10.036911010742188,"z":4.2091522216796875,"roomId":5555}
{"type":"accel","timestamp":1531636176746,"x":11.477645874023438,"y":-1.282318115234375,"z":10.754547119140625,"roomId":5555}
{"type":"gyro","timestamp":1531636176747,"x":2.3685302734375,"y":9.689056396484375,"z":3.933502197265625,"roomId":5555}
{"type":"accel","timestamp":1531636176765,"x":7.5902099609375,"y":-0.9774017333984375,"z":10.09375,"roomId":5555}
{"type":"gyro","timestamp":1531636176766,"x":2.620330810546875,"y":9.21441650390625,"z":3.6118621826171875,"roomId":5555}
{"type":"accel","timestamp":1531636176775,"x":5.5637664794921875,"y":-1.3903350830078125,"z":10.452529907226562,"roomId":5555}
{"type":"accel","timestamp":1531636176786,"x":4.0726318359375,"y":-2.116424560546875,"z":11.000015258789062,"roomId":5555}
{"type":"gyro","timestamp":1531636176786,"x":2.5834503173828125,"y":8.80413818359375,"z":3.7628021240234375,"roomId":5555}
{"type":"accel","timestamp":1531636176796,"x":3.4084930419921875,"y":-2.7584686279296875,"z":11.29644775390625,"roomId":5555}
{"type":"gyro","timestamp":1531636176797,"x":2.658355712890625,"y":8.615310668945312,"z":4.0428314208984375,"roomId":5555}
{"type":"accel","timestamp":1531636176806,"x":3.6891326904296875,"y":-3.1529083251953125,"z":11.175521850585938,"roomId":5555}
{"type":"gyro","timestamp":1531636176807,"x":2.7934112548828125,"y":8.474685668945312,"z":4.3987579345703125,"roomId":5555}
{"type":"accel","timestamp":1531636176816,"x":4.6525726318359375,"y":-3.0203857421875,"z":10.961776733398438,"roomId":5555}
{"type":"gyro","timestamp":1531636176818,"x":2.9355010986328125,"y":8.336593627929688,"z":4.7251739501953125,"roomId":5555}
{"type":"accel","timestamp":1531636176835,"x":6.7450408935546875,"y":-1.56768798828125,"z":10.028106689453125,"roomId":5555}
{"type":"gyro","timestamp":1531636176835,"x":3.1688385009765625,"y":7.857696533203125,"z":5.060211181640625,"roomId":5555}
{"type":"accel","timestamp":1531636176846,"x":7.1238861083984375,"y":-1.0062255859375,"z":9.551788330078125,"roomId":5555}
{"type":"gyro","timestamp":1531636176847,"x":3.2237548828125,"y":7.5711212158203125,"z":5.0402984619140625,"roomId":5555}
{"type":"accel","timestamp":1531636176856,"x":6.467193603515625,"y":-0.43096923828125,"z":8.801651000976562,"roomId":5555}
{"type":"gyro","timestamp":1531636176857,"x":3.248077392578125,"y":7.2565460205078125,"z":4.94024658203125,"roomId":5555}
{"type":"accel","timestamp":1531636176875,"x":4.5715484619140625,"y":0.4300994873046875,"z":7.034698486328125,"roomId":5555}
{"type":"gyro","timestamp":1531636176876,"x":3.11724853515625,"y":6.852294921875,"z":4.7917633056640625,"roomId":5555}
{"type":"accel","timestamp":1531636176886,"x":4.3535614013671875,"y":0.6162872314453125,"z":6.3613128662109375,"roomId":5555}
{"type":"gyro","timestamp":1531636176888,"x":2.9662017822265625,"y":6.7283172607421875,"z":4.7889556884765625,"roomId":5555}
{"type":"accel","timestamp":1531636176898,"x":4.983154296875,"y":0.730743408203125,"z":5.5377349853515625,"roomId":5555}
{"type":"gyro","timestamp":1531636176899,"x":2.7951507568359375,"y":6.535308837890625,"z":4.832244873046875,"roomId":5555}
{"type":"accel","timestamp":1531636176916,"x":7.6974639892578125,"y":2.134368896484375,"z":3.6628570556640625,"roomId":5555}
{"type":"gyro","timestamp":1531636176919,"x":2.2989044189453125,"y":5.88909912109375,"z":4.7484283447265625,"roomId":5555}
{"type":"accel","timestamp":1531636176935,"x":10.84674072265625,"y":4.267578125,"z":4.5481414794921875,"roomId":5555}
{"type":"gyro","timestamp":1531636176936,"x":1.6313323974609375,"y":4.58819580078125,"z":4.189483642578125,"roomId":5555}
{"type":"accel","timestamp":1531636176945,"x":10.965591430664062,"y":4.7113189697265625,"z":5.34417724609375,"roomId":5555}
{"type":"gyro","timestamp":1531636176955,"x":1.2746734619140625,"y":3.338653564453125,"z":3.4339599609375,"roomId":5555}
{"type":"accel","timestamp":1531636176964,"x":11.111404418945312,"y":4.12994384765625,"z":6.2284393310546875,"roomId":5555}
{"type":"gyro","timestamp":1531636176964,"x":1.0998992919921875,"y":2.928253173828125,"z":3.2236785888671875,"roomId":5555}
{"type":"accel","timestamp":1531636176974,"x":12.211578369140625,"y":4.0137786865234375,"z":6.7095184326171875,"roomId":5555}
{"type":"gyro","timestamp":1531636176975,"x":0.9706573486328125,"y":2.48651123046875,"z":3.0957489013671875,"roomId":5555}
{"type":"accel","timestamp":1531636176984,"x":13.575958251953125,"y":4.0630645751953125,"z":6.7900543212890625,"roomId":5555}
{"type":"gyro","timestamp":1531636176985,"x":0.9448699951171875,"y":2.022064208984375,"z":2.952972412109375,"roomId":5555}
{"type":"accel","timestamp":1531636176994,"x":14.311660766601562,"y":4.399932861328125,"z":5.519256591796875,