{"type":"gyro","timestamp":1531636185697,"x":-0.1443023681640625,"y":-0.64105224609375,"z":-0.476287841796875,"roomId":5555}
{"type":"accel","timestamp":1531636185715,"x":-3.5251312255859375,"y":7.2344818115234375,"z":-2.3240814208984375,"roomId":5555}
{"type":"gyro","timestamp":1531636185716,"x":0.2618865966796875,"y":-0.3875732421875,"z":-0.287994384765625,"roomId":5555}
{"type":"accel","timestamp":1531636185726,"x":-2.525787353515625,"y":7.7983551025390625,"z":-3.8588104248046875,"roomId":5555}
{"type":"gyro","timestamp":1531636185728,"x":0.3165740966796875,"y":-0.115509033203125,"z":-0.059844970703125,"roomId":5555}
{"type":"accel","timestamp":1531636185745,"x":-0.9414520263671875,"y":8.156951904296875,"z":-5.0258941650390625,"roomId":5555}
{"type":"gyro","timestamp":1531636185747,"x":0.250640869140625,"y":-0.0262451171875,"z":0.157745361328125,"roomId":5555}
{"type":"accel","timestamp":1531636185756,"x":-1.78021240234375,"y":7.9864959716796875,"z":-4.006439208984375,"roomId":5555}
{"type":"gyro","timestamp":1531636185759,"x":0.173309326171875,"y":-0.0977630615234375,"z":0.052764892578125,"roomId":5555}
{"type":"accel","timestamp":1531636185775,"x":-2.9925689697265625,"y":8.014801025390625,"z":-2.023162841796875,"roomId":5555}
{"type":"gyro","timestamp":1531636185777,"x":-0.0643768310546875,"y":-0.0007171630859375,"z":-0.09576416015625,"roomId":5555}
{"type":"accel","timestamp":1531636185795,"x":-3.6359405517578125,"y":8.505767822265625,"z":-2.4427642822265625,"roomId":5555}
{"type":"gyro","timestamp":1531636185796,"x":-0.0342559814453125,"y":0.072235107421875,"z":-0.0372161865234375,"roomId":5555}
{"type":"accel","timestamp":1531636185814,"x":-3.5361175537109375,"y":9.274551391601562,"z":-4.8206939697265625,"roomId":5555}
{"type":"gyro","timestamp":1531636185815,"x":0.217559814453125,"y":-0.1222686767578125,"z":0.136962890625,"roomId":5555}
{"type":"accel","timestamp":1531636185824,"x":-2.79278564453125,"y":9.78887939453125,"z":-6.1417388916015625,"roomId":5555}
{"type":"accel","timestamp":1531636185835,"x":-1.9139556884765625,"y":10.107955932617188,"z":-6.986053466796875,"roomId":5555}
{"type":"gyro","timestamp":1531636185836,"x":0.219757080078125,"y":0.0937347412109375,"z":0.549713134765625,"roomId":5555}
{"type":"accel","timestamp":1531636185845,"x":-1.120819091796875,"y":10.130767822265625,"z":-7.05792236328125,"roomId":5555}
{"type":"gyro","timestamp":1531636185846,"x":0.0408477783203125,"y":0.4559326171875,"z":0.777862548828125,"roomId":5555}
{"type":"accel","timestamp":1531636185864,"x":0.1857757568359375,"y":9.57342529296875,"z":-5.7256927490234375,"roomId":5555}
{"type":"gyro","timestamp":1531636185866,"x":-0.61480712890625,"y":1.7198486328125,"z":1.2671356201171875,"roomId":5555}
{"type":"accel","timestamp":1531636185885,"x":1.1588592529296875,"y":9.497726440429688,"z":-4.228271484375,"roomId":5555}
{"type":"gyro","timestamp":1531636185886,"x":-1.2152862548828125,"y":3.1998138427734375,"z":1.787261962890625,"roomId":5555}
{"type":"accel","timestamp":1531636185895,"x":2.207275390625,"y":9.638839721679688,"z":-2.3587188720703125,"roomId":5555}
{"type":"gyro","timestamp":1531636185897,"x":-1.290740966796875,"y":3.8278350830078125,"z":2.015777587890625,"roomId":5555}
{"type":"accel","timestamp":1531636185914,"x":4.7983856201171875,"y":9.117477416992188,"z":-0.3681488037109375,"roomId":5555}
{"type":"gyro","timestamp":1531636185915,"x":-0.9471435546875,"y":5.1249237060546875,"z":2.5363006591796875,"roomId":5555}
{"type":"accel","timestamp":1531636185925,"x":6.779510498046875,"y":8.714065551757812,"z":-0.0405120849609375,"roomId":5555}
{"type":"gyro","timestamp":1531636185927,"x":-0.7131500244140625,"y":5.77557373046875,"z":2.79345703125,"roomId":5555}
{"type":"accel","timestamp":1531636185935,"x":8.88629150390625,"y":8.011093139648438,"z":-0.056396484375,"roomId":5555}
{"type":"accel","timestamp":1531636185945,"x":10.680755615234375,"y":7.165618896484375,"z":-0.3594970703125,"roomId":5555}
{"type":"gyro","timestamp":1531636185946,"x":-0.3843231201171875,"y":7.0789337158203125,"z":3.1157379150390625,"roomId":5555}
{"type":"accel","timestamp":1531636185962,"x":12.8099365234375,"y":6.0663604736328125,"z":-1.6935272216796875,"roomId":5555}
{"type":"gyro","timestamp":1531636185963,"x":-0.3241119384765625,"y":8.248992919921875,"z":3.2664794921875,"roomId":5555}
{"type":"accel","timestamp":1531636185972,"x":12.898849487304688,"y":5.61199951171875,"z":-2.0284271240234375,"roomId":5555}
{"type":"gyro","timestamp":1531636185973,"x":-0.452972412109375,"y":8.609390258789062,"z":3.2476043701171875,"roomId":5555}
{"type":"accel","timestamp":1531636185983,"x":12.667800903320312,"y":5.7521820068359375,"z":-1.3558502197265625,"roomId":5555}
{"type":"gyro","timestamp":1531636185984,"x":-0.689117431640625,"y":8.822845458984375,"z":3.1783447265625,"roomId":5555}
{"type":"accel","timestamp":1531636185993,"x":11.833938598632812,"y":6.17816162109375,"z":-0.1368560791015625,"roomId":5555}
{"type":"gyro","timestamp":1531636185994,"x":-0.9977264404296875,"y":9.063034057617188,"z":3.057220458984375,"roomId":5555}
{"type":"accel","timestamp":1531636186003,"x":11.1722412109375,"y":5.6686859130859375,"z":1.7102813720703125,"roomId":5555}
{"type":"gyro","timestamp":1531636186004,"x":-1.35858154296875,"y":9.484649658203125,"z":2.906280517578125,"roomId":5555}
{"type":"accel","timestamp":1531636186013,"x":9.2921142578125,"y":4.278045654296875,"z":4.2706756591796875,"roomId":5555}
{"type":"gyro","timestamp":1531636186014,"x":-1.6783905029296875,"y":9.9383544921875,"z":2.8041534423828125,"roomId":5555}
{"type":"accel","timestamp":1531636186023,"x":7.5368194580078125,"y":2.644073486328125,"z":6.87542724609375,"roomId":5555}
{"type":"gyro","timestamp":1531636186024,"x":-1.8270416259765625,"y":10.31146240234375,"z":2.903472900390625,"roomId":5555}
{"type":"accel","timestamp":1531636186033,"x":6.6763916015625,"y":1.076141357421875,"z":9.28521728515625,"roomId":5555}
{"type":"accel","timestamp":1531636186043,"x":6.011383056640625,"y":-0.10577392578125,"z":11.576858520507812,"roomId":5555}
{"type":"gyro","timestamp":1531636186044,"x":-1.58050537109375,"y":11.154434204101562,"z":3.58673095703125,"roomId":5555}
{"type":"accel","timestamp":1531636186054,"x":5.444793701171875,"y":-0.4220733642578125,"z":13.8446044921875,"roomId":5555}
{"type":"gyro","timestamp":1531636186055,"x":-1.249542236328125,"y":11.658462524414062,"z":3.9560546875,"roomId":5555}
{"type":"accel","timestamp":1531636186064,"x":5.1207275390625,"y":-0.4152679443359375,"z":16.072219848632812,"roomId":5555}
{"type":"gyro","timestamp":1531636186066,"x":-0.7552947998046875,"y":12.015625,"z":4.269866943359375,"roomId":5555}
{"type":"accel","timestamp":1531636186084,"x":4.2458953857421875,"y":-1.9084014892578125,"z":15.843841552734375,"roomId":5555}
{"type":"gyro","timestamp":1531636186085,"x":0.7812347412109375,"y":11.945297241210938,"z":4.8118896484375,"roomId":5555}
{"type":"accel","timestamp":1531636186103,"x":7.1259765625,"y":-3.380340576171875,"z":13.152053833007812,"roomId":5555}
{"type":"gyro","timestamp":1531636186104,"x":2.119476318359375,"y":11.440765380859375,"z":5.558074951171875,"roomId":5555}
{"type":"accel","timestamp":1531636186123,"x":11.205612182617188,"y":-3.33355712890625,"z":10.709793090820312,"roomId":5555}
{"type":"gyro","timestamp":1531636186125,"x":2.956268310546875,"y":10.968658447265625,"z":5.958343505859375,"roomId":5555}
{"type":"accel","timestamp":1531636186134,"x":12.004531860351562,"y":-3.0987548828125,"z":9.304443359375,"roomId":5555}
{"type":"gyro","timestamp":1531636186135,"x":3.228546142578125,"y":10.708343505859375,"z":5.9855194091796875,"roomId":5555}
{"type":"accel","timestamp":1531636186152,"x":12.641448974609375,"y":-2.665435791015625,"z":6.6921539306640625,"roomId":5555}
{"type":"gyro","timestamp":1531636186153,"x":3.3757171630859375,"y":10.102142333984375,"z":5.971160888671875,"roomId":5555}
{"type":"accel","timestamp":1531636186162,"x":13.515213012695312,