{"type":"accel","timestamp":1531636198498,"x":0.8277740478515625,"y":10.144546508789062,"z":-7.2767791748046875,"roomId":5555}
{"type":"gyro","timestamp":1531636198499,"x":-0.05523681640625,"y":0.9755096435546875,"z":1.0686798095703125,"roomId":5555}
{"type":"accel","timestamp":1531636198510,"x":4.0150604248046875,"y":11.094085693359375,"z":-8.102020263671875,"roomId":5555}
{"type":"gyro","timestamp":1531636198513,"x":-0.373291015625,"y":1.5353546142578125,"z":1.340789794921875,"roomId":5555}
{"type":"accel","timestamp":1531636198531,"x":7.76702880859375,"y":11.463882446289062,"z":-7.7076873779296875,"roomId":5555}
{"type":"gyro","timestamp":1531636198534,"x":-1.01495361328125,"y":1.9565277099609375,"z":1.1200408935546875,"roomId":5555}
{"type":"accel","timestamp":1531636198549,"x":4.9480133056640625,"y":9.682769775390625,"z":-4.9095306396484375,"roomId":5555}
{"type":"gyro","timestamp":1531636198551,"x":-1.2056884765625,"y":1.3103485107421875,"z":-0.1615753173828125,"roomId":5555}
{"type":"accel","timestamp":1531636198559,"x":2.3373870849609375,"y":8.353912353515625,"z":-3.4193572998046875,"roomId":5555}
{"type":"accel","timestamp":1531636198569,"x":0.12286376953125,"y":7.057586669921875,"z":-2.055511474609375,"roomId":5555}
{"type":"gyro","timestamp":1531636198570,"x":-1.258880615234375,"y":1.734588623046875,"z":-0.8381500244140625,"roomId":5555}
{"type":"accel","timestamp":1531636198588,"x":0.588653564453125,"y":6.0578460693359375,"z":-1.3367462158203125,"roomId":5555}
{"type":"gyro","timestamp":1531636198589,"x":-1.13690185546875,"y":3.1654815673828125,"z":-0.231689453125,"roomId":5555}
{"type":"accel","timestamp":1531636198608,"x":4.8780517578125,"y":6.2489013671875,"z":-4.9894866943359375,"roomId":5555}
{"type":"gyro","timestamp":1531636198610,"x":-0.7491607666015625,"y":4.6409149169921875,"z":0.75543212890625,"roomId":5555}
{"type":"accel","timestamp":1531636198631,"x":7.9730224609375,"y":7.051788330078125,"z":-6.214508056640625,"roomId":5555}
{"type":"gyro","timestamp":1531636198634,"x":-0.6799163818359375,"y":5.3413543701171875,"z":0.9725189208984375,"roomId":5555}
{"type":"accel","timestamp":1531636198647,"x":9.591812133789062,"y":8.334640502929688,"z":-3.0023193359375,"roomId":5555}
{"type":"gyro","timestamp":1531636198648,"x":-0.672027587890625,"y":4.92608642578125,"z":0.1457672119140625,"roomId":5555}
{"type":"accel","timestamp":1531636198657,"x":7.481658935546875,"y":7.62017822265625,"z":0.418365478515625,"roomId":5555}
{"type":"gyro","timestamp":1531636198658,"x":-0.5133819580078125,"y":4.8780670166015625,"z":-0.2400360107421875,"roomId":5555}
{"type":"accel","timestamp":1531636198667,"x":4.771270751953125,"y":6.19012451171875,"z":3.2689666748046875,"roomId":5555}
{"type":"gyro","timestamp":1531636198668,"x":-0.1734619140625,"y":5.1263427734375,"z":-0.283538818359375,"roomId":5555}
{"type":"accel","timestamp":1531636198677,"x":2.7406768798828125,"y":4.49560546875,"z":4.8443756103515625,"roomId":5555}
{"type":"gyro","timestamp":1531636198678,"x":0.3247528076171875,"y":5.6160125732421875,"z":0.102630615234375,"roomId":5555}
{"type":"accel","timestamp":1531636198688,"x":1.2205657958984375,"y":2.5054931640625,"z":6.6851806640625,"roomId":5555}
{"type":"gyro","timestamp":1531636198689,"x":0.89727783203125,"y":6.3329315185546875,"z":0.8718719482421875,"roomId":5555}
{"type":"accel","timestamp":1531636198708,"x":4.748809814453125,"y":2.68109130859375,"z":4.01947021484375,"roomId":5555}
{"type":"gyro","timestamp":1531636198710,"x":1.7321929931640625,"y":8.207550048828125,"z":2.886627197265625,"roomId":5555}
{"type":"accel","timestamp":1531636198718,"x":7.6712493896484375,"y":3.6696014404296875,"z":4.1440277099609375,"roomId":5555}
{"type":"accel","timestamp":1531636198728,"x":10.32489013671875,"y":4.047607421875,"z":4.6545257568359375,"roomId":5555}
{"type":"gyro","timestamp":1531636198730,"x":1.5106201171875,"y":11.101348876953125,"z":4.405609130859375,"roomId":5555}
{"type":"accel","timestamp":1531636198748,"x":13.7320556640625,"y":4.784393310546875,"z":7.4907073974609375,"roomId":5555}
{"type":"gyro","timestamp":1531636198749,"x":0.927734375,"y":13.596939086914062,"z":5.134246826171875,"roomId":5555}
{"type":"accel","timestamp":1531636198759,"x":16.206985473632812,"y":4.294708251953125,"z":8.718338012695312,"roomId":5555}
{"type":"gyro","timestamp":1531636198761,"x":0.9078369140625,"y":14.26416015625,"z":5.242919921875,"roomId":5555}
{"type":"accel","timestamp":1531636198779,"x":20.545547485351562,"y":3.8952484130859375,"z":8.047012329101562,"roomId":5555}
{"type":"gyro","timestamp":1531636198782,"x":1.406036376953125,"y":14.523529052734375,"z":4.67132568359375,"roomId":5555}
{"type":"accel","timestamp":1531636198796,"x":16.222457885742188,"y":3.4550628662109375,"z":7.4046783447265625,"roomId":5555}
{"type":"gyro","timestamp":1531636198797,"x":2.144775390625,"y":13.410507202148438,"z":3.3437652587890625,"roomId":5555}
{"type":"accel","timestamp":1531636198807,"x":13.303619384765625,"y":2.3817138671875,"z":6.4629974365234375,"roomId":5555}
{"type":"gyro","timestamp":1531636198808,"x":2.4815673828125,"y":13.103012084960938,"z":2.957000732421875,"roomId":5555}
{"type":"accel","timestamp":1531636198825,"x":11.193038940429688,"y":1.5808258056640625,"z":5.0541229248046875,"roomId":5555}
{"type":"gyro","timestamp":1531636198826,"x":2.7404937744140625,"y":13.329788208007812,"z":3.100799560546875,"roomId":5555}
{"type":"accel","timestamp":1531636198835,"x":11.610122680664062,"y":1.528411865234375,"z":4.0591888427734375,"roomId":5555}
{"type":"gyro","timestamp":1531636198836,"x":2.717529296875,"y":13.65435791015625,"z":3.389312744140625,"roomId":5555}
{"type":"accel","timestamp":1531636198846,"x":12.425888061523438,"y":1.7633819580078125,"z":3.61737060546875,"roomId":5555}
{"type":"gyro","timestamp":1531636198847,"x":2.6775360107421875,"y":13.72503662109375,"z":3.621185302734375,"roomId":5555}
{"type":"accel","timestamp":1531636198856,"x":13.715499877929688,"y":2.140869140625,"z":2.8430328369140625,"roomId":5555}
{"type":"gyro","timestamp":1531636198857,"x":2.703369140625,"y":13.333770751953125,"z":3.6976165771484375,"roomId":5555}
{"type":"accel","timestamp":1531636198866,"x":13.687728881835938,"y":2.3781585693359375,"z":1.7649993896484375,"roomId":5555}
{"type":"gyro","timestamp":1531636198867,"x":2.7508087158203125,"y":12.554306030273438,"z":3.5919036865234375,"roomId":5555}
{"type":"accel","timestamp":1531636198876,"x":12.604736328125,"y":2.4990234375,"z":1.7029266357421875,"roomId":5555}
{"type":"gyro","timestamp":1531636198877,"x":2.7830047607421875,"y":11.331069946289062,"z":3.3870391845703125,"roomId":5555}
{"type":"accel","timestamp":1531636198886,"x":12.162322998046875,"y":2.90277099609375,"z":2.335113525390625,"roomId":5555}
{"type":"gyro","timestamp":1531636198887,"x":2.87677001953125,"y":9.777145385742188,"z":3.23956298828125,"roomId":5555}
{"type":"accel","timestamp":1531636198896,"x":12.955413818359375,"y":3.3844146728515625,"z":2.747314453125,"roomId":5555}
{"type":"gyro","timestamp":1531636198897,"x":3.03753662109375,"y":8.230087280273438,"z":3.123016357421875,"roomId":5555}
{"type":"accel","timestamp":1531636198906,"x":14.397109985351562,"y":3.7686309814453125,"z":2.4797515869140625,"roomId":5555}
{"type":"gyro","timestamp":1531636198908,"x":3.231048583984375,"y":6.8146820068359375,"z":2.944061279296875,"roomId":5555}
{"type":"accel","timestamp":1531636198916,"x":15.383621215820312,"y":4.08270263671875,"z":0.72113037109375,"roomId":5555}
{"type":"gyro","timestamp":1531636198925,"x":3.3503570556640625,"y":4.7927703857421875,"z":2.53973388671875,"roomId":5555}
{"type":"accel","timestamp":1531636198935,"x":17.020492553710938,"y":5.2876739501953125,"z":-4.583251953125,"roomId":5555}
{"type":"gyro","timestamp":1531636198936,"x":2.98895263671875,"y":4.0361328125,"z":2.3202667236328125,"roomId":5555}
{"type":"accel","timestamp":1531636198945,"x":18.850067138671875,"y":5.8852996826171875,"z":-4.4451751708984375,