{"type":"accel","timestamp":1531636167083,"x":-3.24212646484375,"y":8.383148193359375,"z":-2.12310791015625,"roomId":5555}
{"type":"gyro","timestamp":1531636167084,"x":-0.5460968017578125,"y":0.3710479736328125,"z":0.234375,"roomId":5555}
{"type":"accel","timestamp":1531636167093,"x":-1.9840850830078125,"y":8.846145629882812,"z":-2.8849334716796875,"roomId":5555}
{"type":"gyro","timestamp":1531636167094,"x":-0.413360595703125,"y":0.847686767578125,"z":0.5739898681640625,"roomId":5555}
{"type":"accel","timestamp":1531636167112,"x":0.1881256103515625,"y":9.239334106445312,"z":-4.0410308837890625,"roomId":5555}
{"type":"gyro","timestamp":1531636167114,"x":-0.46429443359375,"y":2.0875396728515625,"z":1.1123809814453125,"roomId":5555}
{"type":"accel","timestamp":1531636167122,"x":1.5037384033203125,"y":9.534088134765625,"z":-4.671600341796875,"roomId":5555}
{"type":"accel","timestamp":1531636167132,"x":3.3191070556640625,"y":10.167984008789062,"z":-5.8491973876953125,"roomId":5555}
{"type":"gyro","timestamp":1531636167133,"x":-0.710113525390625,"y":3.4334259033203125,"z":1.5143890380859375,"roomId":5555}
{"type":"accel","timestamp":1531636167142,"x":4.8069610595703125,"y":10.2926025390625,"z":-6.446258544921875,"roomId":5555}
{"type":"gyro","timestamp":1531636167144,"x":-0.77288818359375,"y":3.5600128173828125,"z":1.4579620361328125,"roomId":5555}
{"type":"accel","timestamp":1531636167152,"x":5.6974029541015625,"y":10.192657470703125,"z":-5.8496856689453125,"roomId":5555}
{"type":"accel","timestamp":1531636167162,"x":5.7611541748046875,"y":10.036834716796875,"z":-4.6592254638671875,"roomId":5555}
{"type":"gyro","timestamp":1531636167163,"x":-0.668609619140625,"y":3.25054931640625,"z":1.2024993896484375,"roomId":5555}
{"type":"accel","timestamp":1531636167180,"x":6.0202178955078125,"y":9.739242553710938,"z":-2.87060546875,"roomId":5555}
{"type":"gyro","timestamp":1531636167181,"x":-0.3464813232421875,"y":3.50335693359375,"z":1.266021728515625,"roomId":5555}
{"type":"accel","timestamp":1531636167191,"x":6.26739501953125,"y":9.364669799804688,"z":-2.212371826171875,"roomId":5555}
{"type":"gyro","timestamp":1531636167192,"x":-0.16168212890625,"y":3.622589111328125,"z":1.3630218505859375,"roomId":5555}
{"type":"accel","timestamp":1531636167201,"x":6.7705078125,"y":9.168548583984375,"z":-1.3474884033203125,"roomId":5555}
{"type":"gyro","timestamp":1531636167211,"x":0.2252655029296875,"y":3.716217041015625,"z":1.67791748046875,"roomId":5555}
{"type":"accel","timestamp":1531636167219,"x":8.843368530273438,"y":8.294204711914062,"z":0.7796783447265625,"roomId":5555}
{"type":"gyro","timestamp":1531636167220,"x":0.371246337890625,"y":4.0835723876953125,"z":1.8852996826171875,"roomId":5555}
{"type":"accel","timestamp":1531636167230,"x":10.469009399414062,"y":7.6646728515625,"z":1.104888916015625,"roomId":5555}
{"type":"gyro","timestamp":1531636167231,"x":0.4472808837890625,"y":4.87255859375,"z":2.090850830078125,"roomId":5555}
{"type":"accel","timestamp":1531636167240,"x":11.449203491210938,"y":7.320404052734375,"z":0.25830078125,"roomId":5555}
{"type":"accel","timestamp":1531636167250,"x":11.939117431640625,"y":6.984466552734375,"z":-1.0693511962890625,"roomId":5555}
{"type":"gyro","timestamp":1531636167251,"x":0.346343994140625,"y":7.36444091796875,"z":2.504669189453125,"roomId":5555}
{"type":"accel","timestamp":1531636167261,"x":13.058883666992188,"y":5.833221435546875,"z":-2.1282806396484375,"roomId":5555}
{"type":"gyro","timestamp":1531636167262,"x":0.1385345458984375,"y":8.925186157226562,"z":2.814361572265625,"roomId":5555}
{"type":"accel","timestamp":1531636167280,"x":14.061508178710938,"y":3.7653656005859375,"z":0.283660888671875,"roomId":5555}
{"type":"gyro","timestamp":1531636167281,"x":-0.522735595703125,"y":12.338958740234375,"z":3.197723388671875,"roomId":5555}
{"type":"accel","timestamp":1531636167292,"x":13.110031127929688,"y":3.237640380859375,"z":4.13055419921875,"roomId":5555}
{"type":"gyro","timestamp":1531636167294,"x":-0.7663726806640625,"y":13.707412719726562,"z":3.26446533203125,"roomId":5555}
{"type":"accel","timestamp":1531636167311,"x":11.82855224609375,"y":1.7604217529296875,"z":11.505142211914062,"roomId":5555}
{"type":"gyro","timestamp":1531636167313,"x":-0.3926849365234375,"y":15.001663208007812,"z":3.3574676513671875,"roomId":5555}
{"type":"accel","timestamp":1531636167330,"x":8.14910888671875,"y":0.2748565673828125,"z":14.098358154296875,"roomId":5555}
{"type":"gyro","timestamp":1531636167332,"x":0.807586669921875,"y":13.616424560546875,"z":3.117767333984375,"roomId":5555}
{"type":"accel","timestamp":1531636167341,"x":7.0914459228515625,"y":-1.3844451904296875,"z":14.501800537109375,"roomId":5555}
{"type":"gyro","timestamp":1531636167343,"x":1.6970367431640625,"y":12.69171142578125,"z":3.2200927734375,"roomId":5555}
{"type":"accel","timestamp":1531636167360,"x":10.16778564453125,"y":-4.27178955078125,"z":10.941925048828125,"roomId":5555}
{"type":"gyro","timestamp":1531636167361,"x":3.449859619140625,"y":12.094573974609375,"z":4.0120849609375,"roomId":5555}
{"type":"accel","timestamp":1531636167370,"x":12.675994873046875,"y":-4.355987548828125,"z":8.932342529296875,"roomId":5555}
{"type":"gyro","timestamp":1531636167371,"x":3.87646484375,"y":12.304031372070312,"z":4.405059814453125,"roomId":5555}
{"type":"accel","timestamp":1531636167390,"x":16.92724609375,"y":-4.1389312744140625,"z":6.850799560546875,"roomId":5555}
{"type":"gyro","timestamp":1531636167392,"x":3.95294189453125,"y":12.871597290039062,"z":4.74761962890625,"roomId":5555}
{"type":"accel","timestamp":1531636167413,"x":18.001602172851562,"y":-3.5523529052734375,"z":4.8148040771484375,"roomId":5555}
{"type":"gyro","timestamp":1531636167415,"x":3.5426483154296875,"y":13.54058837890625,"z":4.7806854248046875,"roomId":5555}
{"type":"accel","timestamp":1531636167431,"x":15.121749877929688,"y":-1.6235504150390625,"z":3.4495391845703125,"roomId":5555}
{"type":"gyro","timestamp":1531636167434,"x":2.8173828125,"y":13.20721435546875,"z":4.828826904296875,"roomId":5555}
{"type":"accel","timestamp":1531636167456,"x":11.255416870117188,"y":-1.0220794677734375,"z":4.7607269287109375,"roomId":5555}
{"type":"gyro","timestamp":1531636167458,"x":1.9055023193359375,"y":11.908035278320312,"z":4.9600372314453125,"roomId":5555}
{"type":"accel","timestamp":1531636167470,"x":11.509994506835938,"y":-0.9234161376953125,"z":7.5432281494140625,"roomId":5555}
{"type":"gyro","timestamp":1531636167472,"x":1.508941650390625,"y":9.381317138671875,"z":5.1032562255859375,"roomId":5555}
{"type":"accel","timestamp":1531636167480,"x":11.797317504882812,"y":-0.801544189453125,"z":8.282470703125,"roomId":5555}
{"type":"gyro","timestamp":1531636167482,"x":1.72613525390625,"y":7.5174713134765625,"z":4.9241485595703125,"roomId":5555}
{"type":"accel","timestamp":1531636167490,"x":11.655975341796875,"y":-1.007415771484375,"z":8.26513671875,"roomId":5555}
{"type":"gyro","timestamp":1531636167491,"x":2.1864471435546875,"y":5.505218505859375,"z":4.61846923828125,"roomId":5555}
{"type":"accel","timestamp":1531636167500,"x":11.550155639648438,"y":-1.4560699462890625,"z":7.025634765625,"roomId":5555}
{"type":"gyro","timestamp":1531636167501,"x":2.71868896484375,"y":3.7454986572265625,"z":4.304534912109375,"roomId":5555}
{"type":"accel","timestamp":1531636167518,"x":12.596450805664062,"y":-0.974212646484375,"z":2.1458282470703125,"roomId":5555}
{"type":"gyro","timestamp":1531636167520,"x":3.2337799072265625,"y":1.635101318359375,"z":3.9805145263671875,"roomId":5555}
{"type":"accel","timestamp":1531636167528,"x":13.980911254882812,"y":0.3225250244140625,"z":-0.900115966796875,"roomId":5555}
{"type":"accel","timestamp":1531636167538,"x":15.75518798828125,"y":2.723297119140625,"z":-3.1926422119140625,"roomId":5555}
{"type":"gyro","timestamp":1531636167538,"x":2.6053619384765625,"y":0.66778564453125,"z":3.84820556640625,"roomId":5555}
{"type":"accel","timestamp":1531636167548,"x":18.132354736328125,"y":4.55499267578125,