{"type":"gyro","timestamp":1531636205730,"x":0.06890869140625,"y":0.11749267578125,"z":-0.250152587890625,"roomId":5555}
{"type":"accel","timestamp":1531636205739,"x":0.2301788330078125,"y":9.581817626953125,"z":-6.00439453125,"roomId":5555}
{"type":"gyro","timestamp":1531636205740,"x":0.0093231201171875,"y":0.1607513427734375,"z":-0.243133544921875,"roomId":5555}
{"type":"accel","timestamp":1531636205749,"x":1.189544677734375,"y":9.684036254882812,"z":-7.260345458984375,"roomId":5555}
{"type":"gyro","timestamp":1531636205751,"x":-0.16650390625,"y":0.346435546875,"z":-0.2285308837890625,"roomId":5555}
{"type":"accel","timestamp":1531636205760,"x":2.262725830078125,"y":9.600997924804688,"z":-7.2920684814453125,"roomId":5555}
{"type":"gyro","timestamp":1531636205761,"x":-0.4589996337890625,"y":0.6282196044921875,"z":-0.2655487060546875,"roomId":5555}
{"type":"accel","timestamp":1531636205779,"x":2.354156494140625,"y":8.42218017578125,"z":-3.1549530029296875,"roomId":5555}
{"type":"gyro","timestamp":1531636205780,"x":-0.9927978515625,"y":1.39483642578125,"z":-0.4747467041015625,"roomId":5555}
{"type":"accel","timestamp":1531636205789,"x":1.575439453125,"y":7.7628173828125,"z":-0.853118896484375,"roomId":5555}
{"type":"gyro","timestamp":1531636205790,"x":-0.9864654541015625,"y":1.7466888427734375,"z":-0.5119171142578125,"roomId":5555}
{"type":"accel","timestamp":1531636205799,"x":0.857391357421875,"y":7.2810211181640625,"z":0.8825836181640625,"roomId":5555}
{"type":"accel","timestamp":1531636205811,"x":0.2076873779296875,"y":7.114044189453125,"z":1.679901123046875,"roomId":5555}
{"type":"gyro","timestamp":1531636205814,"x":-0.472015380859375,"y":2.534637451171875,"z":-0.195831298828125,"roomId":5555}
{"type":"accel","timestamp":1531636205828,"x":0.1417236328125,"y":6.8369293212890625,"z":-1.5411376953125,"roomId":5555}
{"type":"gyro","timestamp":1531636205829,"x":0.0465087890625,"y":4.0812225341796875,"z":0.82305908203125,"roomId":5555}
{"type":"accel","timestamp":1531636205838,"x":2.76654052734375,"y":7.1431427001953125,"z":-5.216888427734375,"roomId":5555}
{"type":"gyro","timestamp":1531636205839,"x":0.1546478271484375,"y":4.5409088134765625,"z":1.3658294677734375,"roomId":5555}
{"type":"accel","timestamp":1531636205849,"x":5.5331573486328125,"y":7.4684600830078125,"z":-6.972625732421875,"roomId":5555}
{"type":"gyro","timestamp":1531636205850,"x":0.119598388671875,"y":4.4631805419921875,"z":1.6826171875,"roomId":5555}
{"type":"accel","timestamp":1531636205860,"x":7.7008514404296875,"y":7.5975189208984375,"z":-5.77984619140625,"roomId":5555}
{"type":"gyro","timestamp":1531636205861,"x":-0.00714111328125,"y":4.2018585205078125,"z":1.8330230712890625,"roomId":5555}
{"type":"accel","timestamp":1531636205879,"x":8.826583862304688,"y":5.6929473876953125,"z":0.2886962890625,"roomId":5555}
{"type":"gyro","timestamp":1531636205880,"x":-0.1293792724609375,"y":4.675628662109375,"z":2.2152862548828125,"roomId":5555}
{"type":"accel","timestamp":1531636205898,"x":7.455169677734375,"y":2.591064453125,"z":7.5220947265625,"roomId":5555}
{"type":"gyro","timestamp":1531636205899,"x":0.196380615234375,"y":6.457183837890625,"z":3.4393310546875,"roomId":5555}
{"type":"accel","timestamp":1531636205909,"x":8.687713623046875,"y":-0.25592041015625,"z":11.913848876953125,"roomId":5555}
{"type":"gyro","timestamp":1531636205909,"x":0.51275634765625,"y":7.90582275390625,"z":4.4253997802734375,"roomId":5555}
{"type":"accel","timestamp":1531636205928,"x":17.708724975585938,"y":-5.6595001220703125,"z":15.932373046875,"roomId":5555}
{"type":"gyro","timestamp":1531636205930,"x":1.58154296875,"y":11.447677612304688,"z":6.8491973876953125,"roomId":5555}
{"type":"accel","timestamp":1531636205939,"x":25.5709228515625,"y":-6.3334503173828125,"z":14.661102294921875,"roomId":5555}
{"type":"gyro","timestamp":1531636205941,"x":2.1332244873046875,"y":13.253204345703125,"z":7.7839813232421875,"roomId":5555}
{"type":"accel","timestamp":1531636205949,"x":31.8121337890625,"y":-6.05511474609375,"z":13.855331420898438,"roomId":5555}
{"type":"gyro","timestamp":1531636205951,"x":2.4631805419921875,"y":14.802154541015625,"z":8.10015869140625,"roomId":5555}
{"type":"accel","timestamp":1531636205959,"x":33.99244689941406,"y":-5.8638916015625,"z":16.006454467773438,"roomId":5555}
{"type":"accel","timestamp":1531636205969,"x":32.9019775390625,"y":-7.238525390625,"z":19.740280151367188,"roomId":5555}
{"type":"gyro","timestamp":1531636205970,"x":3.3486785888671875,"y":15.94439697265625,"z":7.18292236328125,"roomId":5555}
{"type":"accel","timestamp":1531636205979,"x":30.646499633789062,"y":-10.505813598632812,"z":21.536239624023438,"roomId":5555}
{"type":"gyro","timestamp":1531636205980,"x":4.5075836181640625,"y":15.849563598632812,"z":6.64801025390625,"roomId":5555}
{"type":"accel","timestamp":1531636205998,"x":30.6239013671875,"y":-18.089263916015625,"z":18.12890625,"roomId":5555}
{"type":"gyro","timestamp":1531636205999,"x":6.9775238037109375,"y":16.37823486328125,"z":6.6798858642578125,"roomId":5555}
{"type":"accel","timestamp":1531636206009,"x":33.25830078125,"y":-19.06280517578125,"z":12.501495361328125,"roomId":5555}
{"type":"gyro","timestamp":1531636206010,"x":7.8483734130859375,"y":16.794723510742188,"z":7.0341644287109375,"roomId":5555}
{"type":"accel","timestamp":1531636206028,"x":37.82670593261719,"y":-16.071731567382812,"z":1.4749755859375,"roomId":5555}
{"type":"gyro","timestamp":1531636206029,"x":8.437332153320312,"y":15.986358642578125,"z":6.9043121337890625,"roomId":5555}
{"type":"accel","timestamp":1531636206038,"x":33.55902099609375,"y":-13.794754028320312,"z":-2.5847930908203125,"roomId":5555}
{"type":"gyro","timestamp":1531636206041,"x":8.425399780273438,"y":14.3499755859375,"z":6.1830596923828125,"roomId":5555}
{"type":"accel","timestamp":1531636206048,"x":28.073944091796875,"y":-11.120758056640625,"z":-6.662933349609375,"roomId":5555}
{"type":"accel","timestamp":1531636206061,"x":24.124588012695312,"y":-8.435150146484375,"z":-8.961761474609375,"roomId":5555}
{"type":"gyro","timestamp":1531636206063,"x":8.009353637695312,"y":9.6976318359375,"z":4.9200592041015625,"roomId":5555}
{"type":"accel","timestamp":1531636206077,"x":24.328750610351562,"y":-5.644256591796875,"z":-7.0104522705078125,"roomId":5555}
{"type":"gyro","timestamp":1531636206079,"x":7.2989349365234375,"y":5.19317626953125,"z":4.09765625,"roomId":5555}
{"type":"accel","timestamp":1531636206097,"x":27.222976684570312,"y":-1.9406890869140625,"z":-12.552276611328125,"roomId":5555}
{"type":"gyro","timestamp":1531636206097,"x":7.153076171875,"y":3.139251708984375,"z":3.4194183349609375,"roomId":5555}
{"type":"accel","timestamp":1531636206107,"x":29.204483032226562,"y":0.829010009765625,"z":-17.291458129882812,"roomId":5555}
{"type":"gyro","timestamp":1531636206108,"x":6.6629180908203125,"y":2.7674102783203125,"z":3.103363037109375,"roomId":5555}
{"type":"accel","timestamp":1531636206117,"x":30.649444580078125,"y":3.052093505859375,"z":-20.779693603515625,"roomId":5555}
{"type":"gyro","timestamp":1531636206118,"x":5.7228851318359375,"y":2.5703277587890625,"z":2.6068878173828125,"roomId":5555}
{"type":"accel","timestamp":1531636206127,"x":29.53704833984375,"y":4.4601898193359375,"z":-22.030548095703125,"roomId":5555}
{"type":"gyro","timestamp":1531636206129,"x":4.3997650146484375,"y":2.445648193359375,"z":1.88458251953125,"roomId":5555}
{"type":"accel","timestamp":1531636206137,"x":25.522628784179688,"y":5.0772247314453125,"z":-19.132431030273438,"roomId":5555}
{"type":"gyro","timestamp":1531636206138,"x":2.9133148193359375,"y":2.2248687744140625,"z":1.132476806640625,"roomId":5555}
{"type":"accel","timestamp":1531636206157,"x":17.526138305664062,"y":2.2129364013671875,"z":-8.2515869140625,"roomId":5555}
{"type":"gyro","timestamp":1531636206158,"x":0.858062744140625,"y":1.687652587890625,"z":0.34765625,"roomId":5555}
{"type":"accel","timestamp":1531636206167,"x":15.51239013671875,"y":1.5418701171875,"z":-5.047760009765625,