{"type":"accel","timestamp":1531636174044,"x":1.0777435302734375,"y":8.166183471679688,"z":-5.316680908203125,"roomId":5555}
{"type":"gyro","timestamp":1531636174046,"x":0.57318115234375,"y":0.344757080078125,"z":0.6329803466796875,"roomId":5555}
{"type":"accel","timestamp":1531636174055,"x":1.9227752685546875,"y":8.590072631835938,"z":-7.1420440673828125,"roomId":5555}
{"type":"gyro","timestamp":1531636174056,"x":0.4561920166015625,"y":0.291351318359375,"z":0.520263671875,"roomId":5555}
{"type":"accel","timestamp":1531636174065,"x":1.5745086669921875,"y":8.596786499023438,"z":-6.5437469482421875,"roomId":5555}
{"type":"accel","timestamp":1531636174075,"x":0.9550018310546875,"y":8.708236694335938,"z":-4.166229248046875,"roomId":5555}
{"type":"gyro","timestamp":1531636174076,"x":-0.0576019287109375,"y":0.12060546875,"z":0.1911468505859375,"roomId":5555}
{"type":"accel","timestamp":1531636174085,"x":0.5712738037109375,"y":9.072799682617188,"z":-1.8604888916015625,"roomId":5555}
{"type":"gyro","timestamp":1531636174094,"x":-0.001220703125,"y":0.173309326171875,"z":0.1853790283203125,"roomId":5555}
{"type":"accel","timestamp":1531636174105,"x":0.56500244140625,"y":9.980743408203125,"z":-2.083343505859375,"roomId":5555}
{"type":"gyro","timestamp":1531636174106,"x":0.22100830078125,"y":0.2900543212890625,"z":0.307525634765625,"roomId":5555}
{"type":"accel","timestamp":1531636174124,"x":2.86212158203125,"y":10.760848999023438,"z":-6.93463134765625,"roomId":5555}
{"type":"gyro","timestamp":1531636174126,"x":0.3289642333984375,"y":0.7646636962890625,"z":0.5397796630859375,"roomId":5555}
{"type":"accel","timestamp":1531636174134,"x":4.106353759765625,"y":10.728775024414062,"z":-8.403350830078125,"roomId":5555}
{"type":"gyro","timestamp":1531636174136,"x":0.1326446533203125,"y":0.8165740966796875,"z":0.43096923828125,"roomId":5555}
{"type":"accel","timestamp":1531636174145,"x":4.3890533447265625,"y":10.657745361328125,"z":-8.072174072265625,"roomId":5555}
{"type":"gyro","timestamp":1531636174146,"x":-0.1428680419921875,"y":0.725189208984375,"z":0.18145751953125,"roomId":5555}
{"type":"accel","timestamp":1531636174155,"x":3.8439483642578125,"y":10.616439819335938,"z":-6.61407470703125,"roomId":5555}
{"type":"gyro","timestamp":1531636174156,"x":-0.396820068359375,"y":0.693878173828125,"z":-0.0601043701171875,"roomId":5555}
{"type":"accel","timestamp":1531636174165,"x":3.1075897216796875,"y":10.666473388671875,"z":-4.7733001708984375,"roomId":5555}
{"type":"gyro","timestamp":1531636174166,"x":-0.57000732421875,"y":0.8763275146484375,"z":-0.171661376953125,"roomId":5555}
{"type":"accel","timestamp":1531636174184,"x":1.7374725341796875,"y":10.057632446289062,"z":-1.8765106201171875,"roomId":5555}
{"type":"gyro","timestamp":1531636174186,"x":-0.6020355224609375,"y":1.9161376953125,"z":0.1424102783203125,"roomId":5555}
{"type":"accel","timestamp":1531636174195,"x":1.287750244140625,"y":9.449264526367188,"z":-1.165679931640625,"roomId":5555}
{"type":"gyro","timestamp":1531636174196,"x":-0.510589599609375,"y":2.7347412109375,"z":0.5792388916015625,"roomId":5555}
{"type":"accel","timestamp":1531636174214,"x":2.2229766845703125,"y":8.330978393554688,"z":-0.2790069580078125,"roomId":5555}
{"type":"gyro","timestamp":1531636174215,"x":-0.325714111328125,"y":4.7023468017578125,"z":1.6851043701171875,"roomId":5555}
{"type":"accel","timestamp":1531636174228,"x":3.8609771728515625,"y":7.996917724609375,"z":-0.479400634765625,"roomId":5555}
{"type":"gyro","timestamp":1531636174230,"x":-0.238922119140625,"y":5.562835693359375,"z":2.157135009765625,"roomId":5555}
{"type":"accel","timestamp":1531636174245,"x":8.894317626953125,"y":7.983734130859375,"z":-1.6853179931640625,"roomId":5555}
{"type":"gyro","timestamp":1531636174246,"x":-0.0517120361328125,"y":6.588409423828125,"z":2.6376800537109375,"roomId":5555}
{"type":"accel","timestamp":1531636174263,"x":11.997085571289062,"y":8.288467407226562,"z":-1.345245361328125,"roomId":5555}
{"type":"gyro","timestamp":1531636174265,"x":0.1625823974609375,"y":6.8504180908203125,"z":2.4309234619140625,"roomId":5555}
{"type":"accel","timestamp":1531636174273,"x":12.287445068359375,"y":7.9212493896484375,"z":-0.14898681640625,"roomId":5555}
{"type":"accel","timestamp":1531636174284,"x":11.939163208007812,"y":6.9427337646484375,"z":1.369720458984375,"roomId":5555}
{"type":"gyro","timestamp":1531636174287,"x":0.490020751953125,"y":6.4410400390625,"z":1.8722381591796875,"roomId":5555}
{"type":"accel","timestamp":1531636174304,"x":11.604888916015625,"y":4.5352325439453125,"z":3.71270751953125,"roomId":5555}
{"type":"gyro","timestamp":1531636174305,"x":1.127227783203125,"y":6.2810516357421875,"z":1.6195526123046875,"roomId":5555}
{"type":"accel","timestamp":1531636174322,"x":12.221694946289062,"y":2.8023529052734375,"z":3.5684356689453125,"roomId":5555}
{"type":"gyro","timestamp":1531636174324,"x":1.577178955078125,"y":7.1246490478515625,"z":1.745147705078125,"roomId":5555}
{"type":"accel","timestamp":1531636174333,"x":12.627822875976562,"y":2.2841339111328125,"z":3.4415435791015625,"roomId":5555}
{"type":"gyro","timestamp":1531636174334,"x":1.6218719482421875,"y":7.8248748779296875,"z":1.8614349365234375,"roomId":5555}
{"type":"accel","timestamp":1531636174343,"x":12.996658325195312,"y":1.846435546875,"z":3.706329345703125,"roomId":5555}
{"type":"gyro","timestamp":1531636174344,"x":1.5801544189453125,"y":8.559036254882812,"z":1.9349365234375,"roomId":5555}
{"type":"accel","timestamp":1531636174361,"x":12.980728149414062,"y":0.5447540283203125,"z":5.644256591796875,"roomId":5555}
{"type":"gyro","timestamp":1531636174362,"x":1.583251953125,"y":9.544204711914062,"z":1.9095001220703125,"roomId":5555}
{"type":"accel","timestamp":1531636174372,"x":12.371307373046875,"y":-0.1594390869140625,"z":6.534088134765625,"roomId":5555}
{"type":"gyro","timestamp":1531636174374,"x":1.786376953125,"y":9.686447143554688,"z":1.8709564208984375,"roomId":5555}
{"type":"accel","timestamp":1531636174382,"x":11.485366821289062,"y":-0.627044677734375,"z":7.0646514892578125,"roomId":5555}
{"type":"accel","timestamp":1531636174392,"x":10.1739501953125,"y":-0.7146453857421875,"z":7.085205078125,"roomId":5555}
{"type":"gyro","timestamp":1531636174393,"x":2.5861968994140625,"y":9.225616455078125,"z":1.7552642822265625,"roomId":5555}
{"type":"accel","timestamp":1531636174402,"x":8.727203369140625,"y":-0.6861419677734375,"z":6.54638671875,"roomId":5555}
{"type":"gyro","timestamp":1531636174412,"x":3.4376373291015625,"y":8.228973388671875,"z":1.7106170654296875,"roomId":5555}
{"type":"accel","timestamp":1531636174423,"x":7.755828857421875,"y":-1.221527099609375,"z":5.1673583984375,"roomId":5555}
{"type":"gyro","timestamp":1531636174424,"x":3.71844482421875,"y":7.787261962890625,"z":1.7829742431640625,"roomId":5555}
{"type":"accel","timestamp":1531636174441,"x":8.921112060546875,"y":-1.6940460205078125,"z":3.193145751953125,"roomId":5555}
{"type":"gyro","timestamp":1531636174443,"x":3.836669921875,"y":7.942657470703125,"z":2.1087646484375,"roomId":5555}
{"type":"accel","timestamp":1531636174451,"x":9.132858276367188,"y":-1.6148681640625,"z":2.510955810546875,"roomId":5555}
{"type":"accel","timestamp":1531636174461,"x":9.002120971679688,"y":-1.559783935546875,"z":2.2178192138671875,"roomId":5555}
{"type":"gyro","timestamp":1531636174461,"x":3.4812164306640625,"y":8.95855712890625,"z":2.5301666259765625,"roomId":5555}
{"type":"gyro","timestamp":1531636174471,"x":3.2884979248046875,"y":9.345550537109375,"z":2.7345123291015625,"roomId":5555}
{"type":"accel","timestamp":1531636174480,"x":8.612899780273438,"y":-1.1055908203125,"z":1.678070068359375,"roomId":5555}
{"type":"gyro","timestamp":1531636174481,"x":3.141876220703125,"y":9.5953369140625,"z":2.9647979736328125,"roomId":5555}
{"type":"accel","timestamp":1531636174490,"x":9.037445068359375,"y":-0.4815521240234375,"z":1.057769775390625,"roomId":5555}
{"type":"gyro","timestamp":1531636174491,"x":3.0124053955078125,"y":9.674057006835938,