{"type":"gyro","timestamp":1531636196026,"x":0.509033203125,"y":-0.0403900146484375,"z":-0.0208282470703125,"roomId":5555}
{"type":"accel","timestamp":1531636196037,"x":-1.7943267822265625,"y":8.729171752929688,"z":-5.316314697265625,"roomId":5555}
{"type":"gyro","timestamp":1531636196038,"x":0.4907684326171875,"y":0.185546875,"z":0.121337890625,"roomId":5555}
{"type":"accel","timestamp":1531636196047,"x":-0.4920806884765625,"y":9.36456298828125,"z":-6.0211181640625,"roomId":5555}
{"type":"gyro","timestamp":1531636196049,"x":0.4138946533203125,"y":0.4947509765625,"z":0.2538909912109375,"roomId":5555}
{"type":"accel","timestamp":1531636196057,"x":0.85906982421875,"y":9.495452880859375,"z":-7.0590362548828125,"roomId":5555}
{"type":"gyro","timestamp":1531636196058,"x":0.299591064453125,"y":0.7787322998046875,"z":0.313201904296875,"roomId":5555}
{"type":"accel","timestamp":1531636196075,"x":3.5436859130859375,"y":9.332244873046875,"z":-9.1710205078125,"roomId":5555}
{"type":"gyro","timestamp":1531636196076,"x":-0.0861358642578125,"y":1.35076904296875,"z":0.2395477294921875,"roomId":5555}
{"type":"accel","timestamp":1531636196085,"x":4.6042633056640625,"y":8.92852783203125,"z":-9.465560913085938,"roomId":5555}
{"type":"gyro","timestamp":1531636196086,"x":-0.36724853515625,"y":1.629364013671875,"z":0.091583251953125,"roomId":5555}
{"type":"accel","timestamp":1531636196095,"x":4.4340057373046875,"y":8.057449340820312,"z":-8.474990844726562,"roomId":5555}
{"type":"gyro","timestamp":1531636196096,"x":-0.646697998046875,"y":1.905975341796875,"z":-0.0981597900390625,"roomId":5555}
{"type":"accel","timestamp":1531636196105,"x":3.2060394287109375,"y":6.783538818359375,"z":-6.56146240234375,"roomId":5555}
{"type":"gyro","timestamp":1531636196106,"x":-0.85498046875,"y":2.3463287353515625,"z":-0.1477813720703125,"roomId":5555}
{"type":"accel","timestamp":1531636196124,"x":0.9340057373046875,"y":4.56695556640625,"z":-2.5836029052734375,"roomId":5555}
{"type":"gyro","timestamp":1531636196126,"x":-0.973297119140625,"y":4.247161865234375,"z":0.5800018310546875,"roomId":5555}
{"type":"accel","timestamp":1531636196135,"x":0.994720458984375,"y":3.9830780029296875,"z":-1.675750732421875,"roomId":5555}
{"type":"gyro","timestamp":1531636196137,"x":-0.908447265625,"y":5.49652099609375,"z":1.273223876953125,"roomId":5555}
{"type":"accel","timestamp":1531636196155,"x":4.742645263671875,"y":4.344024658203125,"z":-2.0415802001953125,"roomId":5555}
{"type":"gyro","timestamp":1531636196157,"x":-0.774444580078125,"y":7.6409149169921875,"z":2.698272705078125,"roomId":5555}
{"type":"accel","timestamp":1531636196166,"x":7.25933837890625,"y":4.8207244873046875,"z":-0.5564422607421875,"roomId":5555}
{"type":"gyro","timestamp":1531636196167,"x":-0.7342681884765625,"y":8.123886108398438,"z":3.122344970703125,"roomId":5555}
{"type":"accel","timestamp":1531636196187,"x":12.100448608398438,"y":4.9598236083984375,"z":0.348419189453125,"roomId":5555}
{"type":"gyro","timestamp":1531636196189,"x":-0.2881927490234375,"y":8.179763793945312,"z":3.2343597412109375,"roomId":5555}
{"type":"accel","timestamp":1531636196205,"x":14.865402221679688,"y":3.19085693359375,"z":2.0193939208984375,"roomId":5555}
{"type":"gyro","timestamp":1531636196206,"x":0.19329833984375,"y":8.815444946289062,"z":3.061981201171875,"roomId":5555}
{"type":"accel","timestamp":1531636196216,"x":14.919036865234375,"y":2.529205322265625,"z":2.80157470703125,"roomId":5555}
{"type":"gyro","timestamp":1531636196218,"x":0.32379150390625,"y":9.489273071289062,"z":3.016326904296875,"roomId":5555}
{"type":"accel","timestamp":1531636196226,"x":14.655502319335938,"y":2.4353485107421875,"z":4.1099090576171875,"roomId":5555}
{"type":"accel","timestamp":1531636196237,"x":14.385528564453125,"y":2.477447509765625,"z":5.65850830078125,"roomId":5555}
{"type":"gyro","timestamp":1531636196244,"x":0.53460693359375,"y":10.722747802734375,"z":3.099212646484375,"roomId":5555}
{"type":"accel","timestamp":1531636196255,"x":13.837631225585938,"y":2.6302490234375,"z":6.8827056884765625,"roomId":5555}
{"type":"gyro","timestamp":1531636196257,"x":0.76593017578125,"y":11.132217407226562,"z":3.17059326171875,"roomId":5555}
{"type":"accel","timestamp":1531636196273,"x":14.435897827148438,"y":2.1447601318359375,"z":6.853607177734375,"roomId":5555}
{"type":"gyro","timestamp":1531636196275,"x":1.27838134765625,"y":11.984359741210938,"z":3.4266357421875,"roomId":5555}
{"type":"accel","timestamp":1531636196283,"x":14.7301025390625,"y":2.154541015625,"z":7.1226043701171875,"roomId":5555}
{"type":"gyro","timestamp":1531636196288,"x":1.427093505859375,"y":12.272262573242188,"z":3.519439697265625,"roomId":5555}
{"type":"accel","timestamp":1531636196295,"x":14.48004150390625,"y":2.3491973876953125,"z":7.8299102783203125,"roomId":5555}
{"type":"gyro","timestamp":1531636196303,"x":1.728271484375,"y":12.098068237304688,"z":3.4210052490234375,"roomId":5555}
{"type":"accel","timestamp":1531636196313,"x":11.208587646484375,"y":1.6858062744140625,"z":8.52728271484375,"roomId":5555}
{"type":"gyro","timestamp":1531636196314,"x":2.0365447998046875,"y":11.644805908203125,"z":3.2248382568359375,"roomId":5555}
{"type":"accel","timestamp":1531636196323,"x":9.724838256835938,"y":1.3098907470703125,"z":7.1931610107421875,"roomId":5555}
{"type":"gyro","timestamp":1531636196324,"x":2.4680023193359375,"y":11.1015625,"z":3.046844482421875,"roomId":5555}
{"type":"accel","timestamp":1531636196334,"x":8.642578125,"y":1.4374542236328125,"z":5.8727874755859375,"roomId":5555}
{"type":"gyro","timestamp":1531636196336,"x":2.9269866943359375,"y":10.518508911132812,"z":2.984710693359375,"roomId":5555}
{"type":"accel","timestamp":1531636196344,"x":8.950180053710938,"y":1.7544708251953125,"z":4.8002777099609375,"roomId":5555}
{"type":"gyro","timestamp":1531636196345,"x":3.28729248046875,"y":9.898941040039062,"z":3.026123046875,"roomId":5555}
{"type":"accel","timestamp":1531636196363,"x":11.884933471679688,"y":2.5617828369140625,"z":3.1386871337890625,"roomId":5555}
{"type":"gyro","timestamp":1531636196364,"x":3.6327362060546875,"y":8.644378662109375,"z":3.2039337158203125,"roomId":5555}
{"type":"accel","timestamp":1531636196373,"x":13.362686157226562,"y":3.073089599609375,"z":2.7476654052734375,"roomId":5555}
{"type":"gyro","timestamp":1531636196375,"x":3.5647430419921875,"y":8.395767211914062,"z":3.297271728515625,"roomId":5555}
{"type":"accel","timestamp":1531636196384,"x":13.81414794921875,"y":3.1236419677734375,"z":2.349334716796875,"roomId":5555}
{"type":"gyro","timestamp":1531636196385,"x":3.324951171875,"y":8.47564697265625,"z":3.3187408447265625,"roomId":5555}
{"type":"accel","timestamp":1531636196395,"x":13.772796630859375,"y":3.017486572265625,"z":2.40386962890625,"roomId":5555}
{"type":"gyro","timestamp":1531636196397,"x":3.0117340087890625,"y":8.736618041992188,"z":3.278350830078125,"roomId":5555}
{"type":"accel","timestamp":1531636196414,"x":12.694137573242188,"y":2.706817626953125,"z":3.059234619140625,"roomId":5555}
{"type":"gyro","timestamp":1531636196416,"x":2.4590606689453125,"y":8.994827270507812,"z":3.2166900634765625,"roomId":5555}
{"type":"accel","timestamp":1531636196435,"x":13.333572387695312,"y":2.95599365234375,"z":3.89898681640625,"roomId":5555}
{"type":"gyro","timestamp":1531636196437,"x":2.1005096435546875,"y":8.288864135742188,"z":3.2160797119140625,"roomId":5555}
{"type":"accel","timestamp":1531636196454,"x":14.916412353515625,"y":3.28717041015625,"z":2.5738525390625,"roomId":5555}
{"type":"gyro","timestamp":1531636196455,"x":1.9951171875,"y":7.6413726806640625,"z":3.1451263427734375,"roomId":5555}
{"type":"accel","timestamp":1531636196473,"x":15.198516845703125,"y":4.319366455078125,"z":0.8994598388671875,"roomId":5555}
{"type":"gyro","timestamp":1531636196474,"x":1.978240966796875,"y":6.7646636962890625,"z":2.8877410888671875,"roomId":5555}
{"type":"accel","timestamp":1531636196493,"x":14.219680786132812,"y":4.4910736083984375,"z":-0.3250885009765625,