{"type":"gyro","timestamp":1531636210430,"x":1.2082366943359375,"y":-0.2009735107421875,"z":0.40606689453125,"roomId":5555}
{"type":"accel","timestamp":1531636210448,"x":2.431793212890625,"y":10.648834228515625,"z":-9.774520874023438,"roomId":5555}
{"type":"gyro","timestamp":1531636210449,"x":0.9442291259765625,"y":0.14501953125,"z":0.45458984375,"roomId":5555}
{"type":"accel","timestamp":1531636210458,"x":2.552642822265625,"y":11.017623901367188,"z":-10.1298828125,"roomId":5555}
{"type":"gyro","timestamp":1531636210459,"x":0.5919647216796875,"y":0.1061859130859375,"z":0.2505340576171875,"roomId":5555}
{"type":"accel","timestamp":1531636210468,"x":2.0945587158203125,"y":11.020294189453125,"z":-8.927520751953125,"roomId":5555}
{"type":"gyro","timestamp":1531636210478,"x":-0.07159423828125,"y":-0.0430145263671875,"z":-0.0649566650390625,"roomId":5555}
{"type":"accel","timestamp":1531636210487,"x":-0.4349822998046875,"y":9.941970825195312,"z":-5.74822998046875,"roomId":5555}
{"type":"gyro","timestamp":1531636210487,"x":-0.2781524658203125,"y":0.168487548828125,"z":-0.01324462890625,"roomId":5555}
{"type":"accel","timestamp":1531636210507,"x":0.3485565185546875,"y":9.210662841796875,"z":-4.750946044921875,"roomId":5555}
{"type":"gyro","timestamp":1531636210508,"x":-0.6016387939453125,"y":0.730926513671875,"z":0.3404083251953125,"roomId":5555}
{"type":"accel","timestamp":1531636210527,"x":2.293853759765625,"y":9.503067016601562,"z":-3.494140625,"roomId":5555}
{"type":"gyro","timestamp":1531636210528,"x":-0.7742767333984375,"y":1.4366912841796875,"z":0.5106201171875,"roomId":5555}
{"type":"accel","timestamp":1531636210539,"x":2.9978179931640625,"y":9.793960571289062,"z":-3.683349609375,"roomId":5555}
{"type":"gyro","timestamp":1531636210540,"x":-0.82110595703125,"y":1.93609619140625,"z":0.568328857421875,"roomId":5555}
{"type":"accel","timestamp":1531636210549,"x":3.3981781005859375,"y":9.890792846679688,"z":-4.4476470947265625,"roomId":5555}
{"type":"gyro","timestamp":1531636210550,"x":-0.880401611328125,"y":2.48162841796875,"z":0.6409149169921875,"roomId":5555}
{"type":"accel","timestamp":1531636210568,"x":4.4361572265625,"y":9.347030639648438,"z":-6.63958740234375,"roomId":5555}
{"type":"gyro","timestamp":1531636210570,"x":-1.1022796630859375,"y":3.3775177001953125,"z":0.8030548095703125,"roomId":5555}
{"type":"accel","timestamp":1531636210587,"x":4.9917755126953125,"y":8.362533569335938,"z":-5.622528076171875,"roomId":5555}
{"type":"gyro","timestamp":1531636210588,"x":-1.3311767578125,"y":3.9820404052734375,"z":0.72332763671875,"roomId":5555}
{"type":"accel","timestamp":1531636210597,"x":4.515594482421875,"y":7.463470458984375,"z":-4.0690765380859375,"roomId":5555}
{"type":"gyro","timestamp":1531636210599,"x":-1.3042755126953125,"y":4.3200225830078125,"z":0.6858978271484375,"roomId":5555}
{"type":"accel","timestamp":1531636210608,"x":4.0084991455078125,"y":6.7108001708984375,"z":-2.372467041015625,"roomId":5555}
{"type":"gyro","timestamp":1531636210609,"x":-1.180633544921875,"y":4.75469970703125,"z":0.75537109375,"roomId":5555}
{"type":"accel","timestamp":1531636210627,"x":4.2400054931640625,"y":5.6920928955078125,"z":0.1769866943359375,"roomId":5555}
{"type":"gyro","timestamp":1531636210629,"x":-0.792510986328125,"y":5.834808349609375,"z":1.161468505859375,"roomId":5555}
{"type":"accel","timestamp":1531636210638,"x":4.768035888671875,"y":5.48541259765625,"z":0.6929931640625,"roomId":5555}
{"type":"gyro","timestamp":1531636210639,"x":-0.5580596923828125,"y":6.2860565185546875,"z":1.37042236328125,"roomId":5555}
{"type":"accel","timestamp":1531636210658,"x":6.43524169921875,"y":5.994598388671875,"z":0.450469970703125,"roomId":5555}
{"type":"gyro","timestamp":1531636210659,"x":-0.06256103515625,"y":6.714752197265625,"z":1.5982513427734375,"roomId":5555}
{"type":"accel","timestamp":1531636210677,"x":7.869842529296875,"y":5.6426849365234375,"z":-0.5776824951171875,"roomId":5555}
{"type":"gyro","timestamp":1531636210678,"x":0.33184814453125,"y":6.7122039794921875,"z":1.500946044921875,"roomId":5555}
{"type":"accel","timestamp":1531636210687,"x":7.8090057373046875,"y":5.1389312744140625,"z":-0.4463653564453125,"roomId":5555}
{"type":"gyro","timestamp":1531636210689,"x":0.454132080078125,"y":6.719146728515625,"z":1.438446044921875,"roomId":5555}
{"type":"accel","timestamp":1531636210697,"x":7.2399139404296875,"y":4.6434478759765625,"z":0.1454315185546875,"roomId":5555}
{"type":"gyro","timestamp":1531636210698,"x":0.5477294921875,"y":6.764190673828125,"z":1.4412689208984375,"roomId":5555}
{"type":"accel","timestamp":1531636210716,"x":5.1554412841796875,"y":4.5214996337890625,"z":2.8847198486328125,"roomId":5555}
{"type":"gyro","timestamp":1531636210717,"x":0.697174072265625,"y":7.09521484375,"z":1.709259033203125,"roomId":5555}
{"type":"accel","timestamp":1531636210737,"x":3.9582366943359375,"y":4.82720947265625,"z":5.0472869873046875,"roomId":5555}
{"type":"gyro","timestamp":1531636210738,"x":1.0615386962890625,"y":7.518890380859375,"z":2.291168212890625,"roomId":5555}
{"type":"accel","timestamp":1531636210747,"x":4.389129638671875,"y":4.9725799560546875,"z":5.174530029296875,"roomId":5555}
{"type":"gyro","timestamp":1531636210748,"x":1.291351318359375,"y":7.80194091796875,"z":2.667938232421875,"roomId":5555}
{"type":"accel","timestamp":1531636210767,"x":7.403961181640625,"y":5.15972900390625,"z":4.97418212890625,"roomId":5555}
{"type":"gyro","timestamp":1531636210768,"x":1.463958740234375,"y":8.445480346679688,"z":3.2475433349609375,"roomId":5555}
{"type":"accel","timestamp":1531636210785,"x":11.000808715820312,"y":5.1619415283203125,"z":6.7683868408203125,"roomId":5555}
{"type":"gyro","timestamp":1531636210786,"x":1.4065399169921875,"y":8.969940185546875,"z":3.3151092529296875,"roomId":5555}
{"type":"accel","timestamp":1531636210795,"x":11.206283569335938,"y":4.432159423828125,"z":7.844390869140625,"roomId":5555}
{"type":"gyro","timestamp":1531636210805,"x":1.688812255859375,"y":9.138885498046875,"z":2.9952392578125,"roomId":5555}
{"type":"accel","timestamp":1531636210815,"x":10.043426513671875,"y":2.4139251708984375,"z":8.058670043945312,"roomId":5555}
{"type":"gyro","timestamp":1531636210816,"x":1.9603271484375,"y":9.13995361328125,"z":2.9327545166015625,"roomId":5555}
{"type":"accel","timestamp":1531636210825,"x":9.428024291992188,"y":1.7336273193359375,"z":7.769256591796875,"roomId":5555}
{"type":"gyro","timestamp":1531636210834,"x":2.3241424560546875,"y":9.205841064453125,"z":3.046478271484375,"roomId":5555}
{"type":"accel","timestamp":1531636210844,"x":8.8623046875,"y":1.5079803466796875,"z":7.0673980712890625,"roomId":5555}
{"type":"gyro","timestamp":1531636210845,"x":2.3740234375,"y":9.220718383789062,"z":3.1895294189453125,"roomId":5555}
{"type":"accel","timestamp":1531636210854,"x":9.564346313476562,"y":2.092926025390625,"z":7.7544097900390625,"roomId":5555}
{"type":"gyro","timestamp":1531636210855,"x":2.323883056640625,"y":9.299285888671875,"z":3.3174591064453125,"roomId":5555}
{"type":"accel","timestamp":1531636210865,"x":9.897018432617188,"y":2.4490203857421875,"z":8.823684692382812,"roomId":5555}
{"type":"gyro","timestamp":1531636210866,"x":2.246795654296875,"y":9.463027954101562,"z":3.351776123046875,"roomId":5555}
{"type":"accel","timestamp":1531636210885,"x":9.034408569335938,"y":1.8963623046875,"z":9.35845947265625,"roomId":5555}
{"type":"gyro","timestamp":1531636210887,"x":2.2661285400390625,"y":10.173492431640625,"z":3.358612060546875,"roomId":5555}
{"type":"accel","timestamp":1531636210895,"x":8.4375,"y":1.5594940185546875,"z":8.832931518554688,"roomId":5555}
{"type":"accel","timestamp":1531636210906,"x":7.9474334716796875,"y":1.310150146484375,"z":8.842300415039062,"roomId":5555}
{"type":"gyro","timestamp":1531636210908,"x":1.9591827392578125,"y":11.602066040039062,"z":3.735595703125,"roomId":5555}
{"type":"accel","timestamp":1531636210924,"x":6.0536651611328125,"y":0.154754638671875,"z":10.221786499023438,