{"type":"gyro","timestamp":1531636322777,"x":-0.596466064453125,"y":0.10699462890625,"z":0.5577239990234375,"roomId":5555}
{"type":"accel","timestamp":1531636322786,"x":5.207305908203125,"y":6.0545654296875,"z":-1.79339599609375,"roomId":5555}
{"type":"gyro","timestamp":1531636322787,"x":-0.559356689453125,"y":0.2166595458984375,"z":0.6063079833984375,"roomId":5555}
{"type":"accel","timestamp":1531636322805,"x":5.4829254150390625,"y":7.6358642578125,"z":-2.5908660888671875,"roomId":5555}
{"type":"gyro","timestamp":1531636322805,"x":-0.380157470703125,"y":0.315155029296875,"z":0.6429443359375,"roomId":5555}
{"type":"accel","timestamp":1531636322815,"x":5.7927703857421875,"y":8.596588134765625,"z":-2.578094482421875,"roomId":5555}
{"type":"gyro","timestamp":1531636322816,"x":-0.2205810546875,"y":0.2303009033203125,"z":0.6115264892578125,"roomId":5555}
{"type":"accel","timestamp":1531636322825,"x":5.9541473388671875,"y":9.292282104492188,"z":-2.571533203125,"roomId":5555}
{"type":"gyro","timestamp":1531636322827,"x":-0.0234527587890625,"y":0.1393890380859375,"z":0.5622100830078125,"roomId":5555}
{"type":"accel","timestamp":1531636322837,"x":5.9429168701171875,"y":9.9342041015625,"z":-2.6547088623046875,"roomId":5555}
{"type":"gyro","timestamp":1531636322839,"x":0.1682891845703125,"y":0.077789306640625,"z":0.5391693115234375,"roomId":5555}
{"type":"accel","timestamp":1531636322847,"x":5.74273681640625,"y":10.720535278320312,"z":-2.61614990234375,"roomId":5555}
{"type":"gyro","timestamp":1531636322856,"x":0.3994140625,"y":-0.1660308837890625,"z":0.626251220703125,"roomId":5555}
{"type":"accel","timestamp":1531636322865,"x":6.17779541015625,"y":12.019424438476562,"z":-4.5253753662109375,"roomId":5555}
{"type":"gyro","timestamp":1531636322866,"x":0.340850830078125,"y":-0.4599761962890625,"z":0.6430511474609375,"roomId":5555}
{"type":"accel","timestamp":1531636322876,"x":6.5713348388671875,"y":12.244155883789062,"z":-5.9453887939453125,"roomId":5555}
{"type":"gyro","timestamp":1531636322877,"x":0.0626983642578125,"y":-1.0498199462890625,"z":0.5535125732421875,"roomId":5555}
{"type":"accel","timestamp":1531636322886,"x":7.2682952880859375,"y":12.565689086914062,"z":-6.9711456298828125,"roomId":5555}
{"type":"gyro","timestamp":1531636322889,"x":-0.4060821533203125,"y":-1.94757080078125,"z":0.34771728515625,"roomId":5555}
{"type":"accel","timestamp":1531636322906,"x":8.118942260742188,"y":12.024581909179688,"z":-5.9673004150390625,"roomId":5555}
{"type":"gyro","timestamp":1531636322908,"x":-1.459686279296875,"y":-3.8995208740234375,"z":-0.2189788818359375,"roomId":5555}
{"type":"accel","timestamp":1531636322926,"x":7.616607666015625,"y":9.640304565429688,"z":-3.767333984375,"roomId":5555}
{"type":"gyro","timestamp":1531636322928,"x":-2.0689544677734375,"y":-4.8566436767578125,"z":-0.453704833984375,"roomId":5555}
{"type":"accel","timestamp":1531636322940,"x":6.77740478515625,"y":8.68304443359375,"z":-3.240264892578125,"roomId":5555}
{"type":"gyro","timestamp":1531636322941,"x":-2.1851348876953125,"y":-4.9702606201171875,"z":-0.355560302734375,"roomId":5555}
{"type":"accel","timestamp":1531636322960,"x":6.33416748046875,"y":7.683013916015625,"z":-4.019866943359375,"roomId":5555}
{"type":"gyro","timestamp":1531636322961,"x":-2.366943359375,"y":-5.25653076171875,"z":-0.050140380859375,"roomId":5555}
{"type":"accel","timestamp":1531636322973,"x":7.309478759765625,"y":6.637542724609375,"z":-4.96551513671875,"roomId":5555}
{"type":"gyro","timestamp":1531636322974,"x":-2.6522674560546875,"y":-6.0869140625,"z":-0.0130767822265625,"roomId":5555}
{"type":"accel","timestamp":1531636322983,"x":7.9959564208984375,"y":6.133392333984375,"z":-5.26617431640625,"roomId":5555}
{"type":"gyro","timestamp":1531636322984,"x":-2.8109588623046875,"y":-6.572113037109375,"z":-0.0938568115234375,"roomId":5555}
{"type":"accel","timestamp":1531636322994,"x":8.4034423828125,"y":5.5877685546875,"z":-5.4655914306640625,"roomId":5555}
{"type":"gyro","timestamp":1531636322994,"x":-2.949951171875,"y":-7.0157318115234375,"z":-0.20074462890625,"roomId":5555}
{"type":"accel","timestamp":1531636323004,"x":8.122756958007812,"y":4.82623291015625,"z":-5.9048004150390625,"roomId":5555}
{"type":"gyro","timestamp":1531636323005,"x":-3.0546417236328125,"y":-7.303680419921875,"z":-0.2816314697265625,"roomId":5555}
{"type":"accel","timestamp":1531636323014,"x":7.5558013916015625,"y":3.8690948486328125,"z":-6.6265411376953125,"roomId":5555}
{"type":"gyro","timestamp":1531636323015,"x":-3.1602630615234375,"y":-7.4190216064453125,"z":-0.28338623046875,"roomId":5555}
{"type":"accel","timestamp":1531636323024,"x":7.5752105712890625,"y":3.1883392333984375,"z":-7.1451873779296875,"roomId":5555}
{"type":"gyro","timestamp":1531636323026,"x":-3.30279541015625,"y":-7.5190277099609375,"z":-0.2369842529296875,"roomId":5555}
{"type":"accel","timestamp":1531636323034,"x":8.053085327148438,"y":2.9867706298828125,"z":-6.9792633056640625,"roomId":5555}
{"type":"accel","timestamp":1531636323044,"x":8.40325927734375,"y":2.79705810546875,"z":-6.48602294921875,"roomId":5555}
{"type":"gyro","timestamp":1531636323047,"x":-3.581573486328125,"y":-7.837493896484375,"z":-0.396636962890625,"roomId":5555}
{"type":"accel","timestamp":1531636323055,"x":8.542587280273438,"y":2.511749267578125,"z":-6.421173095703125,"roomId":5555}
{"type":"gyro","timestamp":1531636323057,"x":-3.609130859375,"y":-7.8132476806640625,"z":-0.6351165771484375,"roomId":5555}
{"type":"accel","timestamp":1531636323069,"x":8.038604736328125,"y":2.3121490478515625,"z":-6.8944244384765625,"roomId":5555}
{"type":"gyro","timestamp":1531636323071,"x":-3.5840606689453125,"y":-7.6988067626953125,"z":-0.934295654296875,"roomId":5555}
{"type":"accel","timestamp":1531636323084,"x":6.332489013671875,"y":1.4372100830078125,"z":-8.034835815429688,"roomId":5555}
{"type":"gyro","timestamp":1531636323085,"x":-3.6376953125,"y":-7.4388427734375,"z":-1.4437255859375,"roomId":5555}
{"type":"accel","timestamp":1531636323104,"x":4.95684814453125,"y":-0.3541107177734375,"z":-5.5261993408203125,"roomId":5555}
{"type":"gyro","timestamp":1531636323106,"x":-3.778167724609375,"y":-6.517547607421875,"z":-1.8939056396484375,"roomId":5555}
{"type":"accel","timestamp":1531636323114,"x":4.4290924072265625,"y":-1.23297119140625,"z":-3.9856719970703125,"roomId":5555}
{"type":"accel","timestamp":1531636323124,"x":3.600006103515625,"y":-1.8244171142578125,"z":-2.5032958984375,"roomId":5555}
{"type":"gyro","timestamp":1531636323125,"x":-3.223419189453125,"y":-5.4629364013671875,"z":-2.2634429931640625,"roomId":5555}
{"type":"accel","timestamp":1531636323135,"x":1.9506072998046875,"y":-2.0317230224609375,"z":-1.3365631103515625,"roomId":5555}
{"type":"gyro","timestamp":1531636323136,"x":-2.5404205322265625,"y":-5.089202880859375,"z":-2.350006103515625,"roomId":5555}
{"type":"accel","timestamp":1531636323154,"x":-0.485137939453125,"y":-0.7167816162109375,"z":-2.636322021484375,"roomId":5555}
{"type":"gyro","timestamp":1531636323156,"x":-0.46258544921875,"y":-4.6005706787109375,"z":-2.0351715087890625,"roomId":5555}
{"type":"accel","timestamp":1531636323164,"x":-1.121490478515625,"y":0.4234161376953125,"z":-4.6294708251953125,"roomId":5555}
{"type":"accel","timestamp":1531636323174,"x":-1.5140228271484375,"y":1.7115936279296875,"z":-7.3326873779296875,"roomId":5555}
{"type":"gyro","timestamp":1531636323176,"x":1.66571044921875,"y":-4.0961761474609375,"z":-1.159820556640625,"roomId":5555}
{"type":"accel","timestamp":1531636323193,"x":-1.229644775390625,"y":5.8909454345703125,"z":-12.926361083984375,"roomId":5555}
{"type":"gyro","timestamp":1531636323194,"x":2.7036285400390625,"y":-2.9974365234375,"z":-0.0558929443359375,"roomId":5555}
{"type":"accel","timestamp":1531636323204,"x":-0.73699951171875,"y":8.19610595703125,"z":-15.179794311523438,"roomId":5555}
{"type":"gyro","timestamp":1531636323205,"x":2.686431884765625,"y":-2.4705352783203125,"z":0.3724212646484375,"roomId":5555}
{"type":"accel",