{"type":"gyro","timestamp":1531636253211,"x":0.5488739013671875,"y":1.2667999267578125,"z":-0.3430023193359375,"roomId":5555}
{"type":"accel","timestamp":1531636253219,"x":5.33990478515625,"y":4.0919342041015625,"z":1.162994384765625,"roomId":5555}
{"type":"gyro","timestamp":1531636253220,"x":0.530120849609375,"y":1.313232421875,"z":-0.2165679931640625,"roomId":5555}
{"type":"accel","timestamp":1531636253237,"x":6.9157562255859375,"y":5.2312469482421875,"z":-1.504913330078125,"roomId":5555}
{"type":"gyro","timestamp":1531636253238,"x":0.5156707763671875,"y":1.1345062255859375,"z":-0.0943450927734375,"roomId":5555}
{"type":"accel","timestamp":1531636253247,"x":7.3795013427734375,"y":7.485626220703125,"z":-4.9772186279296875,"roomId":5555}
{"type":"gyro","timestamp":1531636253248,"x":0.162445068359375,"y":1.073272705078125,"z":-0.1967315673828125,"roomId":5555}
{"type":"accel","timestamp":1531636253257,"x":8.130813598632812,"y":8.892929077148438,"z":-1.9171142578125,"roomId":5555}
{"type":"gyro","timestamp":1531636253258,"x":-0.559600830078125,"y":0.9145965576171875,"z":-0.3765716552734375,"roomId":5555}
{"type":"accel","timestamp":1531636253267,"x":7.8990478515625,"y":7.993621826171875,"z":-1.783294677734375,"roomId":5555}
{"type":"gyro","timestamp":1531636253268,"x":-0.59307861328125,"y":0.447265625,"z":-0.5717620849609375,"roomId":5555}
{"type":"accel","timestamp":1531636253278,"x":6.6795501708984375,"y":6.6553192138671875,"z":-1.5970001220703125,"roomId":5555}
{"type":"gyro","timestamp":1531636253279,"x":-0.50164794921875,"y":0.4784698486328125,"z":-0.805267333984375,"roomId":5555}
{"type":"accel","timestamp":1531636253288,"x":5.05023193359375,"y":6.049407958984375,"z":-0.6298675537109375,"roomId":5555}
{"type":"gyro","timestamp":1531636253289,"x":-0.4072418212890625,"y":0.5081329345703125,"z":-0.8638763427734375,"roomId":5555}
{"type":"accel","timestamp":1531636253298,"x":3.9116973876953125,"y":6.232666015625,"z":-0.7615966796875,"roomId":5555}
{"type":"gyro","timestamp":1531636253299,"x":-0.30889892578125,"y":0.357086181640625,"z":-0.7088775634765625,"roomId":5555}
{"type":"accel","timestamp":1531636253316,"x":3.9443206787109375,"y":7.2867889404296875,"z":-0.70709228515625,"roomId":5555}
{"type":"gyro","timestamp":1531636253317,"x":-0.3471832275390625,"y":0.2058563232421875,"z":-0.249298095703125,"roomId":5555}
{"type":"accel","timestamp":1531636253327,"x":4.0574798583984375,"y":7.72418212890625,"z":-0.164764404296875,"roomId":5555}
{"type":"gyro","timestamp":1531636253328,"x":-0.3629608154296875,"y":0.253936767578125,"z":-0.0606536865234375,"roomId":5555}
{"type":"accel","timestamp":1531636253346,"x":4.1805877685546875,"y":8.00335693359375,"z":0.024932861328125,"roomId":5555}
{"type":"gyro","timestamp":1531636253347,"x":-0.23004150390625,"y":0.4669952392578125,"z":0.2700653076171875,"roomId":5555}
{"type":"accel","timestamp":1531636253356,"x":4.6468963623046875,"y":8.130233764648438,"z":-0.848236083984375,"roomId":5555}
{"type":"gyro","timestamp":1531636253357,"x":-0.1620025634765625,"y":0.4878997802734375,"z":0.4040069580078125,"roomId":5555}
{"type":"accel","timestamp":1531636253367,"x":5.4650115966796875,"y":8.62725830078125,"z":-1.988067626953125,"roomId":5555}
{"type":"gyro","timestamp":1531636253368,"x":-0.1554412841796875,"y":0.3360748291015625,"z":0.4756317138671875,"roomId":5555}
{"type":"accel","timestamp":1531636253377,"x":6.4730987548828125,"y":9.359848022460938,"z":-2.9375152587890625,"roomId":5555}
{"type":"gyro","timestamp":1531636253378,"x":-0.2288970947265625,"y":0.0080718994140625,"z":0.4395599365234375,"roomId":5555}
{"type":"accel","timestamp":1531636253396,"x":7.2669830322265625,"y":10.188858032226562,"z":-3.3394622802734375,"roomId":5555}
{"type":"gyro","timestamp":1531636253397,"x":-0.5844573974609375,"y":-0.992401123046875,"z":-0.0269775390625,"roomId":5555}
{"type":"accel","timestamp":1531636253408,"x":6.877227783203125,"y":9.942642211914062,"z":-2.9740142822265625,"roomId":5555}
{"type":"gyro","timestamp":1531636253409,"x":-0.7796173095703125,"y":-1.4794921875,"z":-0.333038330078125,"roomId":5555}
{"type":"accel","timestamp":1531636253426,"x":6.1652069091796875,"y":9.239334106445312,"z":-2.3303070068359375,"roomId":5555}
{"type":"gyro","timestamp":1531636253427,"x":-1.0758514404296875,"y":-2.241424560546875,"z":-0.6835784912109375,"roomId":5555}
{"type":"accel","timestamp":1531636253436,"x":5.7897186279296875,"y":9.109619140625,"z":-2.145050048828125,"roomId":5555}
{"type":"gyro","timestamp":1531636253437,"x":-1.1872406005859375,"y":-2.5735931396484375,"z":-0.750762939453125,"roomId":5555}
{"type":"accel","timestamp":1531636253455,"x":5.653564453125,"y":9.13226318359375,"z":-3.001220703125,"roomId":5555}
{"type":"gyro","timestamp":1531636253456,"x":-1.4458465576171875,"y":-3.2797698974609375,"z":-0.8577880859375,"roomId":5555}
{"type":"accel","timestamp":1531636253465,"x":6.2806549072265625,"y":9.077560424804688,"z":-3.5548553466796875,"roomId":5555}
{"type":"gyro","timestamp":1531636253466,"x":-1.695220947265625,"y":-3.787109375,"z":-0.971771240234375,"roomId":5555}
{"type":"accel","timestamp":1531636253476,"x":7.335113525390625,"y":8.91107177734375,"z":-3.6115264892578125,"roomId":5555}
{"type":"gyro","timestamp":1531636253477,"x":-1.9998626708984375,"y":-4.5731964111328125,"z":-1.1800537109375,"roomId":5555}
{"type":"accel","timestamp":1531636253496,"x":10.058456420898438,"y":8.928543090820312,"z":-1.4594879150390625,"roomId":5555}
{"type":"gyro","timestamp":1531636253497,"x":-2.4437713623046875,"y":-6.6851654052734375,"z":-1.9565887451171875,"roomId":5555}
{"type":"accel","timestamp":1531636253506,"x":11.335296630859375,"y":8.912521362304688,"z":-0.2335662841796875,"roomId":5555}
{"type":"gyro","timestamp":1531636253507,"x":-2.447601318359375,"y":-7.5923614501953125,"z":-2.4334259033203125,"roomId":5555}
{"type":"accel","timestamp":1531636253516,"x":12.298049926757812,"y":8.252365112304688,"z":0.330230712890625,"roomId":5555}
{"type":"gyro","timestamp":1531636253517,"x":-2.3090972900390625,"y":-8.166885375976562,"z":-2.87945556640625,"roomId":5555}
{"type":"accel","timestamp":1531636253534,"x":9.538284301757812,"y":6.6332244873046875,"z":-0.7039031982421875,"roomId":5555}
{"type":"gyro","timestamp":1531636253535,"x":-2.158172607421875,"y":-7.7577362060546875,"z":-3.362701416015625,"roomId":5555}
{"type":"accel","timestamp":1531636253545,"x":6.8803863525390625,"y":5.8712921142578125,"z":-1.8042755126953125,"roomId":5555}
{"type":"gyro","timestamp":1531636253546,"x":-2.30914306640625,"y":-7.0609893798828125,"z":-3.212127685546875,"roomId":5555}
{"type":"accel","timestamp":1531636253555,"x":6.0641632080078125,"y":4.8653564453125,"z":-2.9112548828125,"roomId":5555}
{"type":"accel","timestamp":1531636253565,"x":6.8152008056640625,"y":4.1751556396484375,"z":-3.0647430419921875,"roomId":5555}
{"type":"gyro","timestamp":1531636253566,"x":-2.8896484375,"y":-6.55328369140625,"z":-2.4925537109375,"roomId":5555}
{"type":"accel","timestamp":1531636253585,"x":8.688507080078125,"y":5.97039794921875,"z":1.20001220703125,"roomId":5555}
{"type":"gyro","timestamp":1531636253586,"x":-3.125091552734375,"y":-7.56793212890625,"z":-2.6063995361328125,"roomId":5555}
{"type":"gyro","timestamp":1531636253595,"x":-2.8659820556640625,"y":-7.9735565185546875,"z":-2.8569183349609375,"roomId":5555}
{"type":"accel","timestamp":1531636253606,"x":7.80218505859375,"y":5.9722747802734375,"z":0.090240478515625,"roomId":5555}
{"type":"gyro","timestamp":1531636253607,"x":-2.63763427734375,"y":-7.9689483642578125,"z":-3.0765380859375,"roomId":5555}
{"type":"accel","timestamp":1531636253626,"x":7.133331298828125,"y":4.694000244140625,"z":-3.1671295166015625,"roomId":5555}
{"type":"gyro","timestamp":1531636253628,"x":-2.6533660888671875,"y":-7.393280029296875,"z":-3.2856597900390625,"roomId":5555}
{"type":"accel","timestamp":1531636253638,"x":6.6333160400390625,"y":3.82891845703125,"z":-3.9593048095703125,"roomId":5555}
{"type":"gyro",