{"type":"gyro","timestamp":1531636275448,"x":-0.1293487548828125,"y":-0.1421966552734375,"z":-0.1920318603515625,"roomId":5555}
{"type":"accel","timestamp":1531636275457,"x":6.381744384765625,"y":5.594085693359375,"z":0.855133056640625,"roomId":5555}
{"type":"accel","timestamp":1531636275467,"x":6.1735687255859375,"y":5.5878448486328125,"z":1.12823486328125,"roomId":5555}
{"type":"gyro","timestamp":1531636275468,"x":-0.10064697265625,"y":0.0502166748046875,"z":-0.1410980224609375,"roomId":5555}
{"type":"accel","timestamp":1531636275487,"x":6.23687744140625,"y":5.6793212890625,"z":1.13970947265625,"roomId":5555}
{"type":"gyro","timestamp":1531636275488,"x":-0.052337646484375,"y":0.3988189697265625,"z":0.059600830078125,"roomId":5555}
{"type":"accel","timestamp":1531636275506,"x":6.6161041259765625,"y":5.46636962890625,"z":1.1915283203125,"roomId":5555}
{"type":"gyro","timestamp":1531636275507,"x":-0.0808258056640625,"y":0.6463623046875,"z":0.2304840087890625,"roomId":5555}
{"type":"accel","timestamp":1531636275517,"x":6.463531494140625,"y":5.3419342041015625,"z":1.0635223388671875,"roomId":5555}
{"type":"gyro","timestamp":1531636275519,"x":-0.111053466796875,"y":0.628448486328125,"z":0.25457763671875,"roomId":5555}
{"type":"accel","timestamp":1531636275528,"x":6.2347259521484375,"y":5.3640289306640625,"z":0.6378936767578125,"roomId":5555}
{"type":"gyro","timestamp":1531636275530,"x":-0.155029296875,"y":0.4886322021484375,"z":0.25146484375,"roomId":5555}
{"type":"accel","timestamp":1531636275546,"x":6.533294677734375,"y":5.537322998046875,"z":1.4658660888671875,"roomId":5555}
{"type":"gyro","timestamp":1531636275548,"x":-0.346588134765625,"y":0.0515594482421875,"z":0.2509307861328125,"roomId":5555}
{"type":"accel","timestamp":1531636275556,"x":7.155548095703125,"y":5.4548492431640625,"z":1.2098846435546875,"roomId":5555}
{"type":"gyro","timestamp":1531636275557,"x":-0.384307861328125,"y":-0.042633056640625,"z":0.210357666015625,"roomId":5555}
{"type":"accel","timestamp":1531636275567,"x":7.1868896484375,"y":5.1879425048828125,"z":1.31103515625,"roomId":5555}
{"type":"gyro","timestamp":1531636275569,"x":-0.3815155029296875,"y":-0.057647705078125,"z":0.1061248779296875,"roomId":5555}
{"type":"accel","timestamp":1531636275577,"x":6.904144287109375,"y":5.0424346923828125,"z":1.459625244140625,"roomId":5555}
{"type":"gyro","timestamp":1531636275587,"x":-0.3801116943359375,"y":0.1602630615234375,"z":0.037933349609375,"roomId":5555}
{"type":"accel","timestamp":1531636275598,"x":5.661834716796875,"y":5.0342254638671875,"z":1.6003570556640625,"roomId":5555}
{"type":"gyro","timestamp":1531636275599,"x":-0.3600311279296875,"y":0.3313751220703125,"z":0.1256103515625,"roomId":5555}
{"type":"accel","timestamp":1531636275616,"x":5.1600341796875,"y":5.877288818359375,"z":1.2328643798828125,"roomId":5555}
{"type":"gyro","timestamp":1531636275617,"x":-0.27783203125,"y":0.5128326416015625,"z":0.3673248291015625,"roomId":5555}
{"type":"accel","timestamp":1531636275635,"x":5.113616943359375,"y":7.250091552734375,"z":-0.151153564453125,"roomId":5555}
{"type":"gyro","timestamp":1531636275636,"x":-0.1814117431640625,"y":0.1410369873046875,"z":0.4182281494140625,"roomId":5555}
{"type":"accel","timestamp":1531636275646,"x":5.7642364501953125,"y":8.171218872070312,"z":-1.375518798828125,"roomId":5555}
{"type":"gyro","timestamp":1531636275648,"x":-0.19293212890625,"y":-0.2850189208984375,"z":0.3291168212890625,"roomId":5555}
{"type":"accel","timestamp":1531636275656,"x":6.4338836669921875,"y":9.1834716796875,"z":-2.6688995361328125,"roomId":5555}
{"type":"accel","timestamp":1531636275666,"x":6.2177276611328125,"y":9.858612060546875,"z":-3.9304656982421875,"roomId":5555}
{"type":"gyro","timestamp":1531636275667,"x":-0.457855224609375,"y":-1.6194305419921875,"z":-0.1356048583984375,"roomId":5555}
{"type":"accel","timestamp":1531636275676,"x":5.7845916748046875,"y":10.317962646484375,"z":-4.4090728759765625,"roomId":5555}
{"type":"gyro","timestamp":1531636275677,"x":-0.728118896484375,"y":-2.483612060546875,"z":-0.4044036865234375,"roomId":5555}
{"type":"accel","timestamp":1531636275697,"x":5.63336181640625,"y":10.007659912109375,"z":-3.424072265625,"roomId":5555}
{"type":"gyro","timestamp":1531636275699,"x":-1.2534027099609375,"y":-4.133758544921875,"z":-0.7021026611328125,"roomId":5555}
{"type":"accel","timestamp":1531636275715,"x":6.08892822265625,"y":8.752227783203125,"z":-1.8464813232421875,"roomId":5555}
{"type":"gyro","timestamp":1531636275716,"x":-1.3899383544921875,"y":-4.869110107421875,"z":-0.55859375,"roomId":5555}
{"type":"accel","timestamp":1531636275725,"x":5.996002197265625,"y":8.637664794921875,"z":-1.9924468994140625,"roomId":5555}
{"type":"gyro","timestamp":1531636275727,"x":-1.3271636962890625,"y":-4.9178619384765625,"z":-0.3630218505859375,"roomId":5555}
{"type":"accel","timestamp":1531636275736,"x":6.35736083984375,"y":8.783905029296875,"z":-3.435760498046875,"roomId":5555}
{"type":"gyro","timestamp":1531636275737,"x":-1.292236328125,"y":-4.927154541015625,"z":-0.1287994384765625,"roomId":5555}
{"type":"accel","timestamp":1531636275754,"x":9.73651123046875,"y":9.745742797851562,"z":-6.968505859375,"roomId":5555}
{"type":"gyro","timestamp":1531636275756,"x":-1.7700042724609375,"y":-5.5691680908203125,"z":-0.04901123046875,"roomId":5555}
{"type":"accel","timestamp":1531636275764,"x":10.053939819335938,"y":10.038375854492188,"z":-7.063812255859375,"roomId":5555}
{"type":"gyro","timestamp":1531636275766,"x":-2.2435455322265625,"y":-6.102752685546875,"z":-0.32928466796875,"roomId":5555}
{"type":"accel","timestamp":1531636275774,"x":9.413543701171875,"y":9.501388549804688,"z":-5.9868927001953125,"roomId":5555}
{"type":"gyro","timestamp":1531636275775,"x":-2.701019287109375,"y":-6.4621429443359375,"z":-0.6116790771484375,"roomId":5555}
{"type":"accel","timestamp":1531636275784,"x":8.837295532226562,"y":8.363082885742188,"z":-4.4601593017578125,"roomId":5555}
{"type":"gyro","timestamp":1531636275785,"x":-3.034912109375,"y":-6.539794921875,"z":-0.7516937255859375,"roomId":5555}
{"type":"accel","timestamp":1531636275794,"x":8.649078369140625,"y":7.44000244140625,"z":-3.0899200439453125,"roomId":5555}
{"type":"gyro","timestamp":1531636275795,"x":-3.19940185546875,"y":-6.3921966552734375,"z":-0.7545166015625,"roomId":5555}
{"type":"accel","timestamp":1531636275805,"x":8.758544921875,"y":6.959228515625,"z":-2.312896728515625,"roomId":5555}
{"type":"gyro","timestamp":1531636275807,"x":-3.2004547119140625,"y":-6.132537841796875,"z":-0.709503173828125,"roomId":5555}
{"type":"accel","timestamp":1531636275815,"x":9.362457275390625,"y":6.7394256591796875,"z":-3.1836395263671875,"roomId":5555}
{"type":"gyro","timestamp":1531636275824,"x":-3.1742095947265625,"y":-5.90008544921875,"z":-0.96575927734375,"roomId":5555}
{"type":"accel","timestamp":1531636275834,"x":12.263198852539062,"y":7.0266265869140625,"z":-6.1558990478515625,"roomId":5555}
{"type":"gyro","timestamp":1531636275834,"x":-3.4390106201171875,"y":-6.3578033447265625,"z":-1.52996826171875,"roomId":5555}
{"type":"gyro","timestamp":1531636275844,"x":-3.93475341796875,"y":-7.126190185546875,"z":-2.3802490234375,"roomId":5555}
{"type":"accel","timestamp":1531636275854,"x":12.641311645507812,"y":5.078216552734375,"z":-7.803314208984375,"roomId":5555}
{"type":"gyro","timestamp":1531636275855,"x":-4.6221923828125,"y":-8.10479736328125,"z":-3.386688232421875,"roomId":5555}
{"type":"accel","timestamp":1531636275865,"x":13.453826904296875,"y":2.7139129638671875,"z":-6.490264892578125,"roomId":5555}
{"type":"gyro","timestamp":1531636275866,"x":-5.3494110107421875,"y":-9.196090698242188,"z":-4.4608154296875,"roomId":5555}
{"type":"accel","timestamp":1531636275884,"x":13.874679565429688,"y":-2.2685546875,"z":-0.6141815185546875,"roomId":5555}
{"type":"gyro","timestamp":1531636275886,"x":-6.103240966796875,"y":-10.725830078125,"z":-6.3865509033203125,"roomId":5555}
{"type":"accel","timestamp":1531636275894,"x":12.873748779296875,