{"type":"accel","timestamp":1531636173318,"x":2.5345458984375,"y":9.298934936523438,"z":-6.1908416748046875,"roomId":5555}
{"type":"gyro","timestamp":1531636173319,"x":0.14508056640625,"y":1.755523681640625,"z":-0.397674560546875,"roomId":5555}
{"type":"accel","timestamp":1531636173328,"x":2.9291839599609375,"y":9.357177734375,"z":-4.8280487060546875,"roomId":5555}
{"type":"gyro","timestamp":1531636173329,"x":-0.0738983154296875,"y":1.601470947265625,"z":-0.371795654296875,"roomId":5555}
{"type":"accel","timestamp":1531636173339,"x":3.494140625,"y":9.396072387695312,"z":-3.4482269287109375,"roomId":5555}
{"type":"gyro","timestamp":1531636173339,"x":-0.09735107421875,"y":1.300994873046875,"z":-0.45477294921875,"roomId":5555}
{"type":"accel","timestamp":1531636173349,"x":3.423492431640625,"y":9.206787109375,"z":-2.7831573486328125,"roomId":5555}
{"type":"gyro","timestamp":1531636173351,"x":0.0391082763671875,"y":0.9329833984375,"z":-0.6215667724609375,"roomId":5555}
{"type":"accel","timestamp":1531636173360,"x":2.61492919921875,"y":8.829147338867188,"z":-3.05828857421875,"roomId":5555}
{"type":"gyro","timestamp":1531636173362,"x":0.208892822265625,"y":0.6694793701171875,"z":-0.7814483642578125,"roomId":5555}
{"type":"accel","timestamp":1531636173371,"x":1.379364013671875,"y":8.602279663085938,"z":-3.5729217529296875,"roomId":5555}
{"type":"gyro","timestamp":1531636173373,"x":0.2859954833984375,"y":0.56695556640625,"z":-0.8604583740234375,"roomId":5555}
{"type":"accel","timestamp":1531636173389,"x":-2.44476318359375,"y":8.143875122070312,"z":-7.4711456298828125,"roomId":5555}
{"type":"gyro","timestamp":1531636173390,"x":0.003936767578125,"y":0.684783935546875,"z":-0.71014404296875,"roomId":5555}
{"type":"accel","timestamp":1531636173410,"x":-1.929595947265625,"y":8.096786499023438,"z":-3.317596435546875,"roomId":5555}
{"type":"gyro","timestamp":1531636173411,"x":-0.3353424072265625,"y":0.5079803466796875,"z":-0.3280487060546875,"roomId":5555}
{"type":"accel","timestamp":1531636173429,"x":-0.65155029296875,"y":8.2044677734375,"z":-0.7806396484375,"roomId":5555}
{"type":"gyro","timestamp":1531636173431,"x":-0.3335418701171875,"y":-0.0150299072265625,"z":-0.1987762451171875,"roomId":5555}
{"type":"accel","timestamp":1531636173439,"x":-0.8178863525390625,"y":7.7895050048828125,"z":-0.3625640869140625,"roomId":5555}
{"type":"gyro","timestamp":1531636173441,"x":-0.2402191162109375,"y":-0.2098541259765625,"z":-0.1708831787109375,"roomId":5555}
{"type":"accel","timestamp":1531636173451,"x":-0.6712493896484375,"y":7.4591217041015625,"z":-0.101959228515625,"roomId":5555}
{"type":"gyro","timestamp":1531636173454,"x":-0.16375732421875,"y":-0.2335052490234375,"z":-0.0933837890625,"roomId":5555}
{"type":"accel","timestamp":1531636173467,"x":1.4627532958984375,"y":7.6608734130859375,"z":-0.0901336669921875,"roomId":5555}
{"type":"gyro","timestamp":1531636173468,"x":-0.078155517578125,"y":0.0677947998046875,"z":0.0357513427734375,"roomId":5555}
{"type":"accel","timestamp":1531636173478,"x":1.7774658203125,"y":7.561065673828125,"z":-0.4865875244140625,"roomId":5555}
{"type":"gyro","timestamp":1531636173479,"x":-0.0763397216796875,"y":0.2313385009765625,"z":0.03936767578125,"roomId":5555}
{"type":"accel","timestamp":1531636173488,"x":1.8024749755859375,"y":7.5397186279296875,"z":-0.61444091796875,"roomId":5555}
{"type":"gyro","timestamp":1531636173489,"x":-0.1007843017578125,"y":0.297088623046875,"z":0.0314788818359375,"roomId":5555}
{"type":"accel","timestamp":1531636173499,"x":1.7677764892578125,"y":7.43988037109375,"z":-0.6263427734375,"roomId":5555}
{"type":"gyro","timestamp":1531636173500,"x":-0.1203460693359375,"y":0.24462890625,"z":0.0174407958984375,"roomId":5555}
{"type":"accel","timestamp":1531636173509,"x":1.5976104736328125,"y":7.479034423828125,"z":-0.5824432373046875,"roomId":5555}
{"type":"gyro","timestamp":1531636173510,"x":-0.12457275390625,"y":0.1170806884765625,"z":0.005462646484375,"roomId":5555}
{"type":"accel","timestamp":1531636173528,"x":0.8422088623046875,"y":7.694427490234375,"z":-0.649749755859375,"roomId":5555}
{"type":"gyro","timestamp":1531636173529,"x":-0.0828094482421875,"y":-0.0430450439453125,"z":0.0185699462890625,"roomId":5555}
{"type":"accel","timestamp":1531636173539,"x":0.49005126953125,"y":7.7438507080078125,"z":-0.6063232421875,"roomId":5555}
{"type":"gyro","timestamp":1531636173540,"x":-0.0604248046875,"y":-0.049468994140625,"z":0.0609893798828125,"roomId":5555}
{"type":"accel","timestamp":1531636173558,"x":0.113006591796875,"y":7.9228515625,"z":-0.8344268798828125,"roomId":5555}
{"type":"gyro","timestamp":1531636173559,"x":-0.01019287109375,"y":-0.001434326171875,"z":0.1490325927734375,"roomId":5555}
{"type":"accel","timestamp":1531636173578,"x":-0.74005126953125,"y":7.7410125732421875,"z":-1.2756195068359375,"roomId":5555}
{"type":"gyro","timestamp":1531636173579,"x":-0.0400848388671875,"y":0.0953216552734375,"z":0.212677001953125,"roomId":5555}
{"type":"accel","timestamp":1531636173589,"x":-1.307159423828125,"y":7.713623046875,"z":-1.716552734375,"roomId":5555}
{"type":"gyro","timestamp":1531636173590,"x":-0.069244384765625,"y":0.092742919921875,"z":0.243011474609375,"roomId":5555}
{"type":"accel","timestamp":1531636173601,"x":-2.072357177734375,"y":7.729461669921875,"z":-2.2183685302734375,"roomId":5555}
{"type":"gyro","timestamp":1531636173602,"x":-0.1124420166015625,"y":0.0256195068359375,"z":0.2627410888671875,"roomId":5555}
{"type":"accel","timestamp":1531636173616,"x":-3.6303558349609375,"y":7.672332763671875,"z":-3.033233642578125,"roomId":5555}
{"type":"gyro","timestamp":1531636173617,"x":-0.1958160400390625,"y":-0.4913787841796875,"z":0.281829833984375,"roomId":5555}
{"type":"accel","timestamp":1531636173626,"x":-4.3787384033203125,"y":7.9304656982421875,"z":-3.4608612060546875,"roomId":5555}
{"type":"gyro","timestamp":1531636173627,"x":-0.1904296875,"y":-1.0422821044921875,"z":0.2509765625,"roomId":5555}
{"type":"accel","timestamp":1531636173637,"x":-5.088531494140625,"y":8.343582153320312,"z":-4.2344818115234375,"roomId":5555}
{"type":"gyro","timestamp":1531636173637,"x":-0.1399078369140625,"y":-1.7601470947265625,"z":0.18365478515625,"roomId":5555}
{"type":"accel","timestamp":1531636173656,"x":-6.26129150390625,"y":9.518325805664062,"z":-6.1412353515625,"roomId":5555}
{"type":"gyro","timestamp":1531636173657,"x":-0.0641632080078125,"y":-3.583160400390625,"z":0.0001983642578125,"roomId":5555}
{"type":"accel","timestamp":1531636173667,"x":-6.6113128662109375,"y":9.577957153320312,"z":-6.5010223388671875,"roomId":5555}
{"type":"gyro","timestamp":1531636173669,"x":-0.0557098388671875,"y":-4.5,"z":-0.0736083984375,"roomId":5555}
{"type":"accel","timestamp":1531636173677,"x":-6.4091339111328125,"y":9.952117919921875,"z":-7.6994476318359375,"roomId":5555}
{"type":"gyro","timestamp":1531636173678,"x":-0.0564422607421875,"y":-5.34771728515625,"z":-0.131683349609375,"roomId":5555}
{"type":"accel","timestamp":1531636173688,"x":-5.6056365966796875,"y":10.66229248046875,"z":-8.893325805664062,"roomId":5555}
{"type":"gyro","timestamp":1531636173689,"x":-0.1519775390625,"y":-6.205780029296875,"z":-0.234222412109375,"roomId":5555}
{"type":"accel","timestamp":1531636173706,"x":-4.4659881591796875,"y":10.123870849609375,"z":-7.537628173828125,"roomId":5555}
{"type":"gyro","timestamp":1531636173708,"x":-0.5610809326171875,"y":-7.980010986328125,"z":-0.6263427734375,"roomId":5555}
{"type":"accel","timestamp":1531636173716,"x":-5.314788818359375,"y":9.971466064453125,"z":-5.8831634521484375,"roomId":5555}
{"type":"gyro","timestamp":1531636173718,"x":-0.717041015625,"y":-8.466567993164062,"z":-0.6914520263671875,"roomId":5555}
{"type":"accel","timestamp":1531636173726,"x":-4.914886474609375,"y":10.257644653320312,"z":-5.0398101806640625,"roomId":5555}
{"type":"accel","timestamp":1531636173736,"x":-4.412506103515625,"y":10.15655517578125,"z":-5.516937255859375,"roomId":5555}
{"type":"gyro","timestamp":1531636173737,