{"type":"gyro","timestamp":1531636304003,"x":0.0213470458984375,"y":0.1147918701171875,"z":0.000640869140625,"roomId":5555}
{"type":"accel","timestamp":1531636304014,"x":5.0875244140625,"y":6.6157073974609375,"z":0.93878173828125,"roomId":5555}
{"type":"gyro","timestamp":1531636304014,"x":-0.003387451171875,"y":0.1200103759765625,"z":-0.013458251953125,"roomId":5555}
{"type":"accel","timestamp":1531636304033,"x":5.0424957275390625,"y":6.5932769775390625,"z":0.7117919921875,"roomId":5555}
{"type":"gyro","timestamp":1531636304034,"x":-0.080810546875,"y":0.0545501708984375,"z":-0.0400390625,"roomId":5555}
{"type":"accel","timestamp":1531636304043,"x":5.0952301025390625,"y":6.4990386962890625,"z":0.8056182861328125,"roomId":5555}
{"type":"gyro","timestamp":1531636304045,"x":-0.1398468017578125,"y":0.0323944091796875,"z":-0.051055908203125,"roomId":5555}
{"type":"accel","timestamp":1531636304053,"x":5.0869598388671875,"y":6.434478759765625,"z":0.94354248046875,"roomId":5555}
{"type":"gyro","timestamp":1531636304054,"x":-0.186309814453125,"y":0.030548095703125,"z":-0.0492401123046875,"roomId":5555}
{"type":"accel","timestamp":1531636304063,"x":5.1387786865234375,"y":6.423126220703125,"z":0.8907623291015625,"roomId":5555}
{"type":"accel","timestamp":1531636304073,"x":5.165740966796875,"y":6.422332763671875,"z":0.6446533203125,"roomId":5555}
{"type":"gyro","timestamp":1531636304075,"x":-0.24188232421875,"y":0.06256103515625,"z":-0.018310546875,"roomId":5555}
{"type":"accel","timestamp":1531636304085,"x":5.0998687744140625,"y":6.38800048828125,"z":0.380126953125,"roomId":5555}
{"type":"gyro","timestamp":1531636304087,"x":-0.2810516357421875,"y":0.0807647705078125,"z":0.0012664794921875,"roomId":5555}
{"type":"accel","timestamp":1531636304102,"x":4.8607177734375,"y":6.501953125,"z":0.047119140625,"roomId":5555}
{"type":"gyro","timestamp":1531636304103,"x":-0.37152099609375,"y":0.1096343994140625,"z":0.0648040771484375,"roomId":5555}
{"type":"accel","timestamp":1531636304113,"x":4.7029266357421875,"y":6.7415008544921875,"z":-0.067626953125,"roomId":5555}
{"type":"gyro","timestamp":1531636304114,"x":-0.4141387939453125,"y":0.116241455078125,"z":0.1065826416015625,"roomId":5555}
{"type":"accel","timestamp":1531636304133,"x":4.1129608154296875,"y":7.0747528076171875,"z":-0.2796478271484375,"roomId":5555}
{"type":"gyro","timestamp":1531636304134,"x":-0.43896484375,"y":0.0887603759765625,"z":0.150848388671875,"roomId":5555}
{"type":"accel","timestamp":1531636304153,"x":3.13934326171875,"y":7.775146484375,"z":-0.883575439453125,"roomId":5555}
{"type":"gyro","timestamp":1531636304154,"x":-0.416290283203125,"y":-0.06890869140625,"z":0.177215576171875,"roomId":5555}
{"type":"accel","timestamp":1531636304163,"x":2.806640625,"y":8.287582397460938,"z":-1.4122161865234375,"roomId":5555}
{"type":"gyro","timestamp":1531636304164,"x":-0.3983917236328125,"y":-0.2649078369140625,"z":0.177978515625,"roomId":5555}
{"type":"accel","timestamp":1531636304173,"x":2.1783599853515625,"y":8.825180053710938,"z":-2.1726837158203125,"roomId":5555}
{"type":"gyro","timestamp":1531636304174,"x":-0.3778533935546875,"y":-0.553314208984375,"z":0.1676025390625,"roomId":5555}
{"type":"accel","timestamp":1531636304183,"x":1.417510986328125,"y":9.466445922851562,"z":-3.072052001953125,"roomId":5555}
{"type":"gyro","timestamp":1531636304184,"x":-0.368011474609375,"y":-0.962158203125,"z":0.1768035888671875,"roomId":5555}
{"type":"accel","timestamp":1531636304193,"x":1.0202789306640625,"y":9.8858642578125,"z":-3.39837646484375,"roomId":5555}
{"type":"gyro","timestamp":1531636304195,"x":-0.3489227294921875,"y":-1.5783233642578125,"z":0.212799072265625,"roomId":5555}
{"type":"accel","timestamp":1531636304205,"x":1.203094482421875,"y":10.128753662109375,"z":-3.493560791015625,"roomId":5555}
{"type":"gyro","timestamp":1531636304206,"x":-0.264984130859375,"y":-2.355712890625,"z":0.24072265625,"roomId":5555}
{"type":"accel","timestamp":1531636304221,"x":2.174102783203125,"y":10.87109375,"z":-5.9571533203125,"roomId":5555}
{"type":"gyro","timestamp":1531636304222,"x":-0.0838165283203125,"y":-4.184600830078125,"z":0.1332855224609375,"roomId":5555}
{"type":"accel","timestamp":1531636304231,"x":3.056121826171875,"y":11.655929565429688,"z":-7.185791015625,"roomId":5555}
{"type":"gyro","timestamp":1531636304233,"x":-0.17523193359375,"y":-5.3121795654296875,"z":-0.087646484375,"roomId":5555}
{"type":"accel","timestamp":1531636304251,"x":3.9239349365234375,"y":13.256011962890625,"z":-8.492340087890625,"roomId":5555}
{"type":"gyro","timestamp":1531636304253,"x":-0.6678314208984375,"y":-7.4155731201171875,"z":-0.8378448486328125,"roomId":5555}
{"type":"accel","timestamp":1531636304263,"x":3.93133544921875,"y":13.406723022460938,"z":-8.481536865234375,"roomId":5555}
{"type":"gyro","timestamp":1531636304264,"x":-0.9339141845703125,"y":-8.10357666015625,"z":-1.1867828369140625,"roomId":5555}
{"type":"accel","timestamp":1531636304273,"x":3.851104736328125,"y":13.24542236328125,"z":-8.297088623046875,"roomId":5555}
{"type":"gyro","timestamp":1531636304274,"x":-1.1790924072265625,"y":-8.446823120117188,"z":-1.4452667236328125,"roomId":5555}
{"type":"accel","timestamp":1531636304292,"x":1.8005523681640625,"y":12.0357666015625,"z":-7.770904541015625,"roomId":5555}
{"type":"gyro","timestamp":1531636304294,"x":-1.695648193359375,"y":-8.477325439453125,"z":-1.637664794921875,"roomId":5555}
{"type":"accel","timestamp":1531636304313,"x":1.72088623046875,"y":10.411209106445312,"z":-7.2597503662109375,"roomId":5555}
{"type":"gyro","timestamp":1531636304314,"x":-2.21929931640625,"y":-8.378997802734375,"z":-1.1843109130859375,"roomId":5555}
{"type":"accel","timestamp":1531636304323,"x":2.9376983642578125,"y":9.98321533203125,"z":-6.98052978515625,"roomId":5555}
{"type":"gyro","timestamp":1531636304325,"x":-2.4471893310546875,"y":-8.424468994140625,"z":-0.947967529296875,"roomId":5555}
{"type":"accel","timestamp":1531636304335,"x":4.2274017333984375,"y":9.45294189453125,"z":-6.9383392333984375,"roomId":5555}
{"type":"gyro","timestamp":1531636304336,"x":-2.6411285400390625,"y":-8.335861206054688,"z":-0.799224853515625,"roomId":5555}
{"type":"accel","timestamp":1531636304353,"x":7.948486328125,"y":8.363739013671875,"z":-7.95843505859375,"roomId":5555}
{"type":"gyro","timestamp":1531636304355,"x":-2.972442626953125,"y":-7.9864044189453125,"z":-0.8500213623046875,"roomId":5555}
{"type":"accel","timestamp":1531636304371,"x":10.926956176757812,"y":7.4787445068359375,"z":-7.3621826171875,"roomId":5555}
{"type":"gyro","timestamp":1531636304372,"x":-3.452880859375,"y":-8.146255493164062,"z":-1.6393280029296875,"roomId":5555}
{"type":"accel","timestamp":1531636304384,"x":11.415390014648438,"y":6.74700927734375,"z":-6.0963134765625,"roomId":5555}
{"type":"gyro","timestamp":1531636304385,"x":-3.710968017578125,"y":-8.123886108398438,"z":-2.256134033203125,"roomId":5555}
{"type":"accel","timestamp":1531636304400,"x":10.334075927734375,"y":4.545196533203125,"z":-1.561065673828125,"roomId":5555}
{"type":"gyro","timestamp":1531636304400,"x":-3.8821258544921875,"y":-7.524383544921875,"z":-3.375152587890625,"roomId":5555}
{"type":"accel","timestamp":1531636304410,"x":9.505401611328125,"y":3.9321746826171875,"z":0.12774658203125,"roomId":5555}
{"type":"gyro","timestamp":1531636304411,"x":-3.628692626953125,"y":-6.9167022705078125,"z":-3.7826080322265625,"roomId":5555}
{"type":"gyro","timestamp":1531636304420,"x":-3.1455078125,"y":-6.331634521484375,"z":-4.1765899658203125,"roomId":5555}
{"type":"accel","timestamp":1531636304430,"x":5.33551025390625,"y":3.711761474609375,"z":1.12274169921875,"roomId":5555}
{"type":"gyro","timestamp":1531636304431,"x":-2.5135498046875,"y":-5.9092864990234375,"z":-4.5567474365234375,"roomId":5555}
{"type":"accel","timestamp":1531636304442,"x":1.6243896484375,"y":3.446075439453125,"z":1.062530517578125,"roomId":5555}
{"type":"gyro","timestamp":1531636304444,"x":-1.810546875,"y":-5.580963134765625,"z":-4.784210205078125,