{"type":"gyro","timestamp":1531636282104,"x":0.13677978515625,"y":-0.1036376953125,"z":0.0587615966796875,"roomId":5555}
{"type":"accel","timestamp":1531636282112,"x":6.6265106201171875,"y":5.6368408203125,"z":1.5578765869140625,"roomId":5555}
{"type":"accel","timestamp":1531636282122,"x":6.8606414794921875,"y":5.48846435546875,"z":1.40264892578125,"roomId":5555}
{"type":"gyro","timestamp":1531636282124,"x":0.1413421630859375,"y":-0.047760009765625,"z":0.0205841064453125,"roomId":5555}
{"type":"accel","timestamp":1531636282133,"x":6.8831024169921875,"y":5.504669189453125,"z":1.140411376953125,"roomId":5555}
{"type":"gyro","timestamp":1531636282135,"x":0.0877838134765625,"y":-0.0639801025390625,"z":-0.0023040771484375,"roomId":5555}
{"type":"accel","timestamp":1531636282143,"x":6.7968902587890625,"y":5.52166748046875,"z":1.076995849609375,"roomId":5555}
{"type":"gyro","timestamp":1531636282151,"x":-0.0584716796875,"y":-0.1113128662109375,"z":-0.0276641845703125,"roomId":5555}
{"type":"accel","timestamp":1531636282161,"x":6.61517333984375,"y":5.5695648193359375,"z":1.3999481201171875,"roomId":5555}
{"type":"gyro","timestamp":1531636282161,"x":-0.0893402099609375,"y":-0.09112548828125,"z":-0.030975341796875,"roomId":5555}
{"type":"accel","timestamp":1531636282171,"x":6.5800628662109375,"y":5.545928955078125,"z":1.7380218505859375,"roomId":5555}
{"type":"gyro","timestamp":1531636282171,"x":-0.0928955078125,"y":-0.0269317626953125,"z":-0.022125244140625,"roomId":5555}
{"type":"accel","timestamp":1531636282181,"x":6.5253143310546875,"y":5.492645263671875,"z":2.0083160400390625,"roomId":5555}
{"type":"gyro","timestamp":1531636282182,"x":-0.0800018310546875,"y":0.07720947265625,"z":0.002166748046875,"roomId":5555}
{"type":"accel","timestamp":1531636282191,"x":6.2872772216796875,"y":5.5296173095703125,"z":2.0691375732421875,"roomId":5555}
{"type":"gyro","timestamp":1531636282193,"x":-0.0533447265625,"y":0.199615478515625,"z":0.039337158203125,"roomId":5555}
{"type":"accel","timestamp":1531636282201,"x":5.9740142822265625,"y":5.63653564453125,"z":2.0597076416015625,"roomId":5555}
{"type":"accel","timestamp":1531636282212,"x":5.9711151123046875,"y":5.704986572265625,"z":1.9558563232421875,"roomId":5555}
{"type":"gyro","timestamp":1531636282213,"x":0.0243682861328125,"y":0.3690032958984375,"z":0.14459228515625,"roomId":5555}
{"type":"accel","timestamp":1531636282232,"x":5.7609100341796875,"y":5.7952117919921875,"z":1.389312744140625,"roomId":5555}
{"type":"gyro","timestamp":1531636282234,"x":0.064483642578125,"y":0.3459930419921875,"z":0.1615142822265625,"roomId":5555}
{"type":"accel","timestamp":1531636282251,"x":5.4153900146484375,"y":6.0625,"z":0.779754638671875,"roomId":5555}
{"type":"gyro","timestamp":1531636282252,"x":0.0792083740234375,"y":0.2169189453125,"z":0.138580322265625,"roomId":5555}
{"type":"accel","timestamp":1531636282261,"x":4.9857940673828125,"y":6.1310882568359375,"z":0.98150634765625,"roomId":5555}
{"type":"gyro","timestamp":1531636282262,"x":0.103271484375,"y":0.116363525390625,"z":0.1250152587890625,"roomId":5555}
{"type":"accel","timestamp":1531636282271,"x":4.6728363037109375,"y":6.270843505859375,"z":1.11065673828125,"roomId":5555}
{"type":"gyro","timestamp":1531636282273,"x":0.153839111328125,"y":0.0396270751953125,"z":0.11322021484375,"roomId":5555}
{"type":"accel","timestamp":1531636282281,"x":4.360382080078125,"y":6.4798126220703125,"z":0.999176025390625,"roomId":5555}
{"type":"gyro","timestamp":1531636282283,"x":0.230682373046875,"y":0.0036468505859375,"z":0.11175537109375,"roomId":5555}
{"type":"accel","timestamp":1531636282300,"x":3.5572509765625,"y":7.108428955078125,"z":0.1196136474609375,"roomId":5555}
{"type":"gyro","timestamp":1531636282301,"x":0.3932342529296875,"y":0.0063323974609375,"z":0.1644287109375,"roomId":5555}
{"type":"accel","timestamp":1531636282310,"x":3.1516571044921875,"y":7.805694580078125,"z":-0.531829833984375,"roomId":5555}
{"type":"gyro","timestamp":1531636282312,"x":0.4624481201171875,"y":-0.08416748046875,"z":0.1700592041015625,"roomId":5555}
{"type":"accel","timestamp":1531636282320,"x":2.8898773193359375,"y":8.8187255859375,"z":-1.527313232421875,"roomId":5555}
{"type":"gyro","timestamp":1531636282323,"x":0.527252197265625,"y":-0.3199005126953125,"z":0.1283721923828125,"roomId":5555}
{"type":"accel","timestamp":1531636282331,"x":2.8078155517578125,"y":10.166549682617188,"z":-3.0086822509765625,"roomId":5555}
{"type":"gyro","timestamp":1531636282332,"x":0.58673095703125,"y":-0.7945098876953125,"z":0.027374267578125,"roomId":5555}
{"type":"accel","timestamp":1531636282341,"x":2.8865203857421875,"y":11.608627319335938,"z":-4.5809783935546875,"roomId":5555}
{"type":"gyro","timestamp":1531636282342,"x":0.6109771728515625,"y":-1.4821014404296875,"z":-0.1496734619140625,"roomId":5555}
{"type":"accel","timestamp":1531636282359,"x":2.3350372314453125,"y":13.718719482421875,"z":-6.8333740234375,"roomId":5555}
{"type":"gyro","timestamp":1531636282360,"x":0.3492584228515625,"y":-3.0348052978515625,"z":-0.690338134765625,"roomId":5555}
{"type":"accel","timestamp":1531636282370,"x":1.27032470703125,"y":14.34014892578125,"z":-6.846923828125,"roomId":5555}
{"type":"gyro","timestamp":1531636282371,"x":0.0765228271484375,"y":-3.755035400390625,"z":-0.9036712646484375,"roomId":5555}
{"type":"accel","timestamp":1531636282380,"x":0.47943115234375,"y":14.719818115234375,"z":-6.754730224609375,"roomId":5555}
{"type":"gyro","timestamp":1531636282381,"x":-0.2087554931640625,"y":-4.38922119140625,"z":-1.0066375732421875,"roomId":5555}
{"type":"accel","timestamp":1531636282399,"x":0.96673583984375,"y":15.968902587890625,"z":-7.8695220947265625,"roomId":5555}
{"type":"gyro","timestamp":1531636282401,"x":-0.7829742431640625,"y":-5.507354736328125,"z":-1.04083251953125,"roomId":5555}
{"type":"accel","timestamp":1531636282410,"x":1.2905120849609375,"y":16.667739868164062,"z":-8.524154663085938,"roomId":5555}
{"type":"gyro","timestamp":1531636282411,"x":-1.12286376953125,"y":-6.09869384765625,"z":-1.112152099609375,"roomId":5555}
{"type":"accel","timestamp":1531636282430,"x":3.98529052734375,"y":16.37554931640625,"z":-9.226211547851562,"roomId":5555}
{"type":"gyro","timestamp":1531636282431,"x":-2.0566558837890625,"y":-7.58966064453125,"z":-1.4888763427734375,"roomId":5555}
{"type":"accel","timestamp":1531636282440,"x":5.9829864501953125,"y":16.009780883789062,"z":-8.461761474609375,"roomId":5555}
{"type":"gyro","timestamp":1531636282441,"x":-2.64935302734375,"y":-8.707138061523438,"z":-1.90655517578125,"roomId":5555}
{"type":"accel","timestamp":1531636282459,"x":8.567840576171875,"y":14.565093994140625,"z":-5.3741302490234375,"roomId":5555}
{"type":"gyro","timestamp":1531636282460,"x":-3.655609130859375,"y":-11.111297607421875,"z":-3.08233642578125,"roomId":5555}
{"type":"accel","timestamp":1531636282478,"x":10.412139892578125,"y":11.8587646484375,"z":-1.941619873046875,"roomId":5555}
{"type":"gyro","timestamp":1531636282478,"x":-4.1886749267578125,"y":-12.130783081054688,"z":-4.25177001953125,"roomId":5555}
{"type":"accel","timestamp":1531636282490,"x":10.412307739257812,"y":9.7716064453125,"z":-1.02728271484375,"roomId":5555}
{"type":"gyro","timestamp":1531636282491,"x":-4.323394775390625,"y":-11.812576293945312,"z":-4.726898193359375,"roomId":5555}
{"type":"accel","timestamp":1531636282508,"x":10.984786987304688,"y":4.144195556640625,"z":1.0964813232421875,"roomId":5555}
{"type":"gyro","timestamp":1531636282509,"x":-4.4398345947265625,"y":-10.268402099609375,"z":-5.45269775390625,"roomId":5555}
{"type":"accel","timestamp":1531636282519,"x":10.354827880859375,"y":1.50958251953125,"z":3.83197021484375,"roomId":5555}
{"type":"gyro","timestamp":1531636282520,"x":-4.2273406982421875,"y":-9.196853637695312,"z":-5.844390869140625,"roomId":5555}
{"type":"accel","timestamp":1531636282529,"x":7.840850830078125,"y":-0.5936126708984375,"z":6.06317138671875,"roomId":5555}
{"type":"gyro","timestamp":1531636282531,"x":-3.657958984375,