{"type":"gyro","timestamp":1531636284517,"x":-0.166656494140625,"y":0.00323486328125,"z":0.0288543701171875,"roomId":5555}
{"type":"accel","timestamp":1531636284536,"x":7.634979248046875,"y":4.7991943359375,"z":1.3314056396484375,"roomId":5555}
{"type":"gyro","timestamp":1531636284537,"x":-0.1354522705078125,"y":-0.151519775390625,"z":-0.048583984375,"roomId":5555}
{"type":"accel","timestamp":1531636284546,"x":7.5489654541015625,"y":4.8619384765625,"z":1.3537139892578125,"roomId":5555}
{"type":"gyro","timestamp":1531636284547,"x":-0.1259002685546875,"y":-0.1919708251953125,"z":-0.05889892578125,"roomId":5555}
{"type":"accel","timestamp":1531636284557,"x":7.5152130126953125,"y":4.9651336669921875,"z":1.395965576171875,"roomId":5555}
{"type":"gyro","timestamp":1531636284559,"x":-0.10870361328125,"y":-0.196502685546875,"z":-0.0556488037109375,"roomId":5555}
{"type":"accel","timestamp":1531636284575,"x":7.5428314208984375,"y":5.099029541015625,"z":1.1268310546875,"roomId":5555}
{"type":"gyro","timestamp":1531636284577,"x":-0.0758514404296875,"y":-0.046051025390625,"z":-0.0279998779296875,"roomId":5555}
{"type":"accel","timestamp":1531636284585,"x":7.39202880859375,"y":5.1787261962890625,"z":1.04412841796875,"roomId":5555}
{"type":"accel","timestamp":1531636284595,"x":7.266326904296875,"y":5.2608642578125,"z":0.9529266357421875,"roomId":5555}
{"type":"gyro","timestamp":1531636284596,"x":-0.039276123046875,"y":0.2106781005859375,"z":0.0410003662109375,"roomId":5555}
{"type":"accel","timestamp":1531636284605,"x":7.18499755859375,"y":5.4145660400390625,"z":0.7743988037109375,"roomId":5555}
{"type":"gyro","timestamp":1531636284606,"x":0.0160064697265625,"y":0.289306640625,"z":0.061370849609375,"roomId":5555}
{"type":"accel","timestamp":1531636284615,"x":7.121612548828125,"y":5.7223663330078125,"z":0.53668212890625,"roomId":5555}
{"type":"gyro","timestamp":1531636284616,"x":0.09039306640625,"y":0.279541015625,"z":0.0551300048828125,"roomId":5555}
{"type":"accel","timestamp":1531636284625,"x":7.1864166259765625,"y":6.1547698974609375,"z":0.233978271484375,"roomId":5555}
{"type":"accel","timestamp":1531636284637,"x":7.2419891357421875,"y":6.692413330078125,"z":-0.2142486572265625,"roomId":5555}
{"type":"gyro","timestamp":1531636284639,"x":0.280517578125,"y":0.0151519775390625,"z":-0.06298828125,"roomId":5555}
{"type":"accel","timestamp":1531636284654,"x":6.8315887451171875,"y":8.3458251953125,"z":-1.56805419921875,"roomId":5555}
{"type":"gyro","timestamp":1531636284656,"x":0.4896392822265625,"y":-0.540924072265625,"z":-0.28497314453125,"roomId":5555}
{"type":"accel","timestamp":1531636284664,"x":6.4000701904296875,"y":9.112442016601562,"z":-2.2180328369140625,"roomId":5555}
{"type":"gyro","timestamp":1531636284666,"x":0.6280059814453125,"y":-1.035980224609375,"z":-0.39581298828125,"roomId":5555}
{"type":"accel","timestamp":1531636284676,"x":6.178497314453125,"y":9.837738037109375,"z":-3.3475799560546875,"roomId":5555}
{"type":"gyro","timestamp":1531636284677,"x":0.82183837890625,"y":-1.776214599609375,"z":-0.52777099609375,"roomId":5555}
{"type":"accel","timestamp":1531636284694,"x":4.2274627685546875,"y":12.362258911132812,"z":-6.6982269287109375,"roomId":5555}
{"type":"gyro","timestamp":1531636284696,"x":1.073028564453125,"y":-3.9145965576171875,"z":-0.969818115234375,"roomId":5555}
{"type":"accel","timestamp":1531636284705,"x":2.9249420166015625,"y":13.326431274414062,"z":-8.008041381835938,"roomId":5555}
{"type":"gyro","timestamp":1531636284706,"x":0.9979095458984375,"y":-5.042755126953125,"z":-1.1944427490234375,"roomId":5555}
{"type":"accel","timestamp":1531636284723,"x":2.923736572265625,"y":14.481948852539062,"z":-9.898345947265625,"roomId":5555}
{"type":"gyro","timestamp":1531636284724,"x":0.5889129638671875,"y":-7.0391845703125,"z":-1.61639404296875,"roomId":5555}
{"type":"accel","timestamp":1531636284734,"x":3.3320159912109375,"y":15.075790405273438,"z":-10.61492919921875,"roomId":5555}
{"type":"gyro","timestamp":1531636284736,"x":0.3193511962890625,"y":-7.9132537841796875,"z":-1.88671875,"roomId":5555}
{"type":"accel","timestamp":1531636284744,"x":3.7657928466796875,"y":15.800628662109375,"z":-11.519607543945312,"roomId":5555}
{"type":"accel","timestamp":1531636284755,"x":3.8659210205078125,"y":16.473129272460938,"z":-12.242538452148438,"roomId":5555}
{"type":"gyro","timestamp":1531636284756,"x":-0.4185943603515625,"y":-9.461532592773438,"z":-2.54803466796875,"roomId":5555}
{"type":"accel","timestamp":1531636284774,"x":2.464508056640625,"y":16.334365844726562,"z":-11.444793701171875,"roomId":5555}
{"type":"gyro","timestamp":1531636284775,"x":-1.508697509765625,"y":-10.405715942382812,"z":-3.1230010986328125,"roomId":5555}
{"type":"accel","timestamp":1531636284784,"x":1.4851531982421875,"y":15.603912353515625,"z":-10.546463012695312,"roomId":5555}
{"type":"gyro","timestamp":1531636284785,"x":-2.0609283447265625,"y":-10.563430786132812,"z":-3.264068603515625,"roomId":5555}
{"type":"accel","timestamp":1531636284794,"x":0.04632568359375,"y":14.625015258789062,"z":-9.498184204101562,"roomId":5555}
{"type":"gyro","timestamp":1531636284797,"x":-2.5656280517578125,"y":-10.600555419921875,"z":-3.301971435546875,"roomId":5555}
{"type":"accel","timestamp":1531636284804,"x":-0.9531097412109375,"y":13.266387939453125,"z":-8.410430908203125,"roomId":5555}
{"type":"gyro","timestamp":1531636284813,"x":-3.4554595947265625,"y":-10.5234375,"z":-3.067840576171875,"roomId":5555}
{"type":"accel","timestamp":1531636284823,"x":-0.9796600341796875,"y":9.954071044921875,"z":-5.091400146484375,"roomId":5555}
{"type":"gyro","timestamp":1531636284824,"x":-3.850982666015625,"y":-10.203628540039062,"z":-2.9129791259765625,"roomId":5555}
{"type":"accel","timestamp":1531636284833,"x":-0.528411865234375,"y":7.6445770263671875,"z":-3.7958984375,"roomId":5555}
{"type":"gyro","timestamp":1531636284834,"x":-4.1841888427734375,"y":-9.699722290039062,"z":-2.68707275390625,"roomId":5555}
{"type":"accel","timestamp":1531636284843,"x":0.6541748046875,"y":5.07623291015625,"z":-2.9474029541015625,"roomId":5555}
{"type":"gyro","timestamp":1531636284852,"x":-4.5093231201171875,"y":-8.382095336914062,"z":-2.2409210205078125,"roomId":5555}
{"type":"accel","timestamp":1531636284862,"x":4.7365875244140625,"y":1.3299407958984375,"z":-0.84686279296875,"roomId":5555}
{"type":"gyro","timestamp":1531636284864,"x":-4.4088592529296875,"y":-7.804443359375,"z":-2.19317626953125,"roomId":5555}
{"type":"accel","timestamp":1531636284873,"x":6.9655303955078125,"y":0.279693603515625,"z":1.048553466796875,"roomId":5555}
{"type":"gyro","timestamp":1531636284874,"x":-4.0438995361328125,"y":-7.2366180419921875,"z":-2.2913055419921875,"roomId":5555}
{"type":"accel","timestamp":1531636284883,"x":7.5746917724609375,"y":-0.524383544921875,"z":2.7902679443359375,"roomId":5555}
{"type":"gyro","timestamp":1531636284884,"x":-3.3839111328125,"y":-6.4394989013671875,"z":-2.51300048828125,"roomId":5555}
{"type":"accel","timestamp":1531636284902,"x":1.77728271484375,"y":-1.292510986328125,"z":4.6217498779296875,"roomId":5555}
{"type":"gyro","timestamp":1531636284903,"x":-1.3344573974609375,"y":-4.14495849609375,"z":-2.8784637451171875,"roomId":5555}
{"type":"accel","timestamp":1531636284912,"x":-3.3877105712890625,"y":-0.791290283203125,"z":3.1746063232421875,"roomId":5555}
{"type":"gyro","timestamp":1531636284913,"x":0.00494384765625,"y":-3.3322601318359375,"z":-2.70159912109375,"roomId":5555}
{"type":"accel","timestamp":1531636284922,"x":-7.383056640625,"y":-0.3101348876953125,"z":-0.5340423583984375,"roomId":5555}
{"type":"gyro","timestamp":1531636284923,"x":1.460418701171875,"y":-3.1516571044921875,"z":-2.11767578125,"roomId":5555}
{"type":"accel","timestamp":1531636284932,"x":-8.7364501953125,"y":-0.90301513671875,"z":-6.86102294921875,"roomId":5555}
{"type":"gyro","timestamp":1531636284933,"x":2.781951904296875,"y":-3.3126678466796875,"z":-1.1430206298828125,"roomId":5555}
{"type":"accel","timestamp":1531636284942,