{"type":"accel","timestamp":1531636301699,"x":3.070587158203125,"y":8.276687622070312,"z":-2.801300048828125,"roomId":5555}
{"type":"gyro","timestamp":1531636301700,"x":0.091949462890625,"y":0.365936279296875,"z":0.098297119140625,"roomId":5555}
{"type":"accel","timestamp":1531636301709,"x":3.550079345703125,"y":8.623382568359375,"z":-3.9444732666015625,"roomId":5555}
{"type":"gyro","timestamp":1531636301710,"x":0.0346832275390625,"y":0.283355712890625,"z":0.065216064453125,"roomId":5555}
{"type":"accel","timestamp":1531636301719,"x":3.6760101318359375,"y":8.98480224609375,"z":-4.00128173828125,"roomId":5555}
{"type":"gyro","timestamp":1531636301720,"x":-0.1460418701171875,"y":0.264739990234375,"z":-0.004608154296875,"roomId":5555}
{"type":"accel","timestamp":1531636301729,"x":3.525543212890625,"y":8.48516845703125,"z":-1.8314208984375,"roomId":5555}
{"type":"gyro","timestamp":1531636301730,"x":-0.25787353515625,"y":0.2335662841796875,"z":-0.05621337890625,"roomId":5555}
{"type":"accel","timestamp":1531636301748,"x":3.476593017578125,"y":7.5719757080078125,"z":-1.311431884765625,"roomId":5555}
{"type":"gyro","timestamp":1531636301749,"x":-0.0146331787109375,"y":0.0929718017578125,"z":-0.0515289306640625,"roomId":5555}
{"type":"accel","timestamp":1531636301759,"x":3.3787689208984375,"y":7.6151580810546875,"z":-1.603240966796875,"roomId":5555}
{"type":"gyro","timestamp":1531636301760,"x":0.015106201171875,"y":0.0914154052734375,"z":0.006256103515625,"roomId":5555}
{"type":"accel","timestamp":1531636301778,"x":3.2079010009765625,"y":7.503631591796875,"z":-1.782318115234375,"roomId":5555}
{"type":"gyro","timestamp":1531636301780,"x":-0.01806640625,"y":0.1463165283203125,"z":0.1790771484375,"roomId":5555}
{"type":"accel","timestamp":1531636301789,"x":3.0587615966796875,"y":7.453399658203125,"z":-1.8036651611328125,"roomId":5555}
{"type":"gyro","timestamp":1531636301789,"x":-0.0296478271484375,"y":0.162841796875,"z":0.253509521484375,"roomId":5555}
{"type":"accel","timestamp":1531636301809,"x":3.0229034423828125,"y":7.65155029296875,"z":-2.0716705322265625,"roomId":5555}
{"type":"gyro","timestamp":1531636301811,"x":-0.07232666015625,"y":0.071807861328125,"z":0.2898101806640625,"roomId":5555}
{"type":"accel","timestamp":1531636301829,"x":2.1020050048828125,"y":7.5662384033203125,"z":-1.9973297119140625,"roomId":5555}
{"type":"gyro","timestamp":1531636301830,"x":-0.1161346435546875,"y":-0.19830322265625,"z":0.17620849609375,"roomId":5555}
{"type":"accel","timestamp":1531636301839,"x":1.494873046875,"y":7.5859527587890625,"z":-1.9461669921875,"roomId":5555}
{"type":"gyro","timestamp":1531636301840,"x":-0.0789794921875,"y":-0.4203033447265625,"z":0.1302947998046875,"roomId":5555}
{"type":"accel","timestamp":1531636301850,"x":0.969757080078125,"y":7.8073272705078125,"z":-1.934844970703125,"roomId":5555}
{"type":"gyro","timestamp":1531636301851,"x":0.0171356201171875,"y":-0.6949615478515625,"z":0.10931396484375,"roomId":5555}
{"type":"accel","timestamp":1531636301868,"x":-0.1619873046875,"y":8.392959594726562,"z":-2.7234344482421875,"roomId":5555}
{"type":"gyro","timestamp":1531636301870,"x":0.3439483642578125,"y":-1.145904541015625,"z":0.1663360595703125,"roomId":5555}
{"type":"accel","timestamp":1531636301887,"x":-1.0076751708984375,"y":8.62005615234375,"z":-5.1605987548828125,"roomId":5555}
{"type":"gyro","timestamp":1531636301889,"x":0.58795166015625,"y":-1.464263916015625,"z":0.36077880859375,"roomId":5555}
{"type":"accel","timestamp":1531636301897,"x":-1.53668212890625,"y":8.920501708984375,"z":-6.5774078369140625,"roomId":5555}
{"type":"gyro","timestamp":1531636301906,"x":0.4019622802734375,"y":-1.9225311279296875,"z":0.604736328125,"roomId":5555}
{"type":"accel","timestamp":1531636301917,"x":-2.239532470703125,"y":9.87164306640625,"z":-7.970916748046875,"roomId":5555}
{"type":"gyro","timestamp":1531636301917,"x":0.184356689453125,"y":-2.2547607421875,"z":0.6822052001953125,"roomId":5555}
{"type":"accel","timestamp":1531636301927,"x":-2.456268310546875,"y":10.131149291992188,"z":-7.5005645751953125,"roomId":5555}
{"type":"gyro","timestamp":1531636301929,"x":-0.0292816162109375,"y":-2.6324462890625,"z":0.6920013427734375,"roomId":5555}
{"type":"accel","timestamp":1531636301937,"x":-3.0770721435546875,"y":10.122451782226562,"z":-6.5723419189453125,"roomId":5555}
{"type":"gyro","timestamp":1531636301938,"x":-0.1653900146484375,"y":-3.024322509765625,"z":0.6483154296875,"roomId":5555}
{"type":"accel","timestamp":1531636301948,"x":-3.863525390625,"y":10.010971069335938,"z":-5.563232421875,"roomId":5555}
{"type":"gyro","timestamp":1531636301949,"x":-0.1891632080078125,"y":-3.4056854248046875,"z":0.609222412109375,"roomId":5555}
{"type":"accel","timestamp":1531636301958,"x":-4.5453338623046875,"y":9.787933349609375,"z":-4.3827667236328125,"roomId":5555}
{"type":"gyro","timestamp":1531636301959,"x":-0.101226806640625,"y":-3.711212158203125,"z":0.642578125,"roomId":5555}
{"type":"accel","timestamp":1531636301977,"x":-3.739166259765625,"y":8.46600341796875,"z":-5.26373291015625,"roomId":5555}
{"type":"gyro","timestamp":1531636301978,"x":0.294097900390625,"y":-3.8943634033203125,"z":1.0774078369140625,"roomId":5555}
{"type":"accel","timestamp":1531636301989,"x":-2.46563720703125,"y":8.9066162109375,"z":-7.2146453857421875,"roomId":5555}
{"type":"gyro","timestamp":1531636301990,"x":0.3754425048828125,"y":-3.95654296875,"z":1.354461669921875,"roomId":5555}
{"type":"accel","timestamp":1531636302000,"x":-1.5412445068359375,"y":9.832626342773438,"z":-8.76971435546875,"roomId":5555}
{"type":"gyro","timestamp":1531636302003,"x":0.2171783447265625,"y":-4.025115966796875,"z":1.5317840576171875,"roomId":5555}
{"type":"accel","timestamp":1531636302017,"x":-0.4294891357421875,"y":10.24530029296875,"z":-10.808273315429688,"roomId":5555}
{"type":"gyro","timestamp":1531636302018,"x":-0.785675048828125,"y":-4.158599853515625,"z":1.622161865234375,"roomId":5555}
{"type":"accel","timestamp":1531636302027,"x":0.413299560546875,"y":9.79449462890625,"z":-10.893417358398438,"roomId":5555}
{"type":"gyro","timestamp":1531636302028,"x":-1.44232177734375,"y":-4.3741455078125,"z":1.596038818359375,"roomId":5555}
{"type":"accel","timestamp":1531636302046,"x":3.64990234375,"y":7.58966064453125,"z":-9.683334350585938,"roomId":5555}
{"type":"gyro","timestamp":1531636302047,"x":-2.6331024169921875,"y":-5.253662109375,"z":1.4273834228515625,"roomId":5555}
{"type":"accel","timestamp":1531636302057,"x":5.716705322265625,"y":6.39111328125,"z":-8.788467407226562,"roomId":5555}
{"type":"gyro","timestamp":1531636302058,"x":-3.07501220703125,"y":-6.0042724609375,"z":1.2001800537109375,"roomId":5555}
{"type":"accel","timestamp":1531636302067,"x":8.3978271484375,"y":5.49322509765625,"z":-7.6529388427734375,"roomId":5555}
{"type":"gyro","timestamp":1531636302069,"x":-3.360992431640625,"y":-6.897857666015625,"z":0.7811126708984375,"roomId":5555}
{"type":"accel","timestamp":1531636302077,"x":11.747955322265625,"y":5.00592041015625,"z":-6.1600799560546875,"roomId":5555}
{"type":"gyro","timestamp":1531636302086,"x":-3.3540496826171875,"y":-8.775985717773438,"z":-0.7287139892578125,"roomId":5555}
{"type":"accel","timestamp":1531636302096,"x":17.190414428710938,"y":4.9294891357421875,"z":-4.0222930908203125,"roomId":5555}
{"type":"gyro","timestamp":1531636302097,"x":-3.068450927734375,"y":-9.321197509765625,"z":-1.7111053466796875,"roomId":5555}
{"type":"accel","timestamp":1531636302106,"x":16.253036499023438,"y":4.989013671875,"z":-4.697418212890625,"roomId":5555}
{"type":"accel","timestamp":1531636302116,"x":12.383224487304688,"y":4.553924560546875,"z":-6.0352935791015625,"roomId":5555}
{"type":"gyro","timestamp":1531636302118,"x":-2.4006195068359375,"y":-8.620407104492188,"z":-3.1793975830078125,"roomId":5555}
{"type":"accel","timestamp":1531636302136,"x":7.2102508544921875,"y":3.465057373046875,"z":-7.025421142578125,"roomId":5555}
{"type":"gyro","timestamp":1531636302138,"x":-1.6903839111328125,