{"type":"gyro","timestamp":1531636299445,"x":0.0569915771484375,"y":0.21746826171875,"z":0.004425048828125,"roomId":5555}
{"type":"accel","timestamp":1531636299456,"x":6.6108551025390625,"y":5.1409149169921875,"z":1.068389892578125,"roomId":5555}
{"type":"gyro","timestamp":1531636299457,"x":0.025848388671875,"y":0.228546142578125,"z":0.0286865234375,"roomId":5555}
{"type":"accel","timestamp":1531636299475,"x":6.64605712890625,"y":5.2425689697265625,"z":1.22454833984375,"roomId":5555}
{"type":"gyro","timestamp":1531636299477,"x":-0.18560791015625,"y":-0.0124359130859375,"z":-0.0561065673828125,"roomId":5555}
{"type":"accel","timestamp":1531636299486,"x":6.65283203125,"y":5.1014862060546875,"z":1.7032012939453125,"roomId":5555}
{"type":"gyro","timestamp":1531636299487,"x":-0.2569122314453125,"y":-0.11383056640625,"z":-0.1222381591796875,"roomId":5555}
{"type":"accel","timestamp":1531636299496,"x":6.3618927001953125,"y":4.9488677978515625,"z":1.8917999267578125,"roomId":5555}
{"type":"gyro","timestamp":1531636299498,"x":-0.2935791015625,"y":-0.1446075439453125,"z":-0.16552734375,"roomId":5555}
{"type":"accel","timestamp":1531636299512,"x":5.9423065185546875,"y":5.1382293701171875,"z":1.6420440673828125,"roomId":5555}
{"type":"gyro","timestamp":1531636299513,"x":-0.348602294921875,"y":-0.1279296875,"z":-0.1211700439453125,"roomId":5555}
{"type":"accel","timestamp":1531636299523,"x":5.864501953125,"y":5.2901763916015625,"z":1.6262054443359375,"roomId":5555}
{"type":"gyro","timestamp":1531636299525,"x":-0.3672027587890625,"y":-0.14337158203125,"z":-0.0753631591796875,"roomId":5555}
{"type":"accel","timestamp":1531636299533,"x":5.860870361328125,"y":5.4873199462890625,"z":1.4848480224609375,"roomId":5555}
{"type":"gyro","timestamp":1531636299534,"x":-0.3734130859375,"y":-0.1635589599609375,"z":-0.035980224609375,"roomId":5555}
{"type":"accel","timestamp":1531636299543,"x":5.782684326171875,"y":5.786651611328125,"z":1.3297271728515625,"roomId":5555}
{"type":"gyro","timestamp":1531636299544,"x":-0.3723602294921875,"y":-0.1941375732421875,"z":-0.0130157470703125,"roomId":5555}
{"type":"accel","timestamp":1531636299553,"x":5.520904541015625,"y":6.0494537353515625,"z":1.161285400390625,"roomId":5555}
{"type":"gyro","timestamp":1531636299554,"x":-0.3552398681640625,"y":-0.2266387939453125,"z":0.006134033203125,"roomId":5555}
{"type":"accel","timestamp":1531636299564,"x":5.375457763671875,"y":6.361572265625,"z":0.82183837890625,"roomId":5555}
{"type":"gyro","timestamp":1531636299565,"x":-0.3204193115234375,"y":-0.2892913818359375,"z":0.031951904296875,"roomId":5555}
{"type":"accel","timestamp":1531636299574,"x":5.5672760009765625,"y":6.7934722900390625,"z":0.367462158203125,"roomId":5555}
{"type":"accel","timestamp":1531636299585,"x":5.7579193115234375,"y":7.29766845703125,"z":-0.06439208984375,"roomId":5555}
{"type":"gyro","timestamp":1531636299588,"x":-0.24566650390625,"y":-0.59716796875,"z":0.0303802490234375,"roomId":5555}
{"type":"accel","timestamp":1531636299604,"x":5.130645751953125,"y":8.494338989257812,"z":-1.378173828125,"roomId":5555}
{"type":"gyro","timestamp":1531636299605,"x":-0.288299560546875,"y":-1.2668914794921875,"z":-0.0504608154296875,"roomId":5555}
{"type":"accel","timestamp":1531636299623,"x":5.6087646484375,"y":10.27081298828125,"z":-4.756866455078125,"roomId":5555}
{"type":"gyro","timestamp":1531636299624,"x":-0.6979217529296875,"y":-2.8717193603515625,"z":-0.225799560546875,"roomId":5555}
{"type":"accel","timestamp":1531636299634,"x":6.958709716796875,"y":10.826400756835938,"z":-5.30230712890625,"roomId":5555}
{"type":"gyro","timestamp":1531636299635,"x":-1.0474853515625,"y":-4.2183380126953125,"z":-0.5228271484375,"roomId":5555}
{"type":"accel","timestamp":1531636299644,"x":9.002426147460938,"y":11.125579833984375,"z":-5.106475830078125,"roomId":5555}
{"type":"accel","timestamp":1531636299655,"x":11.193954467773438,"y":11.167037963867188,"z":-4.6106414794921875,"roomId":5555}
{"type":"gyro","timestamp":1531636299656,"x":-1.6980438232421875,"y":-7.077606201171875,"z":-1.6871337890625,"roomId":5555}
{"type":"accel","timestamp":1531636299674,"x":11.8846435546875,"y":10.98199462890625,"z":-2.6004486083984375,"roomId":5555}
{"type":"gyro","timestamp":1531636299676,"x":-2.1026611328125,"y":-8.846771240234375,"z":-3.3253021240234375,"roomId":5555}
{"type":"accel","timestamp":1531636299684,"x":9.597793579101562,"y":10.815536499023438,"z":-1.811553955078125,"roomId":5555}
{"type":"gyro","timestamp":1531636299687,"x":-2.1652069091796875,"y":-9.04327392578125,"z":-3.98797607421875,"roomId":5555}
{"type":"accel","timestamp":1531636299703,"x":4.074554443359375,"y":9.825180053710938,"z":-1.96453857421875,"roomId":5555}
{"type":"gyro","timestamp":1531636299704,"x":-2.2123260498046875,"y":-8.133544921875,"z":-4.35107421875,"roomId":5555}
{"type":"accel","timestamp":1531636299722,"x":2.8116455078125,"y":8.630538940429688,"z":-1.6890411376953125,"roomId":5555}
{"type":"gyro","timestamp":1531636299723,"x":-2.5112762451171875,"y":-7.4915924072265625,"z":-4.0298309326171875,"roomId":5555}
{"type":"accel","timestamp":1531636299733,"x":3.0531005859375,"y":8.579116821289062,"z":-1.4014892578125,"roomId":5555}
{"type":"gyro","timestamp":1531636299734,"x":-2.709228515625,"y":-7.43975830078125,"z":-3.98443603515625,"roomId":5555}
{"type":"accel","timestamp":1531636299743,"x":3.4967803955078125,"y":8.766708374023438,"z":-0.6585540771484375,"roomId":5555}
{"type":"gyro","timestamp":1531636299744,"x":-2.86016845703125,"y":-7.4561309814453125,"z":-4.07513427734375,"roomId":5555}
{"type":"accel","timestamp":1531636299762,"x":1.95361328125,"y":8.701934814453125,"z":1.0189056396484375,"roomId":5555}
{"type":"gyro","timestamp":1531636299763,"x":-2.7949371337890625,"y":-7.10186767578125,"z":-4.29498291015625,"roomId":5555}
{"type":"accel","timestamp":1531636299781,"x":-0.53521728515625,"y":6.977020263671875,"z":0.4454498291015625,"roomId":5555}
{"type":"gyro","timestamp":1531636299782,"x":-2.41107177734375,"y":-5.8194732666015625,"z":-3.6331329345703125,"roomId":5555}
{"type":"accel","timestamp":1531636299793,"x":0.345123291015625,"y":6.3459014892578125,"z":-0.2746429443359375,"roomId":5555}
{"type":"gyro","timestamp":1531636299794,"x":-2.234771728515625,"y":-5.3014984130859375,"z":-3.1207733154296875,"roomId":5555}
{"type":"accel","timestamp":1531636299803,"x":2.6022186279296875,"y":6.561370849609375,"z":-0.57891845703125,"roomId":5555}
{"type":"gyro","timestamp":1531636299812,"x":-1.886566162109375,"y":-5.1886444091796875,"z":-2.9152679443359375,"roomId":5555}
{"type":"accel","timestamp":1531636299821,"x":4.3690948486328125,"y":6.49835205078125,"z":0.8987579345703125,"roomId":5555}
{"type":"gyro","timestamp":1531636299822,"x":-1.5730743408203125,"y":-5.3907318115234375,"z":-3.274749755859375,"roomId":5555}
{"type":"accel","timestamp":1531636299834,"x":3.122589111328125,"y":5.82965087890625,"z":1.7492828369140625,"roomId":5555}
{"type":"gyro","timestamp":1531636299835,"x":-1.1267547607421875,"y":-5.522918701171875,"z":-3.6743011474609375,"roomId":5555}
{"type":"accel","timestamp":1531636299852,"x":-1.211151123046875,"y":3.7962799072265625,"z":1.09783935546875,"roomId":5555}
{"type":"gyro","timestamp":1531636299854,"x":0.0706939697265625,"y":-5.3511505126953125,"z":-3.98944091796875,"roomId":5555}
{"type":"accel","timestamp":1531636299862,"x":-3.5882110595703125,"y":3.032867431640625,"z":0.6124267578125,"roomId":5555}
{"type":"gyro","timestamp":1531636299863,"x":0.73956298828125,"y":-5.2042388916015625,"z":-3.737945556640625,"roomId":5555}
{"type":"accel","timestamp":1531636299876,"x":-5.6257781982421875,"y":2.815582275390625,"z":0.0345611572265625,"roomId":5555}
{"type":"gyro","timestamp":1531636299877,"x":1.432861328125,"y":-4.9241943359375,"z":-3.1735382080078125,"roomId":5555}
{"type":"accel","timestamp":1531636299890,"x":-5.1312713623046875,"y":3.299072265625,"z":-5.1681671142578125,"roomId":5555}
{"type":"gyro","timestamp":1531636299891,"x":2.6472320556640625,