{"type":"accel","timestamp":1531636207476,"x":2.0941925048828125,"y":8.779083251953125,"z":-0.24774169921875,"roomId":5555}
{"type":"gyro","timestamp":1531636207477,"x":-0.103424072265625,"y":-0.0984954833984375,"z":-0.1150970458984375,"roomId":5555}
{"type":"accel","timestamp":1531636207486,"x":1.551483154296875,"y":8.691421508789062,"z":-0.553955078125,"roomId":5555}
{"type":"accel","timestamp":1531636207496,"x":1.0704193115234375,"y":8.595077514648438,"z":-0.4560394287109375,"roomId":5555}
{"type":"gyro","timestamp":1531636207496,"x":-0.1634368896484375,"y":-0.08221435546875,"z":-0.0907135009765625,"roomId":5555}
{"type":"accel","timestamp":1531636207506,"x":0.87139892578125,"y":8.47003173828125,"z":0.02545166015625,"roomId":5555}
{"type":"gyro","timestamp":1531636207507,"x":-0.2169342041015625,"y":-0.088104248046875,"z":-0.0456695556640625,"roomId":5555}
{"type":"accel","timestamp":1531636207516,"x":0.6321563720703125,"y":8.295883178710938,"z":0.516876220703125,"roomId":5555}
{"type":"accel","timestamp":1531636207526,"x":0.5872802734375,"y":8.258285522460938,"z":0.7685699462890625,"roomId":5555}
{"type":"gyro","timestamp":1531636207526,"x":-0.223846435546875,"y":-0.1702117919921875,"z":0.029571533203125,"roomId":5555}
{"type":"accel","timestamp":1531636207536,"x":0.6526031494140625,"y":8.216888427734375,"z":0.736114501953125,"roomId":5555}
{"type":"gyro","timestamp":1531636207536,"x":-0.17474365234375,"y":-0.2514801025390625,"z":0.0249176025390625,"roomId":5555}
{"type":"accel","timestamp":1531636207546,"x":0.6264495849609375,"y":8.12445068359375,"z":0.4343414306640625,"roomId":5555}
{"type":"gyro","timestamp":1531636207546,"x":-0.1247711181640625,"y":-0.3154296875,"z":-0.0127410888671875,"roomId":5555}
{"type":"accel","timestamp":1531636207556,"x":0.3719329833984375,"y":7.9687957763671875,"z":0.1070556640625,"roomId":5555}
{"type":"gyro","timestamp":1531636207556,"x":-0.0933990478515625,"y":-0.3375244140625,"z":-0.04669189453125,"roomId":5555}
{"type":"accel","timestamp":1531636207566,"x":0.14892578125,"y":7.863128662109375,"z":-0.018768310546875,"roomId":5555}
{"type":"gyro","timestamp":1531636207566,"x":-0.0816802978515625,"y":-0.3214263916015625,"z":-0.0394439697265625,"roomId":5555}
{"type":"gyro","timestamp":1531636207576,"x":-0.077362060546875,"y":-0.25372314453125,"z":0.0115814208984375,"roomId":5555}
{"type":"accel","timestamp":1531636207586,"x":0.4713897705078125,"y":7.7998504638671875,"z":-0.2499237060546875,"roomId":5555}
{"type":"gyro","timestamp":1531636207586,"x":-0.0907745361328125,"y":-0.1309356689453125,"z":0.0867767333984375,"roomId":5555}
{"type":"accel","timestamp":1531636207596,"x":0.82012939453125,"y":7.847503662109375,"z":-0.250244140625,"roomId":5555}
{"type":"gyro","timestamp":1531636207596,"x":-0.124542236328125,"y":-0.010589599609375,"z":0.1508941650390625,"roomId":5555}
{"type":"accel","timestamp":1531636207606,"x":1.175689697265625,"y":7.9886627197265625,"z":-0.2444915771484375,"roomId":5555}
{"type":"gyro","timestamp":1531636207606,"x":-0.145965576171875,"y":0.031646728515625,"z":0.160919189453125,"roomId":5555}
{"type":"accel","timestamp":1531636207616,"x":1.412261962890625,"y":8.242843627929688,"z":-0.634796142578125,"roomId":5555}
{"type":"gyro","timestamp":1531636207616,"x":-0.1367950439453125,"y":-0.0756683349609375,"z":0.084686279296875,"roomId":5555}
{"type":"gyro","timestamp":1531636207626,"x":-0.1106109619140625,"y":-0.3722381591796875,"z":-0.0926666259765625,"roomId":5555}
{"type":"accel","timestamp":1531636207635,"x":1.206695556640625,"y":8.687667846679688,"z":-0.805206298828125,"roomId":5555}
{"type":"gyro","timestamp":1531636207636,"x":-0.0654754638671875,"y":-0.827789306640625,"z":-0.3614501953125,"roomId":5555}
{"type":"accel","timestamp":1531636207645,"x":-0.013153076171875,"y":8.760406494140625,"z":-0.3300628662109375,"roomId":5555}
{"type":"gyro","timestamp":1531636207646,"x":0.020782470703125,"y":-1.30682373046875,"z":-0.6600494384765625,"roomId":5555}
{"type":"accel","timestamp":1531636207655,"x":-2.1591949462890625,"y":8.970565795898438,"z":-0.1329498291015625,"roomId":5555}
{"type":"gyro","timestamp":1531636207656,"x":0.1514434814453125,"y":-1.7258453369140625,"z":-0.905609130859375,"roomId":5555}
{"type":"accel","timestamp":1531636207665,"x":-4.905364990234375,"y":9.184478759765625,"z":-0.2961578369140625,"roomId":5555}
{"type":"accel","timestamp":1531636207675,"x":-7.387939453125,"y":9.151657104492188,"z":-0.840972900390625,"roomId":5555}
{"type":"gyro","timestamp":1531636207676,"x":0.4322662353515625,"y":-2.3784942626953125,"z":-0.9603118896484375,"roomId":5555}
{"type":"accel","timestamp":1531636207685,"x":-8.681549072265625,"y":9.235733032226562,"z":-1.74542236328125,"roomId":5555}
{"type":"gyro","timestamp":1531636207686,"x":0.5059814453125,"y":-2.612640380859375,"z":-0.698272705078125,"roomId":5555}
{"type":"accel","timestamp":1531636207695,"x":-8.806777954101562,"y":9.600204467773438,"z":-2.59161376953125,"roomId":5555}
{"type":"accel","timestamp":1531636207705,"x":-8.045669555664062,"y":10.054275512695312,"z":-2.9876708984375,"roomId":5555}
{"type":"gyro","timestamp":1531636207706,"x":0.41864013671875,"y":-3.086639404296875,"z":-0.0619049072265625,"roomId":5555}
{"type":"accel","timestamp":1531636207715,"x":-6.96710205078125,"y":10.405166625976562,"z":-3.0114593505859375,"roomId":5555}
{"type":"accel","timestamp":1531636207726,"x":-6.106231689453125,"y":10.521209716796875,"z":-2.78369140625,"roomId":5555}
{"type":"gyro","timestamp":1531636207727,"x":0.1981353759765625,"y":-3.6150360107421875,"z":0.1634979248046875,"roomId":5555}
{"type":"accel","timestamp":1531636207745,"x":-5.4586944580078125,"y":10.307479858398438,"z":-1.6624603271484375,"roomId":5555}
{"type":"gyro","timestamp":1531636207747,"x":0.0288238525390625,"y":-4.1054534912109375,"z":-0.034637451171875,"roomId":5555}
{"type":"accel","timestamp":1531636207755,"x":-5.4629364013671875,"y":10.094085693359375,"z":-0.9334259033203125,"roomId":5555}
{"type":"gyro","timestamp":1531636207757,"x":0.006378173828125,"y":-4.4265289306640625,"z":-0.1957244873046875,"roomId":5555}
{"type":"accel","timestamp":1531636207765,"x":-5.4058837890625,"y":10.027008056640625,"z":-0.4229583740234375,"roomId":5555}
{"type":"accel","timestamp":1531636207777,"x":-5.17596435546875,"y":10.365325927734375,"z":-0.735107421875,"roomId":5555}
{"type":"gyro","timestamp":1531636207778,"x":0.103118896484375,"y":-5.40130615234375,"z":-0.5811920166015625,"roomId":5555}
{"type":"accel","timestamp":1531636207795,"x":-3.7450103759765625,"y":10.970382690429688,"z":-0.3229522705078125,"roomId":5555}
{"type":"gyro","timestamp":1531636207796,"x":0.1456451416015625,"y":-7.0523834228515625,"z":-1.222503662109375,"roomId":5555}
{"type":"accel","timestamp":1531636207805,"x":-3.4769744873046875,"y":10.536697387695312,"z":0.7704925537109375,"roomId":5555}
{"type":"gyro","timestamp":1531636207806,"x":0.1060638427734375,"y":-7.7038421630859375,"z":-1.608123779296875,"roomId":5555}
{"type":"accel","timestamp":1531636207815,"x":-3.4110260009765625,"y":9.954254150390625,"z":2.4695892333984375,"roomId":5555}
{"type":"accel","timestamp":1531636207825,"x":-2.783782958984375,"y":9.142044067382812,"z":4.754058837890625,"roomId":5555}
{"type":"gyro","timestamp":1531636207826,"x":0.0036163330078125,"y":-8.067703247070312,"z":-2.19256591796875,"roomId":5555}
{"type":"accel","timestamp":1531636207844,"x":-2.4251556396484375,"y":5.395233154296875,"z":9.929214477539062,"roomId":5555}
{"type":"gyro","timestamp":1531636207844,"x":0.049407958984375,"y":-7.0705413818359375,"z":-2.5427398681640625,"roomId":5555}
{"type":"accel","timestamp":1531636207854,"x":-3.2383575439453125,"y":3.0462188720703125,"z":11.564224243164062,"roomId":5555}
{"type":"gyro","timestamp":1531636207855,"x":0.364227294921875,"y":-6.28839111328125,"z":-2.5904693603515625,"roomId":5555}
{"type":"accel","timestamp":1531636207864,"x":-5.14422607421875,"y":0.948333740234375,"z":10.495193481445312,"roomId":5555}
{"type":"gyro",