{"type":"gyro","timestamp":1531636161024,"x":0.257904052734375,"y":0.0298004150390625,"z":0.174102783203125,"roomId":5555}
{"type":"accel","timestamp":1531636161034,"x":0.6810302734375,"y":8.021026611328125,"z":-0.556396484375,"roomId":5555}
{"type":"gyro","timestamp":1531636161036,"x":0.19476318359375,"y":0.039306640625,"z":0.183502197265625,"roomId":5555}
{"type":"accel","timestamp":1531636161044,"x":1.0306243896484375,"y":8.224151611328125,"z":-0.4211883544921875,"roomId":5555}
{"type":"gyro","timestamp":1531636161045,"x":0.1153411865234375,"y":0.0203857421875,"z":0.1343994140625,"roomId":5555}
{"type":"accel","timestamp":1531636161063,"x":0.6548614501953125,"y":8.199172973632812,"z":-0.5853271484375,"roomId":5555}
{"type":"gyro","timestamp":1531636161064,"x":0.00933837890625,"y":-0.1148223876953125,"z":-0.015838623046875,"roomId":5555}
{"type":"accel","timestamp":1531636161073,"x":0.215576171875,"y":8.303558349609375,"z":-0.3812103271484375,"roomId":5555}
{"type":"gyro","timestamp":1531636161075,"x":-0.0514678955078125,"y":-0.2052001953125,"z":-0.0707855224609375,"roomId":5555}
{"type":"accel","timestamp":1531636161083,"x":-0.260040283203125,"y":8.145538330078125,"z":0.1046905517578125,"roomId":5555}
{"type":"accel","timestamp":1531636161093,"x":-0.6622314453125,"y":7.8524322509765625,"z":0.4659881591796875,"roomId":5555}
{"type":"gyro","timestamp":1531636161094,"x":-0.1256256103515625,"y":-0.1492156982421875,"z":-0.0024261474609375,"roomId":5555}
{"type":"accel","timestamp":1531636161103,"x":-0.88690185546875,"y":7.76202392578125,"z":0.6396636962890625,"roomId":5555}
{"type":"gyro","timestamp":1531636161112,"x":-0.0987701416015625,"y":0.1531524658203125,"z":0.3204498291015625,"roomId":5555}
{"type":"accel","timestamp":1531636161121,"x":-0.11224365234375,"y":7.9374542236328125,"z":0.6697235107421875,"roomId":5555}
{"type":"gyro","timestamp":1531636161123,"x":-0.0782928466796875,"y":0.2697296142578125,"z":0.466156005859375,"roomId":5555}
{"type":"accel","timestamp":1531636161132,"x":0.8611602783203125,"y":8.139923095703125,"z":0.41387939453125,"roomId":5555}
{"type":"accel","timestamp":1531636161142,"x":1.934539794921875,"y":8.511993408203125,"z":0.1107940673828125,"roomId":5555}
{"type":"gyro","timestamp":1531636161144,"x":-0.04193115234375,"y":0.1577301025390625,"z":0.4857940673828125,"roomId":5555}
{"type":"accel","timestamp":1531636161163,"x":2.101837158203125,"y":8.816848754882812,"z":0.0981597900390625,"roomId":5555}
{"type":"gyro","timestamp":1531636161165,"x":-0.0320892333984375,"y":-0.2156219482421875,"z":0.1274261474609375,"roomId":5555}
{"type":"accel","timestamp":1531636161183,"x":0.3471832275390625,"y":8.302642822265625,"z":-0.036468505859375,"roomId":5555}
{"type":"gyro","timestamp":1531636161185,"x":-0.0444793701171875,"y":-0.3736114501953125,"z":-0.1048126220703125,"roomId":5555}
{"type":"accel","timestamp":1531636161203,"x":-0.6980438232421875,"y":8.06732177734375,"z":0.261505126953125,"roomId":5555}
{"type":"gyro","timestamp":1531636161205,"x":-0.079010009765625,"y":-0.1681365966796875,"z":0.0338287353515625,"roomId":5555}
{"type":"accel","timestamp":1531636161213,"x":-0.8503265380859375,"y":8.0147705078125,"z":0.2952117919921875,"roomId":5555}
{"type":"accel","timestamp":1531636161223,"x":-0.8503265380859375,"y":7.995086669921875,"z":0.1618499755859375,"roomId":5555}
{"type":"gyro","timestamp":1531636161224,"x":-0.0345306396484375,"y":0.328857421875,"z":0.3535614013671875,"roomId":5555}
{"type":"accel","timestamp":1531636161241,"x":-1.2119293212890625,"y":8.042556762695312,"z":-0.6250762939453125,"roomId":5555}
{"type":"gyro","timestamp":1531636161242,"x":0.0103302001953125,"y":0.9197845458984375,"z":0.5770721435546875,"roomId":5555}
{"type":"accel","timestamp":1531636161251,"x":-1.8751678466796875,"y":8.096969604492188,"z":-1.608917236328125,"roomId":5555}
{"type":"gyro","timestamp":1531636161251,"x":0.062042236328125,"y":1.1019439697265625,"z":0.5987548828125,"roomId":5555}
{"type":"accel","timestamp":1531636161263,"x":-2.9808349609375,"y":8.46734619140625,"z":-2.812164306640625,"roomId":5555}
{"type":"gyro","timestamp":1531636161264,"x":0.151214599609375,"y":1.0099029541015625,"z":0.5235595703125,"roomId":5555}
{"type":"accel","timestamp":1531636161281,"x":-5.91595458984375,"y":10.066085815429688,"z":-5.7043914794921875,"roomId":5555}
{"type":"gyro","timestamp":1531636161281,"x":0.38916015625,"y":-0.156402587890625,"z":0.046112060546875,"roomId":5555}
{"type":"accel","timestamp":1531636161292,"x":-6.859588623046875,"y":10.713409423828125,"z":-6.7280120849609375,"roomId":5555}
{"type":"gyro","timestamp":1531636161293,"x":0.4594268798828125,"y":-1.066314697265625,"z":-0.3190765380859375,"roomId":5555}
{"type":"accel","timestamp":1531636161311,"x":-9.183029174804688,"y":10.050765991210938,"z":-6.576171875,"roomId":5555}
{"type":"gyro","timestamp":1531636161312,"x":0.525848388671875,"y":-3.111419677734375,"z":-1.139556884765625,"roomId":5555}
{"type":"accel","timestamp":1531636161321,"x":-10.892120361328125,"y":9.351821899414062,"z":-6.534454345703125,"roomId":5555}
{"type":"gyro","timestamp":1531636161323,"x":0.580535888671875,"y":-4.190032958984375,"z":-1.4171905517578125,"roomId":5555}
{"type":"accel","timestamp":1531636161331,"x":-12.145111083984375,"y":8.770782470703125,"z":-6.5306396484375,"roomId":5555}
{"type":"gyro","timestamp":1531636161333,"x":0.6326751708984375,"y":-5.2337493896484375,"z":-1.5407867431640625,"roomId":5555}
{"type":"accel","timestamp":1531636161341,"x":-12.528778076171875,"y":8.3416748046875,"z":-6.1378173828125,"roomId":5555}
{"type":"gyro","timestamp":1531636161343,"x":0.6801605224609375,"y":-6.177978515625,"z":-1.53643798828125,"roomId":5555}
{"type":"accel","timestamp":1531636161360,"x":-11.218643188476562,"y":7.55181884765625,"z":-4.6887969970703125,"roomId":5555}
{"type":"gyro","timestamp":1531636161361,"x":0.796539306640625,"y":-7.576080322265625,"z":-1.303253173828125,"roomId":5555}
{"type":"accel","timestamp":1531636161371,"x":-10.019012451171875,"y":7.127655029296875,"z":-4.1430206298828125,"roomId":5555}
{"type":"gyro","timestamp":1531636161372,"x":0.849884033203125,"y":-7.9198760986328125,"z":-1.1429443359375,"roomId":5555}
{"type":"accel","timestamp":1531636161390,"x":-7.8614044189453125,"y":6.9063720703125,"z":-4.25372314453125,"roomId":5555}
{"type":"gyro","timestamp":1531636161391,"x":0.8711700439453125,"y":-7.9395599365234375,"z":-0.788848876953125,"roomId":5555}
{"type":"accel","timestamp":1531636161401,"x":-6.8838958740234375,"y":6.8216400146484375,"z":-5.1009063720703125,"roomId":5555}
{"type":"gyro","timestamp":1531636161402,"x":0.8019561767578125,"y":-7.7942352294921875,"z":-0.6180877685546875,"roomId":5555}
{"type":"accel","timestamp":1531636161411,"x":-5.9746551513671875,"y":6.74530029296875,"z":-5.747406005859375,"roomId":5555}
{"type":"gyro","timestamp":1531636161412,"x":0.6532745361328125,"y":-7.6225738525390625,"z":-0.46923828125,"roomId":5555}
{"type":"accel","timestamp":1531636161423,"x":-5.05810546875,"y":6.5823974609375,"z":-5.9051513671875,"roomId":5555}
{"type":"gyro","timestamp":1531636161425,"x":0.4437103271484375,"y":-7.3966522216796875,"z":-0.3271636962890625,"roomId":5555}
{"type":"accel","timestamp":1531636161441,"x":-2.3928375244140625,"y":5.7631988525390625,"z":-4.777557373046875,"roomId":5555}
{"type":"gyro","timestamp":1531636161442,"x":0.0258026123046875,"y":-6.71014404296875,"z":-0.02008056640625,"roomId":5555}
{"type":"accel","timestamp":1531636161452,"x":-0.090240478515625,"y":6.19744873046875,"z":-3.70849609375,"roomId":5555}
{"type":"gyro","timestamp":1531636161454,"x":-0.0771331787109375,"y":-6.4361419677734375,"z":0.0655517578125,"roomId":5555}
{"type":"accel","timestamp":1531636161471,"x":3.9306182861328125,"y":7.517608642578125,"z":-1.1128997802734375,"roomId":5555}
{"type":"gyro","timestamp":1531636161473,"x":0.0181884765625,"y":-5.6591644287109375,"z":-0.1266021728515625,"roomId":5555}
{"type":"accel","timestamp":1531636161481,