{"type":"gyro","timestamp":1531636294647,"x":0.0567626953125,"y":-0.41436767578125,"z":-0.076080322265625,"roomId":5555}
{"type":"accel","timestamp":1531636294657,"x":5.1031494140625,"y":7.32421875,"z":0.523712158203125,"roomId":5555}
{"type":"gyro","timestamp":1531636294658,"x":0.0519561767578125,"y":-0.4134063720703125,"z":-0.1096954345703125,"roomId":5555}
{"type":"accel","timestamp":1531636294677,"x":4.947052001953125,"y":6.839874267578125,"z":1.082489013671875,"roomId":5555}
{"type":"gyro","timestamp":1531636294678,"x":0.073638916015625,"y":-0.1781463623046875,"z":-0.0650634765625,"roomId":5555}
{"type":"accel","timestamp":1531636294687,"x":5.1145782470703125,"y":7.039794921875,"z":0.9391937255859375,"roomId":5555}
{"type":"gyro","timestamp":1531636294688,"x":0.1062469482421875,"y":-0.05670166015625,"z":-0.01702880859375,"roomId":5555}
{"type":"accel","timestamp":1531636294697,"x":5.0554046630859375,"y":7.067840576171875,"z":0.7712554931640625,"roomId":5555}
{"type":"accel","timestamp":1531636294707,"x":4.829010009765625,"y":7.0269927978515625,"z":0.4301910400390625,"roomId":5555}
{"type":"gyro","timestamp":1531636294709,"x":0.1015167236328125,"y":0.0845794677734375,"z":0.0067138671875,"roomId":5555}
{"type":"accel","timestamp":1531636294727,"x":4.8225250244140625,"y":7.1221771240234375,"z":-0.185272216796875,"roomId":5555}
{"type":"gyro","timestamp":1531636294729,"x":-0.039520263671875,"y":-0.019012451171875,"z":-0.03753662109375,"roomId":5555}
{"type":"accel","timestamp":1531636294739,"x":4.6386260986328125,"y":7.1385650634765625,"z":-0.1543731689453125,"roomId":5555}
{"type":"gyro","timestamp":1531636294742,"x":-0.1280059814453125,"y":-0.096343994140625,"z":-0.0858306884765625,"roomId":5555}
{"type":"accel","timestamp":1531636294749,"x":4.4850311279296875,"y":7.0749053955078125,"z":-0.22265625,"roomId":5555}
{"type":"gyro","timestamp":1531636294758,"x":-0.235504150390625,"y":-0.14990234375,"z":-0.1088104248046875,"roomId":5555}
{"type":"accel","timestamp":1531636294766,"x":4.5958709716796875,"y":6.914276123046875,"z":-0.0548248291015625,"roomId":5555}
{"type":"accel","timestamp":1531636294777,"x":4.72320556640625,"y":6.95648193359375,"z":0.05645751953125,"roomId":5555}
{"type":"gyro","timestamp":1531636294778,"x":-0.2606353759765625,"y":-0.05950927734375,"z":-0.04498291015625,"roomId":5555}
{"type":"accel","timestamp":1531636294796,"x":4.3611602783203125,"y":7.10394287109375,"z":0.07513427734375,"roomId":5555}
{"type":"gyro","timestamp":1531636294797,"x":-0.2655487060546875,"y":-0.0081787109375,"z":-0.02685546875,"roomId":5555}
{"type":"accel","timestamp":1531636294816,"x":4.0804595947265625,"y":7.3896942138671875,"z":-0.0377197265625,"roomId":5555}
{"type":"gyro","timestamp":1531636294817,"x":-0.295196533203125,"y":-0.0914154052734375,"z":-0.0633697509765625,"roomId":5555}
{"type":"accel","timestamp":1531636294827,"x":3.88543701171875,"y":7.354339599609375,"z":-0.1851959228515625,"roomId":5555}
{"type":"gyro","timestamp":1531636294828,"x":-0.3354034423828125,"y":-0.107330322265625,"z":-0.07647705078125,"roomId":5555}
{"type":"accel","timestamp":1531636294845,"x":3.6888580322265625,"y":7.6839447021484375,"z":-1.040069580078125,"roomId":5555}
{"type":"gyro","timestamp":1531636294846,"x":-0.4182586669921875,"y":-0.115936279296875,"z":-0.071533203125,"roomId":5555}
{"type":"accel","timestamp":1531636294855,"x":3.3687591552734375,"y":8.124282836914062,"z":-1.63592529296875,"roomId":5555}
{"type":"gyro","timestamp":1531636294856,"x":-0.4552764892578125,"y":-0.17578125,"z":-0.0855560302734375,"roomId":5555}
{"type":"accel","timestamp":1531636294866,"x":2.945709228515625,"y":8.749114990234375,"z":-2.217437744140625,"roomId":5555}
{"type":"gyro","timestamp":1531636294866,"x":-0.475921630859375,"y":-0.3341827392578125,"z":-0.1292877197265625,"roomId":5555}
{"type":"accel","timestamp":1531636294884,"x":1.6393585205078125,"y":10.651031494140625,"z":-2.9391021728515625,"roomId":5555}
{"type":"gyro","timestamp":1531636294885,"x":-0.409820556640625,"y":-0.93719482421875,"z":-0.3058624267578125,"roomId":5555}
{"type":"accel","timestamp":1531636294894,"x":0.33245849609375,"y":11.558837890625,"z":-3.3931884765625,"roomId":5555}
{"type":"gyro","timestamp":1531636294895,"x":-0.3251800537109375,"y":-1.3067169189453125,"z":-0.38873291015625,"roomId":5555}
{"type":"accel","timestamp":1531636294905,"x":-1.1040191650390625,"y":12.382431030273438,"z":-4.121673583984375,"roomId":5555}
{"type":"gyro","timestamp":1531636294906,"x":-0.2389984130859375,"y":-1.763519287109375,"z":-0.3905181884765625,"roomId":5555}
{"type":"accel","timestamp":1531636294926,"x":-1.4098968505859375,"y":14.028060913085938,"z":-5.7654571533203125,"roomId":5555}
{"type":"gyro","timestamp":1531636294927,"x":-0.1737518310546875,"y":-2.988922119140625,"z":-0.2618255615234375,"roomId":5555}
{"type":"accel","timestamp":1531636294947,"x":0.68682861328125,"y":14.296600341796875,"z":-7.4393768310546875,"roomId":5555}
{"type":"gyro","timestamp":1531636294948,"x":-0.7209625244140625,"y":-3.9672393798828125,"z":-0.27801513671875,"roomId":5555}
{"type":"accel","timestamp":1531636294966,"x":1.452178955078125,"y":12.5784912109375,"z":-5.6366424560546875,"roomId":5555}
{"type":"gyro","timestamp":1531636294968,"x":-1.5398712158203125,"y":-4.438873291015625,"z":-0.446807861328125,"roomId":5555}
{"type":"accel","timestamp":1531636294976,"x":1.5503997802734375,"y":11.985992431640625,"z":-4.482177734375,"roomId":5555}
{"type":"gyro","timestamp":1531636294978,"x":-1.7509765625,"y":-4.732452392578125,"z":-0.4936065673828125,"roomId":5555}
{"type":"accel","timestamp":1531636294987,"x":1.43499755859375,"y":11.754928588867188,"z":-3.683502197265625,"roomId":5555}
{"type":"gyro","timestamp":1531636294994,"x":-1.8359832763671875,"y":-5.667205810546875,"z":-0.6160888671875,"roomId":5555}
{"type":"accel","timestamp":1531636295004,"x":0.9595489501953125,"y":10.694595336914062,"z":-3.2523651123046875,"roomId":5555}
{"type":"gyro","timestamp":1531636295005,"x":-1.8277130126953125,"y":-6.1475982666015625,"z":-0.66064453125,"roomId":5555}
{"type":"accel","timestamp":1531636295023,"x":1.632293701171875,"y":9.282745361328125,"z":-3.474151611328125,"roomId":5555}
{"type":"gyro","timestamp":1531636295024,"x":-1.852386474609375,"y":-6.90509033203125,"z":-0.7602691650390625,"roomId":5555}
{"type":"accel","timestamp":1531636295033,"x":1.859649658203125,"y":8.664581298828125,"z":-3.61474609375,"roomId":5555}
{"type":"gyro","timestamp":1531636295034,"x":-1.8734130859375,"y":-7.1362152099609375,"z":-0.860595703125,"roomId":5555}
{"type":"accel","timestamp":1531636295044,"x":1.852142333984375,"y":8.058319091796875,"z":-3.8614501953125,"roomId":5555}
{"type":"gyro","timestamp":1531636295045,"x":-1.902557373046875,"y":-7.256011962890625,"z":-0.9862823486328125,"roomId":5555}
{"type":"accel","timestamp":1531636295055,"x":1.53204345703125,"y":7.345489501953125,"z":-4.0361480712890625,"roomId":5555}
{"type":"gyro","timestamp":1531636295056,"x":-1.93682861328125,"y":-7.3635406494140625,"z":-1.0872955322265625,"roomId":5555}
{"type":"accel","timestamp":1531636295065,"x":1.534210205078125,"y":6.3655242919921875,"z":-4.0237884521484375,"roomId":5555}
{"type":"gyro","timestamp":1531636295067,"x":-1.94757080078125,"y":-7.4961090087890625,"z":-1.0928192138671875,"roomId":5555}
{"type":"accel","timestamp":1531636295084,"x":4.2096099853515625,"y":5.06884765625,"z":-4.5680999755859375,"roomId":5555}
{"type":"gyro","timestamp":1531636295085,"x":-1.8151397705078125,"y":-7.46337890625,"z":-0.8733978271484375,"roomId":5555}
{"type":"accel","timestamp":1531636295094,"x":5.9717559814453125,"y":5.1206817626953125,"z":-4.57427978515625,"roomId":5555}
{"type":"gyro","timestamp":1531636295095,"x":-1.704986572265625,"y":-7.1629791259765625,"z":-0.8128662109375,"roomId":5555}
{"type":"accel","timestamp":1531636295104,"x":7.2839508056640625,"y":5.1728973388671875,"z":-4.36285400390625,"roomId":5555}
{"type":"gyro","timestamp":1531636295105,"x":-1.607269287109375,