{"type":"gyro","timestamp":1531636200117,"x":-0.292999267578125,"y":0.207489013671875,"z":0.620849609375,"roomId":5555}
{"type":"accel","timestamp":1531636200126,"x":3.3937530517578125,"y":8.334518432617188,"z":0.48797607421875,"roomId":5555}
{"type":"gyro","timestamp":1531636200127,"x":-0.15948486328125,"y":0.0869598388671875,"z":0.50677490234375,"roomId":5555}
{"type":"accel","timestamp":1531636200136,"x":4.0415191650390625,"y":8.483627319335938,"z":0.005279541015625,"roomId":5555}
{"type":"gyro","timestamp":1531636200137,"x":-0.086822509765625,"y":-0.1289825439453125,"z":0.221588134765625,"roomId":5555}
{"type":"accel","timestamp":1531636200147,"x":3.551788330078125,"y":8.423782348632812,"z":-0.0486297607421875,"roomId":5555}
{"type":"gyro","timestamp":1531636200148,"x":-0.0728607177734375,"y":-0.3519134521484375,"z":-0.090240478515625,"roomId":5555}
{"type":"accel","timestamp":1531636200157,"x":2.489715576171875,"y":8.304855346679688,"z":0.3055572509765625,"roomId":5555}
{"type":"gyro","timestamp":1531636200159,"x":-0.0906829833984375,"y":-0.5308685302734375,"z":-0.3207550048828125,"roomId":5555}
{"type":"accel","timestamp":1531636200167,"x":1.410308837890625,"y":8.116897583007812,"z":0.9187774658203125,"roomId":5555}
{"type":"gyro","timestamp":1531636200168,"x":-0.1153564453125,"y":-0.5902099609375,"z":-0.419036865234375,"roomId":5555}
{"type":"accel","timestamp":1531636200178,"x":0.2902984619140625,"y":7.8537445068359375,"z":1.414703369140625,"roomId":5555}
{"type":"gyro","timestamp":1531636200179,"x":-0.1253814697265625,"y":-0.4712066650390625,"z":-0.390899658203125,"roomId":5555}
{"type":"accel","timestamp":1531636200188,"x":-0.65997314453125,"y":7.664306640625,"z":1.610382080078125,"roomId":5555}
{"type":"accel","timestamp":1531636200198,"x":-1.4002532958984375,"y":7.522125244140625,"z":1.5755462646484375,"roomId":5555}
{"type":"gyro","timestamp":1531636200199,"x":-0.0289154052734375,"y":-0.0616455078125,"z":-0.0888824462890625,"roomId":5555}
{"type":"accel","timestamp":1531636200216,"x":-2.240814208984375,"y":7.3786163330078125,"z":0.3982391357421875,"roomId":5555}
{"type":"gyro","timestamp":1531636200217,"x":0.241790771484375,"y":-0.0078887939453125,"z":0.2101593017578125,"roomId":5555}
{"type":"accel","timestamp":1531636200228,"x":-1.837493896484375,"y":7.57720947265625,"z":-1.04345703125,"roomId":5555}
{"type":"gyro","timestamp":1531636200229,"x":0.3527679443359375,"y":-0.1158447265625,"z":0.3245849609375,"roomId":5555}
{"type":"accel","timestamp":1531636200239,"x":-1.1889495849609375,"y":7.9221649169921875,"z":-2.126708984375,"roomId":5555}
{"type":"gyro","timestamp":1531636200240,"x":0.356658935546875,"y":-0.277862548828125,"z":0.3691558837890625,"roomId":5555}
{"type":"accel","timestamp":1531636200256,"x":-0.3535003662109375,"y":8.16412353515625,"z":-1.9717864990234375,"roomId":5555}
{"type":"gyro","timestamp":1531636200257,"x":0.16766357421875,"y":-0.5770111083984375,"z":0.2368011474609375,"roomId":5555}
{"type":"accel","timestamp":1531636200268,"x":-0.753204345703125,"y":8.06805419921875,"z":-1.4529876708984375,"roomId":5555}
{"type":"gyro","timestamp":1531636200269,"x":0.106475830078125,"y":-0.6454315185546875,"z":0.136016845703125,"roomId":5555}
{"type":"accel","timestamp":1531636200278,"x":-1.34820556640625,"y":8.019866943359375,"z":-1.06048583984375,"roomId":5555}
{"type":"gyro","timestamp":1531636200279,"x":0.09967041015625,"y":-0.688140869140625,"z":0.07781982421875,"roomId":5555}
{"type":"accel","timestamp":1531636200288,"x":-2.12841796875,"y":8.167892456054688,"z":-0.951171875,"roomId":5555}
{"type":"gyro","timestamp":1531636200297,"x":0.174285888671875,"y":-0.63671875,"z":0.1663055419921875,"roomId":5555}
{"type":"accel","timestamp":1531636200306,"x":-3.1597747802734375,"y":8.458297729492188,"z":-2.3817291259765625,"roomId":5555}
{"type":"gyro","timestamp":1531636200307,"x":0.1693572998046875,"y":-0.53057861328125,"z":0.3360595703125,"roomId":5555}
{"type":"accel","timestamp":1531636200325,"x":-2.788818359375,"y":9.37322998046875,"z":-3.0757293701171875,"roomId":5555}
{"type":"gyro","timestamp":1531636200326,"x":0.0242767333984375,"y":-0.60882568359375,"z":0.6164093017578125,"roomId":5555}
{"type":"accel","timestamp":1531636200335,"x":-2.7189178466796875,"y":9.377914428710938,"z":-2.92010498046875,"roomId":5555}
{"type":"gyro","timestamp":1531636200336,"x":-0.054046630859375,"y":-0.8184356689453125,"z":0.6607513427734375,"roomId":5555}
{"type":"accel","timestamp":1531636200345,"x":-2.4100189208984375,"y":9.444290161132812,"z":-2.4316558837890625,"roomId":5555}
{"type":"gyro","timestamp":1531636200346,"x":-0.0831756591796875,"y":-1.184661865234375,"z":0.6497802734375,"roomId":5555}
{"type":"accel","timestamp":1531636200356,"x":-2.0386505126953125,"y":9.654541015625,"z":-2.14404296875,"roomId":5555}
{"type":"gyro","timestamp":1531636200357,"x":-0.03961181640625,"y":-1.672088623046875,"z":0.553619384765625,"roomId":5555}
{"type":"accel","timestamp":1531636200366,"x":-1.6183013916015625,"y":9.998611450195312,"z":-2.2621917724609375,"roomId":5555}
{"type":"gyro","timestamp":1531636200367,"x":0.0597076416015625,"y":-2.2413330078125,"z":0.3529205322265625,"roomId":5555}
{"type":"accel","timestamp":1531636200376,"x":-1.664276123046875,"y":10.4390869140625,"z":-2.4211578369140625,"roomId":5555}
{"type":"gyro","timestamp":1531636200377,"x":0.1771087646484375,"y":-2.905792236328125,"z":0.03289794921875,"roomId":5555}
{"type":"accel","timestamp":1531636200386,"x":-2.62847900390625,"y":10.796890258789062,"z":-2.843109130859375,"roomId":5555}
{"type":"gyro","timestamp":1531636200387,"x":0.29803466796875,"y":-3.5920562744140625,"z":-0.3371734619140625,"roomId":5555}
{"type":"accel","timestamp":1531636200397,"x":-3.8517913818359375,"y":10.987335205078125,"z":-3.9119415283203125,"roomId":5555}
{"type":"gyro","timestamp":1531636200399,"x":0.387786865234375,"y":-4.1924285888671875,"z":-0.644805908203125,"roomId":5555}
{"type":"accel","timestamp":1531636200415,"x":-6.312469482421875,"y":10.11981201171875,"z":-5.154632568359375,"roomId":5555}
{"type":"gyro","timestamp":1531636200416,"x":0.15423583984375,"y":-4.941802978515625,"z":-0.9915313720703125,"roomId":5555}
{"type":"accel","timestamp":1531636200425,"x":-7.05621337890625,"y":9.352066040039062,"z":-4.594268798828125,"roomId":5555}
{"type":"gyro","timestamp":1531636200426,"x":-0.1420440673828125,"y":-5.013946533203125,"z":-1.0027923583984375,"roomId":5555}
{"type":"accel","timestamp":1531636200435,"x":-6.8443145751953125,"y":9.050125122070312,"z":-3.3577728271484375,"roomId":5555}
{"type":"gyro","timestamp":1531636200436,"x":-0.4293975830078125,"y":-5.11376953125,"z":-0.96893310546875,"roomId":5555}
{"type":"accel","timestamp":1531636200446,"x":-6.39300537109375,"y":9.030624389648438,"z":-1.6568450927734375,"roomId":5555}
{"type":"gyro","timestamp":1531636200447,"x":-0.5926361083984375,"y":-5.4283294677734375,"z":-0.9777679443359375,"roomId":5555}
{"type":"accel","timestamp":1531636200456,"x":-6.2571563720703125,"y":9.02642822265625,"z":-0.4428863525390625,"roomId":5555}
{"type":"gyro","timestamp":1531636200458,"x":-0.6088714599609375,"y":-5.8215484619140625,"z":-1.0250091552734375,"roomId":5555}
{"type":"accel","timestamp":1531636200467,"x":-6.106964111328125,"y":8.761642456054688,"z":-0.1960296630859375,"roomId":5555}
{"type":"gyro","timestamp":1531636200468,"x":-0.5763397216796875,"y":-6.114471435546875,"z":-1.0679779052734375,"roomId":5555}
{"type":"accel","timestamp":1531636200486,"x":-3.4339447021484375,"y":8.505218505859375,"z":0.8216705322265625,"roomId":5555}
{"type":"gyro","timestamp":1531636200488,"x":-0.621856689453125,"y":-6.6223297119140625,"z":-1.1807708740234375,"roomId":5555}
{"type":"accel","timestamp":1531636200496,"x":-1.455841064453125,"y":8.532852172851562,"z":1.7894744873046875,"roomId":5555}
{"type":"accel","timestamp":1531636200506,"x":0.1127777099609375,"y":8.564895629882812,"z":3.5702056884765625,"roomId":5555}
{"type":"gyro","timestamp":1531636200507,