{"type":"gyro","timestamp":1531636317912,"x":-0.402435302734375,"y":0.124114990234375,"z":0.0100555419921875,"roomId":5555}
{"type":"accel","timestamp":1531636317921,"x":3.2187957763671875,"y":7.0700836181640625,"z":-1.6745758056640625,"roomId":5555}
{"type":"gyro","timestamp":1531636317923,"x":-0.4293365478515625,"y":0.0577392578125,"z":0.0133056640625,"roomId":5555}
{"type":"accel","timestamp":1531636317938,"x":2.6557464599609375,"y":7.132598876953125,"z":-2.142181396484375,"roomId":5555}
{"type":"gyro","timestamp":1531636317940,"x":-0.4822998046875,"y":0.02642822265625,"z":0.07666015625,"roomId":5555}
{"type":"accel","timestamp":1531636317948,"x":2.390625,"y":7.2187347412109375,"z":-2.5992279052734375,"roomId":5555}
{"type":"accel","timestamp":1531636317958,"x":2.010101318359375,"y":7.39825439453125,"z":-3.0746307373046875,"roomId":5555}
{"type":"gyro","timestamp":1531636317959,"x":-0.58251953125,"y":0.061004638671875,"z":0.222686767578125,"roomId":5555}
{"type":"accel","timestamp":1531636317968,"x":1.50958251953125,"y":7.6247406005859375,"z":-3.398590087890625,"roomId":5555}
{"type":"accel","timestamp":1531636317978,"x":1.05523681640625,"y":7.913726806640625,"z":-3.5528564453125,"roomId":5555}
{"type":"gyro","timestamp":1531636317979,"x":-0.70880126953125,"y":-0.027801513671875,"z":0.376251220703125,"roomId":5555}
{"type":"accel","timestamp":1531636317988,"x":0.7974853515625,"y":8.1885986328125,"z":-3.7404022216796875,"roomId":5555}
{"type":"gyro","timestamp":1531636317989,"x":-0.7521209716796875,"y":-0.122222900390625,"z":0.46331787109375,"roomId":5555}
{"type":"accel","timestamp":1531636317998,"x":0.5582275390625,"y":8.456573486328125,"z":-3.8212890625,"roomId":5555}
{"type":"gyro","timestamp":1531636317999,"x":-0.7798614501953125,"y":-0.2384490966796875,"z":0.5614013671875,"roomId":5555}
{"type":"accel","timestamp":1531636318010,"x":0.3488616943359375,"y":8.788162231445312,"z":-3.8715362548828125,"roomId":5555}
{"type":"gyro","timestamp":1531636318012,"x":-0.77777099609375,"y":-0.3830413818359375,"z":0.6780853271484375,"roomId":5555}
{"type":"accel","timestamp":1531636318028,"x":0.753936767578125,"y":9.301895141601562,"z":-4.3594970703125,"roomId":5555}
{"type":"gyro","timestamp":1531636318029,"x":-0.68011474609375,"y":-0.89422607421875,"z":0.9193267822265625,"roomId":5555}
{"type":"accel","timestamp":1531636318048,"x":0.988433837890625,"y":9.442337036132812,"z":-4.9578704833984375,"roomId":5555}
{"type":"gyro","timestamp":1531636318049,"x":-0.497528076171875,"y":-1.9989013671875,"z":0.984466552734375,"roomId":5555}
{"type":"accel","timestamp":1531636318059,"x":0.8961639404296875,"y":9.605575561523438,"z":-6.5654754638671875,"roomId":5555}
{"type":"gyro","timestamp":1531636318061,"x":-0.5170440673828125,"y":-2.8695526123046875,"z":0.9308929443359375,"roomId":5555}
{"type":"accel","timestamp":1531636318078,"x":1.2011871337890625,"y":10.719818115234375,"z":-8.0589599609375,"roomId":5555}
{"type":"gyro","timestamp":1531636318079,"x":-1.138153076171875,"y":-5.2405548095703125,"z":0.666473388671875,"roomId":5555}
{"type":"accel","timestamp":1531636318088,"x":2.2292327880859375,"y":11.063858032226562,"z":-7.5119781494140625,"roomId":5555}
{"type":"gyro","timestamp":1531636318097,"x":-1.612213134765625,"y":-7.053863525390625,"z":0.3660888671875,"roomId":5555}
{"type":"accel","timestamp":1531636318107,"x":4.268768310546875,"y":10.017303466796875,"z":-6.6724853515625,"roomId":5555}
{"type":"gyro","timestamp":1531636318108,"x":-1.7004547119140625,"y":-7.188873291015625,"z":0.3205718994140625,"roomId":5555}
{"type":"accel","timestamp":1531636318117,"x":4.2173004150390625,"y":9.133773803710938,"z":-6.6887969970703125,"roomId":5555}
{"type":"gyro","timestamp":1531636318118,"x":-1.8102874755859375,"y":-6.924652099609375,"z":0.3927764892578125,"roomId":5555}
{"type":"accel","timestamp":1531636318137,"x":3.400543212890625,"y":8.305709838867188,"z":-7.1487274169921875,"roomId":5555}
{"type":"gyro","timestamp":1531636318137,"x":-2.261199951171875,"y":-6.21417236328125,"z":0.7073822021484375,"roomId":5555}
{"type":"accel","timestamp":1531636318147,"x":3.3731231689453125,"y":8.347671508789062,"z":-7.0290374755859375,"roomId":5555}
{"type":"gyro","timestamp":1531636318148,"x":-2.563812255859375,"y":-6.2969818115234375,"z":0.7826080322265625,"roomId":5555}
{"type":"accel","timestamp":1531636318157,"x":3.8260040283203125,"y":8.110488891601562,"z":-6.4620361328125,"roomId":5555}
{"type":"gyro","timestamp":1531636318158,"x":-2.808685302734375,"y":-6.6688690185546875,"z":0.7702484130859375,"roomId":5555}
{"type":"accel","timestamp":1531636318168,"x":4.8638916015625,"y":7.648406982421875,"z":-5.84002685546875,"roomId":5555}
{"type":"gyro","timestamp":1531636318169,"x":-2.9375762939453125,"y":-7.120391845703125,"z":0.6964569091796875,"roomId":5555}
{"type":"accel","timestamp":1531636318178,"x":6.06549072265625,"y":7.2818603515625,"z":-5.1957244873046875,"roomId":5555}
{"type":"gyro","timestamp":1531636318179,"x":-2.948883056640625,"y":-7.473541259765625,"z":0.5713043212890625,"roomId":5555}
{"type":"accel","timestamp":1531636318188,"x":6.723663330078125,"y":7.0180816650390625,"z":-4.8677215576171875,"roomId":5555}
{"type":"gyro","timestamp":1531636318190,"x":-2.8739471435546875,"y":-7.6093597412109375,"z":0.424041748046875,"roomId":5555}
{"type":"accel","timestamp":1531636318198,"x":6.8204345703125,"y":6.5436859130859375,"z":-4.7888336181640625,"roomId":5555}
{"type":"gyro","timestamp":1531636318199,"x":-2.773162841796875,"y":-7.4979705810546875,"z":0.3196258544921875,"roomId":5555}
{"type":"accel","timestamp":1531636318217,"x":7.2155609130859375,"y":5.9478302001953125,"z":-5.0071258544921875,"roomId":5555}
{"type":"gyro","timestamp":1531636318217,"x":-2.704986572265625,"y":-6.89434814453125,"z":0.212188720703125,"roomId":5555}
{"type":"accel","timestamp":1531636318228,"x":7.425872802734375,"y":6.129974365234375,"z":-4.0648193359375,"roomId":5555}
{"type":"gyro","timestamp":1531636318230,"x":-2.7352142333984375,"y":-6.6352691650390625,"z":0.0796051025390625,"roomId":5555}
{"type":"accel","timestamp":1531636318239,"x":7.0852813720703125,"y":6.10968017578125,"z":-2.4482269287109375,"roomId":5555}
{"type":"gyro","timestamp":1531636318241,"x":-2.71905517578125,"y":-6.3387451171875,"z":-0.1405487060546875,"roomId":5555}
{"type":"accel","timestamp":1531636318256,"x":5.483245849609375,"y":5.0027923583984375,"z":-1.2348480224609375,"roomId":5555}
{"type":"gyro","timestamp":1531636318258,"x":-2.2644805908203125,"y":-5.48211669921875,"z":-0.429229736328125,"roomId":5555}
{"type":"accel","timestamp":1531636318267,"x":5.8916778564453125,"y":4.908935546875,"z":-3.0216064453125,"roomId":5555}
{"type":"gyro","timestamp":1531636318268,"x":-1.859832763671875,"y":-5.1688995361328125,"z":-0.4143218994140625,"roomId":5555}
{"type":"accel","timestamp":1531636318288,"x":7.445159912109375,"y":5.8205108642578125,"z":-8.803207397460938,"roomId":5555}
{"type":"gyro","timestamp":1531636318290,"x":-1.2851715087890625,"y":-5.3214263916015625,"z":-0.5732879638671875,"roomId":5555}
{"type":"accel","timestamp":1531636318307,"x":6.78851318359375,"y":5.9529266357421875,"z":-9.351806640625,"roomId":5555}
{"type":"gyro","timestamp":1531636318308,"x":-1.5382080078125,"y":-5.641876220703125,"z":-1.5256500244140625,"roomId":5555}
{"type":"accel","timestamp":1531636318318,"x":4.8553009033203125,"y":4.80328369140625,"z":-7.015228271484375,"roomId":5555}
{"type":"gyro","timestamp":1531636318321,"x":-1.8072052001953125,"y":-5.4744720458984375,"z":-2.1234130859375,"roomId":5555}
{"type":"accel","timestamp":1531636318331,"x":2.651031494140625,"y":3.33953857421875,"z":-4.1798095703125,"roomId":5555}
{"type":"gyro","timestamp":1531636318333,"x":-1.94305419921875,"y":-5.139556884765625,"z":-2.5670013427734375,"roomId":5555}
{"type":"accel","timestamp":1531636318345,"x":-0.211700439453125,"y":2.2651519775390625,"z":0.2565460205078125,"roomId":5555}
{"type":"gyro","timestamp":1531636318347,"x":-1.3896331787109375,