{"type":"accel","timestamp":1531636268625,"x":6.4805145263671875,"y":5.5135650634765625,"z":1.4601593017578125,"roomId":5555}
{"type":"gyro","timestamp":1531636268626,"x":-0.123046875,"y":0.9427337646484375,"z":0.2604217529296875,"roomId":5555}
{"type":"accel","timestamp":1531636268643,"x":6.50421142578125,"y":5.2932891845703125,"z":2.6944580078125,"roomId":5555}
{"type":"gyro","timestamp":1531636268645,"x":-0.3327484130859375,"y":1.04547119140625,"z":0.3633880615234375,"roomId":5555}
{"type":"accel","timestamp":1531636268654,"x":6.440460205078125,"y":5.3035430908203125,"z":3.271026611328125,"roomId":5555}
{"type":"gyro","timestamp":1531636268655,"x":-0.3515167236328125,"y":0.7356109619140625,"z":0.2638702392578125,"roomId":5555}
{"type":"accel","timestamp":1531636268673,"x":6.811248779296875,"y":5.354217529296875,"z":3.39971923828125,"roomId":5555}
{"type":"gyro","timestamp":1531636268673,"x":-0.1962738037109375,"y":-0.15203857421875,"z":-0.0965576171875,"roomId":5555}
{"type":"accel","timestamp":1531636268693,"x":6.47369384765625,"y":5.5265655517578125,"z":2.382110595703125,"roomId":5555}
{"type":"gyro","timestamp":1531636268694,"x":-0.021514892578125,"y":-0.4673309326171875,"z":-0.4017486572265625,"roomId":5555}
{"type":"accel","timestamp":1531636268705,"x":6.1851348876953125,"y":5.57763671875,"z":1.9496307373046875,"roomId":5555}
{"type":"gyro","timestamp":1531636268707,"x":-0.0286407470703125,"y":-0.2678985595703125,"z":-0.4107513427734375,"roomId":5555}
{"type":"accel","timestamp":1531636268724,"x":5.8642578125,"y":5.2867279052734375,"z":1.6432037353515625,"roomId":5555}
{"type":"gyro","timestamp":1531636268725,"x":-0.230224609375,"y":0.43524169921875,"z":-0.2116241455078125,"roomId":5555}
{"type":"accel","timestamp":1531636268742,"x":6.0086517333984375,"y":5.1885223388671875,"z":1.897979736328125,"roomId":5555}
{"type":"gyro","timestamp":1531636268743,"x":-0.4836578369140625,"y":0.8886566162109375,"z":0.0478668212890625,"roomId":5555}
{"type":"accel","timestamp":1531636268752,"x":5.9794464111328125,"y":5.168701171875,"z":2.3264312744140625,"roomId":5555}
{"type":"gyro","timestamp":1531636268754,"x":-0.572265625,"y":0.891021728515625,"z":0.122802734375,"roomId":5555}
{"type":"accel","timestamp":1531636268762,"x":5.9057464599609375,"y":5.0033111572265625,"z":2.8516998291015625,"roomId":5555}
{"type":"gyro","timestamp":1531636268763,"x":-0.6277923583984375,"y":0.8093109130859375,"z":0.1301727294921875,"roomId":5555}
{"type":"accel","timestamp":1531636268773,"x":6.386749267578125,"y":4.901458740234375,"z":3.285186767578125,"roomId":5555}
{"type":"gyro","timestamp":1531636268774,"x":-0.625732421875,"y":0.6386566162109375,"z":0.091552734375,"roomId":5555}
{"type":"accel","timestamp":1531636268783,"x":6.801788330078125,"y":4.909759521484375,"z":3.711395263671875,"roomId":5555}
{"type":"gyro","timestamp":1531636268784,"x":-0.5653533935546875,"y":0.4216156005859375,"z":0.0287322998046875,"roomId":5555}
{"type":"gyro","timestamp":1531636268802,"x":-0.3304901123046875,"y":-0.012176513671875,"z":-0.1988983154296875,"roomId":5555}
{"type":"accel","timestamp":1531636268812,"x":6.5258636474609375,"y":5.413299560546875,"z":3.52105712890625,"roomId":5555}
{"type":"gyro","timestamp":1531636268813,"x":-0.22564697265625,"y":-0.1347503662109375,"z":-0.27392578125,"roomId":5555}
{"type":"accel","timestamp":1531636268823,"x":6.24053955078125,"y":5.7379302978515625,"z":3.0265350341796875,"roomId":5555}
{"type":"gyro","timestamp":1531636268824,"x":-0.179840087890625,"y":-0.1291656494140625,"z":-0.2691192626953125,"roomId":5555}
{"type":"accel","timestamp":1531636268841,"x":5.959259033203125,"y":6.2439117431640625,"z":2.32879638671875,"roomId":5555}
{"type":"gyro","timestamp":1531636268841,"x":-0.12548828125,"y":-0.00787353515625,"z":-0.1408538818359375,"roomId":5555}
{"type":"accel","timestamp":1531636268860,"x":6.035858154296875,"y":7.8552703857421875,"z":1.28411865234375,"roomId":5555}
{"type":"gyro","timestamp":1531636268861,"x":0.150115966796875,"y":-0.389251708984375,"z":-0.007904052734375,"roomId":5555}
{"type":"accel","timestamp":1531636268870,"x":5.7617034912109375,"y":8.808807373046875,"z":0.637298583984375,"roomId":5555}
{"type":"gyro","timestamp":1531636268870,"x":0.3595123291015625,"y":-0.709991455078125,"z":-0.011932373046875,"roomId":5555}
{"type":"accel","timestamp":1531636268880,"x":5.4822998046875,"y":9.793548583984375,"z":0.09869384765625,"roomId":5555}
{"type":"gyro","timestamp":1531636268881,"x":0.61236572265625,"y":-1.1475982666015625,"z":-0.04058837890625,"roomId":5555}
{"type":"accel","timestamp":1531636268890,"x":5.5764923095703125,"y":11.053329467773438,"z":-0.7707061767578125,"roomId":5555}
{"type":"accel","timestamp":1531636268900,"x":6.9357147216796875,"y":12.83001708984375,"z":-5.4493255615234375,"roomId":5555}
{"type":"gyro","timestamp":1531636268900,"x":1.071929931640625,"y":-2.478546142578125,"z":-0.321685791015625,"roomId":5555}
{"type":"gyro","timestamp":1531636268910,"x":0.805999755859375,"y":-3.4268035888671875,"z":-0.70196533203125,"roomId":5555}
{"type":"accel","timestamp":1531636268919,"x":1.43450927734375,"y":15.162567138671875,"z":-11.968856811523438,"roomId":5555}
{"type":"gyro","timestamp":1531636268920,"x":0.08251953125,"y":-4.4793853759765625,"z":-0.9629058837890625,"roomId":5555}
{"type":"accel","timestamp":1531636268930,"x":1.902984619140625,"y":14.870223999023438,"z":-11.687469482421875,"roomId":5555}
{"type":"gyro","timestamp":1531636268931,"x":-0.8296051025390625,"y":-5.90826416015625,"z":-1.175018310546875,"roomId":5555}
{"type":"accel","timestamp":1531636268940,"x":4.9532318115234375,"y":14.208526611328125,"z":-9.018722534179688,"roomId":5555}
{"type":"gyro","timestamp":1531636268941,"x":-1.575714111328125,"y":-7.755218505859375,"z":-1.5583953857421875,"roomId":5555}
{"type":"accel","timestamp":1531636268950,"x":7.48199462890625,"y":13.247024536132812,"z":-6.6333770751953125,"roomId":5555}
{"type":"accel","timestamp":1531636268960,"x":8.207321166992188,"y":12.34844970703125,"z":-6.1679229736328125,"roomId":5555}
{"type":"gyro","timestamp":1531636268960,"x":-2.0284423828125,"y":-10.904647827148438,"z":-2.821502685546875,"roomId":5555}
{"type":"accel","timestamp":1531636268970,"x":7.9992828369140625,"y":11.57763671875,"z":-6.57916259765625,"roomId":5555}
{"type":"gyro","timestamp":1531636268971,"x":-2.0967864990234375,"y":-11.72991943359375,"z":-3.4058685302734375,"roomId":5555}
{"type":"accel","timestamp":1531636268980,"x":6.3541717529296875,"y":10.63238525390625,"z":-7.351409912109375,"roomId":5555}
{"type":"gyro","timestamp":1531636268981,"x":-2.3044891357421875,"y":-12.085098266601562,"z":-3.8191375732421875,"roomId":5555}
{"type":"accel","timestamp":1531636268991,"x":4.5146942138671875,"y":9.3465576171875,"z":-8.73828125,"roomId":5555}
{"type":"gyro","timestamp":1531636268991,"x":-2.69647216796875,"y":-12.1151123046875,"z":-3.990509033203125,"roomId":5555}
{"type":"accel","timestamp":1531636269010,"x":5.1748199462890625,"y":6.262115478515625,"z":-9.215606689453125,"roomId":5555}
{"type":"gyro","timestamp":1531636269012,"x":-4.0118408203125,"y":-12.257232666015625,"z":-3.9823760986328125,"roomId":5555}
{"type":"accel","timestamp":1531636269020,"x":6.1229400634765625,"y":4.478515625,"z":-7.31903076171875,"roomId":5555}
{"type":"accel","timestamp":1531636269031,"x":7.297760009765625,"y":2.909393310546875,"z":-5.1280364990234375,"roomId":5555}
{"type":"gyro","timestamp":1531636269031,"x":-5.2224578857421875,"y":-12.484222412109375,"z":-4.2106781005859375,"roomId":5555}
{"type":"gyro","timestamp":1531636269041,"x":-5.4786834716796875,"y":-12.162612915039062,"z":-4.3432769775390625,"roomId":5555}
{"type":"accel","timestamp":1531636269051,"x":9.431137084960938,"y":0.476226806640625,"z":1.1871185302734375,"roomId":5555}
{"type":"gyro","timestamp":1531636269052,"x":-5.431915283203125,"y":-11.383773803710938,"z":-4.4426727294921875,"roomId":5555}
{"type":"accel","timestamp":1531636269070,"x":4.68939208984375,