{"type":"accel","timestamp":1531636308723,"x":6.1915130615234375,"y":6.85723876953125,"z":-0.6767578125,"roomId":5555}
{"type":"gyro","timestamp":1531636308724,"x":-0.02203369140625,"y":0.505950927734375,"z":0.09234619140625,"roomId":5555}
{"type":"accel","timestamp":1531636308734,"x":5.9362640380859375,"y":6.7723541259765625,"z":-0.6849365234375,"roomId":5555}
{"type":"gyro","timestamp":1531636308735,"x":-0.06060791015625,"y":0.4602508544921875,"z":0.046173095703125,"roomId":5555}
{"type":"accel","timestamp":1531636308752,"x":5.6863861083984375,"y":6.9062652587890625,"z":-0.5614166259765625,"roomId":5555}
{"type":"gyro","timestamp":1531636308753,"x":-0.1299896240234375,"y":0.12115478515625,"z":-0.0439453125,"roomId":5555}
{"type":"accel","timestamp":1531636308773,"x":5.898712158203125,"y":6.8495330810546875,"z":0.1921539306640625,"roomId":5555}
{"type":"gyro","timestamp":1531636308774,"x":-0.2239837646484375,"y":-0.2791748046875,"z":-0.1755828857421875,"roomId":5555}
{"type":"accel","timestamp":1531636308783,"x":6.113616943359375,"y":6.797149658203125,"z":0.943115234375,"roomId":5555}
{"type":"gyro","timestamp":1531636308785,"x":-0.2066192626953125,"y":-0.3473663330078125,"z":-0.1986236572265625,"roomId":5555}
{"type":"accel","timestamp":1531636308801,"x":5.8088836669921875,"y":6.8302764892578125,"z":1.14410400390625,"roomId":5555}
{"type":"gyro","timestamp":1531636308803,"x":0.0061492919921875,"y":-0.0954132080078125,"z":-0.1475372314453125,"roomId":5555}
{"type":"accel","timestamp":1531636308811,"x":5.47308349609375,"y":6.65679931640625,"z":0.7654876708984375,"roomId":5555}
{"type":"gyro","timestamp":1531636308820,"x":0.1161651611328125,"y":0.3243865966796875,"z":0.0235748291015625,"roomId":5555}
{"type":"accel","timestamp":1531636308831,"x":5.2245330810546875,"y":6.6027679443359375,"z":-0.200836181640625,"roomId":5555}
{"type":"gyro","timestamp":1531636308832,"x":0.0750274658203125,"y":0.555694580078125,"z":0.0733795166015625,"roomId":5555}
{"type":"accel","timestamp":1531636308850,"x":4.5114288330078125,"y":6.925079345703125,"z":-1.2028656005859375,"roomId":5555}
{"type":"gyro","timestamp":1531636308851,"x":-0.216400146484375,"y":0.7082366943359375,"z":0.0887603759765625,"roomId":5555}
{"type":"accel","timestamp":1531636308861,"x":4.4582672119140625,"y":7.0950469970703125,"z":-1.1769256591796875,"roomId":5555}
{"type":"gyro","timestamp":1531636308862,"x":-0.35260009765625,"y":0.6163330078125,"z":0.0450592041015625,"roomId":5555}
{"type":"accel","timestamp":1531636308871,"x":4.0634765625,"y":7.271209716796875,"z":-1.0652008056640625,"roomId":5555}
{"type":"gyro","timestamp":1531636308872,"x":-0.4486236572265625,"y":0.4882354736328125,"z":-0.046630859375,"roomId":5555}
{"type":"accel","timestamp":1531636308881,"x":3.53070068359375,"y":7.496612548828125,"z":-1.14752197265625,"roomId":5555}
{"type":"gyro","timestamp":1531636308882,"x":-0.5101318359375,"y":0.344268798828125,"z":-0.1345062255859375,"roomId":5555}
{"type":"accel","timestamp":1531636308900,"x":2.3060302734375,"y":8.32647705078125,"z":-1.83135986328125,"roomId":5555}
{"type":"gyro","timestamp":1531636308902,"x":-0.48931884765625,"y":0.0072479248046875,"z":-0.2029266357421875,"roomId":5555}
{"type":"accel","timestamp":1531636308910,"x":1.786865234375,"y":9.076065063476562,"z":-2.18994140625,"roomId":5555}
{"type":"accel","timestamp":1531636308920,"x":1.3297882080078125,"y":9.79058837890625,"z":-2.705902099609375,"roomId":5555}
{"type":"gyro","timestamp":1531636308922,"x":-0.2914276123046875,"y":-0.431732177734375,"z":-0.15875244140625,"roomId":5555}
{"type":"accel","timestamp":1531636308939,"x":0.4639739990234375,"y":11.043350219726562,"z":-3.7061004638671875,"roomId":5555}
{"type":"gyro","timestamp":1531636308939,"x":-0.0091705322265625,"y":-0.9410247802734375,"z":0.0023956298828125,"roomId":5555}
{"type":"accel","timestamp":1531636308949,"x":0.3940277099609375,"y":11.883255004882812,"z":-4.8090057373046875,"roomId":5555}
{"type":"gyro","timestamp":1531636308950,"x":0.1377716064453125,"y":-1.248443603515625,"z":0.154876708984375,"roomId":5555}
{"type":"accel","timestamp":1531636308959,"x":0.551025390625,"y":12.360366821289062,"z":-5.41351318359375,"roomId":5555}
{"type":"gyro","timestamp":1531636308960,"x":0.20709228515625,"y":-1.677947998046875,"z":0.2669830322265625,"roomId":5555}
{"type":"accel","timestamp":1531636308970,"x":1.2727813720703125,"y":12.567184448242188,"z":-5.925537109375,"roomId":5555}
{"type":"accel","timestamp":1531636308980,"x":1.0327911376953125,"y":12.69439697265625,"z":-7.008544921875,"roomId":5555}
{"type":"gyro","timestamp":1531636308981,"x":0.20184326171875,"y":-2.2450714111328125,"z":0.2635040283203125,"roomId":5555}
{"type":"gyro","timestamp":1531636308991,"x":0.0807647705078125,"y":-2.9213104248046875,"z":0.123260498046875,"roomId":5555}
{"type":"accel","timestamp":1531636309000,"x":-0.25836181640625,"y":12.288955688476562,"z":-9.14776611328125,"roomId":5555}
{"type":"gyro","timestamp":1531636309001,"x":-0.24090576171875,"y":-3.749847412109375,"z":-0.0285491943359375,"roomId":5555}
{"type":"accel","timestamp":1531636309011,"x":0.5892181396484375,"y":12.281829833984375,"z":-9.071090698242188,"roomId":5555}
{"type":"gyro","timestamp":1531636309012,"x":-0.7606048583984375,"y":-4.740203857421875,"z":-0.120697021484375,"roomId":5555}
{"type":"accel","timestamp":1531636309029,"x":3.2238922119140625,"y":11.840484619140625,"z":-7.6401824951171875,"roomId":5555}
{"type":"gyro","timestamp":1531636309031,"x":-1.85614013671875,"y":-7.4482574462890625,"z":-0.440032958984375,"roomId":5555}
{"type":"accel","timestamp":1531636309039,"x":4.0283050537109375,"y":11.4560546875,"z":-7.014190673828125,"roomId":5555}
{"type":"accel","timestamp":1531636309049,"x":3.8841094970703125,"y":10.934371948242188,"z":-6.460662841796875,"roomId":5555}
{"type":"gyro","timestamp":1531636309049,"x":-2.3205413818359375,"y":-9.333404541015625,"z":-0.8914337158203125,"roomId":5555}
{"type":"accel","timestamp":1531636309059,"x":2.7921905517578125,"y":9.760696411132812,"z":-6.2448883056640625,"roomId":5555}
{"type":"gyro","timestamp":1531636309061,"x":-2.4326629638671875,"y":-9.614349365234375,"z":-1.0240631103515625,"roomId":5555}
{"type":"accel","timestamp":1531636309080,"x":1.9564666748046875,"y":7.8679656982421875,"z":-5.480621337890625,"roomId":5555}
{"type":"gyro","timestamp":1531636309081,"x":-2.6899871826171875,"y":-9.082809448242188,"z":-0.7960205078125,"roomId":5555}
{"type":"accel","timestamp":1531636309101,"x":4.3785400390625,"y":7.3079071044921875,"z":-3.6952056884765625,"roomId":5555}
{"type":"gyro","timestamp":1531636309103,"x":-3.0252685546875,"y":-8.646987915039062,"z":-0.329132080078125,"roomId":5555}
{"type":"accel","timestamp":1531636309120,"x":7.3626251220703125,"y":5.6251983642578125,"z":-3.2302703857421875,"roomId":5555}
{"type":"gyro","timestamp":1531636309122,"x":-3.1096954345703125,"y":-8.515243530273438,"z":-0.496185302734375,"roomId":5555}
{"type":"accel","timestamp":1531636309131,"x":7.5951080322265625,"y":4.298614501953125,"z":-3.1724700927734375,"roomId":5555}
{"type":"gyro","timestamp":1531636309132,"x":-3.073699951171875,"y":-8.376388549804688,"z":-0.912109375,"roomId":5555}
{"type":"accel","timestamp":1531636309149,"x":7.781341552734375,"y":2.338165283203125,"z":-1.4877166748046875,"roomId":5555}
{"type":"gyro","timestamp":1531636309151,"x":-2.72625732421875,"y":-7.90325927734375,"z":-1.77825927734375,"roomId":5555}
{"type":"accel","timestamp":1531636309159,"x":6.4079132080078125,"y":1.8891754150390625,"z":-0.4220733642578125,"roomId":5555}
{"type":"accel","timestamp":1531636309169,"x":3.2252197265625,"y":1.21490478515625,"z":-0.3315277099609375,"roomId":5555}
{"type":"gyro","timestamp":1531636309170,"x":-1.7056427001953125,"y":-7.3983917236328125,"z":-2.458099365234375,"roomId":5555}
{"type":"gyro","timestamp":1531636309179,"x":-0.9427490234375,"y":-6.751617431640625,"z":-2.5865478515625,"roomId":5555}
{"type":"accel","timestamp":1531636309187,