{"type":"gyro","timestamp":1531636255046,"x":-0.2895050048828125,"y":0.578277587890625,"z":-0.426727294921875,"roomId":5555}
{"type":"accel","timestamp":1531636255055,"x":6.6180267333984375,"y":6.59765625,"z":-0.5553436279296875,"roomId":5555}
{"type":"accel","timestamp":1531636255065,"x":5.6093292236328125,"y":5.7784576416015625,"z":0.7852325439453125,"roomId":5555}
{"type":"gyro","timestamp":1531636255066,"x":-0.6403045654296875,"y":0.667388916015625,"z":-0.5064239501953125,"roomId":5555}
{"type":"accel","timestamp":1531636255075,"x":5.0106964111328125,"y":5.1957244873046875,"z":1.8529510498046875,"roomId":5555}
{"type":"gyro","timestamp":1531636255076,"x":-0.6213836669921875,"y":0.651397705078125,"z":-0.3716888427734375,"roomId":5555}
{"type":"accel","timestamp":1531636255094,"x":5.1619415283203125,"y":5.6963958740234375,"z":2.3831024169921875,"roomId":5555}
{"type":"gyro","timestamp":1531636255095,"x":-0.4666290283203125,"y":0.5565338134765625,"z":-0.047332763671875,"roomId":5555}
{"type":"accel","timestamp":1531636255104,"x":5.48724365234375,"y":6.1627044677734375,"z":2.38177490234375,"roomId":5555}
{"type":"gyro","timestamp":1531636255105,"x":-0.41094970703125,"y":0.414642333984375,"z":0.0184783935546875,"roomId":5555}
{"type":"accel","timestamp":1531636255114,"x":5.6620330810546875,"y":6.531585693359375,"z":2.3814544677734375,"roomId":5555}
{"type":"gyro","timestamp":1531636255115,"x":-0.3636016845703125,"y":0.2293548583984375,"z":0.005096435546875,"roomId":5555}
{"type":"accel","timestamp":1531636255125,"x":5.65673828125,"y":6.6729888916015625,"z":2.394866943359375,"roomId":5555}
{"type":"gyro","timestamp":1531636255126,"x":-0.308197021484375,"y":0.060760498046875,"z":-0.0434417724609375,"roomId":5555}
{"type":"accel","timestamp":1531636255144,"x":5.7694091796875,"y":6.6985321044921875,"z":2.1310272216796875,"roomId":5555}
{"type":"gyro","timestamp":1531636255145,"x":-0.1762542724609375,"y":-0.1820220947265625,"z":-0.0947723388671875,"roomId":5555}
{"type":"accel","timestamp":1531636255154,"x":6.0718231201171875,"y":6.8188934326171875,"z":1.8993072509765625,"roomId":5555}
{"type":"gyro","timestamp":1531636255155,"x":-0.127044677734375,"y":-0.293060302734375,"z":-0.0923919677734375,"roomId":5555}
{"type":"accel","timestamp":1531636255164,"x":6.383026123046875,"y":7.0615692138671875,"z":2.1053009033203125,"roomId":5555}
{"type":"accel","timestamp":1531636255174,"x":6.4671478271484375,"y":7.677093505859375,"z":2.2771148681640625,"roomId":5555}
{"type":"gyro","timestamp":1531636255175,"x":0.0791473388671875,"y":-0.710174560546875,"z":-0.120025634765625,"roomId":5555}
{"type":"accel","timestamp":1531636255184,"x":6.400390625,"y":8.712478637695312,"z":1.6480255126953125,"roomId":5555}
{"type":"gyro","timestamp":1531636255185,"x":0.291717529296875,"y":-1.014404296875,"z":-0.1542205810546875,"roomId":5555}
{"type":"accel","timestamp":1531636255194,"x":6.705322265625,"y":10.021286010742188,"z":0.3835601806640625,"roomId":5555}
{"type":"gyro","timestamp":1531636255195,"x":0.465667724609375,"y":-1.31494140625,"z":-0.224578857421875,"roomId":5555}
{"type":"accel","timestamp":1531636255204,"x":6.8961944580078125,"y":10.995346069335938,"z":-0.8243255615234375,"roomId":5555}
{"type":"gyro","timestamp":1531636255205,"x":0.5240325927734375,"y":-1.5991668701171875,"z":-0.36138916015625,"roomId":5555}
{"type":"accel","timestamp":1531636255214,"x":6.3336639404296875,"y":11.35589599609375,"z":-1.701507568359375,"roomId":5555}
{"type":"gyro","timestamp":1531636255215,"x":0.4792633056640625,"y":-1.8811798095703125,"z":-0.5244598388671875,"roomId":5555}
{"type":"accel","timestamp":1531636255225,"x":5.52313232421875,"y":11.293975830078125,"z":-2.2247467041015625,"roomId":5555}
{"type":"gyro","timestamp":1531636255226,"x":0.37005615234375,"y":-2.17913818359375,"z":-0.63818359375,"roomId":5555}
{"type":"accel","timestamp":1531636255243,"x":6.1514892578125,"y":11.487991333007812,"z":-2.796875,"roomId":5555}
{"type":"gyro","timestamp":1531636255244,"x":0.05621337890625,"y":-2.77886962890625,"z":-0.757080078125,"roomId":5555}
{"type":"accel","timestamp":1531636255254,"x":6.536285400390625,"y":11.645767211914062,"z":-2.8984832763671875,"roomId":5555}
{"type":"gyro","timestamp":1531636255255,"x":-0.1458892822265625,"y":-3.067535400390625,"z":-0.868377685546875,"roomId":5555}
{"type":"accel","timestamp":1531636255273,"x":6.9958038330078125,"y":11.119308471679688,"z":-4.1065826416015625,"roomId":5555}
{"type":"gyro","timestamp":1531636255274,"x":-0.6941070556640625,"y":-3.665985107421875,"z":-1.168304443359375,"roomId":5555}
{"type":"accel","timestamp":1531636255284,"x":7.380767822265625,"y":10.8258056640625,"z":-4.33685302734375,"roomId":5555}
{"type":"gyro","timestamp":1531636255286,"x":-1.069915771484375,"y":-4.3336639404296875,"z":-1.42535400390625,"roomId":5555}
{"type":"accel","timestamp":1531636255295,"x":7.9572601318359375,"y":10.346954345703125,"z":-3.8198089599609375,"roomId":5555}
{"type":"gyro","timestamp":1531636255296,"x":-1.4342498779296875,"y":-5.365509033203125,"z":-1.811431884765625,"roomId":5555}
{"type":"accel","timestamp":1531636255313,"x":9.8189697265625,"y":9.051345825195312,"z":-1.63714599609375,"roomId":5555}
{"type":"gyro","timestamp":1531636255314,"x":-1.866424560546875,"y":-7.6299896240234375,"z":-2.876922607421875,"roomId":5555}
{"type":"accel","timestamp":1531636255325,"x":9.550338745117188,"y":8.648239135742188,"z":-0.5358123779296875,"roomId":5555}
{"type":"gyro","timestamp":1531636255326,"x":-1.925628662109375,"y":-8.3719482421875,"z":-3.3863525390625,"roomId":5555}
{"type":"accel","timestamp":1531636255343,"x":6.8915252685546875,"y":7.5065460205078125,"z":-0.2923126220703125,"roomId":5555}
{"type":"gyro","timestamp":1531636255344,"x":-1.93603515625,"y":-8.539230346679688,"z":-3.6596221923828125,"roomId":5555}
{"type":"accel","timestamp":1531636255362,"x":6.428924560546875,"y":6.007843017578125,"z":-2.2272796630859375,"roomId":5555}
{"type":"gyro","timestamp":1531636255364,"x":-2.1564178466796875,"y":-7.8605499267578125,"z":-3.2643280029296875,"roomId":5555}
{"type":"accel","timestamp":1531636255374,"x":6.6208038330078125,"y":5.55303955078125,"z":-2.3239898681640625,"roomId":5555}
{"type":"gyro","timestamp":1531636255376,"x":-2.380889892578125,"y":-7.76177978515625,"z":-3.1946868896484375,"roomId":5555}
{"type":"accel","timestamp":1531636255392,"x":6.8216400146484375,"y":5.1755523681640625,"z":-0.6890411376953125,"roomId":5555}
{"type":"gyro","timestamp":1531636255393,"x":-2.759246826171875,"y":-8.000717163085938,"z":-3.37689208984375,"roomId":5555}
{"type":"accel","timestamp":1531636255403,"x":7.1760101318359375,"y":5.2509002685546875,"z":0.7424468994140625,"roomId":5555}
{"type":"gyro","timestamp":1531636255404,"x":-2.7755584716796875,"y":-8.188003540039062,"z":-3.5201263427734375,"roomId":5555}
{"type":"accel","timestamp":1531636255423,"x":5.9228668212890625,"y":5.6850738525390625,"z":1.0072174072265625,"roomId":5555}
{"type":"gyro","timestamp":1531636255424,"x":-2.397552490234375,"y":-7.94976806640625,"z":-3.5615997314453125,"roomId":5555}
{"type":"accel","timestamp":1531636255434,"x":4.6529541015625,"y":5.56793212890625,"z":-0.2938232421875,"roomId":5555}
{"type":"gyro","timestamp":1531636255435,"x":-2.216461181640625,"y":-7.4057464599609375,"z":-3.390228271484375,"roomId":5555}
{"type":"accel","timestamp":1531636255453,"x":4.3699798583984375,"y":5.02496337890625,"z":-2.31024169921875,"roomId":5555}
{"type":"gyro","timestamp":1531636255454,"x":-2.1474456787109375,"y":-6.08306884765625,"z":-2.872833251953125,"roomId":5555}
{"type":"accel","timestamp":1531636255464,"x":5.3351287841796875,"y":4.8066253662109375,"z":-2.6058349609375,"roomId":5555}
{"type":"gyro","timestamp":1531636255465,"x":-2.180999755859375,"y":-5.630157470703125,"z":-2.748779296875,"roomId":5555}
{"type":"accel","timestamp":1531636255485,"x":5.6669158935546875,"y":4.658538818359375,"z":-0.3150787353515625,"roomId":5555}
{"type":"gyro","timestamp":1531636255487,