{"type":"accel","timestamp":1531636184999,"x":-4.6121368408203125,"y":8.464187622070312,"z":-2.7970733642578125,"roomId":5555}
{"type":"gyro","timestamp":1531636185000,"x":-0.2963409423828125,"y":0.5910186767578125,"z":0.13629150390625,"roomId":5555}
{"type":"accel","timestamp":1531636185009,"x":-3.4993743896484375,"y":8.521820068359375,"z":-2.289703369140625,"roomId":5555}
{"type":"accel","timestamp":1531636185019,"x":-2.2440338134765625,"y":8.639251708984375,"z":-1.9476776123046875,"roomId":5555}
{"type":"gyro","timestamp":1531636185019,"x":-0.1904449462890625,"y":0.622222900390625,"z":0.432525634765625,"roomId":5555}
{"type":"accel","timestamp":1531636185029,"x":-1.4112396240234375,"y":8.761077880859375,"z":-1.8797454833984375,"roomId":5555}
{"type":"gyro","timestamp":1531636185029,"x":-0.127777099609375,"y":0.612335205078125,"z":0.420379638671875,"roomId":5555}
{"type":"accel","timestamp":1531636185039,"x":-1.030548095703125,"y":8.797607421875,"z":-1.8347015380859375,"roomId":5555}
{"type":"gyro","timestamp":1531636185039,"x":-0.0991973876953125,"y":0.594635009765625,"z":0.3374481201171875,"roomId":5555}
{"type":"accel","timestamp":1531636185049,"x":-0.947357177734375,"y":8.710174560546875,"z":-1.5827484130859375,"roomId":5555}
{"type":"gyro","timestamp":1531636185049,"x":-0.1136474609375,"y":0.544281005859375,"z":0.2217254638671875,"roomId":5555}
{"type":"accel","timestamp":1531636185059,"x":-1.1950531005859375,"y":8.555831909179688,"z":-1.0838470458984375,"roomId":5555}
{"type":"gyro","timestamp":1531636185059,"x":-0.1521759033203125,"y":0.49212646484375,"z":0.1131439208984375,"roomId":5555}
{"type":"accel","timestamp":1531636185069,"x":-1.3887786865234375,"y":8.453826904296875,"z":-0.3669586181640625,"roomId":5555}
{"type":"gyro","timestamp":1531636185069,"x":-0.178192138671875,"y":0.42706298828125,"z":0.0410614013671875,"roomId":5555}
{"type":"accel","timestamp":1531636185079,"x":-1.5804290771484375,"y":8.450775146484375,"z":0.5156707763671875,"roomId":5555}
{"type":"gyro","timestamp":1531636185080,"x":-0.15655517578125,"y":0.2901153564453125,"z":-0.0070037841796875,"roomId":5555}
{"type":"accel","timestamp":1531636185089,"x":-1.7916717529296875,"y":8.425048828125,"z":1.1778717041015625,"roomId":5555}
{"type":"gyro","timestamp":1531636185090,"x":-0.0619354248046875,"y":0.1183929443359375,"z":-0.0320587158203125,"roomId":5555}
{"type":"accel","timestamp":1531636185099,"x":-1.8408355712890625,"y":8.420196533203125,"z":1.31036376953125,"roomId":5555}
{"type":"gyro","timestamp":1531636185101,"x":0.0869598388671875,"y":-0.0075225830078125,"z":-0.019805908203125,"roomId":5555}
{"type":"accel","timestamp":1531636185110,"x":-1.7602691650390625,"y":8.4466552734375,"z":0.9056396484375,"roomId":5555}
{"type":"gyro","timestamp":1531636185111,"x":0.2336273193359375,"y":-0.06732177734375,"z":0.010284423828125,"roomId":5555}
{"type":"accel","timestamp":1531636185120,"x":-2.058990478515625,"y":8.245895385742188,"z":-0.6983184814453125,"roomId":5555}
{"type":"gyro","timestamp":1531636185121,"x":0.3126068115234375,"y":-0.0779266357421875,"z":0.0314483642578125,"roomId":5555}
{"type":"accel","timestamp":1531636185139,"x":-1.946044921875,"y":8.300323486328125,"z":-0.367828369140625,"roomId":5555}
{"type":"gyro","timestamp":1531636185139,"x":0.167449951171875,"y":0.0402069091796875,"z":0.1006317138671875,"roomId":5555}
{"type":"accel","timestamp":1531636185149,"x":-2.224578857421875,"y":8.006332397460938,"z":-0.5401611328125,"roomId":5555}
{"type":"gyro","timestamp":1531636185151,"x":0.1790924072265625,"y":0.119171142578125,"z":0.1080474853515625,"roomId":5555}
{"type":"accel","timestamp":1531636185159,"x":-2.299407958984375,"y":8.053436279296875,"z":-0.5550994873046875,"roomId":5555}
{"type":"accel","timestamp":1531636185169,"x":-2.209625244140625,"y":8.0994873046875,"z":-0.2952423095703125,"roomId":5555}
{"type":"gyro","timestamp":1531636185171,"x":0.098236083984375,"y":0.1788177490234375,"z":0.1268768310546875,"roomId":5555}
{"type":"accel","timestamp":1531636185179,"x":-2.294647216796875,"y":8.064407348632812,"z":-0.38519287109375,"roomId":5555}
{"type":"accel","timestamp":1531636185189,"x":-2.8263702392578125,"y":7.9537811279296875,"z":-0.6187744140625,"roomId":5555}
{"type":"gyro","timestamp":1531636185190,"x":0.0781402587890625,"y":0.18994140625,"z":0.0609893798828125,"roomId":5555}
{"type":"accel","timestamp":1531636185199,"x":-3.66009521484375,"y":7.7938385009765625,"z":-0.7462615966796875,"roomId":5555}
{"type":"gyro","timestamp":1531636185200,"x":0.05706787109375,"y":0.2334136962890625,"z":0.0578765869140625,"roomId":5555}
{"type":"gyro","timestamp":1531636185210,"x":0.0401153564453125,"y":0.30816650390625,"z":0.0939483642578125,"roomId":5555}
{"type":"accel","timestamp":1531636185217,"x":-5.68206787109375,"y":7.5949859619140625,"z":-1.363739013671875,"roomId":5555}
{"type":"accel","timestamp":1531636185228,"x":-6.617950439453125,"y":7.57757568359375,"z":-2.0166473388671875,"roomId":5555}
{"type":"gyro","timestamp":1531636185229,"x":0.0269622802734375,"y":0.338287353515625,"z":0.2460174560546875,"roomId":5555}
{"type":"accel","timestamp":1531636185238,"x":-7.00653076171875,"y":7.7608642578125,"z":-2.8828125,"roomId":5555}
{"type":"gyro","timestamp":1531636185239,"x":0.009979248046875,"y":0.2262420654296875,"z":0.322784423828125,"roomId":5555}
{"type":"accel","timestamp":1531636185248,"x":-7.4352569580078125,"y":7.957672119140625,"z":-4.162322998046875,"roomId":5555}
{"type":"gyro","timestamp":1531636185249,"x":-0.03759765625,"y":-0.00775146484375,"z":0.338470458984375,"roomId":5555}
{"type":"accel","timestamp":1531636185259,"x":-7.669921875,"y":7.90863037109375,"z":-5.113800048828125,"roomId":5555}
{"type":"gyro","timestamp":1531636185260,"x":-0.1661224365234375,"y":-0.3799285888671875,"z":0.299163818359375,"roomId":5555}
{"type":"accel","timestamp":1531636185277,"x":-7.1579132080078125,"y":7.819549560546875,"z":-4.8763885498046875,"roomId":5555}
{"type":"gyro","timestamp":1531636185278,"x":-0.4918060302734375,"y":-1.4564666748046875,"z":0.038726806640625,"roomId":5555}
{"type":"accel","timestamp":1531636185287,"x":-6.8859100341796875,"y":7.7913055419921875,"z":-4.28302001953125,"roomId":5555}
{"type":"accel","timestamp":1531636185297,"x":-6.8767242431640625,"y":7.641326904296875,"z":-3.36944580078125,"roomId":5555}
{"type":"gyro","timestamp":1531636185298,"x":-0.63751220703125,"y":-2.6676025390625,"z":-0.4777984619140625,"roomId":5555}
{"type":"accel","timestamp":1531636185308,"x":-6.9988555908203125,"y":7.2970733642578125,"z":-2.2143402099609375,"roomId":5555}
{"type":"gyro","timestamp":1531636185309,"x":-0.6085052490234375,"y":-3.285919189453125,"z":-0.7448883056640625,"roomId":5555}
{"type":"accel","timestamp":1531636185318,"x":-7.355499267578125,"y":6.8337554931640625,"z":-1.1908416748046875,"roomId":5555}
{"type":"accel","timestamp":1531636185329,"x":-7.73486328125,"y":6.41937255859375,"z":-0.535125732421875,"roomId":5555}
{"type":"gyro","timestamp":1531636185330,"x":-0.3727569580078125,"y":-4.3185577392578125,"z":-1.1102447509765625,"roomId":5555}
{"type":"accel","timestamp":1531636185339,"x":-8.031051635742188,"y":6.15020751953125,"z":-0.319305419921875,"roomId":5555}
{"type":"gyro","timestamp":1531636185341,"x":-0.237060546875,"y":-4.6771392822265625,"z":-1.1876220703125,"roomId":5555}
{"type":"accel","timestamp":1531636185359,"x":-8.380035400390625,"y":5.8317413330078125,"z":0.1687469482421875,"roomId":5555}
{"type":"gyro","timestamp":1531636185360,"x":-0.042572021484375,"y":-5.2577056884765625,"z":-1.2074737548828125,"roomId":5555}
{"type":"accel","timestamp":1531636185379,"x":-7.9772186279296875,"y":5.522064208984375,"z":1.014190673828125,"roomId":5555}
{"type":"gyro","timestamp":1531636185380,"x":0.1043701171875,"y":-5.6016082763671875,"z":-1.0833282470703125,"roomId":5555}
{"type":"accel","timestamp":1531636185398,"x":-8.106918334960938,"y":4.8807525634765625,"z":1.484344482421875,"roomId":5555}
{"type":"gyro","timestamp":1531636185398,