{"type":"accel","timestamp":1531636289591,"x":5.028228759765625,"y":7.2724761962890625,"z":0.906280517578125,"roomId":5555}
{"type":"gyro","timestamp":1531636289593,"x":-0.2733001708984375,"y":0.3763275146484375,"z":0.1376953125,"roomId":5555}
{"type":"accel","timestamp":1531636289601,"x":5.2200927734375,"y":6.99273681640625,"z":1.0124053955078125,"roomId":5555}
{"type":"accel","timestamp":1531636289611,"x":5.3383941650390625,"y":6.9151763916015625,"z":1.1533355712890625,"roomId":5555}
{"type":"gyro","timestamp":1531636289611,"x":-0.0860137939453125,"y":0.0199127197265625,"z":0.0611114501953125,"roomId":5555}
{"type":"accel","timestamp":1531636289621,"x":5.4583740234375,"y":6.9727783203125,"z":1.275054931640625,"roomId":5555}
{"type":"gyro","timestamp":1531636289623,"x":-0.0177764892578125,"y":-0.213104248046875,"z":-0.024871826171875,"roomId":5555}
{"type":"accel","timestamp":1531636289640,"x":5.1253662109375,"y":7.007904052734375,"z":0.9344329833984375,"roomId":5555}
{"type":"gyro","timestamp":1531636289641,"x":0.028717041015625,"y":-0.3757171630859375,"z":-0.1806488037109375,"roomId":5555}
{"type":"accel","timestamp":1531636289651,"x":4.6446990966796875,"y":6.62420654296875,"z":0.09686279296875,"roomId":5555}
{"type":"gyro","timestamp":1531636289653,"x":-0.001190185546875,"y":-0.2757415771484375,"z":-0.1664276123046875,"roomId":5555}
{"type":"accel","timestamp":1531636289671,"x":4.5496063232421875,"y":6.74334716796875,"z":1.193145751953125,"roomId":5555}
{"type":"gyro","timestamp":1531636289672,"x":-0.17779541015625,"y":0.144134521484375,"z":0.0229339599609375,"roomId":5555}
{"type":"accel","timestamp":1531636289681,"x":4.4904937744140625,"y":6.712921142578125,"z":1.0888824462890625,"roomId":5555}
{"type":"gyro","timestamp":1531636289683,"x":-0.156219482421875,"y":0.35150146484375,"z":0.1090850830078125,"roomId":5555}
{"type":"accel","timestamp":1531636289700,"x":4.7453460693359375,"y":6.757568359375,"z":0.7364349365234375,"roomId":5555}
{"type":"gyro","timestamp":1531636289700,"x":-0.14862060546875,"y":0.6106719970703125,"z":0.2274932861328125,"roomId":5555}
{"type":"accel","timestamp":1531636289710,"x":4.8395843505859375,"y":6.948333740234375,"z":0.569061279296875,"roomId":5555}
{"type":"gyro","timestamp":1531636289711,"x":-0.122222900390625,"y":0.5190277099609375,"z":0.223907470703125,"roomId":5555}
{"type":"accel","timestamp":1531636289720,"x":4.8142242431640625,"y":7.1940155029296875,"z":0.42132568359375,"roomId":5555}
{"type":"gyro","timestamp":1531636289722,"x":-0.0893707275390625,"y":0.318023681640625,"z":0.1622314453125,"roomId":5555}
{"type":"accel","timestamp":1531636289730,"x":4.601287841796875,"y":7.412506103515625,"z":0.2950286865234375,"roomId":5555}
{"type":"accel","timestamp":1531636289741,"x":4.126251220703125,"y":7.62786865234375,"z":0.085784912109375,"roomId":5555}
{"type":"gyro","timestamp":1531636289742,"x":-0.0428314208984375,"y":-0.19415283203125,"z":-0.0632171630859375,"roomId":5555}
{"type":"accel","timestamp":1531636289762,"x":3.2129669189453125,"y":8.5225830078125,"z":-0.342926025390625,"roomId":5555}
{"type":"gyro","timestamp":1531636289764,"x":0.0209808349609375,"y":-0.6493988037109375,"z":-0.201507568359375,"roomId":5555}
{"type":"accel","timestamp":1531636289780,"x":1.699920654296875,"y":9.72552490234375,"z":-1.3430633544921875,"roomId":5555}
{"type":"gyro","timestamp":1531636289782,"x":0.17279052734375,"y":-1.0425567626953125,"z":-0.2121124267578125,"roomId":5555}
{"type":"accel","timestamp":1531636289799,"x":0.528533935546875,"y":10.487075805664062,"z":-2.2185516357421875,"roomId":5555}
{"type":"gyro","timestamp":1531636289801,"x":0.392425537109375,"y":-1.58538818359375,"z":-0.1606903076171875,"roomId":5555}
{"type":"accel","timestamp":1531636289810,"x":0.2177276611328125,"y":10.876922607421875,"z":-2.99859619140625,"roomId":5555}
{"type":"gyro","timestamp":1531636289811,"x":0.5161895751953125,"y":-1.93450927734375,"z":-0.1080780029296875,"roomId":5555}
{"type":"accel","timestamp":1531636289820,"x":0.3798828125,"y":11.08172607421875,"z":-4.2248992919921875,"roomId":5555}
{"type":"gyro","timestamp":1531636289829,"x":0.6115875244140625,"y":-2.3307342529296875,"z":-0.0513153076171875,"roomId":5555}
{"type":"accel","timestamp":1531636289839,"x":0.8104400634765625,"y":11.831649780273438,"z":-6.40606689453125,"roomId":5555}
{"type":"gyro","timestamp":1531636289840,"x":0.6282958984375,"y":-2.79290771484375,"z":-0.0605316162109375,"roomId":5555}
{"type":"accel","timestamp":1531636289849,"x":-0.4461212158203125,"y":12.087600708007812,"z":-7.6350555419921875,"roomId":5555}
{"type":"gyro","timestamp":1531636289850,"x":0.52764892578125,"y":-3.338287353515625,"z":-0.2081451416015625,"roomId":5555}
{"type":"accel","timestamp":1531636289859,"x":-1.0660247802734375,"y":12.045089721679688,"z":-8.007675170898438,"roomId":5555}
{"type":"gyro","timestamp":1531636289860,"x":0.2350616455078125,"y":-3.98065185546875,"z":-0.4390869140625,"roomId":5555}
{"type":"accel","timestamp":1531636289878,"x":-0.1063690185546875,"y":11.232940673828125,"z":-6.2102203369140625,"roomId":5555}
{"type":"gyro","timestamp":1531636289878,"x":-0.73095703125,"y":-5.7181549072265625,"z":-0.827911376953125,"roomId":5555}
{"type":"accel","timestamp":1531636289888,"x":0.39764404296875,"y":10.66021728515625,"z":-4.9550933837890625,"roomId":5555}
{"type":"gyro","timestamp":1531636289889,"x":-1.0768280029296875,"y":-6.5656585693359375,"z":-1.0129852294921875,"roomId":5555}
{"type":"accel","timestamp":1531636289898,"x":0.8333587646484375,"y":9.938095092773438,"z":-4.4755859375,"roomId":5555}
{"type":"gyro","timestamp":1531636289899,"x":-1.2487945556640625,"y":-7.1536865234375,"z":-1.1225738525390625,"roomId":5555}
{"type":"accel","timestamp":1531636289908,"x":0.995849609375,"y":9.318527221679688,"z":-4.9402313232421875,"roomId":5555}
{"type":"gyro","timestamp":1531636289909,"x":-1.26556396484375,"y":-7.35223388671875,"z":-1.082275390625,"roomId":5555}
{"type":"accel","timestamp":1531636289928,"x":1.3326568603515625,"y":7.92559814453125,"z":-6.3113555908203125,"roomId":5555}
{"type":"gyro","timestamp":1531636289929,"x":-1.239349365234375,"y":-6.891387939453125,"z":-0.6297454833984375,"roomId":5555}
{"type":"accel","timestamp":1531636289939,"x":2.5375518798828125,"y":7.12872314453125,"z":-6.8670501708984375,"roomId":5555}
{"type":"gyro","timestamp":1531636289941,"x":-1.3843536376953125,"y":-6.4654541015625,"z":-0.3016510009765625,"roomId":5555}
{"type":"accel","timestamp":1531636289958,"x":6.1191253662109375,"y":7.204345703125,"z":-6.050018310546875,"roomId":5555}
{"type":"gyro","timestamp":1531636289960,"x":-1.92388916015625,"y":-6.024749755859375,"z":0.1262359619140625,"roomId":5555}
{"type":"accel","timestamp":1531636289969,"x":6.297119140625,"y":7.2688140869140625,"z":-5.08685302734375,"roomId":5555}
{"type":"gyro","timestamp":1531636289971,"x":-2.1669769287109375,"y":-6.1387939453125,"z":0.006256103515625,"roomId":5555}
{"type":"accel","timestamp":1531636289989,"x":4.3160552978515625,"y":5.601959228515625,"z":-4.11663818359375,"roomId":5555}
{"type":"gyro","timestamp":1531636289991,"x":-2.2781829833984375,"y":-6.36053466796875,"z":-0.4806060791015625,"roomId":5555}
{"type":"accel","timestamp":1531636290001,"x":5.466094970703125,"y":5.1352691650390625,"z":-4.263031005859375,"roomId":5555}
{"type":"gyro","timestamp":1531636290003,"x":-2.1588592529296875,"y":-6.3514251708984375,"z":-0.5054168701171875,"roomId":5555}
{"type":"accel","timestamp":1531636290019,"x":8.639999389648438,"y":6.011077880859375,"z":-6.5023040771484375,"roomId":5555}
{"type":"gyro","timestamp":1531636290020,"x":-1.6940460205078125,"y":-6.21240234375,"z":-0.326141357421875,"roomId":5555}
{"type":"accel","timestamp":1531636290029,"x":9.830978393554688,"y":6.5885467529296875,"z":-6.950164794921875,"roomId":5555}
{"type":"gyro","timestamp":1531636290031,"x":-1.4593963623046875,"y":-6.0445404052734375,"z":-0.4075469970703125,"roomId":5555}
{"type":"accel","timestamp":1531636290041,