{"type":"accel","timestamp":1531636202453,"x":1.2698211669921875,"y":7.7991180419921875,"z":0.3422698974609375,"roomId":5555}
{"type":"gyro","timestamp":1531636202454,"x":-0.002655029296875,"y":-0.0433807373046875,"z":0.4357757568359375,"roomId":5555}
{"type":"accel","timestamp":1531636202463,"x":2.3963165283203125,"y":7.9495849609375,"z":-0.6688232421875,"roomId":5555}
{"type":"gyro","timestamp":1531636202464,"x":0.0440673828125,"y":-0.126434326171875,"z":0.304931640625,"roomId":5555}
{"type":"accel","timestamp":1531636202482,"x":1.760589599609375,"y":7.7985687255859375,"z":-0.5487213134765625,"roomId":5555}
{"type":"gyro","timestamp":1531636202484,"x":-0.1413116455078125,"y":-0.0646820068359375,"z":0.023773193359375,"roomId":5555}
{"type":"accel","timestamp":1531636202492,"x":1.275390625,"y":7.832733154296875,"z":-0.097900390625,"roomId":5555}
{"type":"accel","timestamp":1531636202503,"x":1.021240234375,"y":7.8810272216796875,"z":0.1407928466796875,"roomId":5555}
{"type":"gyro","timestamp":1531636202503,"x":-0.20697021484375,"y":0.053466796875,"z":-0.0015869140625,"roomId":5555}
{"type":"accel","timestamp":1531636202521,"x":0.412200927734375,"y":7.91302490234375,"z":0.779296875,"roomId":5555}
{"type":"gyro","timestamp":1531636202524,"x":-0.174407958984375,"y":0.1231842041015625,"z":0.051177978515625,"roomId":5555}
{"type":"accel","timestamp":1531636202532,"x":0.012725830078125,"y":7.80706787109375,"z":0.8257598876953125,"roomId":5555}
{"type":"gyro","timestamp":1531636202534,"x":-0.1393585205078125,"y":0.234161376953125,"z":0.137908935546875,"roomId":5555}
{"type":"accel","timestamp":1531636202552,"x":0.5263824462890625,"y":8.075210571289062,"z":0.5305328369140625,"roomId":5555}
{"type":"gyro","timestamp":1531636202553,"x":-0.1047515869140625,"y":0.4159393310546875,"z":0.3250579833984375,"roomId":5555}
{"type":"accel","timestamp":1531636202562,"x":0.8678131103515625,"y":8.309600830078125,"z":-0.05389404296875,"roomId":5555}
{"type":"gyro","timestamp":1531636202563,"x":-0.072174072265625,"y":0.3228912353515625,"z":0.289215087890625,"roomId":5555}
{"type":"accel","timestamp":1531636202572,"x":1.1251983642578125,"y":8.4072265625,"z":-0.571380615234375,"roomId":5555}
{"type":"gyro","timestamp":1531636202575,"x":-0.0450897216796875,"y":0.100738525390625,"z":0.1540679931640625,"roomId":5555}
{"type":"accel","timestamp":1531636202583,"x":0.8907012939453125,"y":8.34527587890625,"z":-0.7174835205078125,"roomId":5555}
{"type":"gyro","timestamp":1531636202585,"x":-0.045806884765625,"y":-0.1543426513671875,"z":-0.030670166015625,"roomId":5555}
{"type":"accel","timestamp":1531636202602,"x":-0.108428955078125,"y":8.582000732421875,"z":-1.41259765625,"roomId":5555}
{"type":"gyro","timestamp":1531636202603,"x":-0.0647125244140625,"y":-0.4710845947265625,"z":-0.32635498046875,"roomId":5555}
{"type":"accel","timestamp":1531636202622,"x":-0.7364044189453125,"y":9.0089111328125,"z":-2.3541259765625,"roomId":5555}
{"type":"gyro","timestamp":1531636202623,"x":-0.096649169921875,"y":-0.6587066650390625,"z":-0.440155029296875,"roomId":5555}
{"type":"accel","timestamp":1531636202632,"x":-0.536529541015625,"y":9.611663818359375,"z":-3.0153961181640625,"roomId":5555}
{"type":"gyro","timestamp":1531636202633,"x":-0.1381988525390625,"y":-0.959930419921875,"z":-0.5686492919921875,"roomId":5555}
{"type":"accel","timestamp":1531636202651,"x":-2.5588531494140625,"y":10.450469970703125,"z":-5.03729248046875,"roomId":5555}
{"type":"gyro","timestamp":1531636202652,"x":-0.1528167724609375,"y":-2.12646484375,"z":-1.1330718994140625,"roomId":5555}
{"type":"accel","timestamp":1531636202670,"x":-6.3590087890625,"y":9.218063354492188,"z":-4.11138916015625,"roomId":5555}
{"type":"gyro","timestamp":1531636202671,"x":-0.2490692138671875,"y":-3.9843902587890625,"z":-2.0595855712890625,"roomId":5555}
{"type":"accel","timestamp":1531636202681,"x":-8.822845458984375,"y":8.545547485351562,"z":-3.6153564453125,"roomId":5555}
{"type":"gyro","timestamp":1531636202682,"x":-0.3918304443359375,"y":-4.7683563232421875,"z":-2.34625244140625,"roomId":5555}
{"type":"accel","timestamp":1531636202691,"x":-10.038787841796875,"y":8.2572021484375,"z":-3.3057098388671875,"roomId":5555}
{"type":"gyro","timestamp":1531636202692,"x":-0.5113983154296875,"y":-5.3008270263671875,"z":-2.470672607421875,"roomId":5555}
{"type":"accel","timestamp":1531636202701,"x":-9.564132690429688,"y":8.433944702148438,"z":-2.3666534423828125,"roomId":5555}
{"type":"gyro","timestamp":1531636202702,"x":-0.6060791015625,"y":-5.80389404296875,"z":-2.40545654296875,"roomId":5555}
{"type":"accel","timestamp":1531636202719,"x":-6.8244476318359375,"y":8.565444946289062,"z":2.2946319580078125,"roomId":5555}
{"type":"gyro","timestamp":1531636202720,"x":-0.85235595703125,"y":-6.6070709228515625,"z":-2.1630096435546875,"roomId":5555}
{"type":"accel","timestamp":1531636202731,"x":-6.4859619140625,"y":8.119125366210938,"z":4.330657958984375,"roomId":5555}
{"type":"gyro","timestamp":1531636202733,"x":-0.9049072265625,"y":-6.5646209716796875,"z":-2.151824951171875,"roomId":5555}
{"type":"accel","timestamp":1531636202751,"x":-6.0821685791015625,"y":7.501190185546875,"z":6.785064697265625,"roomId":5555}
{"type":"gyro","timestamp":1531636202752,"x":-0.7006683349609375,"y":-5.8575439453125,"z":-2.267242431640625,"roomId":5555}
{"type":"accel","timestamp":1531636202761,"x":-6.4473419189453125,"y":6.752166748046875,"z":8.308456420898438,"roomId":5555}
{"type":"accel","timestamp":1531636202771,"x":-7.1488189697265625,"y":5.5361785888671875,"z":10.046585083007812,"roomId":5555}
{"type":"gyro","timestamp":1531636202773,"x":-0.1557769775390625,"y":-5.493927001953125,"z":-2.572052001953125,"roomId":5555}
{"type":"accel","timestamp":1531636202781,"x":-7.401580810546875,"y":4.883880615234375,"z":11.7366943359375,"roomId":5555}
{"type":"gyro","timestamp":1531636202782,"x":0.209228515625,"y":-5.502227783203125,"z":-2.772003173828125,"roomId":5555}
{"type":"accel","timestamp":1531636202800,"x":-9.308792114257812,"y":2.96392822265625,"z":13.050430297851562,"roomId":5555}
{"type":"gyro","timestamp":1531636202801,"x":1.2419891357421875,"y":-5.5133514404296875,"z":-2.99755859375,"roomId":5555}
{"type":"accel","timestamp":1531636202819,"x":-11.686019897460938,"y":1.3548126220703125,"z":11.53607177734375,"roomId":5555}
{"type":"gyro","timestamp":1531636202820,"x":2.22344970703125,"y":-4.8322296142578125,"z":-2.8135833740234375,"roomId":5555}
{"type":"accel","timestamp":1531636202830,"x":-12.533294677734375,"y":0.083099365234375,"z":10.185134887695312,"roomId":5555}
{"type":"gyro","timestamp":1531636202830,"x":2.6228485107421875,"y":-4.2763671875,"z":-2.461944580078125,"roomId":5555}
{"type":"accel","timestamp":1531636202840,"x":-12.747360229492188,"y":-2.02728271484375,"z":7.711822509765625,"roomId":5555}
{"type":"gyro","timestamp":1531636202841,"x":3.041290283203125,"y":-3.8448333740234375,"z":-2.008758544921875,"roomId":5555}
{"type":"accel","timestamp":1531636202858,"x":-10.593551635742188,"y":-5.2034149169921875,"z":3.573516845703125,"roomId":5555}
{"type":"gyro","timestamp":1531636202859,"x":3.996002197265625,"y":-2.8855133056640625,"z":-0.7159576416015625,"roomId":5555}
{"type":"accel","timestamp":1531636202868,"x":-9.352020263671875,"y":-6.3579864501953125,"z":2.3046112060546875,"roomId":5555}
{"type":"gyro","timestamp":1531636202869,"x":4.414520263671875,"y":-2.3698577880859375,"z":0.061676025390625,"roomId":5555}
{"type":"gyro","timestamp":1531636202879,"x":4.902496337890625,"y":-1.88702392578125,"z":0.8529510498046875,"roomId":5555}
{"type":"accel","timestamp":1531636202889,"x":-7.3140106201171875,"y":-7.212860107421875,"z":-1.14495849609375,"roomId":5555}
{"type":"gyro","timestamp":1531636202890,"x":5.6226806640625,"y":-1.4320068359375,"z":1.719879150390625,"roomId":5555}
{"type":"gyro","timestamp":1531636202899,"x":6.4807891845703125,"y":-0.90789794921875,"z":2.697540283203125,"roomId":5555}
{"type":"accel","timestamp":1531636202908,"x":1.5749664306640625,