{"type":"gyro","timestamp":1531636312982,"x":-0.1738128662109375,"y":0.95635986328125,"z":-0.004608154296875,"roomId":5555}
{"type":"accel","timestamp":1531636312992,"x":3.246978759765625,"y":7.38385009765625,"z":-0.76708984375,"roomId":5555}
{"type":"gyro","timestamp":1531636312993,"x":-0.12823486328125,"y":0.942718505859375,"z":0.0630035400390625,"roomId":5555}
{"type":"accel","timestamp":1531636313002,"x":3.3748779296875,"y":7.541656494140625,"z":-0.940032958984375,"roomId":5555}
{"type":"gyro","timestamp":1531636313003,"x":-0.18341064453125,"y":1.0134124755859375,"z":0.1410980224609375,"roomId":5555}
{"type":"accel","timestamp":1531636313013,"x":3.710357666015625,"y":7.6031341552734375,"z":-0.968231201171875,"roomId":5555}
{"type":"gyro","timestamp":1531636313013,"x":-0.251678466796875,"y":0.966949462890625,"z":0.187103271484375,"roomId":5555}
{"type":"accel","timestamp":1531636313032,"x":4.610870361328125,"y":7.8905181884765625,"z":-0.217803955078125,"roomId":5555}
{"type":"gyro","timestamp":1531636313033,"x":-0.3587188720703125,"y":0.334228515625,"z":0.0420074462890625,"roomId":5555}
{"type":"accel","timestamp":1531636313042,"x":5.107513427734375,"y":7.6734619140625,"z":0.16436767578125,"roomId":5555}
{"type":"gyro","timestamp":1531636313043,"x":-0.3953399658203125,"y":0.0329132080078125,"z":-0.085845947265625,"roomId":5555}
{"type":"accel","timestamp":1531636313052,"x":5.431304931640625,"y":7.27630615234375,"z":0.5884857177734375,"roomId":5555}
{"type":"gyro","timestamp":1531636313054,"x":-0.4349212646484375,"y":-0.10015869140625,"z":-0.162445068359375,"roomId":5555}
{"type":"accel","timestamp":1531636313063,"x":5.235870361328125,"y":7.0791015625,"z":0.754425048828125,"roomId":5555}
{"type":"gyro","timestamp":1531636313063,"x":-0.44647216796875,"y":-0.0000152587890625,"z":-0.1656646728515625,"roomId":5555}
{"type":"accel","timestamp":1531636313082,"x":4.886627197265625,"y":7.0059967041015625,"z":1.252288818359375,"roomId":5555}
{"type":"gyro","timestamp":1531636313084,"x":-0.3197021484375,"y":0.4402008056640625,"z":0.0579071044921875,"roomId":5555}
{"type":"accel","timestamp":1531636313093,"x":4.8755035400390625,"y":7.0260467529296875,"z":0.9696502685546875,"roomId":5555}
{"type":"gyro","timestamp":1531636313095,"x":-0.21649169921875,"y":0.6937255859375,"z":0.1916351318359375,"roomId":5555}
{"type":"accel","timestamp":1531636313103,"x":4.8654632568359375,"y":6.9852142333984375,"z":0.729095458984375,"roomId":5555}
{"type":"gyro","timestamp":1531636313111,"x":-0.071990966796875,"y":0.9002532958984375,"z":0.388031005859375,"roomId":5555}
{"type":"accel","timestamp":1531636313121,"x":5.07366943359375,"y":7.063873291015625,"z":0.1282501220703125,"roomId":5555}
{"type":"gyro","timestamp":1531636313122,"x":-0.0352935791015625,"y":0.900054931640625,"z":0.421844482421875,"roomId":5555}
{"type":"accel","timestamp":1531636313131,"x":4.9697418212890625,"y":6.899322509765625,"z":0.228546142578125,"roomId":5555}
{"type":"gyro","timestamp":1531636313132,"x":-0.0558013916015625,"y":0.841461181640625,"z":0.422210693359375,"roomId":5555}
{"type":"accel","timestamp":1531636313141,"x":4.8610382080078125,"y":6.8124847412109375,"z":0.4159088134765625,"roomId":5555}
{"type":"gyro","timestamp":1531636313142,"x":-0.0779876708984375,"y":0.72235107421875,"z":0.4009857177734375,"roomId":5555}
{"type":"accel","timestamp":1531636313161,"x":4.28125,"y":7.281341552734375,"z":0.3456268310546875,"roomId":5555}
{"type":"gyro","timestamp":1531636313161,"x":-0.057373046875,"y":0.3495941162109375,"z":0.312957763671875,"roomId":5555}
{"type":"accel","timestamp":1531636313171,"x":3.9061737060546875,"y":7.6533966064453125,"z":0.1122894287109375,"roomId":5555}
{"type":"gyro","timestamp":1531636313173,"x":-0.0127105712890625,"y":0.165252685546875,"z":0.2853851318359375,"roomId":5555}
{"type":"accel","timestamp":1531636313181,"x":3.455108642578125,"y":8.079147338867188,"z":-0.4085540771484375,"roomId":5555}
{"type":"accel","timestamp":1531636313192,"x":2.674041748046875,"y":8.68463134765625,"z":-1.0673675537109375,"roomId":5555}
{"type":"gyro","timestamp":1531636313193,"x":0.06488037109375,"y":-0.1790618896484375,"z":0.31549072265625,"roomId":5555}
{"type":"accel","timestamp":1531636313203,"x":1.8389892578125,"y":9.367706298828125,"z":-1.84326171875,"roomId":5555}
{"type":"gyro","timestamp":1531636313205,"x":0.1022796630859375,"y":-0.4476165771484375,"z":0.3673095703125,"roomId":5555}
{"type":"accel","timestamp":1531636313221,"x":1.6386871337890625,"y":10.01177978515625,"z":-3.121002197265625,"roomId":5555}
{"type":"gyro","timestamp":1531636313223,"x":0.22113037109375,"y":-1.2869873046875,"z":0.5223236083984375,"roomId":5555}
{"type":"accel","timestamp":1531636313233,"x":1.93145751953125,"y":10.447982788085938,"z":-4.421478271484375,"roomId":5555}
{"type":"gyro","timestamp":1531636313240,"x":0.27581787109375,"y":-1.8280792236328125,"z":0.5391998291015625,"roomId":5555}
{"type":"accel","timestamp":1531636313251,"x":4.0907745361328125,"y":11.616195678710938,"z":-5.89532470703125,"roomId":5555}
{"type":"gyro","timestamp":1531636313253,"x":0.2280426025390625,"y":-2.40533447265625,"z":0.498931884765625,"roomId":5555}
{"type":"accel","timestamp":1531636313261,"x":4.576263427734375,"y":12.115341186523438,"z":-6.2141265869140625,"roomId":5555}
{"type":"gyro","timestamp":1531636313264,"x":0.0481109619140625,"y":-2.918670654296875,"z":0.408599853515625,"roomId":5555}
{"type":"accel","timestamp":1531636313271,"x":3.477325439453125,"y":12.197433471679688,"z":-6.5644378662109375,"roomId":5555}
{"type":"accel","timestamp":1531636313281,"x":1.792694091796875,"y":11.763351440429688,"z":-6.8285980224609375,"roomId":5555}
{"type":"gyro","timestamp":1531636313282,"x":-0.416748046875,"y":-3.7908477783203125,"z":-0.089752197265625,"roomId":5555}
{"type":"accel","timestamp":1531636313299,"x":0.51617431640625,"y":11.418716430664062,"z":-7.045684814453125,"roomId":5555}
{"type":"gyro","timestamp":1531636313300,"x":-1.05133056640625,"y":-4.5177459716796875,"z":-0.0240631103515625,"roomId":5555}
{"type":"accel","timestamp":1531636313310,"x":1.449798583984375,"y":11.439041137695312,"z":-6.618194580078125,"roomId":5555}
{"type":"gyro","timestamp":1531636313311,"x":-1.377105712890625,"y":-5.115264892578125,"z":0.2205352783203125,"roomId":5555}
{"type":"accel","timestamp":1531636313322,"x":2.603118896484375,"y":11.14508056640625,"z":-6.116943359375,"roomId":5555}
{"type":"gyro","timestamp":1531636313325,"x":-1.65582275390625,"y":-5.76971435546875,"z":0.431365966796875,"roomId":5555}
{"type":"accel","timestamp":1531636313339,"x":5.3184356689453125,"y":10.88189697265625,"z":-6.664154052734375,"roomId":5555}
{"type":"gyro","timestamp":1531636313340,"x":-2.0023193359375,"y":-6.70294189453125,"z":0.6030120849609375,"roomId":5555}
{"type":"accel","timestamp":1531636313350,"x":6.4002227783203125,"y":10.630889892578125,"z":-7.101593017578125,"roomId":5555}
{"type":"gyro","timestamp":1531636313351,"x":-2.1578826904296875,"y":-6.9757843017578125,"z":0.56390380859375,"roomId":5555}
{"type":"accel","timestamp":1531636313370,"x":6.65118408203125,"y":8.470596313476562,"z":-6.309356689453125,"roomId":5555}
{"type":"gyro","timestamp":1531636313371,"x":-2.71990966796875,"y":-7.116729736328125,"z":0.30560302734375,"roomId":5555}
{"type":"accel","timestamp":1531636313381,"x":6.837127685546875,"y":7.0768585205078125,"z":-5.4388275146484375,"roomId":5555}
{"type":"gyro","timestamp":1531636313383,"x":-3.0573272705078125,"y":-7.11041259765625,"z":0.1736297607421875,"roomId":5555}
{"type":"accel","timestamp":1531636313391,"x":6.9023284912109375,"y":5.9985198974609375,"z":-4.02392578125,"roomId":5555}
{"type":"accel","timestamp":1531636313402,"x":6.302886962890625,"y":4.965179443359375,"z":-3.3326873779296875,"roomId":5555}
{"type":"gyro","timestamp":1531636313404,"x":-3.5030364990234375,"y":-7.139984130859375,"z":-0.0115966796875,"roomId":5555}
{"type":"accel","timestamp":1531636313418,"x":8.087127685546875,"y":3.2262115478515625,