{"type":"gyro","timestamp":1531636320284,"x":-0.0905303955078125,"y":0.0413055419921875,"z":-0.12957763671875,"roomId":5555}
{"type":"accel","timestamp":1531636320295,"x":3.950164794921875,"y":6.7290496826171875,"z":-0.970733642578125,"roomId":5555}
{"type":"gyro","timestamp":1531636320296,"x":-0.1431884765625,"y":0.07403564453125,"z":-0.079498291015625,"roomId":5555}
{"type":"accel","timestamp":1531636320312,"x":4.11395263671875,"y":6.5544891357421875,"z":-1.0517425537109375,"roomId":5555}
{"type":"gyro","timestamp":1531636320313,"x":-0.2902069091796875,"y":0.080718994140625,"z":0.010894775390625,"roomId":5555}
{"type":"accel","timestamp":1531636320322,"x":4.102569580078125,"y":6.4461212158203125,"z":-0.8515167236328125,"roomId":5555}
{"type":"gyro","timestamp":1531636320324,"x":-0.354248046875,"y":0.0457611083984375,"z":0.035858154296875,"roomId":5555}
{"type":"accel","timestamp":1531636320333,"x":4.2612762451171875,"y":6.3875732421875,"z":-0.7444610595703125,"roomId":5555}
{"type":"gyro","timestamp":1531636320334,"x":-0.4025115966796875,"y":0.007659912109375,"z":0.042755126953125,"roomId":5555}
{"type":"accel","timestamp":1531636320354,"x":4.1688995361328125,"y":6.5632476806640625,"z":-0.6256866455078125,"roomId":5555}
{"type":"gyro","timestamp":1531636320355,"x":-0.4368743896484375,"y":-0.098541259765625,"z":0.005096435546875,"roomId":5555}
{"type":"accel","timestamp":1531636320374,"x":3.5521392822265625,"y":7.0546417236328125,"z":-1.3032379150390625,"roomId":5555}
{"type":"gyro","timestamp":1531636320375,"x":-0.4378509521484375,"y":-0.203338623046875,"z":0.030364990234375,"roomId":5555}
{"type":"accel","timestamp":1531636320393,"x":2.53900146484375,"y":8.051162719726562,"z":-2.04534912109375,"roomId":5555}
{"type":"gyro","timestamp":1531636320395,"x":-0.4522247314453125,"y":-0.33746337890625,"z":0.1532440185546875,"roomId":5555}
{"type":"accel","timestamp":1531636320403,"x":1.8126068115234375,"y":8.651168823242188,"z":-2.9251861572265625,"roomId":5555}
{"type":"gyro","timestamp":1531636320405,"x":-0.47021484375,"y":-0.4439849853515625,"z":0.2262725830078125,"roomId":5555}
{"type":"accel","timestamp":1531636320414,"x":1.1909637451171875,"y":9.315399169921875,"z":-4.320953369140625,"roomId":5555}
{"type":"gyro","timestamp":1531636320416,"x":-0.5452423095703125,"y":-0.6128997802734375,"z":0.3162078857421875,"roomId":5555}
{"type":"accel","timestamp":1531636320432,"x":-0.7086029052734375,"y":10.1793212890625,"z":-6.3562164306640625,"roomId":5555}
{"type":"gyro","timestamp":1531636320434,"x":-0.942779541015625,"y":-1.343109130859375,"z":0.517974853515625,"roomId":5555}
{"type":"accel","timestamp":1531636320442,"x":-1.1776580810546875,"y":10.428482055664062,"z":-6.464630126953125,"roomId":5555}
{"type":"gyro","timestamp":1531636320451,"x":-1.28558349609375,"y":-2.8694305419921875,"z":0.7450408935546875,"roomId":5555}
{"type":"accel","timestamp":1531636320460,"x":0.0893402099609375,"y":10.896575927734375,"z":-5.9457550048828125,"roomId":5555}
{"type":"gyro","timestamp":1531636320461,"x":-1.3522186279296875,"y":-3.8719482421875,"z":0.7501983642578125,"roomId":5555}
{"type":"accel","timestamp":1531636320471,"x":1.3923187255859375,"y":10.994964599609375,"z":-4.667938232421875,"roomId":5555}
{"type":"gyro","timestamp":1531636320472,"x":-1.3003692626953125,"y":-4.939361572265625,"z":0.5865325927734375,"roomId":5555}
{"type":"accel","timestamp":1531636320481,"x":1.3967437744140625,"y":11.526199340820312,"z":-5.0316009521484375,"roomId":5555}
{"type":"gyro","timestamp":1531636320483,"x":-1.177093505859375,"y":-5.829803466796875,"z":0.2998046875,"roomId":5555}
{"type":"accel","timestamp":1531636320493,"x":1.0759735107421875,"y":11.724029541015625,"z":-6.1995849609375,"roomId":5555}
{"type":"gyro","timestamp":1531636320493,"x":-1.2413330078125,"y":-6.248321533203125,"z":0.0889892578125,"roomId":5555}
{"type":"accel","timestamp":1531636320511,"x":0.5512847900390625,"y":10.289199829101562,"z":-7.0362548828125,"roomId":5555}
{"type":"gyro","timestamp":1531636320512,"x":-2.0301361083984375,"y":-6.297821044921875,"z":0.1243896484375,"roomId":5555}
{"type":"accel","timestamp":1531636320531,"x":2.1883697509765625,"y":9.377578735351562,"z":-4.8064727783203125,"roomId":5555}
{"type":"gyro","timestamp":1531636320532,"x":-2.7193603515625,"y":-6.6744384765625,"z":0.2389678955078125,"roomId":5555}
{"type":"accel","timestamp":1531636320551,"x":3.125823974609375,"y":8.533248901367188,"z":-2.749969482421875,"roomId":5555}
{"type":"gyro","timestamp":1531636320553,"x":-2.6806793212890625,"y":-7.41571044921875,"z":0.064544677734375,"roomId":5555}
{"type":"accel","timestamp":1531636320561,"x":3.5621185302734375,"y":8.357269287109375,"z":-3.4962615966796875,"roomId":5555}
{"type":"accel","timestamp":1531636320572,"x":4.664581298828125,"y":8.56854248046875,"z":-4.129119873046875,"roomId":5555}
{"type":"gyro","timestamp":1531636320573,"x":-2.3784332275390625,"y":-7.810760498046875,"z":0.094146728515625,"roomId":5555}
{"type":"accel","timestamp":1531636320583,"x":5.96527099609375,"y":8.53125,"z":-4.4769744873046875,"roomId":5555}
{"type":"gyro","timestamp":1531636320583,"x":-2.3487396240234375,"y":-7.77154541015625,"z":0.102813720703125,"roomId":5555}
{"type":"accel","timestamp":1531636320602,"x":8.915283203125,"y":8.209732055664062,"z":-5.3353729248046875,"roomId":5555}
{"type":"gyro","timestamp":1531636320603,"x":-2.4701080322265625,"y":-7.224151611328125,"z":-0.2117767333984375,"roomId":5555}
{"type":"accel","timestamp":1531636320621,"x":10.466201782226562,"y":7.1643829345703125,"z":-5.1298675537109375,"roomId":5555}
{"type":"gyro","timestamp":1531636320623,"x":-2.673370361328125,"y":-6.766387939453125,"z":-1.124969482421875,"roomId":5555}
{"type":"accel","timestamp":1531636320640,"x":10.779067993164062,"y":5.3795623779296875,"z":-5.636199951171875,"roomId":5555}
{"type":"gyro","timestamp":1531636320640,"x":-2.6497955322265625,"y":-6.253692626953125,"z":-2.151275634765625,"roomId":5555}
{"type":"accel","timestamp":1531636320651,"x":10.621231079101562,"y":4.6684722900390625,"z":-4.490997314453125,"roomId":5555}
{"type":"gyro","timestamp":1531636320653,"x":-2.511260986328125,"y":-6.1389007568359375,"z":-2.6943206787109375,"roomId":5555}
{"type":"accel","timestamp":1531636320670,"x":6.7274322509765625,"y":2.010498046875,"z":-1.553619384765625,"roomId":5555}
{"type":"gyro","timestamp":1531636320671,"x":-1.8784942626953125,"y":-5.5723419189453125,"z":-3.82452392578125,"roomId":5555}
{"type":"accel","timestamp":1531636320680,"x":3.59832763671875,"y":0.338714599609375,"z":-0.38525390625,"roomId":5555}
{"type":"accel","timestamp":1531636320690,"x":0.6172027587890625,"y":-0.7599029541015625,"z":0.3128814697265625,"roomId":5555}
{"type":"gyro","timestamp":1531636320691,"x":-0.623565673828125,"y":-4.824493408203125,"z":-4.1275482177734375,"roomId":5555}
{"type":"accel","timestamp":1531636320710,"x":-3.616119384765625,"y":-0.4332733154296875,"z":-3.257568359375,"roomId":5555}
{"type":"gyro","timestamp":1531636320712,"x":1.2437286376953125,"y":-4.0047149658203125,"z":-3.1656951904296875,"roomId":5555}
{"type":"accel","timestamp":1531636320721,"x":-3.230377197265625,"y":1.2880401611328125,"z":-7.5747222900390625,"roomId":5555}
{"type":"gyro","timestamp":1531636320723,"x":2.1240386962890625,"y":-3.68402099609375,"z":-2.3979339599609375,"roomId":5555}
{"type":"accel","timestamp":1531636320733,"x":-2.0286102294921875,"y":3.6826934814453125,"z":-11.952102661132812,"roomId":5555}
{"type":"gyro","timestamp":1531636320735,"x":2.747802734375,"y":-3.4464569091796875,"z":-1.693359375,"roomId":5555}
{"type":"accel","timestamp":1531636320751,"x":-0.4025421142578125,"y":8.589431762695312,"z":-18.926544189453125,"roomId":5555}
{"type":"gyro","timestamp":1531636320753,"x":2.9699249267578125,"y":-2.7309112548828125,"z":-0.8157958984375,"roomId":5555}
{"type":"accel","timestamp":1531636320761,"x":0.241424560546875,"y":11.022552490234375,"z":-21.265426635742188,"roomId":5555}
{"type":"gyro",