{"type":"accel","timestamp":1531636270948,"x":5.31536865234375,"y":6.0445709228515625,"z":2.340301513671875,"roomId":5555}
{"type":"gyro","timestamp":1531636270950,"x":-0.2116851806640625,"y":0.71124267578125,"z":0.34356689453125,"roomId":5555}
{"type":"accel","timestamp":1531636270958,"x":4.9929962158203125,"y":6.105804443359375,"z":2.3187255859375,"roomId":5555}
{"type":"gyro","timestamp":1531636270967,"x":-0.361053466796875,"y":0.433868408203125,"z":0.3028106689453125,"roomId":5555}
{"type":"accel","timestamp":1531636270978,"x":5.3948211669921875,"y":6.0020294189453125,"z":2.9294281005859375,"roomId":5555}
{"type":"gyro","timestamp":1531636270980,"x":-0.381805419921875,"y":0.212127685546875,"z":0.225433349609375,"roomId":5555}
{"type":"accel","timestamp":1531636270996,"x":5.5179290771484375,"y":6.03948974609375,"z":3.2472381591796875,"roomId":5555}
{"type":"gyro","timestamp":1531636270997,"x":-0.23834228515625,"y":0.0062408447265625,"z":-0.000152587890625,"roomId":5555}
{"type":"accel","timestamp":1531636271006,"x":5.11883544921875,"y":6.33544921875,"z":2.6700897216796875,"roomId":5555}
{"type":"gyro","timestamp":1531636271007,"x":-0.141387939453125,"y":0.065765380859375,"z":-0.0489959716796875,"roomId":5555}
{"type":"accel","timestamp":1531636271016,"x":4.686767578125,"y":6.7030029296875,"z":1.99853515625,"roomId":5555}
{"type":"gyro","timestamp":1531636271017,"x":-0.068389892578125,"y":0.1900634765625,"z":-0.0338897705078125,"roomId":5555}
{"type":"accel","timestamp":1531636271026,"x":3.9355621337890625,"y":6.857330322265625,"z":1.26275634765625,"roomId":5555}
{"type":"gyro","timestamp":1531636271027,"x":-0.0041351318359375,"y":0.2947845458984375,"z":0.0107879638671875,"roomId":5555}
{"type":"accel","timestamp":1531636271036,"x":3.7633209228515625,"y":7.435211181640625,"z":0.25811767578125,"roomId":5555}
{"type":"gyro","timestamp":1531636271037,"x":0.0660247802734375,"y":0.2816619873046875,"z":0.0870208740234375,"roomId":5555}
{"type":"accel","timestamp":1531636271046,"x":3.184906005859375,"y":8.182846069335938,"z":-0.5905303955078125,"roomId":5555}
{"type":"gyro","timestamp":1531636271048,"x":0.13165283203125,"y":0.080963134765625,"z":0.1679229736328125,"roomId":5555}
{"type":"accel","timestamp":1531636271056,"x":2.6676788330078125,"y":8.829116821289062,"z":-1.5142059326171875,"roomId":5555}
{"type":"accel","timestamp":1531636271067,"x":2.537200927734375,"y":9.624038696289062,"z":-2.5320892333984375,"roomId":5555}
{"type":"gyro","timestamp":1531636271068,"x":0.1019744873046875,"y":-0.881317138671875,"z":0.2694549560546875,"roomId":5555}
{"type":"accel","timestamp":1531636271077,"x":4.077789306640625,"y":10.626510620117188,"z":-3.3164520263671875,"roomId":5555}
{"type":"gyro","timestamp":1531636271078,"x":-0.0489959716796875,"y":-1.6376495361328125,"z":0.2230072021484375,"roomId":5555}
{"type":"accel","timestamp":1531636271097,"x":6.4004669189453125,"y":11.38055419921875,"z":-2.264556884765625,"roomId":5555}
{"type":"gyro","timestamp":1531636271098,"x":-0.4694976806640625,"y":-2.683074951171875,"z":-0.27435302734375,"roomId":5555}
{"type":"accel","timestamp":1531636271107,"x":6.098541259765625,"y":10.959014892578125,"z":-2.274688720703125,"roomId":5555}
{"type":"gyro","timestamp":1531636271108,"x":-0.627227783203125,"y":-2.76385498046875,"z":-0.485504150390625,"roomId":5555}
{"type":"accel","timestamp":1531636271127,"x":4.9549713134765625,"y":10.6199951171875,"z":-2.624114990234375,"roomId":5555}
{"type":"gyro","timestamp":1531636271129,"x":-0.98089599609375,"y":-2.6776580810546875,"z":-0.4469757080078125,"roomId":5555}
{"type":"accel","timestamp":1531636271137,"x":4.6705780029296875,"y":10.490676879882812,"z":-2.79156494140625,"roomId":5555}
{"type":"gyro","timestamp":1531636271146,"x":-1.4364471435546875,"y":-3.51251220703125,"z":-0.4263458251953125,"roomId":5555}
{"type":"accel","timestamp":1531636271156,"x":4.9228973388671875,"y":10.726608276367188,"z":-3.99761962890625,"roomId":5555}
{"type":"gyro","timestamp":1531636271157,"x":-1.68280029296875,"y":-4.6114959716796875,"z":-0.6272430419921875,"roomId":5555}
{"type":"accel","timestamp":1531636271166,"x":5.57171630859375,"y":10.81585693359375,"z":-4.6246795654296875,"roomId":5555}
{"type":"gyro","timestamp":1531636271167,"x":-1.949554443359375,"y":-6.1200103759765625,"z":-0.9315338134765625,"roomId":5555}
{"type":"accel","timestamp":1531636271176,"x":7.4079132080078125,"y":10.689117431640625,"z":-4.57818603515625,"roomId":5555}
{"type":"gyro","timestamp":1531636271177,"x":-2.2344970703125,"y":-7.7535247802734375,"z":-1.3007965087890625,"roomId":5555}
{"type":"accel","timestamp":1531636271197,"x":13.019866943359375,"y":9.553375244140625,"z":-1.3480682373046875,"roomId":5555}
{"type":"gyro","timestamp":1531636271198,"x":-2.6306304931640625,"y":-9.47064208984375,"z":-2.14837646484375,"roomId":5555}
{"type":"accel","timestamp":1531636271207,"x":11.526275634765625,"y":8.36834716796875,"z":-0.7561798095703125,"roomId":5555}
{"type":"gyro","timestamp":1531636271208,"x":-2.6615142822265625,"y":-9.183258056640625,"z":-2.48272705078125,"roomId":5555}
{"type":"accel","timestamp":1531636271219,"x":8.819778442382812,"y":7.2054443359375,"z":-1.315032958984375,"roomId":5555}
{"type":"gyro","timestamp":1531636271220,"x":-2.651611328125,"y":-8.612777709960938,"z":-2.594207763671875,"roomId":5555}
{"type":"accel","timestamp":1531636271236,"x":6.3177490234375,"y":7.0382537841796875,"z":-4.5648651123046875,"roomId":5555}
{"type":"gyro","timestamp":1531636271239,"x":-2.952911376953125,"y":-8.6229248046875,"z":-2.668243408203125,"roomId":5555}
{"type":"accel","timestamp":1531636271246,"x":6.701904296875,"y":6.8849029541015625,"z":-4.1567535400390625,"roomId":5555}
{"type":"gyro","timestamp":1531636271256,"x":-3.4918365478515625,"y":-10.766021728515625,"z":-3.303466796875,"roomId":5555}
{"type":"accel","timestamp":1531636271264,"x":9.859222412109375,"y":5.261138916015625,"z":-4.55853271484375,"roomId":5555}
{"type":"accel","timestamp":1531636271275,"x":12.89508056640625,"y":4.181182861328125,"z":-4.969329833984375,"roomId":5555}
{"type":"gyro","timestamp":1531636271276,"x":-3.7053375244140625,"y":-12.692413330078125,"z":-4.3869171142578125,"roomId":5555}
{"type":"accel","timestamp":1531636271285,"x":14.271652221679688,"y":3.2315216064453125,"z":-4.2444915771484375,"roomId":5555}
{"type":"gyro","timestamp":1531636271286,"x":-3.8335418701171875,"y":-13.1910400390625,"z":-5.0998077392578125,"roomId":5555}
{"type":"accel","timestamp":1531636271296,"x":14.213180541992188,"y":1.9929351806640625,"z":-3.759490966796875,"roomId":5555}
{"type":"gyro","timestamp":1531636271297,"x":-3.96307373046875,"y":-13.043777465820312,"z":-5.756256103515625,"roomId":5555}
{"type":"accel","timestamp":1531636271315,"x":12.26214599609375,"y":-1.037139892578125,"z":3.51123046875,"roomId":5555}
{"type":"gyro","timestamp":1531636271316,"x":-3.8438873291015625,"y":-10.930343627929688,"z":-6.710968017578125,"roomId":5555}
{"type":"accel","timestamp":1531636271325,"x":5.7611541748046875,"y":-3.104095458984375,"z":8.43975830078125,"roomId":5555}
{"type":"gyro","timestamp":1531636271326,"x":-3.1423492431640625,"y":-8.793075561523438,"z":-6.8634490966796875,"roomId":5555}
{"type":"accel","timestamp":1531636271344,"x":-9.940414428710938,"y":-4.0426177978515625,"z":9.975982666015625,"roomId":5555}
{"type":"gyro","timestamp":1531636271345,"x":0.1162567138671875,"y":-4.59991455078125,"z":-5.5930023193359375,"roomId":5555}
{"type":"accel","timestamp":1531636271354,"x":-15.385528564453125,"y":-3.003692626953125,"z":5.57989501953125,"roomId":5555}
{"type":"gyro","timestamp":1531636271355,"x":2.1549530029296875,"y":-3.5465087890625,"z":-3.927642822265625,"roomId":5555}
{"type":"accel","timestamp":1531636271364,"x":-14.468582153320312,"y":-1.33441162109375,"z":-1.7411651611328125,"roomId":5555}
{"type":"gyro","timestamp":1531636271365,"x":3.8273162841796875,"y":-2.92852783203125,"z":-1.7878265380859375,"roomId":5555}
{"type":"accel",