{"type":"gyro","timestamp":1531636204809,"x":0.07965087890625,"y":0.1216278076171875,"z":-0.127349853515625,"roomId":5555}
{"type":"accel","timestamp":1531636204824,"x":-3.9155426025390625,"y":7.483367919921875,"z":-0.3894805908203125,"roomId":5555}
{"type":"gyro","timestamp":1531636204825,"x":-0.13323974609375,"y":0.04534912109375,"z":-0.173095703125,"roomId":5555}
{"type":"accel","timestamp":1531636204835,"x":-3.7560577392578125,"y":7.5915679931640625,"z":-0.0036468505859375,"roomId":5555}
{"type":"gyro","timestamp":1531636204835,"x":-0.165863037109375,"y":0.2165374755859375,"z":0.0074615478515625,"roomId":5555}
{"type":"accel","timestamp":1531636204845,"x":-2.9513397216796875,"y":7.72833251953125,"z":0.460174560546875,"roomId":5555}
{"type":"gyro","timestamp":1531636204846,"x":-0.20062255859375,"y":0.415130615234375,"z":0.250457763671875,"roomId":5555}
{"type":"accel","timestamp":1531636204855,"x":-1.82379150390625,"y":7.86346435546875,"z":0.3186798095703125,"roomId":5555}
{"type":"gyro","timestamp":1531636204856,"x":-0.202606201171875,"y":0.4997406005859375,"z":0.4559326171875,"roomId":5555}
{"type":"accel","timestamp":1531636204866,"x":-0.5933380126953125,"y":8.087738037109375,"z":-0.58953857421875,"roomId":5555}
{"type":"gyro","timestamp":1531636204867,"x":-0.138458251953125,"y":0.4352569580078125,"z":0.545928955078125,"roomId":5555}
{"type":"accel","timestamp":1531636204876,"x":-0.031768798828125,"y":8.393402099609375,"z":-1.43017578125,"roomId":5555}
{"type":"gyro","timestamp":1531636204877,"x":-0.05450439453125,"y":0.28997802734375,"z":0.503692626953125,"roomId":5555}
{"type":"accel","timestamp":1531636204886,"x":-0.13067626953125,"y":8.271728515625,"z":-1.3850250244140625,"roomId":5555}
{"type":"gyro","timestamp":1531636204888,"x":-0.03155517578125,"y":0.116241455078125,"z":0.35504150390625,"roomId":5555}
{"type":"accel","timestamp":1531636204896,"x":-0.8951416015625,"y":8.011154174804688,"z":-0.823333740234375,"roomId":5555}
{"type":"gyro","timestamp":1531636204897,"x":-0.0747222900390625,"y":-0.0400848388671875,"z":0.15966796875,"roomId":5555}
{"type":"accel","timestamp":1531636204915,"x":-2.7476959228515625,"y":7.8549041748046875,"z":-0.233001708984375,"roomId":5555}
{"type":"gyro","timestamp":1531636204915,"x":-0.1536712646484375,"y":-0.113037109375,"z":-0.0486297607421875,"roomId":5555}
{"type":"accel","timestamp":1531636204925,"x":-3.4610137939453125,"y":7.85760498046875,"z":-0.326568603515625,"roomId":5555}
{"type":"gyro","timestamp":1531636204926,"x":-0.1669921875,"y":-0.0536346435546875,"z":-0.025177001953125,"roomId":5555}
{"type":"accel","timestamp":1531636204936,"x":-3.9997406005859375,"y":7.9319915771484375,"z":-0.3577117919921875,"roomId":5555}
{"type":"gyro","timestamp":1531636204937,"x":-0.2003021240234375,"y":0.0231475830078125,"z":0.071441650390625,"roomId":5555}
{"type":"accel","timestamp":1531636204956,"x":-3.6058807373046875,"y":8.186279296875,"z":-0.2950592041015625,"roomId":5555}
{"type":"gyro","timestamp":1531636204957,"x":-0.3189239501953125,"y":0.1240386962890625,"z":0.41497802734375,"roomId":5555}
{"type":"accel","timestamp":1531636204967,"x":-3.116668701171875,"y":8.258651733398438,"z":-0.1596832275390625,"roomId":5555}
{"type":"gyro","timestamp":1531636204968,"x":-0.38482666015625,"y":0.1454925537109375,"z":0.550262451171875,"roomId":5555}
{"type":"accel","timestamp":1531636204985,"x":-2.941497802734375,"y":8.162399291992188,"z":-0.26165771484375,"roomId":5555}
{"type":"gyro","timestamp":1531636204987,"x":-0.380157470703125,"y":-0.30291748046875,"z":0.5198211669921875,"roomId":5555}
{"type":"gyro","timestamp":1531636205006,"x":-0.2962799072265625,"y":-0.8634796142578125,"z":0.2971649169921875,"roomId":5555}
{"type":"accel","timestamp":1531636205017,"x":-4.544708251953125,"y":8.259429931640625,"z":-1.723968505859375,"roomId":5555}
{"type":"gyro","timestamp":1531636205018,"x":-0.3285064697265625,"y":-1.07965087890625,"z":0.2291717529296875,"roomId":5555}
{"type":"accel","timestamp":1531636205036,"x":-6.0182037353515625,"y":7.84429931640625,"z":-0.2219085693359375,"roomId":5555}
{"type":"gyro","timestamp":1531636205038,"x":-0.4813690185546875,"y":-1.473358154296875,"z":0.2349700927734375,"roomId":5555}
{"type":"accel","timestamp":1531636205053,"x":-7.11773681640625,"y":7.9456939697265625,"z":-0.5950164794921875,"roomId":5555}
{"type":"gyro","timestamp":1531636205054,"x":-0.485504150390625,"y":-1.57086181640625,"z":0.4494171142578125,"roomId":5555}
{"type":"accel","timestamp":1531636205065,"x":-6.840606689453125,"y":8.205596923828125,"z":-0.55889892578125,"roomId":5555}
{"type":"gyro","timestamp":1531636205067,"x":-0.4699859619140625,"y":-1.8419952392578125,"z":0.524169921875,"roomId":5555}
{"type":"accel","timestamp":1531636205085,"x":-5.7371063232421875,"y":8.13134765625,"z":0.800048828125,"roomId":5555}
{"type":"gyro","timestamp":1531636205087,"x":-0.3578948974609375,"y":-2.5143280029296875,"z":0.4586181640625,"roomId":5555}
{"type":"accel","timestamp":1531636205095,"x":-5.622833251953125,"y":8.167282104492188,"z":0.9603729248046875,"roomId":5555}
{"type":"accel","timestamp":1531636205105,"x":-5.46636962890625,"y":8.549728393554688,"z":0.0511474609375,"roomId":5555}
{"type":"gyro","timestamp":1531636205106,"x":-0.075531005859375,"y":-3.18988037109375,"z":0.1332550048828125,"roomId":5555}
{"type":"accel","timestamp":1531636205124,"x":-5.4492950439453125,"y":9.703628540039062,"z":0.0398406982421875,"roomId":5555}
{"type":"gyro","timestamp":1531636205125,"x":0.05853271484375,"y":-4.4199371337890625,"z":-0.51123046875,"roomId":5555}
{"type":"accel","timestamp":1531636205134,"x":-5.7159271240234375,"y":9.258270263671875,"z":1.526397705078125,"roomId":5555}
{"type":"gyro","timestamp":1531636205143,"x":0.0270843505859375,"y":-5.0865325927734375,"z":-1.0919647216796875,"roomId":5555}
{"type":"accel","timestamp":1531636205152,"x":-7.065704345703125,"y":7.593505859375,"z":6.0711669921875,"roomId":5555}
{"type":"gyro","timestamp":1531636205153,"x":0.1196441650390625,"y":-4.99072265625,"z":-1.2269287109375,"roomId":5555}
{"type":"accel","timestamp":1531636205163,"x":-7.8280029296875,"y":7.3985137939453125,"z":6.445343017578125,"roomId":5555}
{"type":"gyro","timestamp":1531636205164,"x":0.2818603515625,"y":-4.7878570556640625,"z":-1.3176422119140625,"roomId":5555}
{"type":"accel","timestamp":1531636205174,"x":-8.476547241210938,"y":7.512908935546875,"z":6.4189453125,"roomId":5555}
{"type":"gyro","timestamp":1531636205175,"x":0.488128662109375,"y":-4.91552734375,"z":-1.44317626953125,"roomId":5555}
{"type":"accel","timestamp":1531636205184,"x":-8.24365234375,"y":7.790924072265625,"z":7.0987701416015625,"roomId":5555}
{"type":"gyro","timestamp":1531636205185,"x":0.6929168701171875,"y":-5.336456298828125,"z":-1.610931396484375,"roomId":5555}
{"type":"accel","timestamp":1531636205203,"x":-7.4652252197265625,"y":6.872406005859375,"z":8.77081298828125,"roomId":5555}
{"type":"gyro","timestamp":1531636205205,"x":1.0690460205078125,"y":-5.6647796630859375,"z":-1.9832305908203125,"roomId":5555}
{"type":"accel","timestamp":1531636205223,"x":-5.5544586181640625,"y":5.5080108642578125,"z":7.54425048828125,"roomId":5555}
{"type":"gyro","timestamp":1531636205224,"x":1.440185546875,"y":-5.3457489013671875,"z":-2.2603912353515625,"roomId":5555}
{"type":"accel","timestamp":1531636205234,"x":-4.126983642578125,"y":4.1609954833984375,"z":8.632354736328125,"roomId":5555}
{"type":"gyro","timestamp":1531636205236,"x":1.70782470703125,"y":-5.1405792236328125,"z":-2.3681640625,"roomId":5555}
{"type":"accel","timestamp":1531636205252,"x":-6.0782012939453125,"y":-0.1495819091796875,"z":10.594970703125,"roomId":5555}
{"type":"gyro","timestamp":1531636205254,"x":2.6878662109375,"y":-3.5673980712890625,"z":-2.2132720947265625,"roomId":5555}
{"type":"accel","timestamp":1531636205263,"x":-9.911941528320312,"y":-1.487823486328125,"z":8.156646728515625,"roomId":5555}
{"type":"gyro","timestamp":1531636205265,"x":3.55474853515625,"y":-2.64398193359375,