{"type":"accel","timestamp":1531636168721,"x":-1.925323486328125,"y":6.580657958984375,"z":0.2534942626953125,"roomId":5555}
{"type":"gyro","timestamp":1531636168724,"x":-0.0199432373046875,"y":-0.4903106689453125,"z":-0.0211944580078125,"roomId":5555}
{"type":"accel","timestamp":1531636168732,"x":-1.5169219970703125,"y":6.6395721435546875,"z":-0.150146484375,"roomId":5555}
{"type":"gyro","timestamp":1531636168735,"x":-0.073944091796875,"y":-0.1839599609375,"z":0.1595611572265625,"roomId":5555}
{"type":"accel","timestamp":1531636168752,"x":0.3550262451171875,"y":7.0422821044921875,"z":-1.1097869873046875,"roomId":5555}
{"type":"gyro","timestamp":1531636168753,"x":-0.2750244140625,"y":0.5396575927734375,"z":0.4940032958984375,"roomId":5555}
{"type":"accel","timestamp":1531636168771,"x":0.6958160400390625,"y":7.5661163330078125,"z":-1.3832855224609375,"roomId":5555}
{"type":"gyro","timestamp":1531636168772,"x":-0.3403472900390625,"y":0.66986083984375,"z":0.4798583984375,"roomId":5555}
{"type":"accel","timestamp":1531636168790,"x":0.048553466796875,"y":7.694580078125,"z":-0.89056396484375,"roomId":5555}
{"type":"gyro","timestamp":1531636168791,"x":-0.2312469482421875,"y":0.168609619140625,"z":0.2326507568359375,"roomId":5555}
{"type":"accel","timestamp":1531636168803,"x":-0.3197479248046875,"y":7.6926727294921875,"z":-0.702789306640625,"roomId":5555}
{"type":"gyro","timestamp":1531636168804,"x":-0.1204986572265625,"y":-0.05950927734375,"z":0.1389617919921875,"roomId":5555}
{"type":"accel","timestamp":1531636168813,"x":-0.7407989501953125,"y":7.762908935546875,"z":-0.93017578125,"roomId":5555}
{"type":"gyro","timestamp":1531636168814,"x":-0.005767822265625,"y":-0.193267822265625,"z":0.1305694580078125,"roomId":5555}
{"type":"accel","timestamp":1531636168830,"x":-1.1187286376953125,"y":7.653076171875,"z":-1.2324371337890625,"roomId":5555}
{"type":"gyro","timestamp":1531636168831,"x":0.0822906494140625,"y":-0.1996917724609375,"z":0.3395843505859375,"roomId":5555}
{"type":"accel","timestamp":1531636168841,"x":-0.6070404052734375,"y":7.682891845703125,"z":-1.28192138671875,"roomId":5555}
{"type":"gyro","timestamp":1531636168842,"x":0.0562896728515625,"y":-0.14862060546875,"z":0.4893798828125,"roomId":5555}
{"type":"gyro","timestamp":1531636168859,"x":0.0124359130859375,"y":-0.1722259521484375,"z":0.6464385986328125,"roomId":5555}
{"type":"accel","timestamp":1531636168869,"x":0.5398101806640625,"y":8.040756225585938,"z":-0.44122314453125,"roomId":5555}
{"type":"gyro","timestamp":1531636168870,"x":0.0683135986328125,"y":-0.339935302734375,"z":0.6424407958984375,"roomId":5555}
{"type":"accel","timestamp":1531636168880,"x":1.28448486328125,"y":8.41619873046875,"z":-0.0807952880859375,"roomId":5555}
{"type":"gyro","timestamp":1531636168881,"x":0.1787567138671875,"y":-0.4752044677734375,"z":0.6388397216796875,"roomId":5555}
{"type":"accel","timestamp":1531636168898,"x":1.6373443603515625,"y":9.505630493164062,"z":-0.218658447265625,"roomId":5555}
{"type":"gyro","timestamp":1531636168899,"x":0.2924041748046875,"y":-0.2319183349609375,"z":0.6352081298828125,"roomId":5555}
{"type":"accel","timestamp":1531636168910,"x":1.735107421875,"y":9.926864624023438,"z":-0.3092803955078125,"roomId":5555}
{"type":"gyro","timestamp":1531636168911,"x":0.2381591796875,"y":0.135528564453125,"z":0.6848297119140625,"roomId":5555}
{"type":"accel","timestamp":1531636168930,"x":1.0304107666015625,"y":11.80096435546875,"z":-1.7591552734375,"roomId":5555}
{"type":"gyro","timestamp":1531636168931,"x":0.1001739501953125,"y":0.689361572265625,"z":0.73431396484375,"roomId":5555}
{"type":"accel","timestamp":1531636168940,"x":-0.378173828125,"y":11.43499755859375,"z":-2.8583831787109375,"roomId":5555}
{"type":"gyro","timestamp":1531636168941,"x":0.0966949462890625,"y":0.4171295166015625,"z":0.6880950927734375,"roomId":5555}
{"type":"gyro","timestamp":1531636168952,"x":0.1111297607421875,"y":-0.1247711181640625,"z":0.6066436767578125,"roomId":5555}
{"type":"accel","timestamp":1531636168960,"x":1.2024383544921875,"y":12.071029663085938,"z":-5.1373748779296875,"roomId":5555}
{"type":"gyro","timestamp":1531636168961,"x":-0.0376739501953125,"y":-0.9477386474609375,"z":0.3656005859375,"roomId":5555}
{"type":"accel","timestamp":1531636168979,"x":1.985382080078125,"y":12.132659912109375,"z":-3.537353515625,"roomId":5555}
{"type":"gyro","timestamp":1531636168980,"x":-0.1409149169921875,"y":-2.8303375244140625,"z":-0.2827911376953125,"roomId":5555}
{"type":"accel","timestamp":1531636168989,"x":1.7154693603515625,"y":11.986343383789062,"z":-2.8518524169921875,"roomId":5555}
{"type":"gyro","timestamp":1531636168991,"x":-0.1021881103515625,"y":-3.4802398681640625,"z":-0.624755859375,"roomId":5555}
{"type":"accel","timestamp":1531636168999,"x":1.4373626708984375,"y":12.02569580078125,"z":-1.92010498046875,"roomId":5555}
{"type":"gyro","timestamp":1531636169000,"x":-0.0821380615234375,"y":-3.9099578857421875,"z":-0.9539794921875,"roomId":5555}
{"type":"accel","timestamp":1531636169009,"x":0.4649810791015625,"y":11.775466918945312,"z":-1.3007659912109375,"roomId":5555}
{"type":"gyro","timestamp":1531636169010,"x":0.028106689453125,"y":-4.2054443359375,"z":-1.2545013427734375,"roomId":5555}
{"type":"accel","timestamp":1531636169019,"x":-1.06280517578125,"y":11.382400512695312,"z":-1.577056884765625,"roomId":5555}
{"type":"gyro","timestamp":1531636169020,"x":0.183074951171875,"y":-4.4800567626953125,"z":-1.517852783203125,"roomId":5555}
{"type":"accel","timestamp":1531636169029,"x":-3.2591705322265625,"y":10.796707153320312,"z":-2.3610076904296875,"roomId":5555}
{"type":"gyro","timestamp":1531636169030,"x":0.2996826171875,"y":-4.80279541015625,"z":-1.6644439697265625,"roomId":5555}
{"type":"accel","timestamp":1531636169039,"x":-3.9974365234375,"y":9.74859619140625,"z":-3.4729461669921875,"roomId":5555}
{"type":"gyro","timestamp":1531636169040,"x":0.346435546875,"y":-5.164031982421875,"z":-1.578216552734375,"roomId":5555}
{"type":"accel","timestamp":1531636169057,"x":-1.7687835693359375,"y":9.157821655273438,"z":-4.812713623046875,"roomId":5555}
{"type":"gyro","timestamp":1531636169058,"x":0.188873291015625,"y":-5.797637939453125,"z":-1.231353759765625,"roomId":5555}
{"type":"accel","timestamp":1531636169068,"x":-0.47772216796875,"y":8.8109130859375,"z":-4.2939910888671875,"roomId":5555}
{"type":"gyro","timestamp":1531636169069,"x":0.0502166748046875,"y":-6.1468353271484375,"z":-1.250152587890625,"roomId":5555}
{"type":"accel","timestamp":1531636169088,"x":0.53997802734375,"y":7.3372344970703125,"z":-0.51629638671875,"roomId":5555}
{"type":"gyro","timestamp":1531636169089,"x":-0.0482025146484375,"y":-6.75390625,"z":-1.6401824951171875,"roomId":5555}
{"type":"accel","timestamp":1531636169108,"x":0.0204620361328125,"y":5.5643310546875,"z":0.97491455078125,"roomId":5555}
{"type":"gyro","timestamp":1531636169109,"x":0.3627166748046875,"y":-6.8809967041015625,"z":-2.1099395751953125,"roomId":5555}
{"type":"accel","timestamp":1531636169129,"x":-2.4457244873046875,"y":3.341796875,"z":0.730133056640625,"roomId":5555}
{"type":"gyro","timestamp":1531636169130,"x":0.8860626220703125,"y":-6.8391265869140625,"z":-2.3473358154296875,"roomId":5555}
{"type":"accel","timestamp":1531636169148,"x":-1.778472900390625,"y":2.3058013916015625,"z":-1.16815185546875,"roomId":5555}
{"type":"gyro","timestamp":1531636169151,"x":1.4674835205078125,"y":-6.5447540283203125,"z":-2.0247802734375,"roomId":5555}
{"type":"accel","timestamp":1531636169160,"x":-0.8523712158203125,"y":2.116455078125,"z":-1.3611297607421875,"roomId":5555}
{"type":"gyro","timestamp":1531636169162,"x":1.65887451171875,"y":-6.0139617919921875,"z":-1.7805023193359375,"roomId":5555}
{"type":"accel","timestamp":1531636169170,"x":-1.0213775634765625,"y":1.8373870849609375,"z":-1.045135498046875,"roomId":5555}
{"type":"gyro","timestamp":1531636169172,"x":1.7581634521484375,"y":-5.0801544189453125,"z":-1.5045318603515625,"roomId":5555}
{"type":"accel","timestamp":1531636169187,