{"type":"gyro","timestamp":1531636277595,"x":0.02728271484375,"y":-0.5835723876953125,"z":-0.5731658935546875,"roomId":5555}
{"type":"accel","timestamp":1531636277603,"x":5.0634307861328125,"y":5.6121368408203125,"z":1.7528533935546875,"roomId":5555}
{"type":"gyro","timestamp":1531636277605,"x":0.0932159423828125,"y":-0.310638427734375,"z":-0.3956146240234375,"roomId":5555}
{"type":"accel","timestamp":1531636277613,"x":4.9837493896484375,"y":5.632843017578125,"z":1.81524658203125,"roomId":5555}
{"type":"accel","timestamp":1531636277624,"x":4.9897918701171875,"y":5.620819091796875,"z":1.748260498046875,"roomId":5555}
{"type":"gyro","timestamp":1531636277626,"x":0.1309051513671875,"y":0.539306640625,"z":0.1172637939453125,"roomId":5555}
{"type":"accel","timestamp":1531636277644,"x":6.37396240234375,"y":5.949951171875,"z":0.9939117431640625,"roomId":5555}
{"type":"gyro","timestamp":1531636277646,"x":0.080780029296875,"y":0.9906005859375,"z":0.4505615234375,"roomId":5555}
{"type":"accel","timestamp":1531636277663,"x":6.88507080078125,"y":6.19195556640625,"z":0.8519287109375,"roomId":5555}
{"type":"gyro","timestamp":1531636277665,"x":-0.0241851806640625,"y":0.589691162109375,"z":0.268310546875,"roomId":5555}
{"type":"accel","timestamp":1531636277683,"x":7.130096435546875,"y":5.724212646484375,"z":1.62933349609375,"roomId":5555}
{"type":"gyro","timestamp":1531636277684,"x":-0.0233154296875,"y":-0.1497802734375,"z":-0.1390228271484375,"roomId":5555}
{"type":"accel","timestamp":1531636277702,"x":6.3762969970703125,"y":5.350494384765625,"z":1.875,"roomId":5555}
{"type":"gyro","timestamp":1531636277703,"x":0.1332244873046875,"y":-0.3979339599609375,"z":-0.300872802734375,"roomId":5555}
{"type":"accel","timestamp":1531636277721,"x":5.9427337646484375,"y":5.4694671630859375,"z":1.6455230712890625,"roomId":5555}
{"type":"gyro","timestamp":1531636277721,"x":0.233123779296875,"y":0.0427703857421875,"z":-0.04669189453125,"roomId":5555}
{"type":"accel","timestamp":1531636277734,"x":6.0322418212890625,"y":5.5917205810546875,"z":1.316741943359375,"roomId":5555}
{"type":"gyro","timestamp":1531636277736,"x":0.23974609375,"y":0.3567657470703125,"z":0.1405181884765625,"roomId":5555}
{"type":"accel","timestamp":1531636277752,"x":6.7941131591796875,"y":6.1268463134765625,"z":0.2630157470703125,"roomId":5555}
{"type":"gyro","timestamp":1531636277754,"x":0.187744140625,"y":0.688140869140625,"z":0.3441925048828125,"roomId":5555}
{"type":"accel","timestamp":1531636277762,"x":6.790191650390625,"y":6.450775146484375,"z":-0.17333984375,"roomId":5555}
{"type":"gyro","timestamp":1531636277763,"x":0.1310577392578125,"y":0.6493377685546875,"z":0.3194580078125,"roomId":5555}
{"type":"accel","timestamp":1531636277774,"x":6.5087738037109375,"y":6.8035125732421875,"z":-0.7061309814453125,"roomId":5555}
{"type":"gyro","timestamp":1531636277776,"x":0.057373046875,"y":0.48529052734375,"z":0.251922607421875,"roomId":5555}
{"type":"accel","timestamp":1531636277792,"x":5.742950439453125,"y":8.00653076171875,"z":-0.9924774169921875,"roomId":5555}
{"type":"gyro","timestamp":1531636277794,"x":-0.10162353515625,"y":-0.24481201171875,"z":0.078399658203125,"roomId":5555}
{"type":"accel","timestamp":1531636277812,"x":4.8081817626953125,"y":9.857681274414062,"z":-1.6884002685546875,"roomId":5555}
{"type":"gyro","timestamp":1531636277814,"x":-0.080322265625,"y":-1.4390716552734375,"z":-0.1339874267578125,"roomId":5555}
{"type":"accel","timestamp":1531636277822,"x":4.121002197265625,"y":10.899810791015625,"z":-2.626983642578125,"roomId":5555}
{"type":"gyro","timestamp":1531636277825,"x":-0.0406036376953125,"y":-2.178192138671875,"z":-0.224151611328125,"roomId":5555}
{"type":"accel","timestamp":1531636277832,"x":3.7948760986328125,"y":11.875701904296875,"z":-3.7457122802734375,"roomId":5555}
{"type":"accel","timestamp":1531636277843,"x":4.2335968017578125,"y":12.48760986328125,"z":-5.077606201171875,"roomId":5555}
{"type":"gyro","timestamp":1531636277843,"x":-0.140838623046875,"y":-3.732666015625,"z":-0.3615875244140625,"roomId":5555}
{"type":"accel","timestamp":1531636277860,"x":5.78961181640625,"y":12.8865966796875,"z":-6.6529693603515625,"roomId":5555}
{"type":"gyro","timestamp":1531636277861,"x":-0.625640869140625,"y":-5.07135009765625,"z":-0.63421630859375,"roomId":5555}
{"type":"accel","timestamp":1531636277870,"x":6.2660064697265625,"y":13.002532958984375,"z":-6.56842041015625,"roomId":5555}
{"type":"gyro","timestamp":1531636277871,"x":-0.9664764404296875,"y":-5.5730438232421875,"z":-0.8278961181640625,"roomId":5555}
{"type":"accel","timestamp":1531636277880,"x":6.771697998046875,"y":13.087326049804688,"z":-6.00604248046875,"roomId":5555}
{"type":"gyro","timestamp":1531636277881,"x":-1.3019256591796875,"y":-6.063507080078125,"z":-1.0644989013671875,"roomId":5555}
{"type":"accel","timestamp":1531636277890,"x":6.7879486083984375,"y":13.017959594726562,"z":-5.57757568359375,"roomId":5555}
{"type":"gyro","timestamp":1531636277891,"x":-1.5951690673828125,"y":-6.566986083984375,"z":-1.3513641357421875,"roomId":5555}
{"type":"accel","timestamp":1531636277910,"x":6.4696044921875,"y":13.160354614257812,"z":-6.1400299072265625,"roomId":5555}
{"type":"gyro","timestamp":1531636277911,"x":-2.1795654296875,"y":-7.568756103515625,"z":-1.9539337158203125,"roomId":5555}
{"type":"accel","timestamp":1531636277920,"x":6.2463226318359375,"y":13.369110107421875,"z":-6.0306243896484375,"roomId":5555}
{"type":"gyro","timestamp":1531636277930,"x":-3.011138916015625,"y":-8.587234497070312,"z":-2.4902801513671875,"roomId":5555}
{"type":"accel","timestamp":1531636277940,"x":4.9993133544921875,"y":12.27886962890625,"z":-4.5280914306640625,"roomId":5555}
{"type":"gyro","timestamp":1531636277941,"x":-3.427703857421875,"y":-8.855804443359375,"z":-2.639617919921875,"roomId":5555}
{"type":"accel","timestamp":1531636277959,"x":5.5399932861328125,"y":9.427047729492188,"z":-2.3396453857421875,"roomId":5555}
{"type":"gyro","timestamp":1531636277960,"x":-3.9221343994140625,"y":-9.32293701171875,"z":-2.85504150390625,"roomId":5555}
{"type":"accel","timestamp":1531636277971,"x":5.4308929443359375,"y":7.90325927734375,"z":-2.3365325927734375,"roomId":5555}
{"type":"gyro","timestamp":1531636277972,"x":-4.000030517578125,"y":-9.41900634765625,"z":-2.9654541015625,"roomId":5555}
{"type":"accel","timestamp":1531636277981,"x":6.1320953369140625,"y":6.4918365478515625,"z":-2.9037628173828125,"roomId":5555}
{"type":"gyro","timestamp":1531636277982,"x":-4.084747314453125,"y":-9.524566650390625,"z":-3.05828857421875,"roomId":5555}
{"type":"accel","timestamp":1531636277999,"x":10.224594116210938,"y":3.888702392578125,"z":-1.862030029296875,"roomId":5555}
{"type":"gyro","timestamp":1531636278000,"x":-4.31243896484375,"y":-9.960281372070312,"z":-3.561004638671875,"roomId":5555}
{"type":"accel","timestamp":1531636278019,"x":12.225372314453125,"y":0.2933502197265625,"z":3.9853363037109375,"roomId":5555}
{"type":"gyro","timestamp":1531636278019,"x":-4.09844970703125,"y":-9.312225341796875,"z":-4.7718048095703125,"roomId":5555}
{"type":"accel","timestamp":1531636278029,"x":9.247894287109375,"y":-2.1544189453125,"z":8.193939208984375,"roomId":5555}
{"type":"gyro","timestamp":1531636278030,"x":-3.4985504150390625,"y":-8.244674682617188,"z":-5.324798583984375,"roomId":5555}
{"type":"accel","timestamp":1531636278040,"x":3.967803955078125,"y":-4.3728790283203125,"z":10.757965087890625,"roomId":5555}
{"type":"gyro","timestamp":1531636278041,"x":-2.4247589111328125,"y":-6.6711883544921875,"z":-5.496917724609375,"roomId":5555}
{"type":"accel","timestamp":1531636278059,"x":-6.4418182373046875,"y":-5.856048583984375,"z":5.50921630859375,"roomId":5555}
{"type":"gyro","timestamp":1531636278060,"x":0.9153900146484375,"y":-3.4927825927734375,"z":-4.13818359375,"roomId":5555}
{"type":"accel","timestamp":1531636278071,"x":-8.364181518554688,"y":-4.648101806640625,"z":-1.220916748046875,"roomId":5555}
{"type":"gyro","timestamp":1531636278072,"x":2.6970977783203125,