{"type":"gyro","timestamp":1531636175736,"x":0.1452178955078125,"y":-0.2320098876953125,"z":-0.7157440185546875,"roomId":5555}
{"type":"accel","timestamp":1531636175746,"x":-0.91943359375,"y":7.6792449951171875,"z":-0.3899078369140625,"roomId":5555}
{"type":"gyro","timestamp":1531636175747,"x":0.214752197265625,"y":-0.4470672607421875,"z":-0.7435150146484375,"roomId":5555}
{"type":"accel","timestamp":1531636175763,"x":-1.9909210205078125,"y":7.34149169921875,"z":-1.383941650390625,"roomId":5555}
{"type":"gyro","timestamp":1531636175764,"x":0.1484527587890625,"y":-0.30914306640625,"z":-0.5100555419921875,"roomId":5555}
{"type":"accel","timestamp":1531636175782,"x":-0.4110565185546875,"y":7.6201171875,"z":-0.3347320556640625,"roomId":5555}
{"type":"gyro","timestamp":1531636175783,"x":-0.0745697021484375,"y":0.0623626708984375,"z":-0.1487884521484375,"roomId":5555}
{"type":"accel","timestamp":1531636175793,"x":0.303558349609375,"y":7.483367919921875,"z":-0.22454833984375,"roomId":5555}
{"type":"gyro","timestamp":1531636175794,"x":-0.08673095703125,"y":0.09771728515625,"z":-0.0860748291015625,"roomId":5555}
{"type":"accel","timestamp":1531636175803,"x":1.0554351806640625,"y":7.498992919921875,"z":-0.4284820556640625,"roomId":5555}
{"type":"gyro","timestamp":1531636175804,"x":-0.1002044677734375,"y":-0.017364501953125,"z":-0.09088134765625,"roomId":5555}
{"type":"accel","timestamp":1531636175822,"x":1.554351806640625,"y":7.8416748046875,"z":-0.562042236328125,"roomId":5555}
{"type":"gyro","timestamp":1531636175823,"x":-0.14422607421875,"y":-0.364501953125,"z":-0.191070556640625,"roomId":5555}
{"type":"accel","timestamp":1531636175832,"x":1.1327362060546875,"y":7.9134979248046875,"z":-0.7176971435546875,"roomId":5555}
{"type":"accel","timestamp":1531636175843,"x":0.657501220703125,"y":7.983001708984375,"z":-0.5816497802734375,"roomId":5555}
{"type":"gyro","timestamp":1531636175845,"x":-0.209259033203125,"y":-0.3665771484375,"z":-0.181915283203125,"roomId":5555}
{"type":"accel","timestamp":1531636175853,"x":0.447052001953125,"y":7.9231719970703125,"z":-0.24658203125,"roomId":5555}
{"type":"gyro","timestamp":1531636175854,"x":-0.2622528076171875,"y":-0.149261474609375,"z":-0.0923919677734375,"roomId":5555}
{"type":"accel","timestamp":1531636175864,"x":0.3227081298828125,"y":7.8538665771484375,"z":0.0751800537109375,"roomId":5555}
{"type":"gyro","timestamp":1531636175864,"x":-0.3078765869140625,"y":0.1358489990234375,"z":0.022552490234375,"roomId":5555}
{"type":"accel","timestamp":1531636175881,"x":0.07275390625,"y":7.6346282958984375,"z":0.1081695556640625,"roomId":5555}
{"type":"gyro","timestamp":1531636175882,"x":-0.3663330078125,"y":0.581695556640625,"z":0.2100372314453125,"roomId":5555}
{"type":"accel","timestamp":1531636175891,"x":0.3274688720703125,"y":7.6100921630859375,"z":-0.1654815673828125,"roomId":5555}
{"type":"gyro","timestamp":1531636175892,"x":-0.38275146484375,"y":0.60748291015625,"z":0.233551025390625,"roomId":5555}
{"type":"accel","timestamp":1531636175901,"x":0.39678955078125,"y":7.702423095703125,"z":-0.551300048828125,"roomId":5555}
{"type":"gyro","timestamp":1531636175903,"x":-0.3833160400390625,"y":0.4225921630859375,"z":0.1719970703125,"roomId":5555}
{"type":"accel","timestamp":1531636175911,"x":0.0528411865234375,"y":7.7119293212890625,"z":-0.79901123046875,"roomId":5555}
{"type":"accel","timestamp":1531636175921,"x":-0.4722900390625,"y":7.5991668701171875,"z":-0.82513427734375,"roomId":5555}
{"type":"gyro","timestamp":1531636175922,"x":-0.331878662109375,"y":-0.1712799072265625,"z":-0.0542755126953125,"roomId":5555}
{"type":"accel","timestamp":1531636175931,"x":-1.0580291748046875,"y":7.515533447265625,"z":-0.5692901611328125,"roomId":5555}
{"type":"gyro","timestamp":1531636175932,"x":-0.286285400390625,"y":-0.353912353515625,"z":-0.097686767578125,"roomId":5555}
{"type":"accel","timestamp":1531636175941,"x":-1.7324981689453125,"y":7.5592193603515625,"z":-0.32275390625,"roomId":5555}
{"type":"gyro","timestamp":1531636175950,"x":-0.1269378662109375,"y":-0.418731689453125,"z":0.0056915283203125,"roomId":5555}
{"type":"accel","timestamp":1531636175960,"x":-3.6043243408203125,"y":7.94891357421875,"z":-0.8258819580078125,"roomId":5555}
{"type":"gyro","timestamp":1531636175961,"x":-0.0194854736328125,"y":-0.42333984375,"z":0.105712890625,"roomId":5555}
{"type":"accel","timestamp":1531636175971,"x":-4.6825103759765625,"y":8.110458374023438,"z":-1.43560791015625,"roomId":5555}
{"type":"gyro","timestamp":1531636175972,"x":0.1001434326171875,"y":-0.5185546875,"z":0.2137451171875,"roomId":5555}
{"type":"accel","timestamp":1531636175981,"x":-5.485595703125,"y":8.382858276367188,"z":-2.49127197265625,"roomId":5555}
{"type":"gyro","timestamp":1531636175982,"x":0.2204132080078125,"y":-0.729827880859375,"z":0.311920166015625,"roomId":5555}
{"type":"accel","timestamp":1531636175991,"x":-5.7813873291015625,"y":8.703277587890625,"z":-4.074676513671875,"roomId":5555}
{"type":"gyro","timestamp":1531636175993,"x":0.3069305419921875,"y":-1.0612335205078125,"z":0.3714141845703125,"roomId":5555}
{"type":"accel","timestamp":1531636176001,"x":-6.020538330078125,"y":8.8475341796875,"z":-5.447357177734375,"roomId":5555}
{"type":"gyro","timestamp":1531636176003,"x":0.3318328857421875,"y":-1.5289764404296875,"z":0.3695831298828125,"roomId":5555}
{"type":"accel","timestamp":1531636176012,"x":-6.0969696044921875,"y":9.120849609375,"z":-6.571868896484375,"roomId":5555}
{"type":"gyro","timestamp":1531636176015,"x":0.290191650390625,"y":-2.0964202880859375,"z":0.3161468505859375,"roomId":5555}
{"type":"accel","timestamp":1531636176030,"x":-4.375213623046875,"y":9.902206420898438,"z":-6.9045867919921875,"roomId":5555}
{"type":"gyro","timestamp":1531636176031,"x":0.0360260009765625,"y":-3.2919464111328125,"z":0.0191192626953125,"roomId":5555}
{"type":"accel","timestamp":1531636176040,"x":-4.0829315185546875,"y":9.862625122070312,"z":-6.33013916015625,"roomId":5555}
{"type":"gyro","timestamp":1531636176041,"x":-0.0673828125,"y":-3.8819580078125,"z":-0.205780029296875,"roomId":5555}
{"type":"accel","timestamp":1531636176051,"x":-4.01007080078125,"y":9.6785888671875,"z":-5.762054443359375,"roomId":5555}
{"type":"gyro","timestamp":1531636176053,"x":-0.1090545654296875,"y":-4.482147216796875,"z":-0.4322357177734375,"roomId":5555}
{"type":"accel","timestamp":1531636176062,"x":-4.38140869140625,"y":9.189453125,"z":-5.748138427734375,"roomId":5555}
{"type":"gyro","timestamp":1531636176063,"x":-0.1167449951171875,"y":-5.08978271484375,"z":-0.6645355224609375,"roomId":5555}
{"type":"accel","timestamp":1531636176080,"x":-5.62847900390625,"y":8.395401000976562,"z":-4.7967376708984375,"roomId":5555}
{"type":"gyro","timestamp":1531636176081,"x":-0.1426239013671875,"y":-6.3887939453125,"z":-0.9959869384765625,"roomId":5555}
{"type":"accel","timestamp":1531636176091,"x":-6.6778106689453125,"y":8.390884399414062,"z":-4.559906005859375,"roomId":5555}
{"type":"gyro","timestamp":1531636176093,"x":-0.147125244140625,"y":-6.886749267578125,"z":-0.945892333984375,"roomId":5555}
{"type":"accel","timestamp":1531636176102,"x":-7.9094085693359375,"y":8.542999267578125,"z":-4.5286407470703125,"roomId":5555}
{"type":"gyro","timestamp":1531636176103,"x":-0.1930694580078125,"y":-7.1030731201171875,"z":-0.6383819580078125,"roomId":5555}
{"type":"accel","timestamp":1531636176120,"x":-8.23626708984375,"y":8.576263427734375,"z":-5.002044677734375,"roomId":5555}
{"type":"gyro","timestamp":1531636176121,"x":-0.509429931640625,"y":-6.474334716796875,"z":0.72723388671875,"roomId":5555}
{"type":"accel","timestamp":1531636176132,"x":-4.5914154052734375,"y":7.9444122314453125,"z":-6.305999755859375,"roomId":5555}
{"type":"gyro","timestamp":1531636176134,"x":-0.8141632080078125,"y":-5.7072601318359375,"z":1.4434051513671875,"roomId":5555}
{"type":"accel","timestamp":1531636176151,"x":5.614471435546875,"y":9.534164428710938,"z":-5.6639251708984375,"roomId":5555}
{"type":"gyro","timestamp":1531636176153,