{"type":"gyro","timestamp":1531636251422,"x":1.1734619140625,"y":0.284088134765625,"z":-0.854827880859375,"roomId":5555}
{"type":"accel","timestamp":1531636251431,"x":5.097076416015625,"y":4.3249053955078125,"z":0.74383544921875,"roomId":5555}
{"type":"gyro","timestamp":1531636251432,"x":1.1236419677734375,"y":0.263519287109375,"z":-0.6788330078125,"roomId":5555}
{"type":"accel","timestamp":1531636251441,"x":5.0714263916015625,"y":5.21246337890625,"z":-0.511199951171875,"roomId":5555}
{"type":"gyro","timestamp":1531636251449,"x":0.7427520751953125,"y":0.24755859375,"z":-0.526092529296875,"roomId":5555}
{"type":"accel","timestamp":1531636251460,"x":4.7236328125,"y":6.598236083984375,"z":-2.346588134765625,"roomId":5555}
{"type":"gyro","timestamp":1531636251461,"x":0.4693756103515625,"y":0.1880950927734375,"z":-0.4860687255859375,"roomId":5555}
{"type":"accel","timestamp":1531636251470,"x":5.3427276611328125,"y":6.82855224609375,"z":-2.1841583251953125,"roomId":5555}
{"type":"accel","timestamp":1531636251481,"x":5.9387664794921875,"y":6.8938751220703125,"z":-1.7075958251953125,"roomId":5555}
{"type":"gyro","timestamp":1531636251483,"x":0.023406982421875,"y":0.095458984375,"z":-0.4622955322265625,"roomId":5555}
{"type":"accel","timestamp":1531636251499,"x":6.274810791015625,"y":7.204010009765625,"z":-1.6429901123046875,"roomId":5555}
{"type":"gyro","timestamp":1531636251500,"x":-0.0901947021484375,"y":0.1780242919921875,"z":-0.4356689453125,"roomId":5555}
{"type":"accel","timestamp":1531636251509,"x":5.9252471923828125,"y":7.4367523193359375,"z":-1.537750244140625,"roomId":5555}
{"type":"gyro","timestamp":1531636251511,"x":-0.1287689208984375,"y":0.286895751953125,"z":-0.3788604736328125,"roomId":5555}
{"type":"accel","timestamp":1531636251520,"x":5.3642120361328125,"y":7.509552001953125,"z":-1.2709197998046875,"roomId":5555}
{"type":"gyro","timestamp":1531636251529,"x":-0.169921875,"y":0.4122314453125,"z":-0.2793121337890625,"roomId":5555}
{"type":"accel","timestamp":1531636251539,"x":4.729705810546875,"y":7.6682281494140625,"z":-0.5993499755859375,"roomId":5555}
{"type":"gyro","timestamp":1531636251540,"x":-0.2004547119140625,"y":0.5451812744140625,"z":-0.14434814453125,"roomId":5555}
{"type":"accel","timestamp":1531636251549,"x":5.0939483642578125,"y":7.642242431640625,"z":-0.824951171875,"roomId":5555}
{"type":"gyro","timestamp":1531636251550,"x":-0.2174530029296875,"y":0.6763916015625,"z":0.0160369873046875,"roomId":5555}
{"type":"accel","timestamp":1531636251571,"x":6.073272705078125,"y":8.722061157226562,"z":-0.7788543701171875,"roomId":5555}
{"type":"gyro","timestamp":1531636251573,"x":-0.24298095703125,"y":0.7621612548828125,"z":0.3100738525390625,"roomId":5555}
{"type":"accel","timestamp":1531636251589,"x":6.269378662109375,"y":9.37652587890625,"z":-1.1021728515625,"roomId":5555}
{"type":"gyro","timestamp":1531636251591,"x":-0.2392730712890625,"y":0.5531158447265625,"z":0.381011962890625,"roomId":5555}
{"type":"accel","timestamp":1531636251610,"x":6.3050689697265625,"y":9.73028564453125,"z":-1.4005126953125,"roomId":5555}
{"type":"gyro","timestamp":1531636251612,"x":-0.20941162109375,"y":0.0635833740234375,"z":0.188995361328125,"roomId":5555}
{"type":"accel","timestamp":1531636251629,"x":6.5380706787109375,"y":10.723892211914062,"z":-2.91046142578125,"roomId":5555}
{"type":"gyro","timestamp":1531636251631,"x":-0.10528564453125,"y":-0.5883941650390625,"z":0.039764404296875,"roomId":5555}
{"type":"accel","timestamp":1531636251640,"x":6.76885986328125,"y":11.22247314453125,"z":-3.3958282470703125,"roomId":5555}
{"type":"gyro","timestamp":1531636251641,"x":-0.101165771484375,"y":-0.966552734375,"z":-0.055572509765625,"roomId":5555}
{"type":"accel","timestamp":1531636251650,"x":6.3854522705078125,"y":11.417251586914062,"z":-3.2577667236328125,"roomId":5555}
{"type":"gyro","timestamp":1531636251651,"x":-0.1826934814453125,"y":-1.3455810546875,"z":-0.1999969482421875,"roomId":5555}
{"type":"accel","timestamp":1531636251667,"x":5.844024658203125,"y":10.77593994140625,"z":-3.859710693359375,"roomId":5555}
{"type":"gyro","timestamp":1531636251669,"x":-0.4921112060546875,"y":-1.9178009033203125,"z":-0.567657470703125,"roomId":5555}
{"type":"accel","timestamp":1531636251677,"x":6.5728607177734375,"y":10.586578369140625,"z":-3.7688751220703125,"roomId":5555}
{"type":"accel","timestamp":1531636251688,"x":6.926422119140625,"y":10.418106079101562,"z":-3.6307525634765625,"roomId":5555}
{"type":"gyro","timestamp":1531636251690,"x":-0.9227752685546875,"y":-2.3829345703125,"z":-0.81207275390625,"roomId":5555}
{"type":"accel","timestamp":1531636251709,"x":8.02154541015625,"y":10.016189575195312,"z":-2.7537841796875,"roomId":5555}
{"type":"gyro","timestamp":1531636251710,"x":-1.3712158203125,"y":-3.58013916015625,"z":-1.297088623046875,"roomId":5555}
{"type":"gyro","timestamp":1531636251729,"x":-1.6560516357421875,"y":-5.63311767578125,"z":-2.2374114990234375,"roomId":5555}
{"type":"accel","timestamp":1531636251738,"x":8.020828247070312,"y":9.40325927734375,"z":-1.2549591064453125,"roomId":5555}
{"type":"gyro","timestamp":1531636251739,"x":-1.7293853759765625,"y":-6.64569091796875,"z":-2.81005859375,"roomId":5555}
{"type":"accel","timestamp":1531636251748,"x":6.4947509765625,"y":8.407821655273438,"z":-0.5400238037109375,"roomId":5555}
{"type":"gyro","timestamp":1531636251749,"x":-1.7781982421875,"y":-7.3894500732421875,"z":-3.2860107421875,"roomId":5555}
{"type":"accel","timestamp":1531636251758,"x":5.725006103515625,"y":7.7513275146484375,"z":-0.69451904296875,"roomId":5555}
{"type":"gyro","timestamp":1531636251759,"x":-1.84014892578125,"y":-7.871429443359375,"z":-3.6142120361328125,"roomId":5555}
{"type":"accel","timestamp":1531636251768,"x":5.097747802734375,"y":6.9628753662109375,"z":-0.8915863037109375,"roomId":5555}
{"type":"gyro","timestamp":1531636251769,"x":-1.9348297119140625,"y":-8.158966064453125,"z":-3.759857177734375,"roomId":5555}
{"type":"accel","timestamp":1531636251778,"x":4.947479248046875,"y":6.1612548828125,"z":-1.1673736572265625,"roomId":5555}
{"type":"gyro","timestamp":1531636251780,"x":-2.06304931640625,"y":-8.304733276367188,"z":-3.7450103759765625,"roomId":5555}
{"type":"accel","timestamp":1531636251796,"x":5.56219482421875,"y":5.4453887939453125,"z":-0.9842071533203125,"roomId":5555}
{"type":"gyro","timestamp":1531636251797,"x":-2.355255126953125,"y":-8.289474487304688,"z":-3.4194793701171875,"roomId":5555}
{"type":"accel","timestamp":1531636251806,"x":6.303375244140625,"y":4.9892120361328125,"z":-0.3821563720703125,"roomId":5555}
{"type":"gyro","timestamp":1531636251807,"x":-2.4561920166015625,"y":-8.16107177734375,"z":-3.258453369140625,"roomId":5555}
{"type":"accel","timestamp":1531636251817,"x":6.9947357177734375,"y":4.7811737060546875,"z":0.1732025146484375,"roomId":5555}
{"type":"gyro","timestamp":1531636251817,"x":-2.473419189453125,"y":-7.9652862548828125,"z":-3.186737060546875,"roomId":5555}
{"type":"accel","timestamp":1531636251828,"x":7.6989898681640625,"y":4.8136444091796875,"z":0.353363037109375,"roomId":5555}
{"type":"gyro","timestamp":1531636251829,"x":-2.4257659912109375,"y":-7.779266357421875,"z":-3.2313079833984375,"roomId":5555}
{"type":"accel","timestamp":1531636251847,"x":8.038848876953125,"y":4.126190185546875,"z":-0.2821197509765625,"roomId":5555}
{"type":"gyro","timestamp":1531636251849,"x":-2.30780029296875,"y":-7.725006103515625,"z":-3.6387786865234375,"roomId":5555}
{"type":"accel","timestamp":1531636251858,"x":7.769927978515625,"y":3.5340118408203125,"z":0.665740966796875,"roomId":5555}
{"type":"gyro","timestamp":1531636251859,"x":-2.2173309326171875,"y":-7.8972930908203125,"z":-3.9065399169921875,"roomId":5555}
{"type":"accel","timestamp":1531636251878,"x":5.19671630859375,"y":2.2552947998046875,"z":2.8028106689453125,"roomId":5555}
{"type":"gyro","timestamp":1531636251880,"x":-1.660797119140625,"y":-7.9948577880859375,"z":-4.242431640625,"roomId":5555}
{"type":"accel","timestamp":1531636251888,