{"type":"gyro","timestamp":1531636287030,"x":0.0591583251953125,"y":0.01971435546875,"z":-0.1315155029296875,"roomId":5555}
{"type":"accel","timestamp":1531636287039,"x":4.9499359130859375,"y":7.433349609375,"z":0.9936676025390625,"roomId":5555}
{"type":"gyro","timestamp":1531636287040,"x":0.0597381591796875,"y":-0.2001190185546875,"z":-0.265167236328125,"roomId":5555}
{"type":"accel","timestamp":1531636287051,"x":4.74267578125,"y":7.3725128173828125,"z":1.250335693359375,"roomId":5555}
{"type":"gyro","timestamp":1531636287052,"x":0.0814361572265625,"y":-0.3297271728515625,"z":-0.3706512451171875,"roomId":5555}
{"type":"accel","timestamp":1531636287069,"x":4.0983734130859375,"y":7.1572418212890625,"z":1.211578369140625,"roomId":5555}
{"type":"gyro","timestamp":1531636287070,"x":0.1623687744140625,"y":-0.2686614990234375,"z":-0.3714141845703125,"roomId":5555}
{"type":"accel","timestamp":1531636287079,"x":3.8273468017578125,"y":7.127410888671875,"z":1.019927978515625,"roomId":5555}
{"type":"gyro","timestamp":1531636287080,"x":0.1789703369140625,"y":-0.158935546875,"z":-0.2798614501953125,"roomId":5555}
{"type":"accel","timestamp":1531636287098,"x":3.9128265380859375,"y":6.9810333251953125,"z":0.814361572265625,"roomId":5555}
{"type":"gyro","timestamp":1531636287100,"x":0.145599365234375,"y":0.070648193359375,"z":-0.043701171875,"roomId":5555}
{"type":"accel","timestamp":1531636287111,"x":4.5989227294921875,"y":6.970550537109375,"z":0.58074951171875,"roomId":5555}
{"type":"gyro","timestamp":1531636287112,"x":0.1074676513671875,"y":0.153411865234375,"z":0.0352020263671875,"roomId":5555}
{"type":"accel","timestamp":1531636287128,"x":4.95263671875,"y":7.0279998779296875,"z":0.540740966796875,"roomId":5555}
{"type":"gyro","timestamp":1531636287130,"x":-0.043701171875,"y":0.1909027099609375,"z":-0.049835205078125,"roomId":5555}
{"type":"accel","timestamp":1531636287138,"x":4.5467376708984375,"y":6.8783111572265625,"z":0.7322235107421875,"roomId":5555}
{"type":"gyro","timestamp":1531636287139,"x":-0.116607666015625,"y":0.11431884765625,"z":-0.14990234375,"roomId":5555}
{"type":"accel","timestamp":1531636287157,"x":4.27679443359375,"y":6.69732666015625,"z":1.2657318115234375,"roomId":5555}
{"type":"gyro","timestamp":1531636287159,"x":-0.1526947021484375,"y":-0.213043212890625,"z":-0.2918701171875,"roomId":5555}
{"type":"accel","timestamp":1531636287169,"x":3.9782257080078125,"y":6.7150421142578125,"z":1.523101806640625,"roomId":5555}
{"type":"gyro","timestamp":1531636287171,"x":-0.124237060546875,"y":-0.33551025390625,"z":-0.3360443115234375,"roomId":5555}
{"type":"accel","timestamp":1531636287180,"x":3.455169677734375,"y":6.704376220703125,"z":1.6351318359375,"roomId":5555}
{"type":"gyro","timestamp":1531636287182,"x":-0.078887939453125,"y":-0.3962249755859375,"z":-0.335479736328125,"roomId":5555}
{"type":"accel","timestamp":1531636287197,"x":3.12847900390625,"y":7.193145751953125,"z":1.4057464599609375,"roomId":5555}
{"type":"gyro","timestamp":1531636287198,"x":0.04461669921875,"y":-0.49456787109375,"z":-0.2055816650390625,"roomId":5555}
{"type":"accel","timestamp":1531636287208,"x":3.2477874755859375,"y":7.7000579833984375,"z":0.811431884765625,"roomId":5555}
{"type":"gyro","timestamp":1531636287210,"x":0.131591796875,"y":-0.5831756591796875,"z":-0.169403076171875,"roomId":5555}
{"type":"accel","timestamp":1531636287228,"x":2.89849853515625,"y":8.903182983398438,"z":-0.9763946533203125,"roomId":5555}
{"type":"gyro","timestamp":1531636287230,"x":0.2574615478515625,"y":-1.0334320068359375,"z":-0.226165771484375,"roomId":5555}
{"type":"accel","timestamp":1531636287238,"x":2.1341552734375,"y":9.608474731445312,"z":-1.8446197509765625,"roomId":5555}
{"type":"gyro","timestamp":1531636287247,"x":0.29693603515625,"y":-2.029876708984375,"z":-0.37884521484375,"roomId":5555}
{"type":"accel","timestamp":1531636287257,"x":0.458984375,"y":10.7630615234375,"z":-3.6475830078125,"roomId":5555}
{"type":"gyro","timestamp":1531636287264,"x":0.2768402099609375,"y":-2.7486724853515625,"z":-0.461273193359375,"roomId":5555}
{"type":"gyro","timestamp":1531636287269,"x":0.2162322998046875,"y":-3.5413665771484375,"z":-0.5728912353515625,"roomId":5555}
{"type":"accel","timestamp":1531636287270,"x":0.400360107421875,"y":11.000839233398438,"z":-4.1047210693359375,"roomId":5555}
{"type":"accel","timestamp":1531636287286,"x":0.5017852783203125,"y":11.325332641601562,"z":-3.5830078125,"roomId":5555}
{"type":"gyro","timestamp":1531636287287,"x":0.04840087890625,"y":-4.927490234375,"z":-0.9284210205078125,"roomId":5555}
{"type":"accel","timestamp":1531636287305,"x":-0.1971588134765625,"y":11.4207763671875,"z":-1.8129425048828125,"roomId":5555}
{"type":"gyro","timestamp":1531636287306,"x":-0.10760498046875,"y":-5.28411865234375,"z":-1.2060699462890625,"roomId":5555}
{"type":"accel","timestamp":1531636287315,"x":-1.1610260009765625,"y":11.082046508789062,"z":-1.20159912109375,"roomId":5555}
{"type":"gyro","timestamp":1531636287316,"x":-0.10089111328125,"y":-5.105010986328125,"z":-1.160369873046875,"roomId":5555}
{"type":"accel","timestamp":1531636287326,"x":-1.8839874267578125,"y":10.597930908203125,"z":-0.98895263671875,"roomId":5555}
{"type":"gyro","timestamp":1531636287327,"x":-0.0417022705078125,"y":-4.77386474609375,"z":-0.943511962890625,"roomId":5555}
{"type":"accel","timestamp":1531636287336,"x":-2.1195831298828125,"y":10.236785888671875,"z":-1.3422698974609375,"roomId":5555}
{"type":"gyro","timestamp":1531636287338,"x":0.0369720458984375,"y":-4.3361358642578125,"z":-0.60150146484375,"roomId":5555}
{"type":"accel","timestamp":1531636287355,"x":-0.862945556640625,"y":10.469772338867188,"z":-4.3413543701171875,"roomId":5555}
{"type":"gyro","timestamp":1531636287355,"x":0.0234375,"y":-3.4898223876953125,"z":0.1041259765625,"roomId":5555}
{"type":"accel","timestamp":1531636287365,"x":0.440765380859375,"y":10.896530151367188,"z":-5.6298980712890625,"roomId":5555}
{"type":"gyro","timestamp":1531636287365,"x":-0.1856231689453125,"y":-3.435791015625,"z":0.230865478515625,"roomId":5555}
{"type":"gyro","timestamp":1531636287385,"x":-0.5282745361328125,"y":-3.6768341064453125,"z":0.11907958984375,"roomId":5555}
{"type":"accel","timestamp":1531636287388,"x":1.310638427734375,"y":11.269088745117188,"z":-6.2266387939453125,"roomId":5555}
{"type":"gyro","timestamp":1531636287397,"x":-1.3968353271484375,"y":-4.5916290283203125,"z":-0.4521942138671875,"roomId":5555}
{"type":"accel","timestamp":1531636287404,"x":1.28997802734375,"y":9.2689208984375,"z":-4.5751495361328125,"roomId":5555}
{"type":"accel","timestamp":1531636287414,"x":1.553497314453125,"y":8.256683349609375,"z":-3.2228546142578125,"roomId":5555}
{"type":"gyro","timestamp":1531636287415,"x":-1.970977783203125,"y":-5.451812744140625,"z":-0.8188934326171875,"roomId":5555}
{"type":"accel","timestamp":1531636287425,"x":1.9572601318359375,"y":7.6111297607421875,"z":-1.4676055908203125,"roomId":5555}
{"type":"gyro","timestamp":1531636287425,"x":-2.0009918212890625,"y":-5.7369537353515625,"z":-0.8843841552734375,"roomId":5555}
{"type":"accel","timestamp":1531636287435,"x":3.013397216796875,"y":7.158477783203125,"z":-0.353424072265625,"roomId":5555}
{"type":"gyro","timestamp":1531636287436,"x":-1.8664093017578125,"y":-5.695648193359375,"z":-0.8701629638671875,"roomId":5555}
{"type":"accel","timestamp":1531636287445,"x":3.925506591796875,"y":6.8202362060546875,"z":-0.2752227783203125,"roomId":5555}
{"type":"gyro","timestamp":1531636287446,"x":-1.643157958984375,"y":-5.238800048828125,"z":-0.7978515625,"roomId":5555}
{"type":"accel","timestamp":1531636287455,"x":3.8802490234375,"y":6.3311309814453125,"z":-1.124298095703125,"roomId":5555}
{"type":"accel","timestamp":1531636287465,"x":2.7384796142578125,"y":5.7781219482421875,"z":-3.284423828125,"roomId":5555}
{"type":"gyro","timestamp":1531636287466,"x":-1.2479400634765625,"y":-3.527740478515625,"z":-0.350311279296875,"roomId":5555}
{"type":"accel","timestamp":1531636287485,"x":3.904510498046875,