{"type":"gyro","timestamp":1531636292126,"x":-0.0713653564453125,"y":0.3161163330078125,"z":-0.167144775390625,"roomId":5555}
{"type":"accel","timestamp":1531636292135,"x":5.3185577392578125,"y":6.657928466796875,"z":0.7493133544921875,"roomId":5555}
{"type":"gyro","timestamp":1531636292136,"x":-0.05804443359375,"y":0.3809051513671875,"z":-0.1288909912109375,"roomId":5555}
{"type":"accel","timestamp":1531636292154,"x":4.733734130859375,"y":6.536346435546875,"z":1.3233184814453125,"roomId":5555}
{"type":"gyro","timestamp":1531636292156,"x":-0.1012420654296875,"y":0.359466552734375,"z":-0.102569580078125,"roomId":5555}
{"type":"accel","timestamp":1531636292166,"x":4.491729736328125,"y":6.39312744140625,"z":1.5145263671875,"roomId":5555}
{"type":"gyro","timestamp":1531636292167,"x":-0.121978759765625,"y":0.284698486328125,"z":-0.10711669921875,"roomId":5555}
{"type":"accel","timestamp":1531636292178,"x":4.5425872802734375,"y":6.4763031005859375,"z":1.48419189453125,"roomId":5555}
{"type":"gyro","timestamp":1531636292179,"x":-0.120147705078125,"y":0.19464111328125,"z":-0.09686279296875,"roomId":5555}
{"type":"accel","timestamp":1531636292193,"x":4.5406036376953125,"y":6.5155029296875,"z":1.7467193603515625,"roomId":5555}
{"type":"gyro","timestamp":1531636292194,"x":-0.1266326904296875,"y":-0.006683349609375,"z":-0.0804901123046875,"roomId":5555}
{"type":"accel","timestamp":1531636292203,"x":4.5191650390625,"y":6.5512847900390625,"z":1.64898681640625,"roomId":5555}
{"type":"gyro","timestamp":1531636292204,"x":-0.1219329833984375,"y":-0.1012420654296875,"z":-0.102325439453125,"roomId":5555}
{"type":"accel","timestamp":1531636292223,"x":4.4470672607421875,"y":6.51275634765625,"z":1.6629791259765625,"roomId":5555}
{"type":"gyro","timestamp":1531636292225,"x":-0.115875244140625,"y":-0.14691162109375,"z":-0.15032958984375,"roomId":5555}
{"type":"accel","timestamp":1531636292234,"x":4.39508056640625,"y":6.475738525390625,"z":1.600616455078125,"roomId":5555}
{"type":"gyro","timestamp":1531636292236,"x":-0.1287841796875,"y":-0.11810302734375,"z":-0.1395111083984375,"roomId":5555}
{"type":"accel","timestamp":1531636292244,"x":4.2259979248046875,"y":6.5587615966796875,"z":1.3628082275390625,"roomId":5555}
{"type":"gyro","timestamp":1531636292254,"x":-0.1731719970703125,"y":-0.0086669921875,"z":-0.0767669677734375,"roomId":5555}
{"type":"accel","timestamp":1531636292263,"x":3.9172515869140625,"y":6.5839080810546875,"z":1.0808868408203125,"roomId":5555}
{"type":"gyro","timestamp":1531636292264,"x":-0.2064666748046875,"y":0.01068115234375,"z":-0.02447509765625,"roomId":5555}
{"type":"accel","timestamp":1531636292273,"x":4.062286376953125,"y":6.552398681640625,"z":1.0401153564453125,"roomId":5555}
{"type":"gyro","timestamp":1531636292274,"x":-0.2198638916015625,"y":-0.0275421142578125,"z":0.0265350341796875,"roomId":5555}
{"type":"accel","timestamp":1531636292293,"x":4.332733154296875,"y":6.7166748046875,"z":0.9697265625,"roomId":5555}
{"type":"gyro","timestamp":1531636292294,"x":-0.1999053955078125,"y":-0.2113800048828125,"z":0.06414794921875,"roomId":5555}
{"type":"accel","timestamp":1531636292314,"x":3.9528045654296875,"y":7.0691375732421875,"z":0.7010650634765625,"roomId":5555}
{"type":"gyro","timestamp":1531636292315,"x":-0.172088623046875,"y":-0.45135498046875,"z":0.02130126953125,"roomId":5555}
{"type":"accel","timestamp":1531636292336,"x":3.1637725830078125,"y":7.7977294921875,"z":-0.2343597412109375,"roomId":5555}
{"type":"gyro","timestamp":1531636292337,"x":-0.1768035888671875,"y":-0.766143798828125,"z":-0.0098419189453125,"roomId":5555}
{"type":"accel","timestamp":1531636292356,"x":2.1921539306640625,"y":8.463729858398438,"z":-0.7850341796875,"roomId":5555}
{"type":"gyro","timestamp":1531636292358,"x":-0.2253265380859375,"y":-1.2141571044921875,"z":0.0164947509765625,"roomId":5555}
{"type":"accel","timestamp":1531636292366,"x":1.8888397216796875,"y":8.721099853515625,"z":-0.489013671875,"roomId":5555}
{"type":"gyro","timestamp":1531636292368,"x":-0.2370147705078125,"y":-1.455078125,"z":0.0469970703125,"roomId":5555}
{"type":"accel","timestamp":1531636292376,"x":2.4810333251953125,"y":8.981460571289062,"z":0.024627685546875,"roomId":5555}
{"type":"gyro","timestamp":1531636292378,"x":-0.186187744140625,"y":-1.6941986083984375,"z":0.058074951171875,"roomId":5555}
{"type":"accel","timestamp":1531636292391,"x":3.8217926025390625,"y":9.513031005859375,"z":-0.5628662109375,"roomId":5555}
{"type":"gyro","timestamp":1531636292392,"x":0.113189697265625,"y":-2.1188507080078125,"z":-0.128082275390625,"roomId":5555}
{"type":"accel","timestamp":1531636292401,"x":3.983245849609375,"y":9.799331665039062,"z":-1.8864898681640625,"roomId":5555}
{"type":"gyro","timestamp":1531636292402,"x":0.195098876953125,"y":-2.3229217529296875,"z":-0.279083251953125,"roomId":5555}
{"type":"accel","timestamp":1531636292411,"x":3.734588623046875,"y":10.024642944335938,"z":-3.0712738037109375,"roomId":5555}
{"type":"gyro","timestamp":1531636292413,"x":0.138824462890625,"y":-2.6120758056640625,"z":-0.4039459228515625,"roomId":5555}
{"type":"accel","timestamp":1531636292421,"x":3.575469970703125,"y":10.047988891601562,"z":-3.7060699462890625,"roomId":5555}
{"type":"accel","timestamp":1531636292431,"x":3.3643035888671875,"y":9.957565307617188,"z":-3.8665771484375,"roomId":5555}
{"type":"gyro","timestamp":1531636292432,"x":-0.2898406982421875,"y":-3.413604736328125,"z":-0.5497589111328125,"roomId":5555}
{"type":"accel","timestamp":1531636292442,"x":3.8799896240234375,"y":10.009231567382812,"z":-3.160125732421875,"roomId":5555}
{"type":"gyro","timestamp":1531636292444,"x":-0.51434326171875,"y":-3.818939208984375,"z":-0.5797576904296875,"roomId":5555}
{"type":"accel","timestamp":1531636292452,"x":4.5906829833984375,"y":9.806564331054688,"z":-2.217071533203125,"roomId":5555}
{"type":"gyro","timestamp":1531636292454,"x":-0.6350860595703125,"y":-4.166107177734375,"z":-0.6220703125,"roomId":5555}
{"type":"accel","timestamp":1531636292463,"x":4.40057373046875,"y":9.35748291015625,"z":-1.884429931640625,"roomId":5555}
{"type":"gyro","timestamp":1531636292464,"x":-0.639556884765625,"y":-4.388031005859375,"z":-0.6934967041015625,"roomId":5555}
{"type":"accel","timestamp":1531636292481,"x":4.1194915771484375,"y":9.015365600585938,"z":-4.0894927978515625,"roomId":5555}
{"type":"gyro","timestamp":1531636292483,"x":-0.6513671875,"y":-4.789337158203125,"z":-0.7806243896484375,"roomId":5555}
{"type":"accel","timestamp":1531636292491,"x":4.15777587890625,"y":9.240692138671875,"z":-5.005706787109375,"roomId":5555}
{"type":"gyro","timestamp":1531636292493,"x":-0.8027496337890625,"y":-5.261505126953125,"z":-0.8712921142578125,"roomId":5555}
{"type":"accel","timestamp":1531636292502,"x":3.7554779052734375,"y":9.04754638671875,"z":-5.601348876953125,"roomId":5555}
{"type":"gyro","timestamp":1531636292503,"x":-1.02593994140625,"y":-5.9184112548828125,"z":-0.9952545166015625,"roomId":5555}
{"type":"accel","timestamp":1531636292520,"x":4.8690948486328125,"y":8.539794921875,"z":-4.7029266357421875,"roomId":5555}
{"type":"gyro","timestamp":1531636292521,"x":-1.47705078125,"y":-7.320037841796875,"z":-1.215728759765625,"roomId":5555}
{"type":"accel","timestamp":1531636292531,"x":4.9483795166015625,"y":8.153289794921875,"z":-3.7302398681640625,"roomId":5555}
{"type":"gyro","timestamp":1531636292532,"x":-1.571319580078125,"y":-7.7681427001953125,"z":-1.303802490234375,"roomId":5555}
{"type":"accel","timestamp":1531636292552,"x":4.60693359375,"y":7.391448974609375,"z":-3.226898193359375,"roomId":5555}
{"type":"gyro","timestamp":1531636292553,"x":-1.449371337890625,"y":-7.7931365966796875,"z":-1.224945068359375,"roomId":5555}
{"type":"accel","timestamp":1531636292574,"x":4.6023101806640625,"y":7.0616912841796875,"z":-2.7596435546875,"roomId":5555}
{"type":"gyro","timestamp":1531636292575,"x":-1.208648681640625,"y":-6.83502197265625,"z":-0.8638916015625,"roomId":5555}
{"type":"accel","timestamp":1531636292591,