{"type":"accel","timestamp":1531636197595,"x":-2.3860931396484375,"y":7.5885772705078125,"z":-0.784820556640625,"roomId":5555}
{"type":"gyro","timestamp":1531636197597,"x":-0.243438720703125,"y":0.08758544921875,"z":-0.294891357421875,"roomId":5555}
{"type":"accel","timestamp":1531636197605,"x":-2.1946868896484375,"y":7.584014892578125,"z":-0.5037384033203125,"roomId":5555}
{"type":"gyro","timestamp":1531636197615,"x":-0.274810791015625,"y":-0.0845489501953125,"z":-0.17572021484375,"roomId":5555}
{"type":"accel","timestamp":1531636197624,"x":-2.0447845458984375,"y":7.481536865234375,"z":1.013458251953125,"roomId":5555}
{"type":"gyro","timestamp":1531636197625,"x":-0.2333984375,"y":-0.1208953857421875,"z":-0.1360931396484375,"roomId":5555}
{"type":"accel","timestamp":1531636197635,"x":-2.130950927734375,"y":7.3892669677734375,"z":1.2751007080078125,"roomId":5555}
{"type":"gyro","timestamp":1531636197636,"x":-0.137939453125,"y":-0.1192779541015625,"z":-0.087127685546875,"roomId":5555}
{"type":"accel","timestamp":1531636197645,"x":-2.2502593994140625,"y":7.401123046875,"z":1.099456787109375,"roomId":5555}
{"type":"accel","timestamp":1531636197655,"x":-2.23455810546875,"y":7.43548583984375,"z":0.39837646484375,"roomId":5555}
{"type":"gyro","timestamp":1531636197657,"x":0.07135009765625,"y":-0.014862060546875,"z":0.06243896484375,"roomId":5555}
{"type":"accel","timestamp":1531636197676,"x":-1.223907470703125,"y":7.6944427490234375,"z":-1.3844146728515625,"roomId":5555}
{"type":"gyro","timestamp":1531636197677,"x":0.071380615234375,"y":0.066375732421875,"z":0.1861114501953125,"roomId":5555}
{"type":"accel","timestamp":1531636197695,"x":-0.43927001953125,"y":8.059326171875,"z":-1.077117919921875,"roomId":5555}
{"type":"gyro","timestamp":1531636197697,"x":-0.1422119140625,"y":-0.0779571533203125,"z":0.0805206298828125,"roomId":5555}
{"type":"accel","timestamp":1531636197706,"x":-0.5822601318359375,"y":8.071121215820312,"z":-0.1684112548828125,"roomId":5555}
{"type":"gyro","timestamp":1531636197707,"x":-0.2175140380859375,"y":-0.1934356689453125,"z":-0.0196380615234375,"roomId":5555}
{"type":"accel","timestamp":1531636197716,"x":-1.1163787841796875,"y":8.039535522460938,"z":0.82830810546875,"roomId":5555}
{"type":"gyro","timestamp":1531636197717,"x":-0.222412109375,"y":-0.2783050537109375,"z":-0.0999908447265625,"roomId":5555}
{"type":"accel","timestamp":1531636197734,"x":-2.512481689453125,"y":7.8569183349609375,"z":1.8264312744140625,"roomId":5555}
{"type":"gyro","timestamp":1531636197735,"x":-0.0421142578125,"y":-0.300048828125,"z":-0.0938262939453125,"roomId":5555}
{"type":"accel","timestamp":1531636197745,"x":-3.118377685546875,"y":7.76513671875,"z":1.3389739990234375,"roomId":5555}
{"type":"gyro","timestamp":1531636197747,"x":0.062744140625,"y":-0.146209716796875,"z":0.0296783447265625,"roomId":5555}
{"type":"accel","timestamp":1531636197765,"x":-3.6718902587890625,"y":7.794189453125,"z":-0.1095733642578125,"roomId":5555}
{"type":"gyro","timestamp":1531636197767,"x":0.083831787109375,"y":0.355743408203125,"z":0.453582763671875,"roomId":5555}
{"type":"accel","timestamp":1531636197786,"x":-3.2134552001953125,"y":7.8667449951171875,"z":-1.2632904052734375,"roomId":5555}
{"type":"gyro","timestamp":1531636197787,"x":-0.145172119140625,"y":0.7767486572265625,"z":0.8475494384765625,"roomId":5555}
{"type":"accel","timestamp":1531636197796,"x":-3.0780487060546875,"y":7.8775177001953125,"z":-1.0198211669921875,"roomId":5555}
{"type":"gyro","timestamp":1531636197797,"x":-0.281890869140625,"y":0.828948974609375,"z":0.9481964111328125,"roomId":5555}
{"type":"accel","timestamp":1531636197813,"x":-3.9776458740234375,"y":7.8045806884765625,"z":-0.116119384765625,"roomId":5555}
{"type":"gyro","timestamp":1531636197814,"x":-0.4121551513671875,"y":0.76556396484375,"z":1.037109375,"roomId":5555}
{"type":"accel","timestamp":1531636197823,"x":-4.7975616455078125,"y":7.771636962890625,"z":-0.286956787109375,"roomId":5555}
{"type":"gyro","timestamp":1531636197824,"x":-0.4205780029296875,"y":0.7309417724609375,"z":1.110260009765625,"roomId":5555}
{"type":"accel","timestamp":1531636197833,"x":-5.4471435546875,"y":7.7554168701171875,"z":-0.8158416748046875,"roomId":5555}
{"type":"gyro","timestamp":1531636197834,"x":-0.44720458984375,"y":0.6929168701171875,"z":1.2351226806640625,"roomId":5555}
{"type":"accel","timestamp":1531636197853,"x":-5.4172210693359375,"y":7.786895751953125,"z":-1.3133392333984375,"roomId":5555}
{"type":"gyro","timestamp":1531636197853,"x":-0.635711669921875,"y":0.694366455078125,"z":1.5802764892578125,"roomId":5555}
{"type":"gyro","timestamp":1531636197863,"x":-0.767730712890625,"y":0.79888916015625,"z":1.737640380859375,"roomId":5555}
{"type":"accel","timestamp":1531636197874,"x":-3.68359375,"y":8.216079711914062,"z":-1.8446807861328125,"roomId":5555}
{"type":"gyro","timestamp":1531636197875,"x":-0.8883819580078125,"y":0.78851318359375,"z":1.8123016357421875,"roomId":5555}
{"type":"accel","timestamp":1531636197894,"x":-1.62579345703125,"y":9.894821166992188,"z":-1.533233642578125,"roomId":5555}
{"type":"gyro","timestamp":1531636197896,"x":-0.885498046875,"y":0.0403900146484375,"z":1.4634552001953125,"roomId":5555}
{"type":"accel","timestamp":1531636197906,"x":-1.616424560546875,"y":10.333084106445312,"z":-1.6619415283203125,"roomId":5555}
{"type":"gyro","timestamp":1531636197907,"x":-0.7435455322265625,"y":-0.5890960693359375,"z":1.1047515869140625,"roomId":5555}
{"type":"accel","timestamp":1531636197923,"x":-2.15399169921875,"y":10.996444702148438,"z":-1.126556396484375,"roomId":5555}
{"type":"gyro","timestamp":1531636197924,"x":-0.358856201171875,"y":-2.1573333740234375,"z":0.297698974609375,"roomId":5555}
{"type":"accel","timestamp":1531636197933,"x":-2.809326171875,"y":11.108062744140625,"z":-1.1429595947265625,"roomId":5555}
{"type":"gyro","timestamp":1531636197934,"x":-0.1600494384765625,"y":-2.7793426513671875,"z":-0.0704498291015625,"roomId":5555}
{"type":"accel","timestamp":1531636197943,"x":-3.8325653076171875,"y":11.024871826171875,"z":-1.4525604248046875,"roomId":5555}
{"type":"gyro","timestamp":1531636197945,"x":-0.005096435546875,"y":-3.2247161865234375,"z":-0.3743743896484375,"roomId":5555}
{"type":"accel","timestamp":1531636197954,"x":-4.915985107421875,"y":10.783233642578125,"z":-1.848480224609375,"roomId":5555}
{"type":"gyro","timestamp":1531636197955,"x":0.08154296875,"y":-3.5500030517578125,"z":-0.597320556640625,"roomId":5555}
{"type":"accel","timestamp":1531636197974,"x":-5.9017181396484375,"y":10.091094970703125,"z":-1.1653289794921875,"roomId":5555}
{"type":"gyro","timestamp":1531636197976,"x":0.1549530029296875,"y":-4.1474456787109375,"z":-0.8547515869140625,"roomId":5555}
{"type":"accel","timestamp":1531636197993,"x":-3.7320709228515625,"y":10.386627197265625,"z":-1.419403076171875,"roomId":5555}
{"type":"gyro","timestamp":1531636197994,"x":0.45806884765625,"y":-5.1594085693359375,"z":-1.2236328125,"roomId":5555}
{"type":"accel","timestamp":1531636198004,"x":-2.1796875,"y":11.098403930664062,"z":-1.751708984375,"roomId":5555}
{"type":"gyro","timestamp":1531636198005,"x":0.6644287109375,"y":-6.010894775390625,"z":-1.7005615234375,"roomId":5555}
{"type":"accel","timestamp":1531636198023,"x":-1.4868316650390625,"y":10.271163940429688,"z":0.35064697265625,"roomId":5555}
{"type":"gyro","timestamp":1531636198024,"x":0.7990875244140625,"y":-7.409149169921875,"z":-3.0805511474609375,"roomId":5555}
{"type":"accel","timestamp":1531636198042,"x":-3.994049072265625,"y":7.0565948486328125,"z":4.7783660888671875,"roomId":5555}
{"type":"gyro","timestamp":1531636198043,"x":0.9161376953125,"y":-7.7035980224609375,"z":-4.167877197265625,"roomId":5555}
{"type":"accel","timestamp":1531636198052,"x":-5.1270904541015625,"y":5.072479248046875,"z":6.807037353515625,"roomId":5555}
{"type":"gyro","timestamp":1531636198053,"x":1.0904693603515625,"y":-7.4466094970703125,"z":-4.4733734130859375,"roomId":5555}
{"type":"accel","timestamp":1531636198062,