{"type":"accel","timestamp":1531636325280,"x":5.7541656494140625,"y":5.9098052978515625,"z":-0.8754425048828125,"roomId":5555}
{"type":"gyro","timestamp":1531636325281,"x":-0.344696044921875,"y":-0.1178131103515625,"z":0.043212890625,"roomId":5555}
{"type":"accel","timestamp":1531636325299,"x":5.3190765380859375,"y":5.8706512451171875,"z":-0.7990875244140625,"roomId":5555}
{"type":"gyro","timestamp":1531636325300,"x":-0.3231964111328125,"y":0.014404296875,"z":0.0735931396484375,"roomId":5555}
{"type":"accel","timestamp":1531636325310,"x":5.2380828857421875,"y":5.93682861328125,"z":-0.8007659912109375,"roomId":5555}
{"type":"gyro","timestamp":1531636325311,"x":-0.3017425537109375,"y":0.10992431640625,"z":0.1247100830078125,"roomId":5555}
{"type":"accel","timestamp":1531636325329,"x":5.201141357421875,"y":6.1202239990234375,"z":-0.936553955078125,"roomId":5555}
{"type":"gyro","timestamp":1531636325330,"x":-0.2457275390625,"y":0.2763824462890625,"z":0.2368927001953125,"roomId":5555}
{"type":"accel","timestamp":1531636325340,"x":4.985321044921875,"y":6.2320098876953125,"z":-1.2168731689453125,"roomId":5555}
{"type":"gyro","timestamp":1531636325341,"x":-0.2142181396484375,"y":0.3047943115234375,"z":0.265533447265625,"roomId":5555}
{"type":"accel","timestamp":1531636325359,"x":4.5594329833984375,"y":6.7347412109375,"z":-2.3047027587890625,"roomId":5555}
{"type":"gyro","timestamp":1531636325360,"x":-0.16802978515625,"y":0.113861083984375,"z":0.268280029296875,"roomId":5555}
{"type":"accel","timestamp":1531636325370,"x":4.2312164306640625,"y":7.0867919921875,"z":-2.6558380126953125,"roomId":5555}
{"type":"gyro","timestamp":1531636325371,"x":-0.16839599609375,"y":-0.073211669921875,"z":0.236175537109375,"roomId":5555}
{"type":"accel","timestamp":1531636325382,"x":3.9810638427734375,"y":7.5013885498046875,"z":-3.0782012939453125,"roomId":5555}
{"type":"gyro","timestamp":1531636325383,"x":-0.18634033203125,"y":-0.221282958984375,"z":0.198944091796875,"roomId":5555}
{"type":"accel","timestamp":1531636325399,"x":3.6441650390625,"y":8.446334838867188,"z":-4.1719970703125,"roomId":5555}
{"type":"gyro","timestamp":1531636325401,"x":-0.281982421875,"y":-0.372406005859375,"z":0.135223388671875,"roomId":5555}
{"type":"accel","timestamp":1531636325417,"x":2.3349761962890625,"y":9.555419921875,"z":-4.4116668701171875,"roomId":5555}
{"type":"gyro","timestamp":1531636325418,"x":-0.2959136962890625,"y":-0.5951385498046875,"z":0.1527557373046875,"roomId":5555}
{"type":"accel","timestamp":1531636325429,"x":1.7306365966796875,"y":10.031356811523438,"z":-4.6694183349609375,"roomId":5555}
{"type":"gyro","timestamp":1531636325430,"x":-0.2381134033203125,"y":-0.7757720947265625,"z":0.23846435546875,"roomId":5555}
{"type":"accel","timestamp":1531636325448,"x":2.160491943359375,"y":10.951080322265625,"z":-5.1743927001953125,"roomId":5555}
{"type":"gyro","timestamp":1531636325449,"x":-0.2091217041015625,"y":-1.659027099609375,"z":0.40380859375,"roomId":5555}
{"type":"accel","timestamp":1531636325464,"x":3.8917999267578125,"y":11.73651123046875,"z":-5.353485107421875,"roomId":5555}
{"type":"gyro","timestamp":1531636325465,"x":-0.2722625732421875,"y":-2.4816436767578125,"z":0.2878570556640625,"roomId":5555}
{"type":"accel","timestamp":1531636325478,"x":2.567718505859375,"y":12.21307373046875,"z":-7.483795166015625,"roomId":5555}
{"type":"gyro","timestamp":1531636325479,"x":-0.667694091796875,"y":-4.4008941650390625,"z":-0.375701904296875,"roomId":5555}
{"type":"accel","timestamp":1531636325490,"x":1.3084869384765625,"y":12.117874145507812,"z":-7.93280029296875,"roomId":5555}
{"type":"gyro","timestamp":1531636325491,"x":-1.0580291748046875,"y":-5.2081451416015625,"z":-0.4737396240234375,"roomId":5555}
{"type":"accel","timestamp":1531636325507,"x":1.56463623046875,"y":11.259445190429688,"z":-7.91357421875,"roomId":5555}
{"type":"gyro","timestamp":1531636325508,"x":-1.7256317138671875,"y":-6.3662567138671875,"z":-0.205108642578125,"roomId":5555}
{"type":"accel","timestamp":1531636325526,"x":4.93243408203125,"y":9.4136962890625,"z":-7.90771484375,"roomId":5555}
{"type":"gyro","timestamp":1531636325528,"x":-2.181396484375,"y":-6.822021484375,"z":0.2250213623046875,"roomId":5555}
{"type":"accel","timestamp":1531636325537,"x":7.3327789306640625,"y":8.549224853515625,"z":-7.5938720703125,"roomId":5555}
{"type":"accel","timestamp":1531636325547,"x":8.355972290039062,"y":7.8243408203125,"z":-7.3534698486328125,"roomId":5555}
{"type":"gyro","timestamp":1531636325548,"x":-2.5194091796875,"y":-6.0910491943359375,"z":0.4376220703125,"roomId":5555}
{"type":"accel","timestamp":1531636325557,"x":7.748870849609375,"y":7.1115264892578125,"z":-7.5613250732421875,"roomId":5555}
{"type":"gyro","timestamp":1531636325558,"x":-2.6688995361328125,"y":-5.426300048828125,"z":0.476654052734375,"roomId":5555}
{"type":"accel","timestamp":1531636325568,"x":6.8582763671875,"y":6.6304931640625,"z":-8.179443359375,"roomId":5555}
{"type":"gyro","timestamp":1531636325569,"x":-2.8647308349609375,"y":-5.069610595703125,"z":0.550567626953125,"roomId":5555}
{"type":"accel","timestamp":1531636325587,"x":7.187255859375,"y":6.2086181640625,"z":-8.54962158203125,"roomId":5555}
{"type":"gyro","timestamp":1531636325588,"x":-3.3415985107421875,"y":-5.8868865966796875,"z":0.5454254150390625,"roomId":5555}
{"type":"accel","timestamp":1531636325608,"x":9.010604858398438,"y":5.5635528564453125,"z":-7.71435546875,"roomId":5555}
{"type":"gyro","timestamp":1531636325609,"x":-3.6048583984375,"y":-7.3889617919921875,"z":0.0287933349609375,"roomId":5555}
{"type":"accel","timestamp":1531636325628,"x":9.325881958007812,"y":4.9159393310546875,"z":-6.03387451171875,"roomId":5555}
{"type":"gyro","timestamp":1531636325630,"x":-3.5576019287109375,"y":-8.235275268554688,"z":-0.8333892822265625,"roomId":5555}
{"type":"accel","timestamp":1531636325640,"x":8.639205932617188,"y":4.5907745361328125,"z":-5.20941162109375,"roomId":5555}
{"type":"gyro","timestamp":1531636325642,"x":-3.403167724609375,"y":-8.194854736328125,"z":-1.1206207275390625,"roomId":5555}
{"type":"accel","timestamp":1531636325658,"x":6.7191314697265625,"y":3.5872344970703125,"z":-5.184051513671875,"roomId":5555}
{"type":"gyro","timestamp":1531636325659,"x":-2.9270172119140625,"y":-6.96844482421875,"z":-1.0780487060546875,"roomId":5555}
{"type":"accel","timestamp":1531636325676,"x":5.3712310791015625,"y":2.6370697021484375,"z":-5.3206024169921875,"roomId":5555}
{"type":"gyro","timestamp":1531636325677,"x":-2.4886474609375,"y":-5.3128662109375,"z":-0.7898712158203125,"roomId":5555}
{"type":"accel","timestamp":1531636325686,"x":5.2294158935546875,"y":2.574676513671875,"z":-4.5916748046875,"roomId":5555}
{"type":"gyro","timestamp":1531636325687,"x":-2.298675537109375,"y":-4.8457794189453125,"z":-0.830535888671875,"roomId":5555}
{"type":"accel","timestamp":1531636325696,"x":5.5444183349609375,"y":2.4760284423828125,"z":-3.1675262451171875,"roomId":5555}
{"type":"gyro","timestamp":1531636325697,"x":-2.1427459716796875,"y":-4.76287841796875,"z":-1.09698486328125,"roomId":5555}
{"type":"accel","timestamp":1531636325706,"x":5.354034423828125,"y":1.8554229736328125,"z":-1.350830078125,"roomId":5555}
{"type":"gyro","timestamp":1531636325707,"x":-1.9953155517578125,"y":-4.81781005859375,"z":-1.5226593017578125,"roomId":5555}
{"type":"accel","timestamp":1531636325716,"x":4.7323455810546875,"y":0.962921142578125,"z":-0.1215057373046875,"roomId":5555}
{"type":"gyro","timestamp":1531636325717,"x":-1.7029876708984375,"y":-4.680084228515625,"z":-1.9141387939453125,"roomId":5555}
{"type":"accel","timestamp":1531636325726,"x":3.96942138671875,"y":0.498992919921875,"z":0.29901123046875,"roomId":5555}
{"type":"gyro","timestamp":1531636325727,"x":-1.198760986328125,"y":-4.3881988525390625,"z":-2.15240478515625,"roomId":5555}
{"type":"accel","timestamp":1531636325746,"x":1.169219970703125,"y":0.9535980224609375,"z":-0.7892913818359375,"roomId":5555}
{"type":"gyro","timestamp":1531636325747,