{"type":"gyro","timestamp":1531636266430,"x":-0.3591156005859375,"y":0.6573333740234375,"z":-0.3672637939453125,"roomId":5555}
{"type":"accel","timestamp":1531636266439,"x":4.39996337890625,"y":5.8535614013671875,"z":1.5140228271484375,"roomId":5555}
{"type":"gyro","timestamp":1531636266441,"x":-0.3466339111328125,"y":0.4478759765625,"z":-0.199981689453125,"roomId":5555}
{"type":"accel","timestamp":1531636266449,"x":3.98516845703125,"y":6.14630126953125,"z":1.4281158447265625,"roomId":5555}
{"type":"accel","timestamp":1531636266460,"x":3.68011474609375,"y":6.287689208984375,"z":1.328704833984375,"roomId":5555}
{"type":"gyro","timestamp":1531636266462,"x":-0.24981689453125,"y":0.222991943359375,"z":0.036163330078125,"roomId":5555}
{"type":"accel","timestamp":1531636266477,"x":4.3981781005859375,"y":6.5423583984375,"z":1.69873046875,"roomId":5555}
{"type":"gyro","timestamp":1531636266478,"x":-0.240753173828125,"y":0.2247314453125,"z":0.2274322509765625,"roomId":5555}
{"type":"accel","timestamp":1531636266487,"x":4.6799774169921875,"y":6.6039886474609375,"z":1.42645263671875,"roomId":5555}
{"type":"gyro","timestamp":1531636266487,"x":-0.265350341796875,"y":0.352874755859375,"z":0.276336669921875,"roomId":5555}
{"type":"accel","timestamp":1531636266497,"x":4.9059295654296875,"y":6.54046630859375,"z":0.931243896484375,"roomId":5555}
{"type":"gyro","timestamp":1531636266498,"x":-0.2912139892578125,"y":0.5234375,"z":0.299072265625,"roomId":5555}
{"type":"accel","timestamp":1531636266507,"x":4.91693115234375,"y":6.4638214111328125,"z":0.742431640625,"roomId":5555}
{"type":"gyro","timestamp":1531636266508,"x":-0.33721923828125,"y":0.6468505859375,"z":0.3072052001953125,"roomId":5555}
{"type":"accel","timestamp":1531636266517,"x":4.780731201171875,"y":6.4913177490234375,"z":0.81463623046875,"roomId":5555}
{"type":"accel","timestamp":1531636266528,"x":4.290679931640625,"y":6.48492431640625,"z":0.8500823974609375,"roomId":5555}
{"type":"gyro","timestamp":1531636266529,"x":-0.4056243896484375,"y":0.5272674560546875,"z":0.3090972900390625,"roomId":5555}
{"type":"accel","timestamp":1531636266547,"x":3.7040863037109375,"y":6.7828826904296875,"z":1.2861175537109375,"roomId":5555}
{"type":"gyro","timestamp":1531636266549,"x":-0.3351287841796875,"y":0.1347198486328125,"z":0.3387603759765625,"roomId":5555}
{"type":"accel","timestamp":1531636266557,"x":3.5051422119140625,"y":6.8088226318359375,"z":1.360748291015625,"roomId":5555}
{"type":"gyro","timestamp":1531636266558,"x":-0.300628662109375,"y":-0.09613037109375,"z":0.343231201171875,"roomId":5555}
{"type":"accel","timestamp":1531636266567,"x":3.273651123046875,"y":6.7686309814453125,"z":1.5628204345703125,"roomId":5555}
{"type":"gyro","timestamp":1531636266569,"x":-0.2559814453125,"y":-0.2489471435546875,"z":0.3434600830078125,"roomId":5555}
{"type":"accel","timestamp":1531636266577,"x":3.4644622802734375,"y":6.7964019775390625,"z":1.8678436279296875,"roomId":5555}
{"type":"gyro","timestamp":1531636266586,"x":-0.12310791015625,"y":-0.3895263671875,"z":0.4401092529296875,"roomId":5555}
{"type":"accel","timestamp":1531636266596,"x":4.0247039794921875,"y":7.2562408447265625,"z":1.4923095703125,"roomId":5555}
{"type":"gyro","timestamp":1531636266597,"x":-0.001861572265625,"y":-0.4822998046875,"z":0.50238037109375,"roomId":5555}
{"type":"accel","timestamp":1531636266608,"x":3.9682769775390625,"y":7.648284912109375,"z":1.1650848388671875,"roomId":5555}
{"type":"gyro","timestamp":1531636266609,"x":0.14910888671875,"y":-0.59979248046875,"z":0.53753662109375,"roomId":5555}
{"type":"accel","timestamp":1531636266628,"x":3.0128173828125,"y":8.323898315429688,"z":0.1849365234375,"roomId":5555}
{"type":"gyro","timestamp":1531636266630,"x":0.4940185546875,"y":-1.0275115966796875,"z":0.525238037109375,"roomId":5555}
{"type":"accel","timestamp":1531636266647,"x":3.9575042724609375,"y":9.784927368164062,"z":-2.3335418701171875,"roomId":5555}
{"type":"gyro","timestamp":1531636266649,"x":0.8969573974609375,"y":-1.87725830078125,"z":0.5022735595703125,"roomId":5555}
{"type":"accel","timestamp":1531636266658,"x":5.84136962890625,"y":11.568328857421875,"z":-8.06494140625,"roomId":5555}
{"type":"gyro","timestamp":1531636266660,"x":1.0726318359375,"y":-2.5500640869140625,"z":0.4609527587890625,"roomId":5555}
{"type":"gyro","timestamp":1531636266669,"x":1.07550048828125,"y":-3.3968658447265625,"z":0.330780029296875,"roomId":5555}
{"type":"accel","timestamp":1531636266687,"x":7.25482177734375,"y":13.44635009765625,"z":-9.56427001953125,"roomId":5555}
{"type":"gyro","timestamp":1531636266689,"x":-0.0385894775390625,"y":-4.9966583251953125,"z":-0.3130035400390625,"roomId":5555}
{"type":"accel","timestamp":1531636266697,"x":7.746734619140625,"y":13.271316528320312,"z":-8.46331787109375,"roomId":5555}
{"type":"gyro","timestamp":1531636266706,"x":-1.0761871337890625,"y":-6.5083465576171875,"z":-0.8952178955078125,"roomId":5555}
{"type":"accel","timestamp":1531636266715,"x":5.435943603515625,"y":11.688507080078125,"z":-5.7459564208984375,"roomId":5555}
{"type":"gyro","timestamp":1531636266716,"x":-1.3608551025390625,"y":-6.914764404296875,"z":-1.038238525390625,"roomId":5555}
{"type":"accel","timestamp":1531636266725,"x":3.687530517578125,"y":11.12957763671875,"z":-5.607818603515625,"roomId":5555}
{"type":"accel","timestamp":1531636266735,"x":2.98870849609375,"y":10.86456298828125,"z":-6.7844696044921875,"roomId":5555}
{"type":"gyro","timestamp":1531636266736,"x":-1.878814697265625,"y":-6.9621734619140625,"z":-0.66522216796875,"roomId":5555}
{"type":"accel","timestamp":1531636266745,"x":3.63604736328125,"y":10.438217163085938,"z":-8.848861694335938,"roomId":5555}
{"type":"gyro","timestamp":1531636266746,"x":-2.3336029052734375,"y":-7.2708740234375,"z":-0.44549560546875,"roomId":5555}
{"type":"accel","timestamp":1531636266755,"x":6.439208984375,"y":9.916641235351562,"z":-10.628387451171875,"roomId":5555}
{"type":"gyro","timestamp":1531636266756,"x":-2.936920166015625,"y":-8.08770751953125,"z":-0.423492431640625,"roomId":5555}
{"type":"accel","timestamp":1531636266766,"x":8.944351196289062,"y":9.219558715820312,"z":-11.329879760742188,"roomId":5555}
{"type":"gyro","timestamp":1531636266767,"x":-3.596160888671875,"y":-9.262527465820312,"z":-0.667388916015625,"roomId":5555}
{"type":"accel","timestamp":1531636266776,"x":9.793304443359375,"y":8.319580078125,"z":-10.10980224609375,"roomId":5555}
{"type":"gyro","timestamp":1531636266777,"x":-4.204559326171875,"y":-10.3797607421875,"z":-1.063262939453125,"roomId":5555}
{"type":"accel","timestamp":1531636266796,"x":7.3249359130859375,"y":6.231658935546875,"z":-5.494140625,"roomId":5555}
{"type":"gyro","timestamp":1531636266797,"x":-4.7753448486328125,"y":-10.74755859375,"z":-1.3591766357421875,"roomId":5555}
{"type":"accel","timestamp":1531636266806,"x":6.318572998046875,"y":4.9155731201171875,"z":-5.4207611083984375,"roomId":5555}
{"type":"gyro","timestamp":1531636266807,"x":-4.7371368408203125,"y":-9.9119873046875,"z":-1.053375244140625,"roomId":5555}
{"type":"accel","timestamp":1531636266817,"x":6.874053955078125,"y":3.8330535888671875,"z":-6.1456298828125,"roomId":5555}
{"type":"gyro","timestamp":1531636266820,"x":-4.611419677734375,"y":-8.97918701171875,"z":-0.6251373291015625,"roomId":5555}
{"type":"accel","timestamp":1531636266835,"x":11.737075805664062,"y":3.315185546875,"z":-9.364410400390625,"roomId":5555}
{"type":"gyro","timestamp":1531636266836,"x":-4.4537353515625,"y":-7.855621337890625,"z":-0.247650146484375,"roomId":5555}
{"type":"accel","timestamp":1531636266847,"x":15.955429077148438,"y":3.4363555908203125,"z":-9.043014526367188,"roomId":5555}
{"type":"gyro","timestamp":1531636266849,"x":-4.5415191650390625,"y":-7.6442718505859375,"z":-0.655731201171875,"roomId":5555}
{"type":"accel","timestamp":1531636266866,"x":16.359725952148438,"y":1.8748626708984375,"z":-2.9907989501953125,"roomId":5555}
{"type":"gyro","timestamp":1531636266868,"x":-4.683990478515625,"y":-6.4317626953125,