{"type":"accel","timestamp":1531636306416,"x":4.993133544921875,"y":7.22308349609375,"z":-1.8831939697265625,"roomId":5555}
{"type":"gyro","timestamp":1531636306417,"x":-0.0834808349609375,"y":0.1229095458984375,"z":0.1153106689453125,"roomId":5555}
{"type":"accel","timestamp":1531636306427,"x":5.1301116943359375,"y":7.278228759765625,"z":-1.276580810546875,"roomId":5555}
{"type":"gyro","timestamp":1531636306428,"x":-0.1903839111328125,"y":-0.067779541015625,"z":0.0601959228515625,"roomId":5555}
{"type":"accel","timestamp":1531636306446,"x":4.5440216064453125,"y":6.8283538818359375,"z":0.1146087646484375,"roomId":5555}
{"type":"gyro","timestamp":1531636306447,"x":-0.1407470703125,"y":-0.3323822021484375,"z":-0.0547027587890625,"roomId":5555}
{"type":"accel","timestamp":1531636306456,"x":4.3584136962890625,"y":6.9517059326171875,"z":-0.238433837890625,"roomId":5555}
{"type":"gyro","timestamp":1531636306457,"x":-0.0938720703125,"y":-0.3282318115234375,"z":-0.0384368896484375,"roomId":5555}
{"type":"accel","timestamp":1531636306466,"x":4.222930908203125,"y":7.15277099609375,"z":-0.327423095703125,"roomId":5555}
{"type":"gyro","timestamp":1531636306467,"x":-0.1176910400390625,"y":-0.256622314453125,"z":0.0028533935546875,"roomId":5555}
{"type":"accel","timestamp":1531636306476,"x":4.09051513671875,"y":7.092315673828125,"z":-0.3320770263671875,"roomId":5555}
{"type":"accel","timestamp":1531636306487,"x":4.0190887451171875,"y":6.9844207763671875,"z":-0.4972686767578125,"roomId":5555}
{"type":"gyro","timestamp":1531636306488,"x":-0.1847991943359375,"y":-0.06976318359375,"z":0.048248291015625,"roomId":5555}
{"type":"accel","timestamp":1531636306506,"x":4.1821136474609375,"y":6.8971405029296875,"z":-0.84490966796875,"roomId":5555}
{"type":"gyro","timestamp":1531636306507,"x":-0.3054351806640625,"y":-0.066375732421875,"z":0.0409698486328125,"roomId":5555}
{"type":"accel","timestamp":1531636306517,"x":3.966583251953125,"y":7.034454345703125,"z":-1.0190277099609375,"roomId":5555}
{"type":"gyro","timestamp":1531636306518,"x":-0.3542022705078125,"y":-0.086639404296875,"z":0.0041961669921875,"roomId":5555}
{"type":"accel","timestamp":1531636306527,"x":3.435272216796875,"y":7.002593994140625,"z":-1.196136474609375,"roomId":5555}
{"type":"accel","timestamp":1531636306537,"x":2.8853912353515625,"y":6.8991546630859375,"z":-1.4110870361328125,"roomId":5555}
{"type":"gyro","timestamp":1531636306538,"x":-0.41009521484375,"y":-0.1228790283203125,"z":-0.0055084228515625,"roomId":5555}
{"type":"accel","timestamp":1531636306557,"x":1.801910400390625,"y":7.117401123046875,"z":-2.22088623046875,"roomId":5555}
{"type":"gyro","timestamp":1531636306558,"x":-0.5008392333984375,"y":-0.234466552734375,"z":0.1224212646484375,"roomId":5555}
{"type":"accel","timestamp":1531636306567,"x":1.076507568359375,"y":7.4110565185546875,"z":-2.61688232421875,"roomId":5555}
{"type":"accel","timestamp":1531636306577,"x":0.2639923095703125,"y":7.7983551025390625,"z":-2.822601318359375,"roomId":5555}
{"type":"gyro","timestamp":1531636306578,"x":-0.653076171875,"y":-0.577789306640625,"z":0.2545928955078125,"roomId":5555}
{"type":"accel","timestamp":1531636306595,"x":-1.1974029541015625,"y":8.508743286132812,"z":-3.411407470703125,"roomId":5555}
{"type":"gyro","timestamp":1531636306596,"x":-0.7246856689453125,"y":-1.0850372314453125,"z":0.4936065673828125,"roomId":5555}
{"type":"accel","timestamp":1531636306606,"x":-1.866363525390625,"y":8.816543579101562,"z":-3.6038055419921875,"roomId":5555}
{"type":"gyro","timestamp":1531636306608,"x":-0.7466278076171875,"y":-1.374786376953125,"z":0.671539306640625,"roomId":5555}
{"type":"accel","timestamp":1531636306617,"x":-2.0278167724609375,"y":9.210372924804688,"z":-4.1811065673828125,"roomId":5555}
{"type":"gyro","timestamp":1531636306618,"x":-0.75494384765625,"y":-1.6900787353515625,"z":0.86602783203125,"roomId":5555}
{"type":"accel","timestamp":1531636306635,"x":-1.3023223876953125,"y":10.342147827148438,"z":-5.696258544921875,"roomId":5555}
{"type":"gyro","timestamp":1531636306637,"x":-0.7645721435546875,"y":-2.66705322265625,"z":1.0713653564453125,"roomId":5555}
{"type":"accel","timestamp":1531636306646,"x":-0.9911346435546875,"y":10.819122314453125,"z":-6.1382598876953125,"roomId":5555}
{"type":"gyro","timestamp":1531636306648,"x":-0.73309326171875,"y":-3.395172119140625,"z":0.9911041259765625,"roomId":5555}
{"type":"accel","timestamp":1531636306656,"x":-0.7536773681640625,"y":11.31396484375,"z":-6.783050537109375,"roomId":5555}
{"type":"gyro","timestamp":1531636306658,"x":-0.68475341796875,"y":-4.261260986328125,"z":0.8025665283203125,"roomId":5555}
{"type":"accel","timestamp":1531636306667,"x":-0.5275115966796875,"y":11.96746826171875,"z":-7.764495849609375,"roomId":5555}
{"type":"gyro","timestamp":1531636306669,"x":-0.696807861328125,"y":-5.2598114013671875,"z":0.5153045654296875,"roomId":5555}
{"type":"accel","timestamp":1531636306685,"x":0.2460784912109375,"y":12.611892700195312,"z":-7.7032012939453125,"roomId":5555}
{"type":"gyro","timestamp":1531636306685,"x":-1.0614471435546875,"y":-7.199005126953125,"z":-0.2001953125,"roomId":5555}
{"type":"accel","timestamp":1531636306706,"x":0.1436309814453125,"y":10.976715087890625,"z":-6.1905364990234375,"roomId":5555}
{"type":"gyro","timestamp":1531636306707,"x":-1.3356170654296875,"y":-7.5022125244140625,"z":-0.4026336669921875,"roomId":5555}
{"type":"accel","timestamp":1531636306725,"x":0.6175994873046875,"y":9.367630004882812,"z":-6.17401123046875,"roomId":5555}
{"type":"gyro","timestamp":1531636306727,"x":-1.492462158203125,"y":-6.1056671142578125,"z":0.4611663818359375,"roomId":5555}
{"type":"accel","timestamp":1531636306735,"x":1.35455322265625,"y":8.473861694335938,"z":-6.304046630859375,"roomId":5555}
{"type":"gyro","timestamp":1531636306736,"x":-1.6609649658203125,"y":-5.2254180908203125,"z":1.07086181640625,"roomId":5555}
{"type":"accel","timestamp":1531636306746,"x":2.745880126953125,"y":7.89501953125,"z":-6.6082611083984375,"roomId":5555}
{"type":"gyro","timestamp":1531636306748,"x":-1.9105072021484375,"y":-4.623138427734375,"z":1.5804595947265625,"roomId":5555}
{"type":"accel","timestamp":1531636306757,"x":4.9449615478515625,"y":8.12200927734375,"z":-6.995513916015625,"roomId":5555}
{"type":"gyro","timestamp":1531636306758,"x":-2.1794586181640625,"y":-4.5832672119140625,"z":1.789398193359375,"roomId":5555}
{"type":"accel","timestamp":1531636306767,"x":7.364990234375,"y":9.012939453125,"z":-7.105072021484375,"roomId":5555}
{"type":"gyro","timestamp":1531636306769,"x":-2.4113922119140625,"y":-5.1415557861328125,"z":1.645050048828125,"roomId":5555}
{"type":"accel","timestamp":1531636306784,"x":10.938735961914062,"y":9.726699829101562,"z":-6.1269683837890625,"roomId":5555}
{"type":"gyro","timestamp":1531636306786,"x":-2.6176605224609375,"y":-6.58551025390625,"z":0.6778564453125,"roomId":5555}
{"type":"accel","timestamp":1531636306794,"x":11.592575073242188,"y":8.88275146484375,"z":-6.2040863037109375,"roomId":5555}
{"type":"accel","timestamp":1531636306804,"x":11.623565673828125,"y":7.6010284423828125,"z":-6.113067626953125,"roomId":5555}
{"type":"gyro","timestamp":1531636306806,"x":-2.60595703125,"y":-6.808868408203125,"z":-0.438934326171875,"roomId":5555}
{"type":"accel","timestamp":1531636306814,"x":11.47552490234375,"y":6.316314697265625,"z":-5.1275482177734375,"roomId":5555}
{"type":"gyro","timestamp":1531636306816,"x":-2.6349334716796875,"y":-6.5172119140625,"z":-0.91290283203125,"roomId":5555}
{"type":"accel","timestamp":1531636306825,"x":10.928497314453125,"y":5.244384765625,"z":-3.9015960693359375,"roomId":5555}
{"type":"gyro","timestamp":1531636306826,"x":-2.60675048828125,"y":-6.1250457763671875,"z":-1.360076904296875,"roomId":5555}
{"type":"accel","timestamp":1531636306835,"x":9.876953125,"y":4.3679962158203125,"z":-3.2908935546875,"roomId":5555}
{"type":"gyro","timestamp":1531636306836,"x":-2.4367523193359375,"y":-5.7683258056640625,"z":-1.7745361328125,"roomId":5555}
{"type":"accel",