{"type":"gyro","timestamp":1531636171096,"x":-0.4553375244140625,"y":0.728729248046875,"z":0.0864105224609375,"roomId":5555}
{"type":"accel","timestamp":1531636171114,"x":2.4593658447265625,"y":9.080947875976562,"z":-2.0874786376953125,"roomId":5555}
{"type":"gyro","timestamp":1531636171115,"x":-0.360504150390625,"y":0.8171234130859375,"z":0.119781494140625,"roomId":5555}
{"type":"accel","timestamp":1531636171125,"x":2.4741363525390625,"y":9.3514404296875,"z":-1.3150634765625,"roomId":5555}
{"type":"gyro","timestamp":1531636171126,"x":-0.390380859375,"y":0.5666656494140625,"z":0.0611572265625,"roomId":5555}
{"type":"accel","timestamp":1531636171145,"x":2.779571533203125,"y":8.864700317382812,"z":-0.4022674560546875,"roomId":5555}
{"type":"gyro","timestamp":1531636171146,"x":-0.17218017578125,"y":-0.1570892333984375,"z":-0.1249237060546875,"roomId":5555}
{"type":"accel","timestamp":1531636171165,"x":3.289398193359375,"y":8.4619140625,"z":-0.3365020751953125,"roomId":5555}
{"type":"gyro","timestamp":1531636171166,"x":0.0827178955078125,"y":-0.7225341796875,"z":-0.3097381591796875,"roomId":5555}
{"type":"accel","timestamp":1531636171175,"x":2.946502685546875,"y":8.12603759765625,"z":-0.6174774169921875,"roomId":5555}
{"type":"gyro","timestamp":1531636171176,"x":0.13677978515625,"y":-0.744903564453125,"z":-0.3552703857421875,"roomId":5555}
{"type":"accel","timestamp":1531636171186,"x":2.0769500732421875,"y":7.7859954833984375,"z":-0.7763519287109375,"roomId":5555}
{"type":"gyro","timestamp":1531636171187,"x":0.118072509765625,"y":-0.5702362060546875,"z":-0.3235321044921875,"roomId":5555}
{"type":"accel","timestamp":1531636171205,"x":1.490478515625,"y":7.504425048828125,"z":-0.0614776611328125,"roomId":5555}
{"type":"gyro","timestamp":1531636171206,"x":0.070709228515625,"y":-0.0525970458984375,"z":-0.052032470703125,"roomId":5555}
{"type":"accel","timestamp":1531636171215,"x":1.85455322265625,"y":7.6010894775390625,"z":-0.294525146484375,"roomId":5555}
{"type":"gyro","timestamp":1531636171216,"x":0.077117919921875,"y":0.0910186767578125,"z":0.068939208984375,"roomId":5555}
{"type":"accel","timestamp":1531636171225,"x":2.1168060302734375,"y":7.603973388671875,"z":-0.23541259765625,"roomId":5555}
{"type":"gyro","timestamp":1531636171227,"x":0.0504608154296875,"y":0.16156005859375,"z":0.12945556640625,"roomId":5555}
{"type":"accel","timestamp":1531636171238,"x":2.1711273193359375,"y":7.49981689453125,"z":-0.066864013671875,"roomId":5555}
{"type":"gyro","timestamp":1531636171240,"x":0.0294647216796875,"y":0.205047607421875,"z":0.141815185546875,"roomId":5555}
{"type":"accel","timestamp":1531636171254,"x":1.8166656494140625,"y":7.4971771240234375,"z":-0.7398529052734375,"roomId":5555}
{"type":"gyro","timestamp":1531636171255,"x":0.0217742919921875,"y":0.186920166015625,"z":0.067474365234375,"roomId":5555}
{"type":"accel","timestamp":1531636171272,"x":0.70098876953125,"y":7.6142425537109375,"z":-1.44598388671875,"roomId":5555}
{"type":"gyro","timestamp":1531636171273,"x":-0.0428924560546875,"y":-0.0257110595703125,"z":-0.048065185546875,"roomId":5555}
{"type":"accel","timestamp":1531636171282,"x":-0.0220489501953125,"y":7.7038116455078125,"z":-1.6318817138671875,"roomId":5555}
{"type":"gyro","timestamp":1531636171283,"x":-0.098388671875,"y":-0.1254425048828125,"z":-0.0622100830078125,"roomId":5555}
{"type":"accel","timestamp":1531636171292,"x":-0.4974822998046875,"y":7.8928985595703125,"z":-1.5402679443359375,"roomId":5555}
{"type":"gyro","timestamp":1531636171293,"x":-0.158416748046875,"y":-0.1603240966796875,"z":-0.01422119140625,"roomId":5555}
{"type":"accel","timestamp":1531636171302,"x":-0.80462646484375,"y":8.255996704101562,"z":-1.2957611083984375,"roomId":5555}
{"type":"gyro","timestamp":1531636171304,"x":-0.210296630859375,"y":-0.103271484375,"z":0.0802154541015625,"roomId":5555}
{"type":"accel","timestamp":1531636171312,"x":-1.0715484619140625,"y":8.906539916992188,"z":-1.0165863037109375,"roomId":5555}
{"type":"gyro","timestamp":1531636171313,"x":-0.2358245849609375,"y":0.00982666015625,"z":0.1831817626953125,"roomId":5555}
{"type":"accel","timestamp":1531636171323,"x":-1.401641845703125,"y":9.696060180664062,"z":-0.6958770751953125,"roomId":5555}
{"type":"gyro","timestamp":1531636171324,"x":-0.1991119384765625,"y":0.097381591796875,"z":0.2617645263671875,"roomId":5555}
{"type":"accel","timestamp":1531636171333,"x":-1.8317413330078125,"y":10.474044799804688,"z":-0.6655731201171875,"roomId":5555}
{"type":"accel","timestamp":1531636171343,"x":-2.237945556640625,"y":11.090255737304688,"z":-1.458404541015625,"roomId":5555}
{"type":"gyro","timestamp":1531636171343,"x":0.1464996337890625,"y":-0.0313720703125,"z":0.2415008544921875,"roomId":5555}
{"type":"accel","timestamp":1531636171353,"x":-2.6990203857421875,"y":11.47607421875,"z":-3.2500762939453125,"roomId":5555}
{"type":"gyro","timestamp":1531636171354,"x":0.3686981201171875,"y":-0.4240875244140625,"z":0.1220245361328125,"roomId":5555}
{"type":"accel","timestamp":1531636171371,"x":-3.3737335205078125,"y":11.84625244140625,"z":-6.3204803466796875,"roomId":5555}
{"type":"gyro","timestamp":1531636171372,"x":0.512115478515625,"y":-2.03558349609375,"z":-0.3007354736328125,"roomId":5555}
{"type":"accel","timestamp":1531636171382,"x":-3.583892822265625,"y":12.237548828125,"z":-6.7368621826171875,"roomId":5555}
{"type":"gyro","timestamp":1531636171383,"x":0.4843292236328125,"y":-3.073028564453125,"z":-0.5959625244140625,"roomId":5555}
{"type":"accel","timestamp":1531636171392,"x":-3.8870849609375,"y":12.499008178710938,"z":-6.9758148193359375,"roomId":5555}
{"type":"gyro","timestamp":1531636171393,"x":0.4614105224609375,"y":-4.1856689453125,"z":-0.9204559326171875,"roomId":5555}
{"type":"accel","timestamp":1531636171402,"x":-3.939910888671875,"y":12.712356567382812,"z":-6.687286376953125,"roomId":5555}
{"type":"gyro","timestamp":1531636171404,"x":0.4573822021484375,"y":-5.3069610595703125,"z":-1.2297821044921875,"roomId":5555}
{"type":"accel","timestamp":1531636171412,"x":-3.7532958984375,"y":12.328033447265625,"z":-6.090362548828125,"roomId":5555}
{"type":"gyro","timestamp":1531636171414,"x":0.46368408203125,"y":-6.31036376953125,"z":-1.506622314453125,"roomId":5555}
{"type":"accel","timestamp":1531636171422,"x":-4.0902252197265625,"y":10.998611450195312,"z":-5.3288726806640625,"roomId":5555}
{"type":"gyro","timestamp":1531636171432,"x":0.4587554931640625,"y":-7.5206146240234375,"z":-1.8374481201171875,"roomId":5555}
{"type":"accel","timestamp":1531636171441,"x":-6.1871795654296875,"y":9.719894409179688,"z":-5.0525054931640625,"roomId":5555}
{"type":"gyro","timestamp":1531636171443,"x":0.4424285888671875,"y":-7.807220458984375,"z":-1.8114776611328125,"roomId":5555}
{"type":"accel","timestamp":1531636171451,"x":-6.4875640869140625,"y":9.270614624023438,"z":-5.6451263427734375,"roomId":5555}
{"type":"accel","timestamp":1531636171461,"x":-6.3049163818359375,"y":8.497146606445312,"z":-5.227142333984375,"roomId":5555}
{"type":"gyro","timestamp":1531636171462,"x":0.1894378662109375,"y":-8.344741821289062,"z":-1.61981201171875,"roomId":5555}
{"type":"accel","timestamp":1531636171471,"x":-5.803802490234375,"y":7.3585052490234375,"z":-5.3883514404296875,"roomId":5555}
{"type":"accel","timestamp":1531636171481,"x":-4.824981689453125,"y":6.1721038818359375,"z":-5.022003173828125,"roomId":5555}
{"type":"gyro","timestamp":1531636171482,"x":-0.2484588623046875,"y":-8.582931518554688,"z":-1.343841552734375,"roomId":5555}
{"type":"accel","timestamp":1531636171492,"x":-3.4705352783203125,"y":4.781005859375,"z":-3.4373779296875,"roomId":5555}
{"type":"gyro","timestamp":1531636171493,"x":-0.4718475341796875,"y":-8.5299072265625,"z":-1.2229766845703125,"roomId":5555}
{"type":"accel","timestamp":1531636171512,"x":-0.7624969482421875,"y":3.2249908447265625,"z":2.6830902099609375,"roomId":5555}
{"type":"gyro","timestamp":1531636171513,"x":-0.3852996826171875,"y":-7.9899444580078125,"z":-1.092681884765625,