{"type":"gyro","timestamp":1531636310929,"x":-0.298004150390625,"y":-0.120697021484375,"z":-0.19073486328125,"roomId":5555}
{"type":"accel","timestamp":1531636310946,"x":3.5771331787109375,"y":7.3689422607421875,"z":-0.361175537109375,"roomId":5555}
{"type":"gyro","timestamp":1531636310947,"x":-0.100616455078125,"y":0.0370635986328125,"z":-0.2344818115234375,"roomId":5555}
{"type":"accel","timestamp":1531636310966,"x":3.5191650390625,"y":7.14801025390625,"z":-0.260894775390625,"roomId":5555}
{"type":"gyro","timestamp":1531636310968,"x":0.13446044921875,"y":0.349456787109375,"z":-0.0854949951171875,"roomId":5555}
{"type":"accel","timestamp":1531636310976,"x":3.4024810791015625,"y":7.3736419677734375,"z":-0.359100341796875,"roomId":5555}
{"type":"accel","timestamp":1531636310987,"x":3.405517578125,"y":7.4610595703125,"z":-0.74298095703125,"roomId":5555}
{"type":"gyro","timestamp":1531636310989,"x":0.3245697021484375,"y":0.3999786376953125,"z":0.022674560546875,"roomId":5555}
{"type":"accel","timestamp":1531636310997,"x":3.5445556640625,"y":7.5357666015625,"z":-1.186004638671875,"roomId":5555}
{"type":"gyro","timestamp":1531636311005,"x":0.3632049560546875,"y":0.1207427978515625,"z":0.0024261474609375,"roomId":5555}
{"type":"accel","timestamp":1531636311015,"x":3.739990234375,"y":7.6901702880859375,"z":-1.6130218505859375,"roomId":5555}
{"type":"gyro","timestamp":1531636311016,"x":0.307373046875,"y":-0.0592041015625,"z":-0.0606842041015625,"roomId":5555}
{"type":"accel","timestamp":1531636311025,"x":3.661376953125,"y":7.630218505859375,"z":-1.58056640625,"roomId":5555}
{"type":"accel","timestamp":1531636311035,"x":3.4537200927734375,"y":7.492034912109375,"z":-1.314788818359375,"roomId":5555}
{"type":"gyro","timestamp":1531636311036,"x":0.13336181640625,"y":-0.3484344482421875,"z":-0.222320556640625,"roomId":5555}
{"type":"accel","timestamp":1531636311045,"x":3.2631683349609375,"y":7.373870849609375,"z":-0.9405364990234375,"roomId":5555}
{"type":"gyro","timestamp":1531636311046,"x":0.090087890625,"y":-0.420501708984375,"z":-0.2623748779296875,"roomId":5555}
{"type":"accel","timestamp":1531636311055,"x":3.05108642578125,"y":7.246337890625,"z":-0.7056427001953125,"roomId":5555}
{"type":"gyro","timestamp":1531636311056,"x":0.0885772705078125,"y":-0.378082275390625,"z":-0.2602386474609375,"roomId":5555}
{"type":"accel","timestamp":1531636311066,"x":3.017120361328125,"y":7.093902587890625,"z":-0.75341796875,"roomId":5555}
{"type":"gyro","timestamp":1531636311067,"x":0.1066741943359375,"y":-0.245269775390625,"z":-0.2100982666015625,"roomId":5555}
{"type":"accel","timestamp":1531636311087,"x":3.2075347900390625,"y":7.306365966796875,"z":-1.1603240966796875,"roomId":5555}
{"type":"gyro","timestamp":1531636311089,"x":0.1160888671875,"y":0.0637969970703125,"z":-0.0746612548828125,"roomId":5555}
{"type":"accel","timestamp":1531636311098,"x":3.0621185302734375,"y":7.3796234130859375,"z":-1.3124542236328125,"roomId":5555}
{"type":"gyro","timestamp":1531636311100,"x":0.08001708984375,"y":0.187042236328125,"z":-0.0396575927734375,"roomId":5555}
{"type":"accel","timestamp":1531636311117,"x":2.21551513671875,"y":7.5317230224609375,"z":-2.355377197265625,"roomId":5555}
{"type":"gyro","timestamp":1531636311118,"x":0.0271453857421875,"y":0.2503509521484375,"z":-0.0107574462890625,"roomId":5555}
{"type":"accel","timestamp":1531636311136,"x":2.0204315185546875,"y":7.9281158447265625,"z":-2.095947265625,"roomId":5555}
{"type":"gyro","timestamp":1531636311138,"x":-0.106842041015625,"y":-0.02459716796875,"z":0.0313568115234375,"roomId":5555}
{"type":"accel","timestamp":1531636311155,"x":1.175750732421875,"y":7.495880126953125,"z":-0.813018798828125,"roomId":5555}
{"type":"gyro","timestamp":1531636311156,"x":-0.19549560546875,"y":-0.449737548828125,"z":-0.1141204833984375,"roomId":5555}
{"type":"accel","timestamp":1531636311165,"x":0.786590576171875,"y":7.6967315673828125,"z":-0.7010955810546875,"roomId":5555}
{"type":"gyro","timestamp":1531636311166,"x":-0.1189727783203125,"y":-0.5579071044921875,"z":-0.10968017578125,"roomId":5555}
{"type":"accel","timestamp":1531636311175,"x":0.309661865234375,"y":7.69683837890625,"z":-0.7398529052734375,"roomId":5555}
{"type":"gyro","timestamp":1531636311176,"x":0.0427703857421875,"y":-0.5888519287109375,"z":-0.034454345703125,"roomId":5555}
{"type":"accel","timestamp":1531636311185,"x":0.2563018798828125,"y":7.9372711181640625,"z":-1.386810302734375,"roomId":5555}
{"type":"gyro","timestamp":1531636311186,"x":0.243408203125,"y":-0.5536651611328125,"z":0.065765380859375,"roomId":5555}
{"type":"accel","timestamp":1531636311195,"x":0.1886749267578125,"y":8.224197387695312,"z":-2.6924285888671875,"roomId":5555}
{"type":"gyro","timestamp":1531636311196,"x":0.4490509033203125,"y":-0.4858856201171875,"z":0.16558837890625,"roomId":5555}
{"type":"accel","timestamp":1531636311205,"x":0.01434326171875,"y":8.554550170898438,"z":-4.3266448974609375,"roomId":5555}
{"type":"gyro","timestamp":1531636311207,"x":0.6171417236328125,"y":-0.4407501220703125,"z":0.235107421875,"roomId":5555}
{"type":"accel","timestamp":1531636311225,"x":-0.61346435546875,"y":9.4879150390625,"z":-6.5933837890625,"roomId":5555}
{"type":"gyro","timestamp":1531636311226,"x":0.62445068359375,"y":-0.573394775390625,"z":0.28179931640625,"roomId":5555}
{"type":"accel","timestamp":1531636311235,"x":-0.6437530517578125,"y":9.692153930664062,"z":-6.9748077392578125,"roomId":5555}
{"type":"gyro","timestamp":1531636311236,"x":0.4320220947265625,"y":-0.7433319091796875,"z":0.2833404541015625,"roomId":5555}
{"type":"accel","timestamp":1531636311245,"x":-0.635467529296875,"y":9.782012939453125,"z":-6.7353363037109375,"roomId":5555}
{"type":"gyro","timestamp":1531636311246,"x":0.1531219482421875,"y":-0.968902587890625,"z":0.2696533203125,"roomId":5555}
{"type":"accel","timestamp":1531636311265,"x":-0.7891693115234375,"y":9.712677001953125,"z":-5.6642303466796875,"roomId":5555}
{"type":"gyro","timestamp":1531636311266,"x":-0.3940887451171875,"y":-1.6678924560546875,"z":0.1760711669921875,"roomId":5555}
{"type":"accel","timestamp":1531636311284,"x":-1.005279541015625,"y":10.28466796875,"z":-4.870086669921875,"roomId":5555}
{"type":"gyro","timestamp":1531636311285,"x":-0.634918212890625,"y":-2.7364959716796875,"z":0.0102386474609375,"roomId":5555}
{"type":"accel","timestamp":1531636311295,"x":-1.85540771484375,"y":10.961578369140625,"z":-4.6454315185546875,"roomId":5555}
{"type":"gyro","timestamp":1531636311296,"x":-0.640594482421875,"y":-3.4184722900390625,"z":-0.114105224609375,"roomId":5555}
{"type":"accel","timestamp":1531636311315,"x":-3.184356689453125,"y":12.00860595703125,"z":-4.9697113037109375,"roomId":5555}
{"type":"gyro","timestamp":1531636311317,"x":-0.564300537109375,"y":-4.8933563232421875,"z":-0.3084869384765625,"roomId":5555}
{"type":"accel","timestamp":1531636311325,"x":-2.6942138671875,"y":12.179550170898438,"z":-5.37847900390625,"roomId":5555}
{"type":"gyro","timestamp":1531636311333,"x":-0.64434814453125,"y":-6.294586181640625,"z":-0.2720489501953125,"roomId":5555}
{"type":"accel","timestamp":1531636311345,"x":-0.83154296875,"y":11.1834716796875,"z":-6.1581573486328125,"roomId":5555}
{"type":"gyro","timestamp":1531636311346,"x":-0.797119140625,"y":-6.7917633056640625,"z":-0.2822723388671875,"roomId":5555}
{"type":"accel","timestamp":1531636311362,"x":-0.23095703125,"y":10.387176513671875,"z":-5.8797454833984375,"roomId":5555}
{"type":"gyro","timestamp":1531636311363,"x":-1.3170166015625,"y":-7.1958160400390625,"z":-0.4765777587890625,"roomId":5555}
{"type":"accel","timestamp":1531636311373,"x":-0.3515777587890625,"y":9.672653198242188,"z":-5.39727783203125,"roomId":5555}
{"type":"gyro","timestamp":1531636311374,"x":-1.604736328125,"y":-7.2221527099609375,"z":-0.574188232421875,"roomId":5555}
{"type":"accel","timestamp":1531636311394,"x":-0.8630523681640625,"y":8.371841430664062,"z":-3.4903717041015625,"roomId":5555}
{"type":"gyro","timestamp":1531636311395,