{"type":"accel","timestamp":1531636209793,"x":1.82110595703125,"y":7.793243408203125,"z":0.59637451171875,"roomId":5555}
{"type":"gyro","timestamp":1531636209794,"x":-0.225250244140625,"y":-0.206787109375,"z":0.0482940673828125,"roomId":5555}
{"type":"accel","timestamp":1531636209804,"x":1.521881103515625,"y":7.631500244140625,"z":1.304351806640625,"roomId":5555}
{"type":"gyro","timestamp":1531636209805,"x":-0.1340179443359375,"y":-0.39300537109375,"z":-0.0667724609375,"roomId":5555}
{"type":"accel","timestamp":1531636209822,"x":0.3705902099609375,"y":7.4734344482421875,"z":1.252166748046875,"roomId":5555}
{"type":"gyro","timestamp":1531636209823,"x":0.0898590087890625,"y":-0.384185791015625,"z":-0.0150909423828125,"roomId":5555}
{"type":"accel","timestamp":1531636209840,"x":0.7536163330078125,"y":7.654388427734375,"z":0.4884796142578125,"roomId":5555}
{"type":"gyro","timestamp":1531636209841,"x":0.062530517578125,"y":0.043121337890625,"z":0.298828125,"roomId":5555}
{"type":"accel","timestamp":1531636209851,"x":1.199462890625,"y":7.7535400390625,"z":0.2396240234375,"roomId":5555}
{"type":"gyro","timestamp":1531636209852,"x":-0.0324554443359375,"y":0.293792724609375,"z":0.412445068359375,"roomId":5555}
{"type":"accel","timestamp":1531636209863,"x":1.55938720703125,"y":7.90386962890625,"z":0.400848388671875,"roomId":5555}
{"type":"gyro","timestamp":1531636209864,"x":-0.1125946044921875,"y":0.4044036865234375,"z":0.4326934814453125,"roomId":5555}
{"type":"accel","timestamp":1531636209881,"x":2.311492919921875,"y":8.09710693359375,"z":0.5579376220703125,"roomId":5555}
{"type":"gyro","timestamp":1531636209882,"x":-0.034210205078125,"y":0.0959320068359375,"z":0.203125,"roomId":5555}
{"type":"accel","timestamp":1531636209891,"x":2.320526123046875,"y":8.24261474609375,"z":0.350555419921875,"roomId":5555}
{"type":"gyro","timestamp":1531636209892,"x":0.0710906982421875,"y":-0.1611480712890625,"z":0.0148468017578125,"roomId":5555}
{"type":"accel","timestamp":1531636209902,"x":1.80914306640625,"y":8.304595947265625,"z":0.1390838623046875,"roomId":5555}
{"type":"gyro","timestamp":1531636209904,"x":0.156494140625,"y":-0.3816070556640625,"z":-0.15576171875,"roomId":5555}
{"type":"accel","timestamp":1531636209923,"x":0.5373992919921875,"y":8.357177734375,"z":0.001220703125,"roomId":5555}
{"type":"gyro","timestamp":1531636209925,"x":0.2135772705078125,"y":-0.5542144775390625,"z":-0.266387939453125,"roomId":5555}
{"type":"accel","timestamp":1531636209934,"x":0.0174102783203125,"y":8.496841430664062,"z":-0.0203704833984375,"roomId":5555}
{"type":"gyro","timestamp":1531636209936,"x":0.19097900390625,"y":-0.5055084228515625,"z":-0.222198486328125,"roomId":5555}
{"type":"accel","timestamp":1531636209953,"x":-0.70794677734375,"y":8.437088012695312,"z":0.099945068359375,"roomId":5555}
{"type":"gyro","timestamp":1531636209955,"x":0.089263916015625,"y":-0.341217041015625,"z":-0.0700531005859375,"roomId":5555}
{"type":"accel","timestamp":1531636209963,"x":-0.9752197265625,"y":8.423202514648438,"z":0.1989898681640625,"roomId":5555}
{"type":"gyro","timestamp":1531636209965,"x":0.065582275390625,"y":-0.2986907958984375,"z":0.0079345703125,"roomId":5555}
{"type":"accel","timestamp":1531636209973,"x":-1.303924560546875,"y":8.495437622070312,"z":-0.01702880859375,"roomId":5555}
{"type":"gyro","timestamp":1531636209974,"x":0.0730438232421875,"y":-0.2953643798828125,"z":0.06805419921875,"roomId":5555}
{"type":"accel","timestamp":1531636209990,"x":-1.58563232421875,"y":8.80218505859375,"z":-1.25531005859375,"roomId":5555}
{"type":"gyro","timestamp":1531636209991,"x":0.12249755859375,"y":-0.58935546875,"z":0.084228515625,"roomId":5555}
{"type":"accel","timestamp":1531636210000,"x":-1.872528076171875,"y":8.951828002929688,"z":-1.6410980224609375,"roomId":5555}
{"type":"gyro","timestamp":1531636210001,"x":0.1416015625,"y":-0.89996337890625,"z":0.0128021240234375,"roomId":5555}
{"type":"accel","timestamp":1531636210010,"x":-2.5204925537109375,"y":9.041000366210938,"z":-1.9399871826171875,"roomId":5555}
{"type":"gyro","timestamp":1531636210013,"x":0.1676025390625,"y":-1.274444580078125,"z":-0.0891265869140625,"roomId":5555}
{"type":"accel","timestamp":1531636210020,"x":-3.4654541015625,"y":9.139999389648438,"z":-2.47711181640625,"roomId":5555}
{"type":"accel","timestamp":1531636210032,"x":-4.4896392822265625,"y":9.377593994140625,"z":-3.1550750732421875,"roomId":5555}
{"type":"gyro","timestamp":1531636210034,"x":0.2434844970703125,"y":-2.1377716064453125,"z":-0.2894134521484375,"roomId":5555}
{"type":"accel","timestamp":1531636210050,"x":-6.104339599609375,"y":9.826171875,"z":-3.8363494873046875,"roomId":5555}
{"type":"gyro","timestamp":1531636210051,"x":0.2431488037109375,"y":-3.1154937744140625,"z":-0.4296417236328125,"roomId":5555}
{"type":"accel","timestamp":1531636210060,"x":-6.758880615234375,"y":9.8658447265625,"z":-4.112884521484375,"roomId":5555}
{"type":"gyro","timestamp":1531636210062,"x":0.2157745361328125,"y":-3.578582763671875,"z":-0.4591064453125,"roomId":5555}
{"type":"accel","timestamp":1531636210070,"x":-7.2032012939453125,"y":9.854019165039062,"z":-4.3927459716796875,"roomId":5555}
{"type":"gyro","timestamp":1531636210071,"x":0.1705322265625,"y":-4.026580810546875,"z":-0.48028564453125,"roomId":5555}
{"type":"accel","timestamp":1531636210080,"x":-7.2618560791015625,"y":9.682693481445312,"z":-4.71197509765625,"roomId":5555}
{"type":"gyro","timestamp":1531636210082,"x":0.1063079833984375,"y":-4.4813690185546875,"z":-0.50860595703125,"roomId":5555}
{"type":"accel","timestamp":1531636210090,"x":-7.0479583740234375,"y":9.566146850585938,"z":-5.153289794921875,"roomId":5555}
{"type":"accel","timestamp":1531636210100,"x":-6.825714111328125,"y":9.580062866210938,"z":-5.1300048828125,"roomId":5555}
{"type":"gyro","timestamp":1531636210101,"x":-0.1017608642578125,"y":-5.5752105712890625,"z":-0.688446044921875,"roomId":5555}
{"type":"accel","timestamp":1531636210119,"x":-5.8642425537109375,"y":9.50439453125,"z":-2.358245849609375,"roomId":5555}
{"type":"gyro","timestamp":1531636210121,"x":-0.27685546875,"y":-6.670379638671875,"z":-0.9981536865234375,"roomId":5555}
{"type":"accel","timestamp":1531636210131,"x":-5.575897216796875,"y":9.491729736328125,"z":-0.9760589599609375,"roomId":5555}
{"type":"gyro","timestamp":1531636210132,"x":-0.3264312744140625,"y":-6.8643035888671875,"z":-1.1737060546875,"roomId":5555}
{"type":"accel","timestamp":1531636210150,"x":-5.87786865234375,"y":8.432861328125,"z":0.6866455078125,"roomId":5555}
{"type":"gyro","timestamp":1531636210151,"x":-0.46392822265625,"y":-6.7267913818359375,"z":-1.512115478515625,"roomId":5555}
{"type":"accel","timestamp":1531636210160,"x":-5.9366455078125,"y":7.617279052734375,"z":1.443115234375,"roomId":5555}
{"type":"gyro","timestamp":1531636210164,"x":-0.494140625,"y":-6.6450347900390625,"z":-1.6355743408203125,"roomId":5555}
{"type":"accel","timestamp":1531636210170,"x":-5.5780029296875,"y":7.0165252685546875,"z":2.171844482421875,"roomId":5555}
{"type":"accel","timestamp":1531636210180,"x":-4.8712921142578125,"y":6.4437713623046875,"z":3.5608673095703125,"roomId":5555}
{"type":"gyro","timestamp":1531636210181,"x":-0.33062744140625,"y":-6.8917694091796875,"z":-1.915802001953125,"roomId":5555}
{"type":"accel","timestamp":1531636210200,"x":-2.8918914794921875,"y":4.946441650390625,"z":8.928436279296875,"roomId":5555}
{"type":"gyro","timestamp":1531636210202,"x":0.3262786865234375,"y":-6.864044189453125,"z":-2.266571044921875,"roomId":5555}
{"type":"accel","timestamp":1531636210210,"x":-2.60040283203125,"y":3.9703826904296875,"z":10.521286010742188,"roomId":5555}
{"type":"gyro","timestamp":1531636210212,"x":0.8913116455078125,"y":-6.2523040771484375,"z":-2.376495361328125,"roomId":5555}
{"type":"accel","timestamp":1531636210232,"x":-4.10858154296875,"y":1.0203857421875,"z":7.1456146240234375,"roomId":5555}
{"type":"gyro","timestamp":1531636210235,"x":2.31866455078125,"y":-4.295501708984375,"z":-2.2607269287109375,