{"type":"accel","timestamp":1531636187365,"x":-1.3680877685546875,"y":8.380828857421875,"z":-0.304840087890625,"roomId":5555}
{"type":"gyro","timestamp":1531636187367,"x":-0.331085205078125,"y":0.3753662109375,"z":0.10870361328125,"roomId":5555}
{"type":"accel","timestamp":1531636187375,"x":-1.335845947265625,"y":8.275604248046875,"z":-0.351531982421875,"roomId":5555}
{"type":"accel","timestamp":1531636187387,"x":-1.509857177734375,"y":8.127059936523438,"z":-0.3845367431640625,"roomId":5555}
{"type":"gyro","timestamp":1531636187389,"x":-0.083038330078125,"y":-0.25640869140625,"z":-0.0769500732421875,"roomId":5555}
{"type":"accel","timestamp":1531636187405,"x":-1.443359375,"y":8.240585327148438,"z":-0.365692138671875,"roomId":5555}
{"type":"gyro","timestamp":1531636187407,"x":0.0156707763671875,"y":-0.4571533203125,"z":-0.06134033203125,"roomId":5555}
{"type":"accel","timestamp":1531636187424,"x":-1.57867431640625,"y":7.9020843505859375,"z":-0.19561767578125,"roomId":5555}
{"type":"gyro","timestamp":1531636187426,"x":-0.040374755859375,"y":-0.0398101806640625,"z":0.1475372314453125,"roomId":5555}
{"type":"accel","timestamp":1531636187435,"x":-1.4918975830078125,"y":7.9868927001953125,"z":-0.5904388427734375,"roomId":5555}
{"type":"gyro","timestamp":1531636187436,"x":-0.1011810302734375,"y":0.3342742919921875,"z":0.3232879638671875,"roomId":5555}
{"type":"accel","timestamp":1531636187453,"x":-0.3284454345703125,"y":8.381027221679688,"z":-1.325042724609375,"roomId":5555}
{"type":"gyro","timestamp":1531636187454,"x":-0.22198486328125,"y":0.9933013916015625,"z":0.5787811279296875,"roomId":5555}
{"type":"accel","timestamp":1531636187464,"x":0.087799072265625,"y":8.415328979492188,"z":-1.8783721923828125,"roomId":5555}
{"type":"gyro","timestamp":1531636187465,"x":-0.2437744140625,"y":1.0435028076171875,"z":0.5545654296875,"roomId":5555}
{"type":"accel","timestamp":1531636187483,"x":0.7196502685546875,"y":8.598861694335938,"z":-1.787017822265625,"roomId":5555}
{"type":"gyro","timestamp":1531636187484,"x":-0.2320709228515625,"y":0.3989410400390625,"z":0.227996826171875,"roomId":5555}
{"type":"accel","timestamp":1531636187495,"x":0.4454345703125,"y":8.493865966796875,"z":-1.7309417724609375,"roomId":5555}
{"type":"gyro","timestamp":1531636187496,"x":-0.155059814453125,"y":-0.078369140625,"z":-0.007354736328125,"roomId":5555}
{"type":"accel","timestamp":1531636187513,"x":-1.344146728515625,"y":8.167587280273438,"z":-1.476654052734375,"roomId":5555}
{"type":"gyro","timestamp":1531636187515,"x":-0.0721588134765625,"y":-0.54534912109375,"z":-0.239227294921875,"roomId":5555}
{"type":"accel","timestamp":1531636187524,"x":-2.0230560302734375,"y":8.084991455078125,"z":-1.2638702392578125,"roomId":5555}
{"type":"gyro","timestamp":1531636187525,"x":-0.0928955078125,"y":-0.4671478271484375,"z":-0.1461029052734375,"roomId":5555}
{"type":"accel","timestamp":1531636187536,"x":-2.0890350341796875,"y":8.110153198242188,"z":-0.98907470703125,"roomId":5555}
{"type":"gyro","timestamp":1531636187538,"x":-0.1413116455078125,"y":-0.243408203125,"z":0.0391082763671875,"roomId":5555}
{"type":"accel","timestamp":1531636187553,"x":-1.1753387451171875,"y":8.339691162109375,"z":-0.7384796142578125,"roomId":5555}
{"type":"gyro","timestamp":1531636187554,"x":-0.235992431640625,"y":0.269622802734375,"z":0.350067138671875,"roomId":5555}
{"type":"gyro","timestamp":1531636187563,"x":-0.261444091796875,"y":0.4255523681640625,"z":0.3931121826171875,"roomId":5555}
{"type":"accel","timestamp":1531636187571,"x":-0.2352447509765625,"y":8.32745361328125,"z":-1.3225555419921875,"roomId":5555}
{"type":"accel","timestamp":1531636187581,"x":-0.141937255859375,"y":8.369705200195312,"z":-1.6583709716796875,"roomId":5555}
{"type":"gyro","timestamp":1531636187582,"x":-0.274627685546875,"y":0.255157470703125,"z":0.235076904296875,"roomId":5555}
{"type":"accel","timestamp":1531636187592,"x":-0.550079345703125,"y":8.22528076171875,"z":-1.6535186767578125,"roomId":5555}
{"type":"gyro","timestamp":1531636187592,"x":-0.2851715087890625,"y":0.00830078125,"z":0.0666656494140625,"roomId":5555}
{"type":"accel","timestamp":1531636187603,"x":-1.4279327392578125,"y":7.9044342041015625,"z":-1.4761962890625,"roomId":5555}
{"type":"gyro","timestamp":1531636187604,"x":-0.2956695556640625,"y":-0.17578125,"z":-0.076080322265625,"roomId":5555}
{"type":"accel","timestamp":1531636187622,"x":-3.668121337890625,"y":7.4266204833984375,"z":-1.1053009033203125,"roomId":5555}
{"type":"gyro","timestamp":1531636187624,"x":-0.308441162109375,"y":-0.2031097412109375,"z":-0.1103363037109375,"roomId":5555}
{"type":"accel","timestamp":1531636187634,"x":-4.7130126953125,"y":7.309600830078125,"z":-1.3211212158203125,"roomId":5555}
{"type":"gyro","timestamp":1531636187635,"x":-0.2945098876953125,"y":-0.111114501953125,"z":-0.01544189453125,"roomId":5555}
{"type":"accel","timestamp":1531636187644,"x":-5.7361297607421875,"y":7.30706787109375,"z":-1.8970489501953125,"roomId":5555}
{"type":"gyro","timestamp":1531636187653,"x":-0.2427520751953125,"y":-0.110992431640625,"z":0.2054901123046875,"roomId":5555}
{"type":"accel","timestamp":1531636187662,"x":-7.5760040283203125,"y":7.21441650390625,"z":-2.726531982421875,"roomId":5555}
{"type":"gyro","timestamp":1531636187663,"x":-0.2105255126953125,"y":-0.2952728271484375,"z":0.278839111328125,"roomId":5555}
{"type":"accel","timestamp":1531636187672,"x":-8.469497680664062,"y":7.1324462890625,"z":-3.2342071533203125,"roomId":5555}
{"type":"accel","timestamp":1531636187683,"x":-9.579910278320312,"y":7.1392059326171875,"z":-3.737640380859375,"roomId":5555}
{"type":"gyro","timestamp":1531636187684,"x":-0.07958984375,"y":-1.0955657958984375,"z":0.30926513671875,"roomId":5555}
{"type":"accel","timestamp":1531636187703,"x":-9.1903076171875,"y":8.6397705078125,"z":-7.0869903564453125,"roomId":5555}
{"type":"gyro","timestamp":1531636187704,"x":-0.06610107421875,"y":-2.3312530517578125,"z":0.16748046875,"roomId":5555}
{"type":"accel","timestamp":1531636187722,"x":-8.318618774414062,"y":8.195999145507812,"z":-7.9491424560546875,"roomId":5555}
{"type":"gyro","timestamp":1531636187724,"x":-0.3060302734375,"y":-4.08966064453125,"z":-0.376861572265625,"roomId":5555}
{"type":"accel","timestamp":1531636187733,"x":-8.391876220703125,"y":7.9080047607421875,"z":-8.386947631835938,"roomId":5555}
{"type":"accel","timestamp":1531636187743,"x":-8.44476318359375,"y":7.5479736328125,"z":-7.327789306640625,"roomId":5555}
{"type":"gyro","timestamp":1531636187744,"x":-0.355224609375,"y":-5.223541259765625,"z":-0.65240478515625,"roomId":5555}
{"type":"accel","timestamp":1531636187754,"x":-7.8794708251953125,"y":7.5911712646484375,"z":-5.2440338134765625,"roomId":5555}
{"type":"gyro","timestamp":1531636187756,"x":-0.45654296875,"y":-6.2476043701171875,"z":-0.8695831298828125,"roomId":5555}
{"type":"accel","timestamp":1531636187772,"x":-6.859619140625,"y":7.6514434814453125,"z":-3.00592041015625,"roomId":5555}
{"type":"gyro","timestamp":1531636187773,"x":-0.53485107421875,"y":-7.1932525634765625,"z":-1.0341644287109375,"roomId":5555}
{"type":"accel","timestamp":1531636187790,"x":-6.50567626953125,"y":7.0053253173828125,"z":-2.3169403076171875,"roomId":5555}
{"type":"gyro","timestamp":1531636187791,"x":-0.4469757080078125,"y":-7.2627716064453125,"z":-1.0915374755859375,"roomId":5555}
{"type":"accel","timestamp":1531636187801,"x":-6.3925018310546875,"y":6.42742919921875,"z":-2.120147705078125,"roomId":5555}
{"type":"gyro","timestamp":1531636187801,"x":-0.46588134765625,"y":-6.9733123779296875,"z":-1.08880615234375,"roomId":5555}
{"type":"accel","timestamp":1531636187811,"x":-5.842620849609375,"y":5.863006591796875,"z":-1.159332275390625,"roomId":5555}
{"type":"gyro","timestamp":1531636187811,"x":-0.5182342529296875,"y":-6.689788818359375,"z":-1.058013916015625,"roomId":5555}
{"type":"accel","timestamp":1531636187831,"x":-5.0801239013671875,"y":4.908538818359375,"z":4.2827911376953125,"roomId":5555}
{"type":"gyro",