{"type":"accel","timestamp":1531636195083,"x":-1.9388885498046875,"y":7.8466949462890625,"z":-0.7794189453125,"roomId":5555}
{"type":"gyro","timestamp":1531636195085,"x":0.262176513671875,"y":0.1663055419921875,"z":0.13714599609375,"roomId":5555}
{"type":"accel","timestamp":1531636195104,"x":0.0429840087890625,"y":8.052627563476562,"z":-1.2410736083984375,"roomId":5555}
{"type":"gyro","timestamp":1531636195106,"x":-0.04058837890625,"y":0.73101806640625,"z":0.3894500732421875,"roomId":5555}
{"type":"accel","timestamp":1531636195123,"x":0.9376220703125,"y":8.0418701171875,"z":-0.3686676025390625,"roomId":5555}
{"type":"gyro","timestamp":1531636195124,"x":-0.1175537109375,"y":0.2836151123046875,"z":0.170013427734375,"roomId":5555}
{"type":"accel","timestamp":1531636195133,"x":0.7352752685546875,"y":8.149749755859375,"z":0.339569091796875,"roomId":5555}
{"type":"gyro","timestamp":1531636195134,"x":-0.0594940185546875,"y":-0.072509765625,"z":-0.0226898193359375,"roomId":5555}
{"type":"accel","timestamp":1531636195151,"x":-0.7023773193359375,"y":8.063156127929688,"z":0.53778076171875,"roomId":5555}
{"type":"gyro","timestamp":1531636195152,"x":0.0997314453125,"y":-0.364959716796875,"z":-0.244964599609375,"roomId":5555}
{"type":"accel","timestamp":1531636195161,"x":-1.17059326171875,"y":8.192977905273438,"z":0.0611572265625,"roomId":5555}
{"type":"gyro","timestamp":1531636195162,"x":0.10797119140625,"y":-0.3018951416015625,"z":-0.183135986328125,"roomId":5555}
{"type":"accel","timestamp":1531636195172,"x":-1.1341400146484375,"y":8.373260498046875,"z":-0.0926361083984375,"roomId":5555}
{"type":"gyro","timestamp":1531636195174,"x":0.0574188232421875,"y":-0.135498046875,"z":-0.054931640625,"roomId":5555}
{"type":"accel","timestamp":1531636195191,"x":-0.7643585205078125,"y":8.229736328125,"z":-0.15045166015625,"roomId":5555}
{"type":"gyro","timestamp":1531636195192,"x":-0.0868988037109375,"y":0.3272857666015625,"z":0.1902923583984375,"roomId":5555}
{"type":"accel","timestamp":1531636195202,"x":-0.249755859375,"y":8.184860229492188,"z":-0.281707763671875,"roomId":5555}
{"type":"gyro","timestamp":1531636195203,"x":-0.1601409912109375,"y":0.4817047119140625,"z":0.2761077880859375,"roomId":5555}
{"type":"accel","timestamp":1531636195220,"x":0.178436279296875,"y":8.150833129882812,"z":0.0316009521484375,"roomId":5555}
{"type":"gyro","timestamp":1531636195220,"x":-0.222808837890625,"y":0.36468505859375,"z":0.2304840087890625,"roomId":5555}
{"type":"accel","timestamp":1531636195231,"x":-0.102752685546875,"y":8.065505981445312,"z":0.2728118896484375,"roomId":5555}
{"type":"gyro","timestamp":1531636195233,"x":-0.1804351806640625,"y":0.1410675048828125,"z":0.1362457275390625,"roomId":5555}
{"type":"accel","timestamp":1531636195241,"x":-0.360443115234375,"y":8.11163330078125,"z":0.4594879150390625,"roomId":5555}
{"type":"gyro","timestamp":1531636195242,"x":-0.1194000244140625,"y":-0.05181884765625,"z":0.062164306640625,"roomId":5555}
{"type":"accel","timestamp":1531636195251,"x":-0.5613250732421875,"y":8.194625854492188,"z":0.5350494384765625,"roomId":5555}
{"type":"gyro","timestamp":1531636195253,"x":-0.068450927734375,"y":-0.1266326904296875,"z":0.0265960693359375,"roomId":5555}
{"type":"accel","timestamp":1531636195261,"x":-0.7149810791015625,"y":8.223251342773438,"z":0.4606781005859375,"roomId":5555}
{"type":"gyro","timestamp":1531636195262,"x":-0.03204345703125,"y":-0.093017578125,"z":0.0193634033203125,"roomId":5555}
{"type":"accel","timestamp":1531636195271,"x":-0.8018798828125,"y":8.167022705078125,"z":0.387481689453125,"roomId":5555}
{"type":"gyro","timestamp":1531636195272,"x":-0.0020751953125,"y":-0.041351318359375,"z":0.01885986328125,"roomId":5555}
{"type":"accel","timestamp":1531636195290,"x":-1.2852783203125,"y":7.9853515625,"z":0.6326141357421875,"roomId":5555}
{"type":"gyro","timestamp":1531636195290,"x":0.110260009765625,"y":-0.09014892578125,"z":-0.0094451904296875,"roomId":5555}
{"type":"accel","timestamp":1531636195309,"x":-2.54595947265625,"y":8.299911499023438,"z":-0.9181671142578125,"roomId":5555}
{"type":"gyro","timestamp":1531636195310,"x":0.2349090576171875,"y":-0.159637451171875,"z":-0.0459442138671875,"roomId":5555}
{"type":"accel","timestamp":1531636195319,"x":-3.6669769287109375,"y":8.341934204101562,"z":-2.136932373046875,"roomId":5555}
{"type":"gyro","timestamp":1531636195320,"x":0.1898345947265625,"y":-0.1595306396484375,"z":-0.02935791015625,"roomId":5555}
{"type":"accel","timestamp":1531636195332,"x":-4.7387237548828125,"y":8.22198486328125,"z":-2.407989501953125,"roomId":5555}
{"type":"gyro","timestamp":1531636195333,"x":0.0829010009765625,"y":-0.1097564697265625,"z":0.0520477294921875,"roomId":5555}
{"type":"accel","timestamp":1531636195351,"x":-5.79022216796875,"y":8.031707763671875,"z":-1.8944091796875,"roomId":5555}
{"type":"gyro","timestamp":1531636195352,"x":-0.062713623046875,"y":0.2257537841796875,"z":0.3256683349609375,"roomId":5555}
{"type":"accel","timestamp":1531636195372,"x":-6.6883544921875,"y":7.8433990478515625,"z":-1.8873291015625,"roomId":5555}
{"type":"gyro","timestamp":1531636195374,"x":-0.1206512451171875,"y":0.5991363525390625,"z":0.575592041015625,"roomId":5555}
{"type":"accel","timestamp":1531636195390,"x":-7.357086181640625,"y":7.482086181640625,"z":-1.9553680419921875,"roomId":5555}
{"type":"gyro","timestamp":1531636195392,"x":0.0171661376953125,"y":0.37542724609375,"z":0.6843109130859375,"roomId":5555}
{"type":"accel","timestamp":1531636195401,"x":-7.1605224609375,"y":7.708984375,"z":-2.1555938720703125,"roomId":5555}
{"type":"gyro","timestamp":1531636195403,"x":0.1984710693359375,"y":-0.1913909912109375,"z":0.6634063720703125,"roomId":5555}
{"type":"accel","timestamp":1531636195420,"x":-7.485626220703125,"y":7.833282470703125,"z":-3.5745849609375,"roomId":5555}
{"type":"gyro","timestamp":1531636195421,"x":0.67120361328125,"y":-1.813720703125,"z":0.3919219970703125,"roomId":5555}
{"type":"accel","timestamp":1531636195439,"x":-7.8399810791015625,"y":7.7982940673828125,"z":-5.2555084228515625,"roomId":5555}
{"type":"gyro","timestamp":1531636195440,"x":1.0079345703125,"y":-3.5847015380859375,"z":0.1184539794921875,"roomId":5555}
{"type":"accel","timestamp":1531636195451,"x":-7.577301025390625,"y":7.865478515625,"z":-5.66259765625,"roomId":5555}
{"type":"gyro","timestamp":1531636195452,"x":1.09161376953125,"y":-4.3341064453125,"z":0.00933837890625,"roomId":5555}
{"type":"accel","timestamp":1531636195469,"x":-6.8332061767578125,"y":8.022598266601562,"z":-5.6567535400390625,"roomId":5555}
{"type":"gyro","timestamp":1531636195470,"x":1.120513916015625,"y":-5.485015869140625,"z":-0.185516357421875,"roomId":5555}
{"type":"accel","timestamp":1531636195479,"x":-6.5717926025390625,"y":8.207000732421875,"z":-5.5509796142578125,"roomId":5555}
{"type":"gyro","timestamp":1531636195480,"x":1.1151275634765625,"y":-5.949432373046875,"z":-0.28326416015625,"roomId":5555}
{"type":"accel","timestamp":1531636195499,"x":-6.0989837646484375,"y":9.046356201171875,"z":-5.822174072265625,"roomId":5555}
{"type":"gyro","timestamp":1531636195500,"x":1.04144287109375,"y":-6.6765289306640625,"z":-0.4328155517578125,"roomId":5555}
{"type":"accel","timestamp":1531636195510,"x":-5.88323974609375,"y":9.323501586914062,"z":-6.2039794921875,"roomId":5555}
{"type":"gyro","timestamp":1531636195512,"x":0.9022216796875,"y":-6.9075775146484375,"z":-0.49383544921875,"roomId":5555}
{"type":"accel","timestamp":1531636195530,"x":-5.22979736328125,"y":8.144287109375,"z":-5.6928863525390625,"roomId":5555}
{"type":"gyro","timestamp":1531636195532,"x":0.3778076171875,"y":-7.18115234375,"z":-0.51141357421875,"roomId":5555}
{"type":"accel","timestamp":1531636195549,"x":-3.056243896484375,"y":6.635101318359375,"z":-4.756378173828125,"roomId":5555}
{"type":"gyro","timestamp":1531636195551,"x":-0.0569000244140625,"y":-7.285308837890625,"z":-0.3791046142578125,"roomId":5555}
{"type":"accel","timestamp":1531636195560,"x":-0.8146514892578125,"y":5.6957550048828125,