{"type":"gyro","timestamp":1531636192582,"x":0.173736572265625,"y":0.1083984375,"z":-0.0874176025390625,"roomId":5555}
{"type":"accel","timestamp":1531636192600,"x":0.85382080078125,"y":8.315521240234375,"z":0.0127410888671875,"roomId":5555}
{"type":"gyro","timestamp":1531636192603,"x":0.1498565673828125,"y":0.3832550048828125,"z":0.14349365234375,"roomId":5555}
{"type":"accel","timestamp":1531636192611,"x":1.4237060546875,"y":8.431777954101562,"z":-0.0382232666015625,"roomId":5555}
{"type":"gyro","timestamp":1531636192613,"x":0.10919189453125,"y":0.287445068359375,"z":0.061126708984375,"roomId":5555}
{"type":"accel","timestamp":1531636192628,"x":0.9636993408203125,"y":8.317855834960938,"z":0.679962158203125,"roomId":5555}
{"type":"gyro","timestamp":1531636192629,"x":0.05706787109375,"y":-0.084503173828125,"z":-0.2606201171875,"roomId":5555}
{"type":"accel","timestamp":1531636192649,"x":-0.5828399658203125,"y":7.90789794921875,"z":1.120330810546875,"roomId":5555}
{"type":"gyro","timestamp":1531636192650,"x":0.0745391845703125,"y":-0.2927093505859375,"z":-0.4132537841796875,"roomId":5555}
{"type":"accel","timestamp":1531636192659,"x":-0.93670654296875,"y":8.01068115234375,"z":1.639190673828125,"roomId":5555}
{"type":"gyro","timestamp":1531636192660,"x":0.1066436767578125,"y":-0.285858154296875,"z":-0.359771728515625,"roomId":5555}
{"type":"accel","timestamp":1531636192679,"x":-1.5049285888671875,"y":7.73162841796875,"z":0.967742919921875,"roomId":5555}
{"type":"gyro","timestamp":1531636192680,"x":0.21087646484375,"y":-0.13427734375,"z":-0.1302947998046875,"roomId":5555}
{"type":"accel","timestamp":1531636192699,"x":-0.9259490966796875,"y":7.7653350830078125,"z":0.11090087890625,"roomId":5555}
{"type":"gyro","timestamp":1531636192700,"x":0.221099853515625,"y":0.0360565185546875,"z":0.076873779296875,"roomId":5555}
{"type":"accel","timestamp":1531636192709,"x":-0.6970062255859375,"y":7.848480224609375,"z":-0.2823944091796875,"roomId":5555}
{"type":"gyro","timestamp":1531636192711,"x":0.1732940673828125,"y":0.1470184326171875,"z":0.1261749267578125,"roomId":5555}
{"type":"accel","timestamp":1531636192719,"x":-0.6987152099609375,"y":7.824737548828125,"z":-0.396240234375,"roomId":5555}
{"type":"gyro","timestamp":1531636192728,"x":0.0336761474609375,"y":0.1856842041015625,"z":0.110687255859375,"roomId":5555}
{"type":"accel","timestamp":1531636192737,"x":-0.6786041259765625,"y":7.9796142578125,"z":-0.129241943359375,"roomId":5555}
{"type":"gyro","timestamp":1531636192738,"x":-0.0125732421875,"y":0.0901336669921875,"z":0.0703582763671875,"roomId":5555}
{"type":"accel","timestamp":1531636192748,"x":-0.8290863037109375,"y":8.172561645507812,"z":0.02508544921875,"roomId":5555}
{"type":"gyro","timestamp":1531636192749,"x":-0.053741455078125,"y":0.013397216796875,"z":0.0258941650390625,"roomId":5555}
{"type":"accel","timestamp":1531636192768,"x":-1.778472900390625,"y":8.189056396484375,"z":0.4156951904296875,"roomId":5555}
{"type":"gyro","timestamp":1531636192769,"x":-0.1348876953125,"y":0.048187255859375,"z":0.0261077880859375,"roomId":5555}
{"type":"accel","timestamp":1531636192780,"x":-2.1572723388671875,"y":8.230377197265625,"z":0.3515777587890625,"roomId":5555}
{"type":"gyro","timestamp":1531636192781,"x":-0.1621856689453125,"y":0.129791259765625,"z":0.1084747314453125,"roomId":5555}
{"type":"accel","timestamp":1531636192798,"x":-2.43597412109375,"y":8.398086547851562,"z":0.22344970703125,"roomId":5555}
{"type":"gyro","timestamp":1531636192801,"x":-0.238372802734375,"y":0.4253692626953125,"z":0.3361358642578125,"roomId":5555}
{"type":"accel","timestamp":1531636192808,"x":-2.823944091796875,"y":8.39404296875,"z":0.03851318359375,"roomId":5555}
{"type":"gyro","timestamp":1531636192817,"x":-0.2647247314453125,"y":0.7998504638671875,"z":0.516265869140625,"roomId":5555}
{"type":"accel","timestamp":1531636192826,"x":-3.9551849365234375,"y":8.47613525390625,"z":-1.197723388671875,"roomId":5555}
{"type":"gyro","timestamp":1531636192827,"x":-0.2623291015625,"y":0.8616943359375,"z":0.570648193359375,"roomId":5555}
{"type":"accel","timestamp":1531636192836,"x":-4.59130859375,"y":8.600433349609375,"z":-1.65625,"roomId":5555}
{"type":"gyro","timestamp":1531636192837,"x":-0.220977783203125,"y":0.6826171875,"z":0.5545806884765625,"roomId":5555}
{"type":"accel","timestamp":1531636192846,"x":-5.156707763671875,"y":8.7537841796875,"z":-2.0178680419921875,"roomId":5555}
{"type":"gyro","timestamp":1531636192847,"x":-0.0991058349609375,"y":0.1444091796875,"z":0.44036865234375,"roomId":5555}
{"type":"accel","timestamp":1531636192856,"x":-5.53912353515625,"y":9.102874755859375,"z":-2.3700103759765625,"roomId":5555}
{"type":"gyro","timestamp":1531636192857,"x":0.1014404296875,"y":-0.75189208984375,"z":0.2112579345703125,"roomId":5555}
{"type":"accel","timestamp":1531636192867,"x":-5.5793914794921875,"y":9.44476318359375,"z":-2.7883758544921875,"roomId":5555}
{"type":"gyro","timestamp":1531636192868,"x":0.341156005859375,"y":-1.855926513671875,"z":-0.1258544921875,"roomId":5555}
{"type":"accel","timestamp":1531636192877,"x":-5.0319671630859375,"y":9.69781494140625,"z":-3.172698974609375,"roomId":5555}
{"type":"gyro","timestamp":1531636192878,"x":0.55780029296875,"y":-2.9471435546875,"z":-0.542694091796875,"roomId":5555}
{"type":"accel","timestamp":1531636192887,"x":-5.0696868896484375,"y":9.564193725585938,"z":-2.71527099609375,"roomId":5555}
{"type":"gyro","timestamp":1531636192888,"x":0.732635498046875,"y":-3.853179931640625,"z":-1.0009307861328125,"roomId":5555}
{"type":"accel","timestamp":1531636192897,"x":-5.7694244384765625,"y":9.251480102539062,"z":-2.37591552734375,"roomId":5555}
{"type":"gyro","timestamp":1531636192898,"x":0.8976287841796875,"y":-4.5638275146484375,"z":-1.427764892578125,"roomId":5555}
{"type":"accel","timestamp":1531636192907,"x":-7.07183837890625,"y":8.672378540039062,"z":-2.456146240234375,"roomId":5555}
{"type":"accel","timestamp":1531636192917,"x":-8.7000732421875,"y":8.058929443359375,"z":-2.576690673828125,"roomId":5555}
{"type":"gyro","timestamp":1531636192919,"x":1.1114501953125,"y":-5.721710205078125,"z":-1.9553985595703125,"roomId":5555}
{"type":"accel","timestamp":1531636192927,"x":-9.81915283203125,"y":7.8624267578125,"z":-2.1430511474609375,"roomId":5555}
{"type":"gyro","timestamp":1531636192929,"x":1.1523895263671875,"y":-6.2135467529296875,"z":-2.00189208984375,"roomId":5555}
{"type":"accel","timestamp":1531636192946,"x":-10.661148071289062,"y":7.288299560546875,"z":-0.7518310546875,"roomId":5555}
{"type":"gyro","timestamp":1531636192947,"x":1.206787109375,"y":-6.79705810546875,"z":-1.7778167724609375,"roomId":5555}
{"type":"accel","timestamp":1531636192956,"x":-10.309829711914062,"y":6.9072113037109375,"z":-0.1593780517578125,"roomId":5555}
{"type":"gyro","timestamp":1531636192957,"x":1.2076263427734375,"y":-6.7355499267578125,"z":-1.5286102294921875,"roomId":5555}
{"type":"accel","timestamp":1531636192966,"x":-9.633056640625,"y":6.738067626953125,"z":-0.1725311279296875,"roomId":5555}
{"type":"gyro","timestamp":1531636192967,"x":1.191375732421875,"y":-6.41107177734375,"z":-1.2341461181640625,"roomId":5555}
{"type":"accel","timestamp":1531636192977,"x":-9.0103759765625,"y":6.6336212158203125,"z":-0.6417388916015625,"roomId":5555}
{"type":"gyro","timestamp":1531636192978,"x":1.1277923583984375,"y":-5.8934326171875,"z":-0.9404754638671875,"roomId":5555}
{"type":"accel","timestamp":1531636192997,"x":-8.312103271484375,"y":6.414093017578125,"z":-0.939971923828125,"roomId":5555}
{"type":"gyro","timestamp":1531636192998,"x":0.8198089599609375,"y":-4.778533935546875,"z":-0.43096923828125,"roomId":5555}
{"type":"accel","timestamp":1531636193016,"x":-6.6818084716796875,"y":5.8975982666015625,"z":0.319305419921875,"roomId":5555}
{"type":"gyro","timestamp":1531636193018,"x":0.697509765625,"y":-4.45477294921875,"z":-0.130279541015625,"roomId":5555}
{"type":"accel","timestamp":1531636193027,"x":-5.0751800537109375,"y":5.925323486328125,