{"type":"accel","timestamp":1531636273175,"x":5.28924560546875,"y":6.3339080810546875,"z":0.7886962890625,"roomId":5555}
{"type":"gyro","timestamp":1531636273176,"x":-0.0436859130859375,"y":0.2961578369140625,"z":0.000579833984375,"roomId":5555}
{"type":"accel","timestamp":1531636273193,"x":4.792877197265625,"y":6.43572998046875,"z":-0.058135986328125,"roomId":5555}
{"type":"gyro","timestamp":1531636273194,"x":-0.066741943359375,"y":0.3202667236328125,"z":0.0140380859375,"roomId":5555}
{"type":"accel","timestamp":1531636273203,"x":4.74420166015625,"y":6.525543212890625,"z":-0.4264678955078125,"roomId":5555}
{"type":"gyro","timestamp":1531636273204,"x":-0.1562652587890625,"y":0.3423919677734375,"z":0.06707763671875,"roomId":5555}
{"type":"accel","timestamp":1531636273213,"x":4.864837646484375,"y":6.4641876220703125,"z":-0.486236572265625,"roomId":5555}
{"type":"gyro","timestamp":1531636273214,"x":-0.27337646484375,"y":0.34844970703125,"z":0.118927001953125,"roomId":5555}
{"type":"accel","timestamp":1531636273232,"x":5.2636566162109375,"y":6.309661865234375,"z":-0.005401611328125,"roomId":5555}
{"type":"gyro","timestamp":1531636273233,"x":-0.439910888671875,"y":0.2119293212890625,"z":0.1220703125,"roomId":5555}
{"type":"accel","timestamp":1531636273243,"x":5.4139556884765625,"y":6.1940155029296875,"z":0.31488037109375,"roomId":5555}
{"type":"gyro","timestamp":1531636273244,"x":-0.4741668701171875,"y":0.1457061767578125,"z":0.096771240234375,"roomId":5555}
{"type":"accel","timestamp":1531636273262,"x":5.5010528564453125,"y":6.1838836669921875,"z":1.107086181640625,"roomId":5555}
{"type":"gyro","timestamp":1531636273263,"x":-0.4815673828125,"y":0.1492919921875,"z":0.06488037109375,"roomId":5555}
{"type":"accel","timestamp":1531636273281,"x":4.48992919921875,"y":6.4319915771484375,"z":0.8094940185546875,"roomId":5555}
{"type":"gyro","timestamp":1531636273282,"x":-0.4941558837890625,"y":0.40496826171875,"z":0.1058502197265625,"roomId":5555}
{"type":"accel","timestamp":1531636273293,"x":4.0962066650390625,"y":6.4720611572265625,"z":0.6443023681640625,"roomId":5555}
{"type":"gyro","timestamp":1531636273294,"x":-0.5299072265625,"y":0.5228271484375,"z":0.1961212158203125,"roomId":5555}
{"type":"accel","timestamp":1531636273310,"x":4.210845947265625,"y":6.366455078125,"z":0.2119140625,"roomId":5555}
{"type":"gyro","timestamp":1531636273311,"x":-0.625762939453125,"y":0.591339111328125,"z":0.36065673828125,"roomId":5555}
{"type":"accel","timestamp":1531636273321,"x":4.477325439453125,"y":6.3619537353515625,"z":0.1074981689453125,"roomId":5555}
{"type":"gyro","timestamp":1531636273321,"x":-0.6728363037109375,"y":0.5315399169921875,"z":0.356597900390625,"roomId":5555}
{"type":"accel","timestamp":1531636273331,"x":4.2743988037109375,"y":6.348388671875,"z":0.1938934326171875,"roomId":5555}
{"type":"gyro","timestamp":1531636273332,"x":-0.710418701171875,"y":0.4405975341796875,"z":0.2954559326171875,"roomId":5555}
{"type":"accel","timestamp":1531636273351,"x":3.1411285400390625,"y":6.3209991455078125,"z":0.2051239013671875,"roomId":5555}
{"type":"gyro","timestamp":1531636273352,"x":-0.7548675537109375,"y":0.3284149169921875,"z":0.23760986328125,"roomId":5555}
{"type":"accel","timestamp":1531636273362,"x":2.974456787109375,"y":6.3764801025390625,"z":0.1519927978515625,"roomId":5555}
{"type":"gyro","timestamp":1531636273363,"x":-0.7638397216796875,"y":0.2814483642578125,"z":0.3012542724609375,"roomId":5555}
{"type":"accel","timestamp":1531636273381,"x":3.2794189453125,"y":6.97235107421875,"z":0.032318115234375,"roomId":5555}
{"type":"gyro","timestamp":1531636273383,"x":-0.718658447265625,"y":0.165802001953125,"z":0.520233154296875,"roomId":5555}
{"type":"accel","timestamp":1531636273400,"x":3.3799896240234375,"y":7.9188232421875,"z":-0.2816314697265625,"roomId":5555}
{"type":"gyro","timestamp":1531636273403,"x":-0.5472259521484375,"y":-0.259368896484375,"z":0.67523193359375,"roomId":5555}
{"type":"accel","timestamp":1531636273411,"x":3.4468841552734375,"y":8.536148071289062,"z":-0.9689788818359375,"roomId":5555}
{"type":"gyro","timestamp":1531636273414,"x":-0.429595947265625,"y":-0.7082977294921875,"z":0.6834564208984375,"roomId":5555}
{"type":"accel","timestamp":1531636273423,"x":4.0695648193359375,"y":9.340835571289062,"z":-2.1488494873046875,"roomId":5555}
{"type":"gyro","timestamp":1531636273432,"x":-0.35076904296875,"y":-2.166473388671875,"z":0.358856201171875,"roomId":5555}
{"type":"accel","timestamp":1531636273440,"x":4.0667877197265625,"y":11.134262084960938,"z":-4.4384613037109375,"roomId":5555}
{"type":"accel","timestamp":1531636273451,"x":2.90643310546875,"y":11.042327880859375,"z":-5.9088287353515625,"roomId":5555}
{"type":"gyro","timestamp":1531636273452,"x":-0.57928466796875,"y":-4.0500946044921875,"z":-0.32440185546875,"roomId":5555}
{"type":"accel","timestamp":1531636273470,"x":5.270111083984375,"y":11.552322387695312,"z":-7.721099853515625,"roomId":5555}
{"type":"gyro","timestamp":1531636273471,"x":-1.084869384765625,"y":-6.4600372314453125,"z":-0.8350067138671875,"roomId":5555}
{"type":"accel","timestamp":1531636273481,"x":7.1065826416015625,"y":11.86572265625,"z":-7.318511962890625,"roomId":5555}
{"type":"gyro","timestamp":1531636273482,"x":-1.358123779296875,"y":-7.52008056640625,"z":-1.18017578125,"roomId":5555}
{"type":"gyro","timestamp":1531636273492,"x":-1.5921783447265625,"y":-8.25726318359375,"z":-1.6149444580078125,"roomId":5555}
{"type":"accel","timestamp":1531636273501,"x":8.004928588867188,"y":11.953720092773438,"z":-6.5344390869140625,"roomId":5555}
{"type":"gyro","timestamp":1531636273503,"x":-1.812225341796875,"y":-8.776840209960938,"z":-2.093719482421875,"roomId":5555}
{"type":"accel","timestamp":1531636273520,"x":5.78912353515625,"y":11.635894775390625,"z":-5.869873046875,"roomId":5555}
{"type":"gyro","timestamp":1531636273521,"x":-2.2696380615234375,"y":-9.562088012695312,"z":-2.85443115234375,"roomId":5555}
{"type":"accel","timestamp":1531636273531,"x":5.79534912109375,"y":11.613998413085938,"z":-5.2276611328125,"roomId":5555}
{"type":"gyro","timestamp":1531636273533,"x":-2.5323944091796875,"y":-9.937728881835938,"z":-3.076019287109375,"roomId":5555}
{"type":"accel","timestamp":1531636273542,"x":5.4944610595703125,"y":11.528610229492188,"z":-4.351654052734375,"roomId":5555}
{"type":"gyro","timestamp":1531636273544,"x":-2.795989990234375,"y":-10.156875610351562,"z":-3.2438507080078125,"roomId":5555}
{"type":"accel","timestamp":1531636273554,"x":5.43731689453125,"y":10.994415283203125,"z":-3.4346160888671875,"roomId":5555}
{"type":"gyro","timestamp":1531636273555,"x":-3.0204925537109375,"y":-10.072540283203125,"z":-3.33123779296875,"roomId":5555}
{"type":"accel","timestamp":1531636273570,"x":7.5254058837890625,"y":9.060791015625,"z":-3.28369140625,"roomId":5555}
{"type":"gyro","timestamp":1531636273571,"x":-3.3104705810546875,"y":-9.049942016601562,"z":-3.469024658203125,"roomId":5555}
{"type":"accel","timestamp":1531636273590,"x":7.4645538330078125,"y":6.8780364990234375,"z":-2.0145721435546875,"roomId":5555}
{"type":"gyro","timestamp":1531636273591,"x":-3.4128265380859375,"y":-7.3009796142578125,"z":-3.859344482421875,"roomId":5555}
{"type":"accel","timestamp":1531636273600,"x":6.4840850830078125,"y":5.6623382568359375,"z":-1.2818603515625,"roomId":5555}
{"type":"gyro","timestamp":1531636273601,"x":-3.3090362548828125,"y":-6.6015625,"z":-4.0509796142578125,"roomId":5555}
{"type":"accel","timestamp":1531636273610,"x":5.4465789794921875,"y":4.6190185546875,"z":0.247100830078125,"roomId":5555}
{"type":"gyro","timestamp":1531636273612,"x":-3.06927490234375,"y":-6.4143829345703125,"z":-4.25360107421875,"roomId":5555}
{"type":"accel","timestamp":1531636273620,"x":5.5121917724609375,"y":3.9567413330078125,"z":1.7374114990234375,"roomId":5555}
{"type":"gyro","timestamp":1531636273622,"x":-2.640716552734375,"y":-6.676849365234375,"z":-4.507904052734375,"roomId":5555}
{"type":"accel","timestamp":1531636273639,"x":1.89984130859375,