{"type":"gyro","timestamp":1531636262038,"x":-0.0963592529296875,"y":0.1356048583984375,"z":-0.3410491943359375,"roomId":5555}
{"type":"accel","timestamp":1531636262047,"x":6.502410888671875,"y":5.3638458251953125,"z":1.8575897216796875,"roomId":5555}
{"type":"gyro","timestamp":1531636262048,"x":-0.0428466796875,"y":0.1744842529296875,"z":-0.311920166015625,"roomId":5555}
{"type":"accel","timestamp":1531636262058,"x":6.36114501953125,"y":5.3086090087890625,"z":1.9114227294921875,"roomId":5555}
{"type":"gyro","timestamp":1531636262059,"x":0.0005950927734375,"y":0.302337646484375,"z":-0.2079620361328125,"roomId":5555}
{"type":"accel","timestamp":1531636262068,"x":6.0243377685546875,"y":5.387176513671875,"z":1.8047637939453125,"roomId":5555}
{"type":"gyro","timestamp":1531636262069,"x":0.01593017578125,"y":0.4763031005859375,"z":-0.0420684814453125,"roomId":5555}
{"type":"accel","timestamp":1531636262087,"x":6.0926513671875,"y":5.7648773193359375,"z":1.627471923828125,"roomId":5555}
{"type":"gyro","timestamp":1531636262087,"x":-0.072113037109375,"y":0.753173828125,"z":0.3296051025390625,"roomId":5555}
{"type":"accel","timestamp":1531636262097,"x":6.5697021484375,"y":5.9464263916015625,"z":1.8871612548828125,"roomId":5555}
{"type":"gyro","timestamp":1531636262098,"x":-0.12396240234375,"y":0.7754364013671875,"z":0.4146270751953125,"roomId":5555}
{"type":"accel","timestamp":1531636262108,"x":6.925750732421875,"y":6.0050811767578125,"z":2.260009765625,"roomId":5555}
{"type":"gyro","timestamp":1531636262108,"x":-0.139007568359375,"y":0.7543182373046875,"z":0.3992767333984375,"roomId":5555}
{"type":"accel","timestamp":1531636262127,"x":7.0909271240234375,"y":5.708282470703125,"z":2.6308746337890625,"roomId":5555}
{"type":"gyro","timestamp":1531636262129,"x":-0.070037841796875,"y":0.563201904296875,"z":0.2081298828125,"roomId":5555}
{"type":"accel","timestamp":1531636262137,"x":7.1016387939453125,"y":5.55908203125,"z":2.91455078125,"roomId":5555}
{"type":"gyro","timestamp":1531636262138,"x":-0.0198516845703125,"y":0.4188079833984375,"z":0.1008758544921875,"roomId":5555}
{"type":"accel","timestamp":1531636262148,"x":6.8785858154296875,"y":5.48486328125,"z":3.0307159423828125,"roomId":5555}
{"type":"gyro","timestamp":1531636262150,"x":0.035430908203125,"y":0.29638671875,"z":0.0079803466796875,"roomId":5555}
{"type":"accel","timestamp":1531636262158,"x":6.9019927978515625,"y":5.455902099609375,"z":2.8358001708984375,"roomId":5555}
{"type":"accel","timestamp":1531636262178,"x":6.5980377197265625,"y":5.46087646484375,"z":2.4387664794921875,"roomId":5555}
{"type":"gyro","timestamp":1531636262179,"x":0.08233642578125,"y":0.1948089599609375,"z":-0.106414794921875,"roomId":5555}
{"type":"accel","timestamp":1531636262189,"x":6.17138671875,"y":5.5524749755859375,"z":2.2444000244140625,"roomId":5555}
{"type":"gyro","timestamp":1531636262191,"x":0.06024169921875,"y":0.1695556640625,"z":-0.134857177734375,"roomId":5555}
{"type":"accel","timestamp":1531636262208,"x":5.7353057861328125,"y":5.6549072265625,"z":1.9605865478515625,"roomId":5555}
{"type":"gyro","timestamp":1531636262210,"x":-0.005462646484375,"y":0.2970733642578125,"z":-0.059600830078125,"roomId":5555}
{"type":"accel","timestamp":1531636262227,"x":5.20623779296875,"y":5.809234619140625,"z":1.28179931640625,"roomId":5555}
{"type":"gyro","timestamp":1531636262229,"x":-0.115203857421875,"y":0.6764068603515625,"z":0.141815185546875,"roomId":5555}
{"type":"accel","timestamp":1531636262238,"x":5.0130462646484375,"y":5.9549102783203125,"z":0.9262847900390625,"roomId":5555}
{"type":"gyro","timestamp":1531636262240,"x":-0.1667327880859375,"y":0.8571014404296875,"z":0.2431640625,"roomId":5555}
{"type":"accel","timestamp":1531636262257,"x":4.35821533203125,"y":6.529815673828125,"z":0.4846954345703125,"roomId":5555}
{"type":"gyro","timestamp":1531636262258,"x":-0.2548828125,"y":1.011566162109375,"z":0.393402099609375,"roomId":5555}
{"type":"accel","timestamp":1531636262276,"x":3.3454132080078125,"y":8.04083251953125,"z":-1.340911865234375,"roomId":5555}
{"type":"gyro","timestamp":1531636262277,"x":-0.18463134765625,"y":0.6024169921875,"z":0.4221649169921875,"roomId":5555}
{"type":"accel","timestamp":1531636262286,"x":3.2254486083984375,"y":9.232955932617188,"z":-2.360198974609375,"roomId":5555}
{"type":"accel","timestamp":1531636262296,"x":3.755645751953125,"y":10.634567260742188,"z":-3.3479461669921875,"roomId":5555}
{"type":"gyro","timestamp":1531636262297,"x":-0.079925537109375,"y":-0.64288330078125,"z":0.3770904541015625,"roomId":5555}
{"type":"accel","timestamp":1531636262308,"x":5.5137176513671875,"y":12.386825561523438,"z":-4.9310760498046875,"roomId":5555}
{"type":"gyro","timestamp":1531636262309,"x":-0.07232666015625,"y":-1.4743804931640625,"z":0.2856903076171875,"roomId":5555}
{"type":"accel","timestamp":1531636262325,"x":4.891387939453125,"y":12.699981689453125,"z":-6.9950408935546875,"roomId":5555}
{"type":"gyro","timestamp":1531636262327,"x":-0.3157196044921875,"y":-3.39349365234375,"z":-0.327789306640625,"roomId":5555}
{"type":"accel","timestamp":1531636262335,"x":5.0207061767578125,"y":12.5623779296875,"z":-6.6302642822265625,"roomId":5555}
{"type":"accel","timestamp":1531636262345,"x":5.0844268798828125,"y":12.643081665039062,"z":-6.3189544677734375,"roomId":5555}
{"type":"gyro","timestamp":1531636262346,"x":-1.00933837890625,"y":-4.9729461669921875,"z":-0.91802978515625,"roomId":5555}
{"type":"accel","timestamp":1531636262355,"x":4.677825927734375,"y":12.641128540039062,"z":-6.2675323486328125,"roomId":5555}
{"type":"gyro","timestamp":1531636262356,"x":-1.34625244140625,"y":-5.44744873046875,"z":-1.0396270751953125,"roomId":5555}
{"type":"accel","timestamp":1531636262366,"x":4.0821533203125,"y":12.109512329101562,"z":-6.212615966796875,"roomId":5555}
{"type":"gyro","timestamp":1531636262367,"x":-1.681427001953125,"y":-5.7411651611328125,"z":-1.09130859375,"roomId":5555}
{"type":"accel","timestamp":1531636262376,"x":3.958587646484375,"y":11.23553466796875,"z":-5.813262939453125,"roomId":5555}
{"type":"gyro","timestamp":1531636262377,"x":-2.0496368408203125,"y":-5.9348602294921875,"z":-1.062042236328125,"roomId":5555}
{"type":"accel","timestamp":1531636262395,"x":3.8400421142578125,"y":9.404067993164062,"z":-3.9747161865234375,"roomId":5555}
{"type":"gyro","timestamp":1531636262396,"x":-2.8113861083984375,"y":-6.3531951904296875,"z":-0.805206298828125,"roomId":5555}
{"type":"accel","timestamp":1531636262405,"x":4.1258697509765625,"y":8.62823486328125,"z":-4.4369049072265625,"roomId":5555}
{"type":"gyro","timestamp":1531636262406,"x":-3.096588134765625,"y":-6.5702362060546875,"z":-0.5811309814453125,"roomId":5555}
{"type":"accel","timestamp":1531636262424,"x":5.9913177490234375,"y":7.63262939453125,"z":-6.06866455078125,"roomId":5555}
{"type":"gyro","timestamp":1531636262425,"x":-3.5228729248046875,"y":-6.933135986328125,"z":-0.007843017578125,"roomId":5555}
{"type":"accel","timestamp":1531636262434,"x":9.305099487304688,"y":6.782989501953125,"z":-7.113922119140625,"roomId":5555}
{"type":"gyro","timestamp":1531636262435,"x":-3.7951507568359375,"y":-7.4857330322265625,"z":0.119720458984375,"roomId":5555}
{"type":"accel","timestamp":1531636262445,"x":12.487945556640625,"y":6.330657958984375,"z":-8.346771240234375,"roomId":5555}
{"type":"gyro","timestamp":1531636262445,"x":-4.1046295166015625,"y":-8.111236572265625,"z":0.0257110595703125,"roomId":5555}
{"type":"accel","timestamp":1531636262465,"x":19.072830200195312,"y":6.103790283203125,"z":-7.43292236328125,"roomId":5555}
{"type":"gyro","timestamp":1531636262466,"x":-4.8427276611328125,"y":-8.93212890625,"z":-0.7675628662109375,"roomId":5555}
{"type":"accel","timestamp":1531636262476,"x":20.109634399414062,"y":6.0885162353515625,"z":-4.390960693359375,"roomId":5555}
{"type":"gyro","timestamp":1531636262478,"x":-5.1421051025390625,"y":-8.848602294921875,"z":-1.4380035400390625,"roomId":5555}
{"type":"accel","timestamp":1531636262496,"x":19.473068237304688,