{"type":"accel","timestamp":1531636163589,"x":-0.5413970947265625,"y":8.303451538085938,"z":0.3593902587890625,"roomId":5555}
{"type":"gyro","timestamp":1531636163590,"x":0.179718017578125,"y":0.0556793212890625,"z":0.09295654296875,"roomId":5555}
{"type":"accel","timestamp":1531636163606,"x":-0.438385009765625,"y":8.260787963867188,"z":0.0631256103515625,"roomId":5555}
{"type":"gyro","timestamp":1531636163607,"x":0.2167205810546875,"y":-0.264312744140625,"z":-0.1739654541015625,"roomId":5555}
{"type":"accel","timestamp":1531636163617,"x":-0.8044281005859375,"y":8.156906127929688,"z":0.2032012939453125,"roomId":5555}
{"type":"gyro","timestamp":1531636163618,"x":0.208221435546875,"y":-0.3388214111328125,"z":-0.2604827880859375,"roomId":5555}
{"type":"accel","timestamp":1531636163635,"x":-2.002685546875,"y":8.146713256835938,"z":0.1923675537109375,"roomId":5555}
{"type":"gyro","timestamp":1531636163637,"x":0.2237548828125,"y":-0.1787109375,"z":-0.24969482421875,"roomId":5555}
{"type":"accel","timestamp":1531636163645,"x":-2.567535400390625,"y":8.094192504882812,"z":0.2664947509765625,"roomId":5555}
{"type":"accel","timestamp":1531636163655,"x":-2.7098236083984375,"y":8.048904418945312,"z":0.5588531494140625,"roomId":5555}
{"type":"gyro","timestamp":1531636163656,"x":0.2634735107421875,"y":-0.0680694580078125,"z":-0.051361083984375,"roomId":5555}
{"type":"accel","timestamp":1531636163666,"x":-2.389617919921875,"y":8.014633178710938,"z":0.596221923828125,"roomId":5555}
{"type":"gyro","timestamp":1531636163666,"x":0.303314208984375,"y":-0.02252197265625,"z":0.070404052734375,"roomId":5555}
{"type":"accel","timestamp":1531636163685,"x":-1.3440704345703125,"y":8.103225708007812,"z":-0.8330841064453125,"roomId":5555}
{"type":"gyro","timestamp":1531636163685,"x":0.3216705322265625,"y":0.17333984375,"z":0.216888427734375,"roomId":5555}
{"type":"accel","timestamp":1531636163705,"x":-1.299468994140625,"y":8.000808715820312,"z":-1.5736236572265625,"roomId":5555}
{"type":"gyro","timestamp":1531636163706,"x":0.1095428466796875,"y":0.2536163330078125,"z":0.151153564453125,"roomId":5555}
{"type":"accel","timestamp":1531636163715,"x":-1.5845947265625,"y":7.8981170654296875,"z":-1.1074676513671875,"roomId":5555}
{"type":"gyro","timestamp":1531636163717,"x":0.0129241943359375,"y":0.12774658203125,"z":0.0756683349609375,"roomId":5555}
{"type":"accel","timestamp":1531636163726,"x":-2.0319366455078125,"y":7.7868499755859375,"z":-0.4733428955078125,"roomId":5555}
{"type":"gyro","timestamp":1531636163727,"x":-0.015045166015625,"y":-0.043121337890625,"z":0.010772705078125,"roomId":5555}
{"type":"accel","timestamp":1531636163737,"x":-2.5209503173828125,"y":7.71832275390625,"z":-0.132232666015625,"roomId":5555}
{"type":"gyro","timestamp":1531636163739,"x":0.0133819580078125,"y":-0.16815185546875,"z":-0.0226898193359375,"roomId":5555}
{"type":"accel","timestamp":1531636163754,"x":-3.3846588134765625,"y":7.4352874755859375,"z":-0.3021087646484375,"roomId":5555}
{"type":"gyro","timestamp":1531636163755,"x":0.0515289306640625,"y":-0.1599578857421875,"z":0.0580291748046875,"roomId":5555}
{"type":"accel","timestamp":1531636163764,"x":-3.7446441650390625,"y":7.338470458984375,"z":-0.3485107421875,"roomId":5555}
{"type":"gyro","timestamp":1531636163765,"x":0.030029296875,"y":-0.07904052734375,"z":0.17327880859375,"roomId":5555}
{"type":"accel","timestamp":1531636163784,"x":-5.4605865478515625,"y":7.0265045166015625,"z":-1.4770660400390625,"roomId":5555}
{"type":"gyro","timestamp":1531636163785,"x":-0.05731201171875,"y":0.1896820068359375,"z":0.4875946044921875,"roomId":5555}
{"type":"accel","timestamp":1531636163794,"x":-6.254974365234375,"y":7.0263519287109375,"z":-1.7867431640625,"roomId":5555}
{"type":"gyro","timestamp":1531636163795,"x":-0.1637115478515625,"y":0.36846923828125,"z":0.7066192626953125,"roomId":5555}
{"type":"accel","timestamp":1531636163805,"x":-6.9386444091796875,"y":7.1402130126953125,"z":-2.363189697265625,"roomId":5555}
{"type":"gyro","timestamp":1531636163806,"x":-0.2447509765625,"y":0.5241851806640625,"z":0.936279296875,"roomId":5555}
{"type":"accel","timestamp":1531636163826,"x":-7.4748687744140625,"y":7.355743408203125,"z":-4.205780029296875,"roomId":5555}
{"type":"gyro","timestamp":1531636163827,"x":-0.374267578125,"y":0.432891845703125,"z":1.2844390869140625,"roomId":5555}
{"type":"accel","timestamp":1531636163844,"x":-7.23822021484375,"y":7.6227874755859375,"z":-4.4984588623046875,"roomId":5555}
{"type":"gyro","timestamp":1531636163846,"x":-0.5279693603515625,"y":-0.69256591796875,"z":1.1845703125,"roomId":5555}
{"type":"accel","timestamp":1531636163854,"x":-7.435699462890625,"y":7.909454345703125,"z":-4.03717041015625,"roomId":5555}
{"type":"accel","timestamp":1531636163865,"x":-6.9738616943359375,"y":8.0557861328125,"z":-3.618408203125,"roomId":5555}
{"type":"gyro","timestamp":1531636163867,"x":-0.3822479248046875,"y":-2.54803466796875,"z":0.912628173828125,"roomId":5555}
{"type":"accel","timestamp":1531636163886,"x":-5.8522796630859375,"y":8.760345458984375,"z":-3.37896728515625,"roomId":5555}
{"type":"gyro","timestamp":1531636163888,"x":0.0786895751953125,"y":-4.0333251953125,"z":0.4945220947265625,"roomId":5555}
{"type":"accel","timestamp":1531636163906,"x":-6.34710693359375,"y":8.7803955078125,"z":-3.73193359375,"roomId":5555}
{"type":"gyro","timestamp":1531636163907,"x":0.348480224609375,"y":-5.0440216064453125,"z":-0.0672607421875,"roomId":5555}
{"type":"accel","timestamp":1531636163916,"x":-6.6674652099609375,"y":8.637786865234375,"z":-3.853302001953125,"roomId":5555}
{"type":"gyro","timestamp":1531636163918,"x":0.443084716796875,"y":-5.5833892822265625,"z":-0.2994384765625,"roomId":5555}
{"type":"gyro","timestamp":1531636163927,"x":0.5278472900390625,"y":-6.1316375732421875,"z":-0.481903076171875,"roomId":5555}
{"type":"accel","timestamp":1531636163935,"x":-6.7503204345703125,"y":8.08636474609375,"z":-3.4361572265625,"roomId":5555}
{"type":"accel","timestamp":1531636163945,"x":-6.8320465087890625,"y":7.8049163818359375,"z":-2.7159881591796875,"roomId":5555}
{"type":"gyro","timestamp":1531636163947,"x":0.5361328125,"y":-6.8032379150390625,"z":-0.681182861328125,"roomId":5555}
{"type":"accel","timestamp":1531636163964,"x":-7.4232940673828125,"y":6.9947357177734375,"z":-1.5575103759765625,"roomId":5555}
{"type":"gyro","timestamp":1531636163965,"x":0.4180755615234375,"y":-6.8441009521484375,"z":-0.6317596435546875,"roomId":5555}
{"type":"accel","timestamp":1531636163974,"x":-7.4901275634765625,"y":6.55426025390625,"z":-1.4487152099609375,"roomId":5555}
{"type":"gyro","timestamp":1531636163975,"x":0.37664794921875,"y":-6.8311004638671875,"z":-0.543304443359375,"roomId":5555}
{"type":"accel","timestamp":1531636163986,"x":-6.606353759765625,"y":6.2979888916015625,"z":-1.0856170654296875,"roomId":5555}
{"type":"gyro","timestamp":1531636163987,"x":0.34478759765625,"y":-6.9463958740234375,"z":-0.4350433349609375,"roomId":5555}
{"type":"accel","timestamp":1531636164004,"x":-3.11578369140625,"y":6.4915771484375,"z":0.002593994140625,"roomId":5555}
{"type":"gyro","timestamp":1531636164005,"x":0.4364776611328125,"y":-7.4142913818359375,"z":-0.36944580078125,"roomId":5555}
{"type":"accel","timestamp":1531636164024,"x":0.506591796875,"y":6.7693939208984375,"z":2.872955322265625,"roomId":5555}
{"type":"gyro","timestamp":1531636164025,"x":0.5879364013671875,"y":-7.3503875732421875,"z":-0.7821044921875,"roomId":5555}
{"type":"accel","timestamp":1531636164042,"x":0.9435577392578125,"y":5.9425506591796875,"z":4.0484161376953125,"roomId":5555}
{"type":"gyro","timestamp":1531636164043,"x":0.7897186279296875,"y":-5.9329833984375,"z":-1.3173370361328125,"roomId":5555}
{"type":"accel","timestamp":1531636164054,"x":-0.0149078369140625,"y":5.043182373046875,"z":3.6419830322265625,"roomId":5555}
{"type":"gyro","timestamp":1531636164054,"x":0.9083099365234375,"y":-5.0968475341796875,"z":-1.62103271484375,"roomId":5555}
{"type":"accel","timestamp":1531636164072,