{"type":"gyro","timestamp":1531636259862,"x":-0.00030517578125,"y":0.062896728515625,"z":-0.0327606201171875,"roomId":5555}
{"type":"accel","timestamp":1531636259872,"x":5.8121185302734375,"y":5.97247314453125,"z":2.500518798828125,"roomId":5555}
{"type":"gyro","timestamp":1531636259872,"x":0.0747528076171875,"y":-0.0026397705078125,"z":-0.0832672119140625,"roomId":5555}
{"type":"accel","timestamp":1531636259882,"x":5.603973388671875,"y":6.0783843994140625,"z":2.02789306640625,"roomId":5555}
{"type":"gyro","timestamp":1531636259883,"x":0.0959625244140625,"y":0.0127105712890625,"z":-0.0821380615234375,"roomId":5555}
{"type":"accel","timestamp":1531636259892,"x":5.29595947265625,"y":6.1587371826171875,"z":1.642578125,"roomId":5555}
{"type":"gyro","timestamp":1531636259893,"x":0.053680419921875,"y":0.114166259765625,"z":-0.02978515625,"roomId":5555}
{"type":"accel","timestamp":1531636259903,"x":5.224822998046875,"y":6.2158660888671875,"z":1.520416259765625,"roomId":5555}
{"type":"gyro","timestamp":1531636259904,"x":-0.0275115966796875,"y":0.2314910888671875,"z":0.0634918212890625,"roomId":5555}
{"type":"accel","timestamp":1531636259923,"x":5.6118927001953125,"y":6.161895751953125,"z":1.663116455078125,"roomId":5555}
{"type":"gyro","timestamp":1531636259925,"x":-0.1627349853515625,"y":0.431640625,"z":0.1883392333984375,"roomId":5555}
{"type":"accel","timestamp":1531636259943,"x":5.4930267333984375,"y":6.1585693359375,"z":1.71893310546875,"roomId":5555}
{"type":"gyro","timestamp":1531636259944,"x":-0.20172119140625,"y":0.3677978515625,"z":0.1243133544921875,"roomId":5555}
{"type":"accel","timestamp":1531636259962,"x":5.11651611328125,"y":6.1951446533203125,"z":1.98919677734375,"roomId":5555}
{"type":"gyro","timestamp":1531636259964,"x":-0.2061004638671875,"y":-0.068206787109375,"z":-0.0785369873046875,"roomId":5555}
{"type":"accel","timestamp":1531636259973,"x":4.881256103515625,"y":6.2695770263671875,"z":2.1098785400390625,"roomId":5555}
{"type":"gyro","timestamp":1531636259974,"x":-0.179046630859375,"y":-0.2138519287109375,"z":-0.15032958984375,"roomId":5555}
{"type":"accel","timestamp":1531636259983,"x":4.9002227783203125,"y":6.3095703125,"z":2.100921630859375,"roomId":5555}
{"type":"gyro","timestamp":1531636259984,"x":-0.149078369140625,"y":-0.2305145263671875,"z":-0.1460723876953125,"roomId":5555}
{"type":"accel","timestamp":1531636259993,"x":5.1627655029296875,"y":6.27728271484375,"z":2.09027099609375,"roomId":5555}
{"type":"accel","timestamp":1531636260003,"x":5.3980712890625,"y":6.289947509765625,"z":1.998199462890625,"roomId":5555}
{"type":"gyro","timestamp":1531636260004,"x":-0.1562347412109375,"y":0.0008697509765625,"z":-0.038482666015625,"roomId":5555}
{"type":"accel","timestamp":1531636260020,"x":5.235870361328125,"y":6.62615966796875,"z":1.6313323974609375,"roomId":5555}
{"type":"gyro","timestamp":1531636260021,"x":-0.1734771728515625,"y":0.2065887451171875,"z":0.03668212890625,"roomId":5555}
{"type":"accel","timestamp":1531636260031,"x":5.3043365478515625,"y":6.748687744140625,"z":1.4779815673828125,"roomId":5555}
{"type":"accel","timestamp":1531636260041,"x":5.6894378662109375,"y":6.8805999755859375,"z":1.3094024658203125,"roomId":5555}
{"type":"gyro","timestamp":1531636260042,"x":-0.19927978515625,"y":0.2389068603515625,"z":0.0709228515625,"roomId":5555}
{"type":"accel","timestamp":1531636260051,"x":5.9052734375,"y":6.9235076904296875,"z":1.3028411865234375,"roomId":5555}
{"type":"gyro","timestamp":1531636260053,"x":-0.2483978271484375,"y":0.2256011962890625,"z":0.077880859375,"roomId":5555}
{"type":"accel","timestamp":1531636260061,"x":5.7161712646484375,"y":7.0298004150390625,"z":1.3130035400390625,"roomId":5555}
{"type":"gyro","timestamp":1531636260064,"x":-0.290771484375,"y":0.167572021484375,"z":0.0389556884765625,"roomId":5555}
{"type":"accel","timestamp":1531636260080,"x":4.90081787109375,"y":7.659332275390625,"z":1.606353759765625,"roomId":5555}
{"type":"gyro","timestamp":1531636260081,"x":-0.240234375,"y":-0.053955078125,"z":-0.092315673828125,"roomId":5555}
{"type":"accel","timestamp":1531636260090,"x":4.0917816162109375,"y":8.266677856445312,"z":1.3361053466796875,"roomId":5555}
{"type":"gyro","timestamp":1531636260091,"x":-0.1322021484375,"y":-0.21160888671875,"z":-0.1551513671875,"roomId":5555}
{"type":"accel","timestamp":1531636260100,"x":3.074005126953125,"y":8.919143676757812,"z":0.54803466796875,"roomId":5555}
{"type":"gyro","timestamp":1531636260101,"x":0.0369873046875,"y":-0.3802947998046875,"z":-0.2000732421875,"roomId":5555}
{"type":"accel","timestamp":1531636260110,"x":2.212677001953125,"y":9.593795776367188,"z":-0.580169677734375,"roomId":5555}
{"type":"accel","timestamp":1531636260120,"x":1.807464599609375,"y":10.425277709960938,"z":-1.177978515625,"roomId":5555}
{"type":"gyro","timestamp":1531636260120,"x":0.3748321533203125,"y":-0.803955078125,"z":-0.1337738037109375,"roomId":5555}
{"type":"accel","timestamp":1531636260130,"x":2.664337158203125,"y":11.54156494140625,"z":-1.969329833984375,"roomId":5555}
{"type":"gyro","timestamp":1531636260130,"x":0.4827117919921875,"y":-1.19775390625,"z":-0.0962371826171875,"roomId":5555}
{"type":"accel","timestamp":1531636260140,"x":3.0284881591796875,"y":12.569992065429688,"z":-3.89178466796875,"roomId":5555}
{"type":"gyro","timestamp":1531636260140,"x":0.575897216796875,"y":-1.6912841796875,"z":-0.1522216796875,"roomId":5555}
{"type":"accel","timestamp":1531636260150,"x":1.6888580322265625,"y":12.907257080078125,"z":-6.3079833984375,"roomId":5555}
{"type":"gyro","timestamp":1531636260152,"x":0.610137939453125,"y":-2.2210235595703125,"z":-0.34686279296875,"roomId":5555}
{"type":"accel","timestamp":1531636260160,"x":0.3283843994140625,"y":12.570892333984375,"z":-8.738021850585938,"roomId":5555}
{"type":"gyro","timestamp":1531636260162,"x":0.45989990234375,"y":-2.8048858642578125,"z":-0.5980987548828125,"roomId":5555}
{"type":"accel","timestamp":1531636260170,"x":0.20037841796875,"y":12.192825317382812,"z":-9.960250854492188,"roomId":5555}
{"type":"accel","timestamp":1531636260180,"x":1.075897216796875,"y":11.808029174804688,"z":-9.593215942382812,"roomId":5555}
{"type":"gyro","timestamp":1531636260181,"x":-0.5524749755859375,"y":-4.3887939453125,"z":-0.9158477783203125,"roomId":5555}
{"type":"accel","timestamp":1531636260192,"x":4.2190399169921875,"y":12.213760375976562,"z":-7.1649322509765625,"roomId":5555}
{"type":"gyro","timestamp":1531636260192,"x":-1.2860107421875,"y":-5.360870361328125,"z":-1.0521087646484375,"roomId":5555}
{"type":"accel","timestamp":1531636260211,"x":7.35791015625,"y":13.1126708984375,"z":-3.55548095703125,"roomId":5555}
{"type":"gyro","timestamp":1531636260213,"x":-2.247344970703125,"y":-7.49017333984375,"z":-1.7763519287109375,"roomId":5555}
{"type":"accel","timestamp":1531636260221,"x":6.271575927734375,"y":12.711181640625,"z":-2.18304443359375,"roomId":5555}
{"type":"gyro","timestamp":1531636260224,"x":-2.3213653564453125,"y":-8.441818237304688,"z":-2.48333740234375,"roomId":5555}
{"type":"accel","timestamp":1531636260233,"x":4.60614013671875,"y":11.465255737304688,"z":-2.8811492919921875,"roomId":5555}
{"type":"gyro","timestamp":1531636260235,"x":-2.3193206787109375,"y":-8.87969970703125,"z":-3.1395263671875,"roomId":5555}
{"type":"accel","timestamp":1531636260251,"x":3.4561004638671875,"y":8.275222778320312,"z":-5.482635498046875,"roomId":5555}
{"type":"gyro","timestamp":1531636260251,"x":-2.3839874267578125,"y":-9.202133178710938,"z":-3.8415679931640625,"roomId":5555}
{"type":"accel","timestamp":1531636260271,"x":6.8759613037109375,"y":6.6005706787109375,"z":-3.27288818359375,"roomId":5555}
{"type":"gyro","timestamp":1531636260273,"x":-2.913818359375,"y":-10.30389404296875,"z":-3.8497772216796875,"roomId":5555}
{"type":"gyro","timestamp":1531636260292,"x":-3.343780517578125,"y":-10.632095336914062,"z":-3.80609130859375,"roomId":5555}
{"type":"accel","timestamp":1531636260300,"x":6.9831390380859375,"y":6.0510101318359375,"z":2.08740234375,