{"type":"gyro","timestamp":1531636297031,"x":0.0600128173828125,"y":0.5161895751953125,"z":0.3671875,"roomId":5555}
{"type":"accel","timestamp":1531636297040,"x":4.3517303466796875,"y":6.9555816650390625,"z":-0.24365234375,"roomId":5555}
{"type":"gyro","timestamp":1531636297041,"x":-0.0372772216796875,"y":0.499359130859375,"z":0.402557373046875,"roomId":5555}
{"type":"accel","timestamp":1531636297050,"x":5.0855712890625,"y":7.0729217529296875,"z":0.4071197509765625,"roomId":5555}
{"type":"gyro","timestamp":1531636297051,"x":-0.1099700927734375,"y":0.4617919921875,"z":0.3818206787109375,"roomId":5555}
{"type":"accel","timestamp":1531636297060,"x":5.4101409912109375,"y":7.1795196533203125,"z":0.4144439697265625,"roomId":5555}
{"type":"gyro","timestamp":1531636297061,"x":-0.111602783203125,"y":0.380584716796875,"z":0.28802490234375,"roomId":5555}
{"type":"accel","timestamp":1531636297080,"x":5.106109619140625,"y":7.0382080078125,"z":0.0992279052734375,"roomId":5555}
{"type":"gyro","timestamp":1531636297080,"x":-0.131134033203125,"y":0.1462249755859375,"z":0.0725555419921875,"roomId":5555}
{"type":"accel","timestamp":1531636297090,"x":5.0826568603515625,"y":6.8154144287109375,"z":0.259124755859375,"roomId":5555}
{"type":"gyro","timestamp":1531636297092,"x":-0.1768646240234375,"y":-0.0155487060546875,"z":0.0091400146484375,"roomId":5555}
{"type":"accel","timestamp":1531636297101,"x":5.26788330078125,"y":6.695098876953125,"z":0.5126800537109375,"roomId":5555}
{"type":"gyro","timestamp":1531636297103,"x":-0.219818115234375,"y":-0.1611175537109375,"z":-0.0357818603515625,"roomId":5555}
{"type":"accel","timestamp":1531636297120,"x":5.0580596923828125,"y":6.729736328125,"z":0.5640106201171875,"roomId":5555}
{"type":"gyro","timestamp":1531636297122,"x":-0.2524566650390625,"y":-0.186187744140625,"z":-0.1393280029296875,"roomId":5555}
{"type":"accel","timestamp":1531636297139,"x":3.388763427734375,"y":6.9570770263671875,"z":-0.1669158935546875,"roomId":5555}
{"type":"gyro","timestamp":1531636297140,"x":-0.308258056640625,"y":0.08770751953125,"z":-0.042449951171875,"roomId":5555}
{"type":"accel","timestamp":1531636297149,"x":2.772216796875,"y":7.1732330322265625,"z":-0.4025421142578125,"roomId":5555}
{"type":"gyro","timestamp":1531636297150,"x":-0.36334228515625,"y":0.2980804443359375,"z":0.0943756103515625,"roomId":5555}
{"type":"accel","timestamp":1531636297159,"x":2.33026123046875,"y":7.5066986083984375,"z":-0.645904541015625,"roomId":5555}
{"type":"gyro","timestamp":1531636297161,"x":-0.4195098876953125,"y":0.523101806640625,"z":0.25482177734375,"roomId":5555}
{"type":"accel","timestamp":1531636297169,"x":2.176513671875,"y":7.6558837890625,"z":-0.9293670654296875,"roomId":5555}
{"type":"gyro","timestamp":1531636297171,"x":-0.474578857421875,"y":0.6857147216796875,"z":0.421295166015625,"roomId":5555}
{"type":"accel","timestamp":1531636297179,"x":2.2706756591796875,"y":7.77490234375,"z":-1.19879150390625,"roomId":5555}
{"type":"gyro","timestamp":1531636297189,"x":-0.48223876953125,"y":0.7058258056640625,"z":0.6175079345703125,"roomId":5555}
{"type":"accel","timestamp":1531636297199,"x":2.3589324951171875,"y":8.14996337890625,"z":-1.1189117431640625,"roomId":5555}
{"type":"gyro","timestamp":1531636297200,"x":-0.380828857421875,"y":0.5264129638671875,"z":0.63385009765625,"roomId":5555}
{"type":"accel","timestamp":1531636297209,"x":2.3756561279296875,"y":8.462539672851562,"z":-0.9932403564453125,"roomId":5555}
{"type":"gyro","timestamp":1531636297210,"x":-0.20806884765625,"y":0.231109619140625,"z":0.61492919921875,"roomId":5555}
{"type":"accel","timestamp":1531636297230,"x":1.81536865234375,"y":9.058563232421875,"z":-1.5112762451171875,"roomId":5555}
{"type":"gyro","timestamp":1531636297232,"x":0.2112274169921875,"y":-0.5982513427734375,"z":0.5011444091796875,"roomId":5555}
{"type":"accel","timestamp":1531636297249,"x":2.18389892578125,"y":9.665390014648438,"z":-2.6401214599609375,"roomId":5555}
{"type":"gyro","timestamp":1531636297250,"x":0.468231201171875,"y":-1.610015869140625,"z":0.4172821044921875,"roomId":5555}
{"type":"accel","timestamp":1531636297259,"x":2.18194580078125,"y":9.79864501953125,"z":-3.7784423828125,"roomId":5555}
{"type":"gyro","timestamp":1531636297262,"x":0.450958251953125,"y":-2.0587921142578125,"z":0.37091064453125,"roomId":5555}
{"type":"accel","timestamp":1531636297269,"x":2.016998291015625,"y":9.785873413085938,"z":-4.9604339599609375,"roomId":5555}
{"type":"accel","timestamp":1531636297279,"x":1.7441558837890625,"y":9.810653686523438,"z":-5.882171630859375,"roomId":5555}
{"type":"gyro","timestamp":1531636297281,"x":-0.016693115234375,"y":-2.90362548828125,"z":0.3561859130859375,"roomId":5555}
{"type":"accel","timestamp":1531636297298,"x":2.894195556640625,"y":10.155593872070312,"z":-6.4766387939453125,"roomId":5555}
{"type":"gyro","timestamp":1531636297299,"x":-0.8464202880859375,"y":-3.7398834228515625,"z":0.43426513671875,"roomId":5555}
{"type":"accel","timestamp":1531636297318,"x":5.284576416015625,"y":10.687347412109375,"z":-6.2314605712890625,"roomId":5555}
{"type":"gyro","timestamp":1531636297318,"x":-1.5418548583984375,"y":-4.5790863037109375,"z":0.2660064697265625,"roomId":5555}
{"type":"accel","timestamp":1531636297329,"x":6.2664642333984375,"y":10.8262939453125,"z":-5.8701629638671875,"roomId":5555}
{"type":"gyro","timestamp":1531636297330,"x":-1.77886962890625,"y":-5.124237060546875,"z":0.0718841552734375,"roomId":5555}
{"type":"accel","timestamp":1531636297349,"x":6.3267822265625,"y":11.026885986328125,"z":-4.46002197265625,"roomId":5555}
{"type":"gyro","timestamp":1531636297351,"x":-2.0742645263671875,"y":-6.078765869140625,"z":-0.493408203125,"roomId":5555}
{"type":"accel","timestamp":1531636297369,"x":4.7780914306640625,"y":10.076400756835938,"z":-4.6347198486328125,"roomId":5555}
{"type":"gyro","timestamp":1531636297372,"x":-2.122589111328125,"y":-6.5374908447265625,"z":-0.63922119140625,"roomId":5555}
{"type":"accel","timestamp":1531636297379,"x":3.9503326416015625,"y":9.394546508789062,"z":-5.799530029296875,"roomId":5555}
{"type":"gyro","timestamp":1531636297382,"x":-2.152740478515625,"y":-6.6759490966796875,"z":-0.4515533447265625,"roomId":5555}
{"type":"accel","timestamp":1531636297398,"x":5.554107666015625,"y":8.667587280273438,"z":-8.261703491210938,"roomId":5555}
{"type":"gyro","timestamp":1531636297399,"x":-2.5304718017578125,"y":-7.331451416015625,"z":0.146636962890625,"roomId":5555}
{"type":"accel","timestamp":1531636297409,"x":7.582244873046875,"y":8.610855102539062,"z":-7.800201416015625,"roomId":5555}
{"type":"gyro","timestamp":1531636297411,"x":-2.8047027587890625,"y":-7.9560699462890625,"z":0.265167236328125,"roomId":5555}
{"type":"accel","timestamp":1531636297428,"x":10.145675659179688,"y":6.9102935791015625,"z":-6.31268310546875,"roomId":5555}
{"type":"gyro","timestamp":1531636297430,"x":-3.0174407958984375,"y":-8.393096923828125,"z":0.1015777587890625,"roomId":5555}
{"type":"accel","timestamp":1531636297438,"x":10.679397583007812,"y":6.11077880859375,"z":-5.783447265625,"roomId":5555}
{"type":"accel","timestamp":1531636297449,"x":10.78118896484375,"y":5.4156341552734375,"z":-5.6890106201171875,"roomId":5555}
{"type":"gyro","timestamp":1531636297451,"x":-2.8157196044921875,"y":-7.3733367919921875,"z":-0.0529022216796875,"roomId":5555}
{"type":"accel","timestamp":1531636297470,"x":10.133377075195312,"y":4.30291748046875,"z":-7.199737548828125,"roomId":5555}
{"type":"gyro","timestamp":1531636297472,"x":-2.5271453857421875,"y":-6.1350860595703125,"z":-0.114776611328125,"roomId":5555}
{"type":"accel","timestamp":1531636297488,"x":10.915786743164062,"y":4.5833587646484375,"z":-8.65911865234375,"roomId":5555}
{"type":"gyro","timestamp":1531636297490,"x":-2.53240966796875,"y":-5.6785125732421875,"z":-0.596160888671875,"roomId":5555}
{"type":"accel","timestamp":1531636297507,"x":9.559036254882812,"y":0.048797607421875,"z":-9.612045288085938,"roomId":5555}
{"type":"gyro","timestamp":1531636297510,