{"type":"accel","timestamp":1531636166217,"x":-0.8507080078125,"y":8.484207153320312,"z":-0.1079864501953125,"roomId":5555}
{"type":"gyro","timestamp":1531636166219,"x":0.0345001220703125,"y":0.0857696533203125,"z":0.167755126953125,"roomId":5555}
{"type":"accel","timestamp":1531636166228,"x":-0.7162322998046875,"y":8.505126953125,"z":-0.59271240234375,"roomId":5555}
{"type":"gyro","timestamp":1531636166229,"x":0.1044464111328125,"y":0.2013702392578125,"z":0.209381103515625,"roomId":5555}
{"type":"accel","timestamp":1531636166238,"x":-0.555267333984375,"y":8.71954345703125,"z":-0.7045745849609375,"roomId":5555}
{"type":"gyro","timestamp":1531636166239,"x":0.0787811279296875,"y":0.2134246826171875,"z":0.2345733642578125,"roomId":5555}
{"type":"accel","timestamp":1531636166249,"x":-0.4314117431640625,"y":8.726165771484375,"z":-0.8390350341796875,"roomId":5555}
{"type":"gyro","timestamp":1531636166252,"x":0.05975341796875,"y":0.1432952880859375,"z":0.229400634765625,"roomId":5555}
{"type":"accel","timestamp":1531636166267,"x":-0.415679931640625,"y":8.462173461914062,"z":-0.905792236328125,"roomId":5555}
{"type":"gyro","timestamp":1531636166268,"x":0.0356903076171875,"y":-0.060546875,"z":0.142913818359375,"roomId":5555}
{"type":"accel","timestamp":1531636166286,"x":-0.926727294921875,"y":8.251296997070312,"z":-0.2649993896484375,"roomId":5555}
{"type":"gyro","timestamp":1531636166288,"x":0.0254974365234375,"y":-0.1517486572265625,"z":0.053466796875,"roomId":5555}
{"type":"accel","timestamp":1531636166297,"x":-1.0879669189453125,"y":8.26300048828125,"z":-0.194732666015625,"roomId":5555}
{"type":"gyro","timestamp":1531636166298,"x":0.060546875,"y":-0.1280059814453125,"z":0.0485076904296875,"roomId":5555}
{"type":"accel","timestamp":1531636166309,"x":-1.000946044921875,"y":8.270751953125,"z":-0.1610107421875,"roomId":5555}
{"type":"gyro","timestamp":1531636166310,"x":0.080963134765625,"y":-0.0858154296875,"z":0.0640411376953125,"roomId":5555}
{"type":"accel","timestamp":1531636166326,"x":-0.728607177734375,"y":8.784530639648438,"z":-0.7412567138671875,"roomId":5555}
{"type":"gyro","timestamp":1531636166327,"x":0.09307861328125,"y":-0.0660858154296875,"z":0.064483642578125,"roomId":5555}
{"type":"accel","timestamp":1531636166336,"x":-1.299591064453125,"y":8.720550537109375,"z":-0.5769805908203125,"roomId":5555}
{"type":"gyro","timestamp":1531636166337,"x":0.067138671875,"y":-0.0721893310546875,"z":0.03729248046875,"roomId":5555}
{"type":"accel","timestamp":1531636166346,"x":-1.9562225341796875,"y":8.482223510742188,"z":-0.1864013671875,"roomId":5555}
{"type":"gyro","timestamp":1531636166347,"x":0.0601959228515625,"y":-0.0438232421875,"z":0.0579071044921875,"roomId":5555}
{"type":"accel","timestamp":1531636166356,"x":-1.9924163818359375,"y":8.37542724609375,"z":-0.029510498046875,"roomId":5555}
{"type":"gyro","timestamp":1531636166357,"x":0.0656280517578125,"y":0.0474090576171875,"z":0.1481781005859375,"roomId":5555}
{"type":"accel","timestamp":1531636166366,"x":-1.38079833984375,"y":8.428009033203125,"z":-0.213653564453125,"roomId":5555}
{"type":"accel","timestamp":1531636166376,"x":-0.491302490234375,"y":8.493331909179688,"z":-0.4526214599609375,"roomId":5555}
{"type":"gyro","timestamp":1531636166377,"x":0.0366058349609375,"y":0.2280120849609375,"z":0.264923095703125,"roomId":5555}
{"type":"accel","timestamp":1531636166386,"x":-0.0054473876953125,"y":8.555892944335938,"z":-0.6387786865234375,"roomId":5555}
{"type":"gyro","timestamp":1531636166387,"x":0.014312744140625,"y":0.17938232421875,"z":0.19012451171875,"roomId":5555}
{"type":"accel","timestamp":1531636166397,"x":-0.2286529541015625,"y":8.572067260742188,"z":-0.7376556396484375,"roomId":5555}
{"type":"gyro","timestamp":1531636166398,"x":-0.00128173828125,"y":0.073699951171875,"z":0.0651702880859375,"roomId":5555}
{"type":"accel","timestamp":1531636166416,"x":-1.8844146728515625,"y":8.246658325195312,"z":-0.383575439453125,"roomId":5555}
{"type":"gyro","timestamp":1531636166417,"x":-0.0499420166015625,"y":-0.095703125,"z":-0.0462799072265625,"roomId":5555}
{"type":"accel","timestamp":1531636166428,"x":-2.1711273193359375,"y":8.121185302734375,"z":-0.301910400390625,"roomId":5555}
{"type":"gyro","timestamp":1531636166430,"x":-0.0632476806640625,"y":-0.0348663330078125,"z":0.027740478515625,"roomId":5555}
{"type":"accel","timestamp":1531636166446,"x":-2.3763580322265625,"y":7.80657958984375,"z":-0.6130523681640625,"roomId":5555}
{"type":"gyro","timestamp":1531636166448,"x":-0.0563201904296875,"y":0.2482757568359375,"z":0.1813812255859375,"roomId":5555}
{"type":"accel","timestamp":1531636166458,"x":-3.190032958984375,"y":7.5350189208984375,"z":-1.1464080810546875,"roomId":5555}
{"type":"gyro","timestamp":1531636166459,"x":-0.0185699462890625,"y":0.2882080078125,"z":0.189971923828125,"roomId":5555}
{"type":"accel","timestamp":1531636166475,"x":-5.8814849853515625,"y":6.91192626953125,"z":-2.0887908935546875,"roomId":5555}
{"type":"accel","timestamp":1531636166487,"x":-7.874481201171875,"y":6.552154541015625,"z":-2.8729248046875,"roomId":5555}
{"type":"gyro","timestamp":1531636166489,"x":0.15869140625,"y":-0.12567138671875,"z":0.082275390625,"roomId":5555}
{"type":"accel","timestamp":1531636166497,"x":-9.971969604492188,"y":6.4744415283203125,"z":-4.02667236328125,"roomId":5555}
{"type":"gyro","timestamp":1531636166498,"x":0.3143768310546875,"y":-0.505706787109375,"z":0.0031585693359375,"roomId":5555}
{"type":"accel","timestamp":1531636166507,"x":-11.896438598632812,"y":6.2963714599609375,"z":-5.1632232666015625,"roomId":5555}
{"type":"gyro","timestamp":1531636166508,"x":0.4778594970703125,"y":-1.0114898681640625,"z":-0.087982177734375,"roomId":5555}
{"type":"accel","timestamp":1531636166527,"x":-13.366928100585938,"y":5.292724609375,"z":-5.19305419921875,"roomId":5555}
{"type":"gyro","timestamp":1531636166530,"x":0.63568115234375,"y":-2.60552978515625,"z":-0.3019256591796875,"roomId":5555}
{"type":"accel","timestamp":1531636166537,"x":-12.878372192382812,"y":5.5428924560546875,"z":-6.077606201171875,"roomId":5555}
{"type":"gyro","timestamp":1531636166547,"x":0.7595672607421875,"y":-4.7523040771484375,"z":-0.547698974609375,"roomId":5555}
{"type":"accel","timestamp":1531636166556,"x":-12.920669555664062,"y":4.4385223388671875,"z":-5.534942626953125,"roomId":5555}
{"type":"gyro","timestamp":1531636166557,"x":0.7451019287109375,"y":-5.6543731689453125,"z":-0.658233642578125,"roomId":5555}
{"type":"accel","timestamp":1531636166575,"x":-11.719619750976562,"y":3.994476318359375,"z":-4.562225341796875,"roomId":5555}
{"type":"gyro","timestamp":1531636166576,"x":0.647796630859375,"y":-6.535247802734375,"z":-0.5472259521484375,"roomId":5555}
{"type":"accel","timestamp":1531636166585,"x":-10.659454345703125,"y":4.7202301025390625,"z":-3.822052001953125,"roomId":5555}
{"type":"gyro","timestamp":1531636166588,"x":0.6529998779296875,"y":-6.7376861572265625,"z":-0.347808837890625,"roomId":5555}
{"type":"accel","timestamp":1531636166596,"x":-9.51446533203125,"y":5.216583251953125,"z":-2.9939422607421875,"roomId":5555}
{"type":"gyro","timestamp":1531636166599,"x":0.6391143798828125,"y":-6.8651123046875,"z":-0.1819610595703125,"roomId":5555}
{"type":"accel","timestamp":1531636166614,"x":-7.8587646484375,"y":5.1769561767578125,"z":-2.0407867431640625,"roomId":5555}
{"type":"gyro","timestamp":1531636166615,"x":0.57489013671875,"y":-6.761962890625,"z":-0.0454559326171875,"roomId":5555}
{"type":"accel","timestamp":1531636166626,"x":-6.65447998046875,"y":4.947967529296875,"z":-1.42913818359375,"roomId":5555}
{"type":"gyro","timestamp":1531636166627,"x":0.5801849365234375,"y":-6.7597198486328125,"z":-0.0392303466796875,"roomId":5555}
{"type":"accel","timestamp":1531636166644,"x":-4.2046051025390625,"y":4.707550048828125,"z":-0.450531005859375,"roomId":5555}
{"type":"gyro","timestamp":1531636166646,"x":0.728057861328125,"y":-6.67779541015625,"z":0.0098724365234375,"roomId":5555}
{"type":"accel","timestamp":1531636166655,