{"type":"accel","timestamp":1531636249641,"x":2.6777801513671875,"y":8.738265991210938,"z":-2.337005615234375,"roomId":5555}
{"type":"gyro","timestamp":1531636249643,"x":-0.2769775390625,"y":1.295501708984375,"z":-0.012908935546875,"roomId":5555}
{"type":"accel","timestamp":1531636249651,"x":2.470916748046875,"y":8.723968505859375,"z":-1.37554931640625,"roomId":5555}
{"type":"gyro","timestamp":1531636249661,"x":-0.6065521240234375,"y":1.3919525146484375,"z":0.3101348876953125,"roomId":5555}
{"type":"accel","timestamp":1531636249671,"x":2.46600341796875,"y":8.660171508789062,"z":-0.2741851806640625,"roomId":5555}
{"type":"gyro","timestamp":1531636249672,"x":-0.613311767578125,"y":1.2825469970703125,"z":0.4256591796875,"roomId":5555}
{"type":"accel","timestamp":1531636249682,"x":2.840972900390625,"y":8.40252685546875,"z":0.2165374755859375,"roomId":5555}
{"type":"gyro","timestamp":1531636249683,"x":-0.52777099609375,"y":1.1644439697265625,"z":0.5228271484375,"roomId":5555}
{"type":"accel","timestamp":1531636249701,"x":4.3025360107421875,"y":8.4366455078125,"z":-0.6041412353515625,"roomId":5555}
{"type":"gyro","timestamp":1531636249702,"x":-0.347930908203125,"y":1.00616455078125,"z":0.66064453125,"roomId":5555}
{"type":"accel","timestamp":1531636249711,"x":5.0107421875,"y":8.682662963867188,"z":-0.8012847900390625,"roomId":5555}
{"type":"gyro","timestamp":1531636249713,"x":-0.3567962646484375,"y":0.8896636962890625,"z":0.665374755859375,"roomId":5555}
{"type":"accel","timestamp":1531636249721,"x":5.538726806640625,"y":8.75421142578125,"z":-0.409912109375,"roomId":5555}
{"type":"gyro","timestamp":1531636249724,"x":-0.397247314453125,"y":0.667449951171875,"z":0.6038665771484375,"roomId":5555}
{"type":"accel","timestamp":1531636249731,"x":5.926422119140625,"y":8.811264038085938,"z":0.01971435546875,"roomId":5555}
{"type":"accel","timestamp":1531636249742,"x":5.9910736083984375,"y":9.062545776367188,"z":0.290191650390625,"roomId":5555}
{"type":"gyro","timestamp":1531636249743,"x":-0.31719970703125,"y":0.0319976806640625,"z":0.345855712890625,"roomId":5555}
{"type":"accel","timestamp":1531636249760,"x":6.0360565185546875,"y":9.732681274414062,"z":-0.5809478759765625,"roomId":5555}
{"type":"gyro","timestamp":1531636249762,"x":-0.0444183349609375,"y":-0.8502960205078125,"z":0.004119873046875,"roomId":5555}
{"type":"accel","timestamp":1531636249772,"x":6.6915283203125,"y":10.106124877929688,"z":-1.012725830078125,"roomId":5555}
{"type":"gyro","timestamp":1531636249774,"x":0.0394134521484375,"y":-1.2800750732421875,"z":-0.2017974853515625,"roomId":5555}
{"type":"accel","timestamp":1531636249784,"x":6.838134765625,"y":10.527267456054688,"z":-1.375,"roomId":5555}
{"type":"gyro","timestamp":1531636249785,"x":0.0632171630859375,"y":-1.5604095458984375,"z":-0.42529296875,"roomId":5555}
{"type":"accel","timestamp":1531636249800,"x":6.4474945068359375,"y":10.436126708984375,"z":-3.4124755859375,"roomId":5555}
{"type":"gyro","timestamp":1531636249801,"x":-0.1398162841796875,"y":-1.7139129638671875,"z":-0.750335693359375,"roomId":5555}
{"type":"accel","timestamp":1531636249810,"x":6.80279541015625,"y":10.462783813476562,"z":-4.0771942138671875,"roomId":5555}
{"type":"gyro","timestamp":1531636249811,"x":-0.3824920654296875,"y":-2.03118896484375,"z":-0.918365478515625,"roomId":5555}
{"type":"accel","timestamp":1531636249820,"x":7.1783294677734375,"y":10.585205078125,"z":-3.08917236328125,"roomId":5555}
{"type":"gyro","timestamp":1531636249821,"x":-0.6389617919921875,"y":-2.7452545166015625,"z":-1.2012939453125,"roomId":5555}
{"type":"accel","timestamp":1531636249831,"x":7.1829681396484375,"y":10.719009399414062,"z":-1.5934600830078125,"roomId":5555}
{"type":"gyro","timestamp":1531636249832,"x":-0.793304443359375,"y":-3.6801300048828125,"z":-1.591552734375,"roomId":5555}
{"type":"accel","timestamp":1531636249850,"x":7.584320068359375,"y":10.077285766601562,"z":0.685882568359375,"roomId":5555}
{"type":"gyro","timestamp":1531636249851,"x":-0.7830657958984375,"y":-5.1047210693359375,"z":-2.2723388671875,"roomId":5555}
{"type":"accel","timestamp":1531636249862,"x":8.74127197265625,"y":9.378494262695312,"z":1.4675445556640625,"roomId":5555}
{"type":"gyro","timestamp":1531636249864,"x":-0.692901611328125,"y":-5.3554534912109375,"z":-2.4873504638671875,"roomId":5555}
{"type":"accel","timestamp":1531636249881,"x":8.79595947265625,"y":7.59869384765625,"z":-0.8961334228515625,"roomId":5555}
{"type":"gyro","timestamp":1531636249882,"x":-0.59149169921875,"y":-5.3158111572265625,"z":-2.86688232421875,"roomId":5555}
{"type":"accel","timestamp":1531636249891,"x":8.935455322265625,"y":6.9041595458984375,"z":-1.5484771728515625,"roomId":5555}
{"type":"gyro","timestamp":1531636249894,"x":-0.737457275390625,"y":-5.64996337890625,"z":-3.1554718017578125,"roomId":5555}
{"type":"accel","timestamp":1531636249901,"x":8.625625610351562,"y":6.81719970703125,"z":-0.464080810546875,"roomId":5555}
{"type":"gyro","timestamp":1531636249909,"x":-1.052215576171875,"y":-7.03826904296875,"z":-4.0332183837890625,"roomId":5555}
{"type":"accel","timestamp":1531636249919,"x":8.066177368164062,"y":6.283111572265625,"z":1.12713623046875,"roomId":5555}
{"type":"gyro","timestamp":1531636249920,"x":-1.11724853515625,"y":-7.580352783203125,"z":-4.4564361572265625,"roomId":5555}
{"type":"accel","timestamp":1531636249930,"x":7.46075439453125,"y":5.6025390625,"z":2.287750244140625,"roomId":5555}
{"type":"gyro","timestamp":1531636249931,"x":-1.1851959228515625,"y":-7.75762939453125,"z":-4.7716217041015625,"roomId":5555}
{"type":"accel","timestamp":1531636249950,"x":5.49432373046875,"y":5.5984649658203125,"z":2.60882568359375,"roomId":5555}
{"type":"gyro","timestamp":1531636249952,"x":-1.2564544677734375,"y":-6.8808746337890625,"z":-4.8921966552734375,"roomId":5555}
{"type":"accel","timestamp":1531636249960,"x":3.4524078369140625,"y":5.7349700927734375,"z":2.0670166015625,"roomId":5555}
{"type":"accel","timestamp":1531636249972,"x":2.17138671875,"y":5.749053955078125,"z":1.510406494140625,"roomId":5555}
{"type":"gyro","timestamp":1531636249973,"x":-1.2061309814453125,"y":-5.562469482421875,"z":-4.0956878662109375,"roomId":5555}
{"type":"accel","timestamp":1531636249989,"x":3.134796142578125,"y":6.0136871337890625,"z":-0.014129638671875,"roomId":5555}
{"type":"gyro","timestamp":1531636249990,"x":-0.833709716796875,"y":-5.3746185302734375,"z":-3.3774261474609375,"roomId":5555}
{"type":"accel","timestamp":1531636249999,"x":2.0895843505859375,"y":6.6326446533203125,"z":0.173492431640625,"roomId":5555}
{"type":"gyro","timestamp":1531636250000,"x":-0.5933685302734375,"y":-5.6044158935546875,"z":-3.293487548828125,"roomId":5555}
{"type":"accel","timestamp":1531636250009,"x":0.8231964111328125,"y":7.34136962890625,"z":0.3707122802734375,"roomId":5555}
{"type":"gyro","timestamp":1531636250010,"x":-0.3363189697265625,"y":-5.6949920654296875,"z":-3.2003173828125,"roomId":5555}
{"type":"accel","timestamp":1531636250019,"x":-0.356170654296875,"y":7.62249755859375,"z":0.0427398681640625,"roomId":5555}
{"type":"gyro","timestamp":1531636250021,"x":-0.0802459716796875,"y":-5.6139678955078125,"z":-3.0074920654296875,"roomId":5555}
{"type":"accel","timestamp":1531636250029,"x":-0.6226654052734375,"y":7.58721923828125,"z":-0.554168701171875,"roomId":5555}
{"type":"gyro","timestamp":1531636250031,"x":0.12799072265625,"y":-5.4365386962890625,"z":-2.6993255615234375,"roomId":5555}
{"type":"accel","timestamp":1531636250040,"x":-0.0653839111328125,"y":7.308197021484375,"z":-1.21636962890625,"roomId":5555}
{"type":"gyro","timestamp":1531636250041,"x":0.2568206787109375,"y":-5.1938323974609375,"z":-2.3405609130859375,"roomId":5555}
{"type":"accel","timestamp":1531636250058,"x":-0.1651153564453125,"y":6.4812164306640625,"z":-2.935546875,"roomId":5555}
{"type":"gyro","timestamp":1531636250059,"x":0.2535400390625,"y":-4.477752685546875,"z":-1.7007293701171875,"roomId":5555}
{"type":"accel","timestamp":1531636250070,"x":-0.499603271484375,