{"type":"gyro","timestamp":1531636180402,"x":0.009033203125,"y":0.417205810546875,"z":-0.066619873046875,"roomId":5555}
{"type":"accel","timestamp":1531636180421,"x":-3.6555938720703125,"y":7.801605224609375,"z":0.4982757568359375,"roomId":5555}
{"type":"gyro","timestamp":1531636180421,"x":0.410919189453125,"y":-0.55828857421875,"z":-0.3122406005859375,"roomId":5555}
{"type":"accel","timestamp":1531636180431,"x":-4.0735321044921875,"y":7.7403106689453125,"z":0.719635009765625,"roomId":5555}
{"type":"gyro","timestamp":1531636180433,"x":0.5976409912109375,"y":-0.761566162109375,"z":-0.279266357421875,"roomId":5555}
{"type":"accel","timestamp":1531636180443,"x":-3.8879852294921875,"y":7.6654052734375,"z":0.35955810546875,"roomId":5555}
{"type":"gyro","timestamp":1531636180444,"x":0.7292938232421875,"y":-0.695831298828125,"z":-0.127349853515625,"roomId":5555}
{"type":"accel","timestamp":1531636180461,"x":-2.3444671630859375,"y":7.835052490234375,"z":-1.4809417724609375,"roomId":5555}
{"type":"gyro","timestamp":1531636180462,"x":0.67376708984375,"y":0.02020263671875,"z":0.2596435546875,"roomId":5555}
{"type":"accel","timestamp":1531636180472,"x":-1.18017578125,"y":8.003173828125,"z":-2.7893218994140625,"roomId":5555}
{"type":"gyro","timestamp":1531636180474,"x":0.4875335693359375,"y":0.403472900390625,"z":0.379058837890625,"roomId":5555}
{"type":"accel","timestamp":1531636180490,"x":0.82232666015625,"y":8.798873901367188,"z":-4.1609649658203125,"roomId":5555}
{"type":"gyro","timestamp":1531636180491,"x":-0.1205902099609375,"y":0.671875,"z":0.2595062255859375,"roomId":5555}
{"type":"accel","timestamp":1531636180500,"x":0.66998291015625,"y":8.562911987304688,"z":-2.1721954345703125,"roomId":5555}
{"type":"gyro","timestamp":1531636180501,"x":-0.2792816162109375,"y":0.4824371337890625,"z":0.049652099609375,"roomId":5555}
{"type":"accel","timestamp":1531636180511,"x":-0.327239990234375,"y":8.048980712890625,"z":-0.9803924560546875,"roomId":5555}
{"type":"gyro","timestamp":1531636180513,"x":-0.19586181640625,"y":0.148895263671875,"z":-0.1513519287109375,"roomId":5555}
{"type":"accel","timestamp":1531636180523,"x":-1.32281494140625,"y":7.9597625732421875,"z":-0.2757720947265625,"roomId":5555}
{"type":"gyro","timestamp":1531636180524,"x":-0.062103271484375,"y":-0.19989013671875,"z":-0.2600250244140625,"roomId":5555}
{"type":"accel","timestamp":1531636180533,"x":-2.081939697265625,"y":8.080673217773438,"z":0.14886474609375,"roomId":5555}
{"type":"gyro","timestamp":1531636180534,"x":0.0504913330078125,"y":-0.4061279296875,"z":-0.2692413330078125,"roomId":5555}
{"type":"accel","timestamp":1531636180552,"x":-3.258697509765625,"y":8.105422973632812,"z":-1.1159210205078125,"roomId":5555}
{"type":"gyro","timestamp":1531636180555,"x":0.175811767578125,"y":-0.293701171875,"z":-0.0364227294921875,"roomId":5555}
{"type":"accel","timestamp":1531636180573,"x":-2.1700897216796875,"y":8.134048461914062,"z":-1.612579345703125,"roomId":5555}
{"type":"gyro","timestamp":1531636180574,"x":-0.00555419921875,"y":0.0870361328125,"z":0.292388916015625,"roomId":5555}
{"type":"accel","timestamp":1531636180591,"x":-1.5207977294921875,"y":7.8376617431640625,"z":-1.497467041015625,"roomId":5555}
{"type":"gyro","timestamp":1531636180593,"x":-0.194366455078125,"y":0.411376953125,"z":0.3302154541015625,"roomId":5555}
{"type":"accel","timestamp":1531636180604,"x":-1.602569580078125,"y":7.7872314453125,"z":-1.0885162353515625,"roomId":5555}
{"type":"gyro","timestamp":1531636180605,"x":-0.2508544921875,"y":0.4019317626953125,"z":0.2559814453125,"roomId":5555}
{"type":"accel","timestamp":1531636180622,"x":-2.644134521484375,"y":7.4544830322265625,"z":-0.316070556640625,"roomId":5555}
{"type":"gyro","timestamp":1531636180623,"x":-0.1322479248046875,"y":-0.0659027099609375,"z":-0.0125885009765625,"roomId":5555}
{"type":"accel","timestamp":1531636180641,"x":-4.7995452880859375,"y":7.3278045654296875,"z":-1.2291412353515625,"roomId":5555}
{"type":"gyro","timestamp":1531636180644,"x":0.0055999755859375,"y":-0.48394775390625,"z":-0.145538330078125,"roomId":5555}
{"type":"accel","timestamp":1531636180661,"x":-6.7069244384765625,"y":7.045166015625,"z":-1.7020416259765625,"roomId":5555}
{"type":"gyro","timestamp":1531636180663,"x":0.0447998046875,"y":-0.6933746337890625,"z":-0.0366058349609375,"roomId":5555}
{"type":"accel","timestamp":1531636180679,"x":-8.343490600585938,"y":6.643463134765625,"z":-1.2110137939453125,"roomId":5555}
{"type":"gyro","timestamp":1531636180681,"x":0.2021484375,"y":-1.1025390625,"z":0.130340576171875,"roomId":5555}
{"type":"accel","timestamp":1531636180690,"x":-9.228256225585938,"y":6.3035430908203125,"z":-0.9810028076171875,"roomId":5555}
{"type":"gyro","timestamp":1531636180691,"x":0.3946075439453125,"y":-1.4697265625,"z":0.195770263671875,"roomId":5555}
{"type":"accel","timestamp":1531636180700,"x":-10.069137573242188,"y":6.056671142578125,"z":-0.962860107421875,"roomId":5555}
{"type":"gyro","timestamp":1531636180701,"x":0.6448974609375,"y":-1.9549560546875,"z":0.252288818359375,"roomId":5555}
{"type":"accel","timestamp":1531636180719,"x":-11.391036987304688,"y":5.95166015625,"z":-0.966064453125,"roomId":5555}
{"type":"gyro","timestamp":1531636180720,"x":1.208740234375,"y":-3.1829833984375,"z":0.343292236328125,"roomId":5555}
{"type":"accel","timestamp":1531636180729,"x":-11.585601806640625,"y":6.248199462890625,"z":-1.363983154296875,"roomId":5555}
{"type":"gyro","timestamp":1531636180731,"x":1.498046875,"y":-3.866241455078125,"z":0.36749267578125,"roomId":5555}
{"type":"accel","timestamp":1531636180740,"x":-11.7310791015625,"y":6.419219970703125,"z":-1.8848876953125,"roomId":5555}
{"type":"gyro","timestamp":1531636180743,"x":1.7395172119140625,"y":-4.5545654296875,"z":0.3665924072265625,"roomId":5555}
{"type":"accel","timestamp":1531636180751,"x":-11.940261840820312,"y":6.2683868408203125,"z":-2.0358123779296875,"roomId":5555}
{"type":"gyro","timestamp":1531636180760,"x":2.1351318359375,"y":-5.682861328125,"z":0.4087066650390625,"roomId":5555}
{"type":"accel","timestamp":1531636180769,"x":-11.580276489257812,"y":5.923095703125,"z":-2.1338348388671875,"roomId":5555}
{"type":"gyro","timestamp":1531636180771,"x":2.321533203125,"y":-6.0067138671875,"z":0.4819183349609375,"roomId":5555}
{"type":"accel","timestamp":1531636180779,"x":-11.179107666015625,"y":5.809844970703125,"z":-3.1455841064453125,"roomId":5555}
{"type":"gyro","timestamp":1531636180788,"x":2.50640869140625,"y":-6.2010345458984375,"z":0.663787841796875,"roomId":5555}
{"type":"accel","timestamp":1531636180798,"x":-9.934249877929688,"y":6.2798614501953125,"z":-5.95440673828125,"roomId":5555}
{"type":"gyro","timestamp":1531636180799,"x":2.4158172607421875,"y":-6.2265777587890625,"z":0.739349365234375,"roomId":5555}
{"type":"accel","timestamp":1531636180809,"x":-8.838455200195312,"y":6.5306396484375,"z":-7.018890380859375,"roomId":5555}
{"type":"gyro","timestamp":1531636180810,"x":2.193328857421875,"y":-6.2001495361328125,"z":0.769805908203125,"roomId":5555}
{"type":"accel","timestamp":1531636180829,"x":-7.2552947998046875,"y":6.481719970703125,"z":-8.20806884765625,"roomId":5555}
{"type":"gyro","timestamp":1531636180830,"x":1.482879638671875,"y":-6.18280029296875,"z":0.6548004150390625,"roomId":5555}
{"type":"accel","timestamp":1531636180840,"x":-6.747222900390625,"y":6.3589324951171875,"z":-8.273651123046875,"roomId":5555}
{"type":"gyro","timestamp":1531636180842,"x":1.0724029541015625,"y":-6.2489471435546875,"z":0.5567626953125,"roomId":5555}
{"type":"accel","timestamp":1531636180860,"x":-4.34344482421875,"y":6.0412139892578125,"z":-6.3911285400390625,"roomId":5555}
{"type":"gyro","timestamp":1531636180861,"x":0.3292999267578125,"y":-6.61077880859375,"z":0.2694854736328125,"roomId":5555}
{"type":"accel","timestamp":1531636180880,"x":-0.3371429443359375,"y":4.5817108154296875,"z":1.2042388916015625,"roomId":5555}
{"type":"gyro","timestamp":1531636180883,"x":0.200958251953125,"y":-6.859100341796875,