{"type":"accel","timestamp":1531636279867,"x":6.6999053955078125,"y":5.57049560546875,"z":2.5708465576171875,"roomId":5555}
{"type":"gyro","timestamp":1531636279868,"x":0.234710693359375,"y":-0.4045257568359375,"z":0.0737152099609375,"roomId":5555}
{"type":"accel","timestamp":1531636279887,"x":6.8067779541015625,"y":5.241058349609375,"z":2.7143707275390625,"roomId":5555}
{"type":"gyro","timestamp":1531636279888,"x":0.15789794921875,"y":-0.7821807861328125,"z":-0.1428070068359375,"roomId":5555}
{"type":"accel","timestamp":1531636279906,"x":6.3209991455078125,"y":4.9519805908203125,"z":3.404571533203125,"roomId":5555}
{"type":"gyro","timestamp":1531636279908,"x":0.0821380615234375,"y":-0.47406005859375,"z":-0.17620849609375,"roomId":5555}
{"type":"accel","timestamp":1531636279916,"x":6.012359619140625,"y":4.91888427734375,"z":3.5837554931640625,"roomId":5555}
{"type":"accel","timestamp":1531636279927,"x":5.9180908203125,"y":4.9604339599609375,"z":3.40203857421875,"roomId":5555}
{"type":"gyro","timestamp":1531636279928,"x":0.07525634765625,"y":0.1103515625,"z":0.013153076171875,"roomId":5555}
{"type":"accel","timestamp":1531636279938,"x":5.8969573974609375,"y":5.1011962890625,"z":3.0559844970703125,"roomId":5555}
{"type":"gyro","timestamp":1531636279938,"x":0.065338134765625,"y":0.33624267578125,"z":0.1082916259765625,"roomId":5555}
{"type":"accel","timestamp":1531636279948,"x":5.8514556884765625,"y":5.344573974609375,"z":2.579376220703125,"roomId":5555}
{"type":"gyro","timestamp":1531636279949,"x":0.0460968017578125,"y":0.4552764892578125,"z":0.15496826171875,"roomId":5555}
{"type":"accel","timestamp":1531636279960,"x":5.7654876708984375,"y":5.6893157958984375,"z":2.1113433837890625,"roomId":5555}
{"type":"gyro","timestamp":1531636279961,"x":0.0338134765625,"y":0.4061737060546875,"z":0.1356658935546875,"roomId":5555}
{"type":"accel","timestamp":1531636279976,"x":5.4283447265625,"y":6.619476318359375,"z":1.1243896484375,"roomId":5555}
{"type":"gyro","timestamp":1531636279977,"x":0.07965087890625,"y":-0.0044097900390625,"z":-0.034881591796875,"roomId":5555}
{"type":"accel","timestamp":1531636279986,"x":5.0778045654296875,"y":7.12799072265625,"z":0.6451568603515625,"roomId":5555}
{"type":"gyro","timestamp":1531636279987,"x":0.1202545166015625,"y":-0.225250244140625,"z":-0.120269775390625,"roomId":5555}
{"type":"accel","timestamp":1531636279997,"x":4.510406494140625,"y":7.616119384765625,"z":0.1687164306640625,"roomId":5555}
{"type":"gyro","timestamp":1531636279998,"x":0.1619720458984375,"y":-0.3771209716796875,"z":-0.1696319580078125,"roomId":5555}
{"type":"accel","timestamp":1531636280015,"x":2.8820953369140625,"y":8.719039916992188,"z":-1.4255828857421875,"roomId":5555}
{"type":"gyro","timestamp":1531636280017,"x":0.2029571533203125,"y":-0.531402587890625,"z":-0.0875244140625,"roomId":5555}
{"type":"accel","timestamp":1531636280028,"x":2.3547515869140625,"y":9.337387084960938,"z":-2.1944580078125,"roomId":5555}
{"type":"gyro","timestamp":1531636280030,"x":0.203033447265625,"y":-0.6686859130859375,"z":0.01470947265625,"roomId":5555}
{"type":"accel","timestamp":1531636280039,"x":1.922576904296875,"y":9.93292236328125,"z":-3.0781707763671875,"roomId":5555}
{"type":"gyro","timestamp":1531636280041,"x":0.2156982421875,"y":-0.87774658203125,"z":0.1334991455078125,"roomId":5555}
{"type":"accel","timestamp":1531636280056,"x":3.3526153564453125,"y":11.307846069335938,"z":-4.882568359375,"roomId":5555}
{"type":"gyro","timestamp":1531636280058,"x":0.1695556640625,"y":-1.556365966796875,"z":0.2944183349609375,"roomId":5555}
{"type":"accel","timestamp":1531636280066,"x":5.3737335205078125,"y":12.481338500976562,"z":-5.455535888671875,"roomId":5555}
{"type":"accel","timestamp":1531636280078,"x":5.63348388671875,"y":13.15069580078125,"z":-6.0651702880859375,"roomId":5555}
{"type":"gyro","timestamp":1531636280080,"x":-0.1893768310546875,"y":-2.635284423828125,"z":-0.24029541015625,"roomId":5555}
{"type":"accel","timestamp":1531636280097,"x":2.310791015625,"y":13.017974853515625,"z":-6.7888641357421875,"roomId":5555}
{"type":"gyro","timestamp":1531636280098,"x":-0.948699951171875,"y":-4.689208984375,"z":-0.9736175537109375,"roomId":5555}
{"type":"accel","timestamp":1531636280116,"x":4.010040283203125,"y":12.580947875976562,"z":-4.9833831787109375,"roomId":5555}
{"type":"gyro","timestamp":1531636280120,"x":-1.5880584716796875,"y":-7.298065185546875,"z":-1.3193511962890625,"roomId":5555}
{"type":"accel","timestamp":1531636280129,"x":5.5368804931640625,"y":12.128463745117188,"z":-4.0827484130859375,"roomId":5555}
{"type":"gyro","timestamp":1531636280131,"x":-1.7086334228515625,"y":-8.185440063476562,"z":-1.5040435791015625,"roomId":5555}
{"type":"accel","timestamp":1531636280145,"x":7.126708984375,"y":11.28564453125,"z":-4.0444793701171875,"roomId":5555}
{"type":"gyro","timestamp":1531636280147,"x":-1.762542724609375,"y":-8.706771850585938,"z":-1.784027099609375,"roomId":5555}
{"type":"accel","timestamp":1531636280165,"x":7.6420745849609375,"y":10.699752807617188,"z":-8.437774658203125,"roomId":5555}
{"type":"gyro","timestamp":1531636280166,"x":-2.089599609375,"y":-8.304397583007812,"z":-1.6909637451171875,"roomId":5555}
{"type":"accel","timestamp":1531636280175,"x":9.681045532226562,"y":10.309310913085938,"z":-9.920440673828125,"roomId":5555}
{"type":"gyro","timestamp":1531636280176,"x":-2.5875396728515625,"y":-8.480117797851562,"z":-1.687042236328125,"roomId":5555}
{"type":"accel","timestamp":1531636280195,"x":10.865585327148438,"y":9.173660278320312,"z":-7.9507904052734375,"roomId":5555}
{"type":"gyro","timestamp":1531636280195,"x":-3.7579803466796875,"y":-9.93731689453125,"z":-2.4824371337890625,"roomId":5555}
{"type":"accel","timestamp":1531636280215,"x":13.521316528320312,"y":6.93157958984375,"z":-3.6985626220703125,"roomId":5555}
{"type":"gyro","timestamp":1531636280217,"x":-4.4127349853515625,"y":-11.630584716796875,"z":-3.76458740234375,"roomId":5555}
{"type":"accel","timestamp":1531636280225,"x":13.91961669921875,"y":5.8620758056640625,"z":-0.4432525634765625,"roomId":5555}
{"type":"gyro","timestamp":1531636280228,"x":-4.396148681640625,"y":-11.964950561523438,"z":-4.5233306884765625,"roomId":5555}
{"type":"accel","timestamp":1531636280246,"x":11.00726318359375,"y":3.695587158203125,"z":2.5813751220703125,"roomId":5555}
{"type":"gyro","timestamp":1531636280248,"x":-3.6650390625,"y":-10.796600341796875,"z":-5.706329345703125,"roomId":5555}
{"type":"accel","timestamp":1531636280265,"x":4.8455047607421875,"y":-0.2381744384765625,"z":2.280303955078125,"roomId":5555}
{"type":"gyro","timestamp":1531636280267,"x":-2.4051361083984375,"y":-8.048385620117188,"z":-5.9108428955078125,"roomId":5555}
{"type":"accel","timestamp":1531636280276,"x":1.5063323974609375,"y":-1.6332550048828125,"z":1.6537322998046875,"roomId":5555}
{"type":"gyro","timestamp":1531636280278,"x":-1.5852203369140625,"y":-6.67767333984375,"z":-5.6885528564453125,"roomId":5555}
{"type":"accel","timestamp":1531636280287,"x":-2.6202392578125,"y":-2.2665252685546875,"z":1.79345703125,"roomId":5555}
{"type":"gyro","timestamp":1531636280289,"x":-0.614593505859375,"y":-5.557281494140625,"z":-5.2642059326171875,"roomId":5555}
{"type":"accel","timestamp":1531636280298,"x":-7.68707275390625,"y":-2.3761138916015625,"z":1.66033935546875,"roomId":5555}
{"type":"gyro","timestamp":1531636280301,"x":0.5602264404296875,"y":-4.578155517578125,"z":-4.4677886962890625,"roomId":5555}
{"type":"accel","timestamp":1531636280313,"x":-11.45391845703125,"y":-1.3610992431640625,"z":-5.0980377197265625,"roomId":5555}
{"type":"gyro","timestamp":1531636280314,"x":3.0954437255859375,"y":-2.8460540771484375,"z":-1.3114776611328125,"roomId":5555}
{"type":"accel","timestamp":1531636280323,"x":-7.56207275390625,"y":0.479034423828125,"z":-10.879425048828125,"roomId":5555}
{"type":"gyro","timestamp":1531636280324,"x":3.9900970458984375,"y":-2.04742431640625,"z":0.507537841796875,"roomId":5555}
{"type":"accel","timestamp":1531636280333,