{"type":"gyro","timestamp":1531636182756,"x":-0.7088165283203125,"y":0.647552490234375,"z":0.013214111328125,"roomId":5555}
{"type":"accel","timestamp":1531636182765,"x":-1.5,"y":7.5747833251953125,"z":-2.05194091796875,"roomId":5555}
{"type":"accel","timestamp":1531636182777,"x":-1.57513427734375,"y":7.8653717041015625,"z":-2.2378692626953125,"roomId":5555}
{"type":"gyro","timestamp":1531636182778,"x":-0.4191436767578125,"y":0.8040924072265625,"z":0.1542510986328125,"roomId":5555}
{"type":"accel","timestamp":1531636182794,"x":-1.62213134765625,"y":8.037704467773438,"z":-0.311676025390625,"roomId":5555}
{"type":"gyro","timestamp":1531636182795,"x":-0.25262451171875,"y":0.09149169921875,"z":0.125732421875,"roomId":5555}
{"type":"accel","timestamp":1531636182805,"x":-1.425994873046875,"y":8.07122802734375,"z":-0.4779510498046875,"roomId":5555}
{"type":"gyro","timestamp":1531636182805,"x":-0.076263427734375,"y":-0.1083831787109375,"z":0.12054443359375,"roomId":5555}
{"type":"accel","timestamp":1531636182824,"x":-1.451324462890625,"y":8.198806762695312,"z":-0.4325408935546875,"roomId":5555}
{"type":"gyro","timestamp":1531636182825,"x":0.046142578125,"y":0.0673980712890625,"z":0.196929931640625,"roomId":5555}
{"type":"accel","timestamp":1531636182834,"x":-1.6146087646484375,"y":8.243301391601562,"z":-0.5505523681640625,"roomId":5555}
{"type":"gyro","timestamp":1531636182835,"x":0.02630615234375,"y":0.267852783203125,"z":0.2384033203125,"roomId":5555}
{"type":"accel","timestamp":1531636182845,"x":-1.7034912109375,"y":8.22296142578125,"z":-0.9063568115234375,"roomId":5555}
{"type":"gyro","timestamp":1531636182846,"x":-0.036102294921875,"y":0.42022705078125,"z":0.2767486572265625,"roomId":5555}
{"type":"accel","timestamp":1531636182864,"x":-1.0159454345703125,"y":8.634185791015625,"z":-1.1508331298828125,"roomId":5555}
{"type":"gyro","timestamp":1531636182866,"x":-0.1656951904296875,"y":0.3856964111328125,"z":0.285858154296875,"roomId":5555}
{"type":"accel","timestamp":1531636182874,"x":-0.4933013916015625,"y":8.870864868164062,"z":-0.9870758056640625,"roomId":5555}
{"type":"gyro","timestamp":1531636182875,"x":-0.1817169189453125,"y":0.2425994873046875,"z":0.228790283203125,"roomId":5555}
{"type":"accel","timestamp":1531636182885,"x":-0.16119384765625,"y":8.921142578125,"z":-0.741912841796875,"roomId":5555}
{"type":"gyro","timestamp":1531636182887,"x":-0.164703369140625,"y":0.10455322265625,"z":0.1409454345703125,"roomId":5555}
{"type":"accel","timestamp":1531636182895,"x":-0.21441650390625,"y":8.7900390625,"z":-0.590972900390625,"roomId":5555}
{"type":"gyro","timestamp":1531636182905,"x":-0.080322265625,"y":-0.104583740234375,"z":-0.0202789306640625,"roomId":5555}
{"type":"accel","timestamp":1531636182913,"x":-0.65350341796875,"y":8.535675048828125,"z":-0.5041046142578125,"roomId":5555}
{"type":"accel","timestamp":1531636182925,"x":-0.881622314453125,"y":8.33282470703125,"z":-0.317901611328125,"roomId":5555}
{"type":"gyro","timestamp":1531636182926,"x":-0.0361480712890625,"y":-0.2413482666015625,"z":-0.0741729736328125,"roomId":5555}
{"type":"accel","timestamp":1531636182944,"x":-1.6248016357421875,"y":7.7827911376953125,"z":-0.002410888671875,"roomId":5555}
{"type":"gyro","timestamp":1531636182946,"x":-0.0224609375,"y":-0.082672119140625,"z":-0.0302886962890625,"roomId":5555}
{"type":"accel","timestamp":1531636182954,"x":-2.1698455810546875,"y":7.5325164794921875,"z":0.0596466064453125,"roomId":5555}
{"type":"accel","timestamp":1531636182971,"x":-2.8325347900390625,"y":7.352874755859375,"z":0.001129150390625,"roomId":5555}
{"type":"gyro","timestamp":1531636182973,"x":-0.019989013671875,"y":0.0880126953125,"z":0.027008056640625,"roomId":5555}
{"type":"accel","timestamp":1531636182985,"x":-4.3897705078125,"y":7.316009521484375,"z":-0.9232940673828125,"roomId":5555}
{"type":"gyro","timestamp":1531636182986,"x":0.0649566650390625,"y":0.3736419677734375,"z":0.1146087646484375,"roomId":5555}
{"type":"accel","timestamp":1531636183004,"x":-6.68212890625,"y":7.3918304443359375,"z":-1.906219482421875,"roomId":5555}
{"type":"gyro","timestamp":1531636183006,"x":0.240814208984375,"y":-0.2334747314453125,"z":-0.0415802001953125,"roomId":5555}
{"type":"accel","timestamp":1531636183014,"x":-8.370895385742188,"y":7.196380615234375,"z":-2.075225830078125,"roomId":5555}
{"type":"gyro","timestamp":1531636183016,"x":0.4218902587890625,"y":-0.800262451171875,"z":-0.1633148193359375,"roomId":5555}
{"type":"accel","timestamp":1531636183032,"x":-12.1512451171875,"y":7.0593109130859375,"z":-3.1936187744140625,"roomId":5555}
{"type":"gyro","timestamp":1531636183033,"x":0.9473876953125,"y":-2.2880401611328125,"z":-0.3658599853515625,"roomId":5555}
{"type":"accel","timestamp":1531636183043,"x":-12.328369140625,"y":7.514129638671875,"z":-4.8514862060546875,"roomId":5555}
{"type":"gyro","timestamp":1531636183044,"x":1.1831817626953125,"y":-3.2511749267578125,"z":-0.4332122802734375,"roomId":5555}
{"type":"accel","timestamp":1531636183053,"x":-12.174667358398438,"y":7.9976654052734375,"z":-6.8592681884765625,"roomId":5555}
{"type":"gyro","timestamp":1531636183054,"x":1.265625,"y":-4.2873687744140625,"z":-0.5852508544921875,"roomId":5555}
{"type":"accel","timestamp":1531636183063,"x":-12.815811157226562,"y":7.4034423828125,"z":-8.069091796875,"roomId":5555}
{"type":"gyro","timestamp":1531636183065,"x":1.1798248291015625,"y":-5.29058837890625,"z":-0.7662353515625,"roomId":5555}
{"type":"accel","timestamp":1531636183073,"x":-12.681427001953125,"y":7.0211944580078125,"z":-7.8974151611328125,"roomId":5555}
{"type":"accel","timestamp":1531636183084,"x":-11.740249633789062,"y":6.958984375,"z":-6.7372894287109375,"roomId":5555}
{"type":"gyro","timestamp":1531636183085,"x":0.905792236328125,"y":-7.103668212890625,"z":-0.7867431640625,"roomId":5555}
{"type":"accel","timestamp":1531636183102,"x":-10.694290161132812,"y":5.74468994140625,"z":-2.9332733154296875,"roomId":5555}
{"type":"gyro","timestamp":1531636183105,"x":0.6875762939453125,"y":-7.5775146484375,"z":-0.7413787841796875,"roomId":5555}
{"type":"accel","timestamp":1531636183113,"x":-10.77447509765625,"y":5.3008270263671875,"z":-1.4245758056640625,"roomId":5555}
{"type":"gyro","timestamp":1531636183114,"x":0.6947021484375,"y":-7.3051910400390625,"z":-0.5928192138671875,"roomId":5555}
{"type":"accel","timestamp":1531636183132,"x":-10.293975830078125,"y":5.8570556640625,"z":-2.7275390625,"roomId":5555}
{"type":"gyro","timestamp":1531636183132,"x":0.752471923828125,"y":-6.4226837158203125,"z":-0.1773834228515625,"roomId":5555}
{"type":"accel","timestamp":1531636183142,"x":-9.107513427734375,"y":6.3479156494140625,"z":-3.2542724609375,"roomId":5555}
{"type":"gyro","timestamp":1531636183143,"x":0.64801025390625,"y":-6.2738800048828125,"z":-0.0524444580078125,"roomId":5555}
{"type":"accel","timestamp":1531636183153,"x":-7.5031585693359375,"y":6.6028594970703125,"z":-2.8393707275390625,"roomId":5555}
{"type":"gyro","timestamp":1531636183154,"x":0.5057220458984375,"y":-6.2633514404296875,"z":-0.0290679931640625,"roomId":5555}
{"type":"accel","timestamp":1531636183163,"x":-5.96466064453125,"y":6.8031158447265625,"z":-1.825469970703125,"roomId":5555}
{"type":"gyro","timestamp":1531636183164,"x":0.4051513671875,"y":-6.206024169921875,"z":-0.0926513671875,"roomId":5555}
{"type":"accel","timestamp":1531636183173,"x":-4.107208251953125,"y":7.0658416748046875,"z":-0.475006103515625,"roomId":5555}
{"type":"gyro","timestamp":1531636183175,"x":0.3936614990234375,"y":-5.982513427734375,"z":-0.1840362548828125,"roomId":5555}
{"type":"accel","timestamp":1531636183183,"x":-2.796417236328125,"y":7.18048095703125,"z":0.830963134765625,"roomId":5555}
{"type":"accel","timestamp":1531636183193,"x":-2.359588623046875,"y":7.1080169677734375,"z":1.9421844482421875,"roomId":5555}
{"type":"gyro","timestamp":1531636183194,"x":0.667327880859375,"y":-4.9798126220703125,"z":-0.398468017578125,"roomId":5555}
{"type":"accel","timestamp":1531636183203,"x":-2.2353973388671875,