{"type":"accel","timestamp":1531636190061,"x":0.735931396484375,"y":8.370010375976562,"z":-0.8911285400390625,"roomId":5555}
{"type":"gyro","timestamp":1531636190063,"x":0.09869384765625,"y":-0.401092529296875,"z":-0.29180908203125,"roomId":5555}
{"type":"accel","timestamp":1531636190075,"x":-0.2917022705078125,"y":8.183807373046875,"z":-1.030120849609375,"roomId":5555}
{"type":"gyro","timestamp":1531636190076,"x":0.051666259765625,"y":-0.388397216796875,"z":-0.3710174560546875,"roomId":5555}
{"type":"accel","timestamp":1531636190086,"x":-0.47900390625,"y":8.09600830078125,"z":-0.8778228759765625,"roomId":5555}
{"type":"gyro","timestamp":1531636190088,"x":-0.0222320556640625,"y":-0.25494384765625,"z":-0.3129730224609375,"roomId":5555}
{"type":"accel","timestamp":1531636190105,"x":-0.3385772705078125,"y":8.022598266601562,"z":-0.925445556640625,"roomId":5555}
{"type":"gyro","timestamp":1531636190106,"x":-0.2216644287109375,"y":0.252044677734375,"z":-0.0768585205078125,"roomId":5555}
{"type":"accel","timestamp":1531636190115,"x":-0.192291259765625,"y":8.039627075195312,"z":-0.9520111083984375,"roomId":5555}
{"type":"gyro","timestamp":1531636190117,"x":-0.3157806396484375,"y":0.5422821044921875,"z":0.0655517578125,"roomId":5555}
{"type":"accel","timestamp":1531636190136,"x":-0.0654296875,"y":7.986968994140625,"z":-0.8100128173828125,"roomId":5555}
{"type":"gyro","timestamp":1531636190137,"x":-0.4222564697265625,"y":0.822601318359375,"z":0.21246337890625,"roomId":5555}
{"type":"accel","timestamp":1531636190147,"x":-0.0563201904296875,"y":7.9842681884765625,"z":-0.677001953125,"roomId":5555}
{"type":"gyro","timestamp":1531636190148,"x":-0.4147796630859375,"y":0.7358856201171875,"z":0.1852874755859375,"roomId":5555}
{"type":"accel","timestamp":1531636190157,"x":-0.10015869140625,"y":7.9510955810546875,"z":-0.699249267578125,"roomId":5555}
{"type":"gyro","timestamp":1531636190158,"x":-0.3813629150390625,"y":0.5284271240234375,"z":0.108306884765625,"roomId":5555}
{"type":"accel","timestamp":1531636190175,"x":-0.4784088134765625,"y":7.9423675537109375,"z":-1.3625335693359375,"roomId":5555}
{"type":"gyro","timestamp":1531636190177,"x":-0.34027099609375,"y":0.1005096435546875,"z":-0.0924530029296875,"roomId":5555}
{"type":"accel","timestamp":1531636190185,"x":-1.0258941650390625,"y":7.8809661865234375,"z":-1.80780029296875,"roomId":5555}
{"type":"accel","timestamp":1531636190195,"x":-1.6692047119140625,"y":7.8518829345703125,"z":-2.2143707275390625,"roomId":5555}
{"type":"gyro","timestamp":1531636190197,"x":-0.407470703125,"y":-0.1638641357421875,"z":-0.2026824951171875,"roomId":5555}
{"type":"accel","timestamp":1531636190205,"x":-2.4014434814453125,"y":7.7452239990234375,"z":-2.6797637939453125,"roomId":5555}
{"type":"accel","timestamp":1531636190215,"x":-3.2526397705078125,"y":7.565582275390625,"z":-3.106292724609375,"roomId":5555}
{"type":"gyro","timestamp":1531636190215,"x":-0.465484619140625,"y":-0.4730682373046875,"z":-0.19940185546875,"roomId":5555}
{"type":"accel","timestamp":1531636190234,"x":-4.6578216552734375,"y":7.5699920654296875,"z":-4.187652587890625,"roomId":5555}
{"type":"gyro","timestamp":1531636190235,"x":-0.373291015625,"y":-1.2904815673828125,"z":-0.241455078125,"roomId":5555}
{"type":"accel","timestamp":1531636190244,"x":-5.3964996337890625,"y":7.9257049560546875,"z":-4.8433685302734375,"roomId":5555}
{"type":"gyro","timestamp":1531636190245,"x":-0.2529754638671875,"y":-2.018707275390625,"z":-0.351776123046875,"roomId":5555}
{"type":"accel","timestamp":1531636190255,"x":-5.97100830078125,"y":8.277435302734375,"z":-5.4640960693359375,"roomId":5555}
{"type":"gyro","timestamp":1531636190256,"x":-0.0830230712890625,"y":-2.9977569580078125,"z":-0.5413818359375,"roomId":5555}
{"type":"accel","timestamp":1531636190265,"x":-5.9428558349609375,"y":8.702423095703125,"z":-5.25360107421875,"roomId":5555}
{"type":"gyro","timestamp":1531636190266,"x":0.151702880859375,"y":-4.269317626953125,"z":-0.8126678466796875,"roomId":5555}
{"type":"accel","timestamp":1531636190275,"x":-6.1123046875,"y":8.833328247070312,"z":-4.0289764404296875,"roomId":5555}
{"type":"gyro","timestamp":1531636190276,"x":0.4665069580078125,"y":-5.6476287841796875,"z":-1.1880645751953125,"roomId":5555}
{"type":"accel","timestamp":1531636190293,"x":-8.847152709960938,"y":8.655166625976562,"z":-6.762451171875,"roomId":5555}
{"type":"gyro","timestamp":1531636190294,"x":1.0568389892578125,"y":-7.8887786865234375,"z":-2.0570526123046875,"roomId":5555}
{"type":"accel","timestamp":1531636190304,"x":-9.63494873046875,"y":7.88446044921875,"z":-7.907257080078125,"roomId":5555}
{"type":"gyro","timestamp":1531636190305,"x":0.9110870361328125,"y":-8.614654541015625,"z":-2.3762054443359375,"roomId":5555}
{"type":"accel","timestamp":1531636190314,"x":-10.424270629882812,"y":7.216552734375,"z":-5.9900665283203125,"roomId":5555}
{"type":"gyro","timestamp":1531636190315,"x":0.550750732421875,"y":-9.02655029296875,"z":-2.5561370849609375,"roomId":5555}
{"type":"accel","timestamp":1531636190324,"x":-10.63958740234375,"y":7.07550048828125,"z":-3.7271575927734375,"roomId":5555}
{"type":"gyro","timestamp":1531636190325,"x":0.303070068359375,"y":-9.216354370117188,"z":-2.547576904296875,"roomId":5555}
{"type":"accel","timestamp":1531636190343,"x":-10.822616577148438,"y":6.2549591064453125,"z":0.5976715087890625,"roomId":5555}
{"type":"gyro","timestamp":1531636190344,"x":0.0351409912109375,"y":-8.583709716796875,"z":-2.15130615234375,"roomId":5555}
{"type":"accel","timestamp":1531636190353,"x":-11.818923950195312,"y":5.8463897705078125,"z":2.056915283203125,"roomId":5555}
{"type":"gyro","timestamp":1531636190355,"x":-0.0478363037109375,"y":-7.6666259765625,"z":-1.75244140625,"roomId":5555}
{"type":"accel","timestamp":1531636190365,"x":-13.325332641601562,"y":5.1604461669921875,"z":2.0894622802734375,"roomId":5555}
{"type":"gyro","timestamp":1531636190366,"x":-0.112274169921875,"y":-6.5360107421875,"z":-1.205047607421875,"roomId":5555}
{"type":"accel","timestamp":1531636190384,"x":-11.951065063476562,"y":4.66546630859375,"z":3.19049072265625,"roomId":5555}
{"type":"gyro","timestamp":1531636190385,"x":-0.294586181640625,"y":-4.6353607177734375,"z":0.0976715087890625,"roomId":5555}
{"type":"accel","timestamp":1531636190404,"x":-8.4656982421875,"y":4.7672119140625,"z":6.208343505859375,"roomId":5555}
{"type":"gyro","timestamp":1531636190407,"x":-0.01080322265625,"y":-3.7782745361328125,"z":1.031158447265625,"roomId":5555}
{"type":"accel","timestamp":1531636190415,"x":-6.1766204833984375,"y":4.9531402587890625,"z":6.79632568359375,"roomId":5555}
{"type":"gyro","timestamp":1531636190417,"x":0.498291015625,"y":-3.7062835693359375,"z":1.349700927734375,"roomId":5555}
{"type":"accel","timestamp":1531636190425,"x":-3.970550537109375,"y":5.6717376708984375,"z":5.3349151611328125,"roomId":5555}
{"type":"gyro","timestamp":1531636190434,"x":1.8872528076171875,"y":-3.435394287109375,"z":1.9909820556640625,"roomId":5555}
{"type":"accel","timestamp":1531636190444,"x":2.1171722412109375,"y":7.1733551025390625,"z":-3.9399871826171875,"roomId":5555}
{"type":"gyro","timestamp":1531636190445,"x":2.261138916015625,"y":-2.9513092041015625,"z":2.2847747802734375,"roomId":5555}
{"type":"accel","timestamp":1531636190462,"x":8.97479248046875,"y":8.314804077148438,"z":-8.902206420898438,"roomId":5555}
{"type":"gyro","timestamp":1531636190464,"x":2.048309326171875,"y":-1.9901885986328125,"z":2.3320159912109375,"roomId":5555}
{"type":"accel","timestamp":1531636190473,"x":10.905120849609375,"y":8.21649169921875,"z":-8.122665405273438,"roomId":5555}
{"type":"gyro","timestamp":1531636190474,"x":1.8935699462890625,"y":-2.06182861328125,"z":1.94439697265625,"roomId":5555}
{"type":"accel","timestamp":1531636190483,"x":11.423583984375,"y":7.58612060546875,"z":-6.9940185546875,"roomId":5555}
{"type":"gyro","timestamp":1531636190484,"x":1.9799652099609375,"y":-2.3840179443359375,"z":1.439178466796875,"roomId":5555}
{"type":"accel",