{"type":"gyro","timestamp":1531636178088,"x":-0.027862548828125,"y":0.76580810546875,"z":0.2256011962890625,"roomId":5555}
{"type":"accel","timestamp":1531636178097,"x":0.823486328125,"y":7.7533416748046875,"z":-1.1059417724609375,"roomId":5555}
{"type":"gyro","timestamp":1531636178098,"x":-0.15740966796875,"y":0.70379638671875,"z":0.207977294921875,"roomId":5555}
{"type":"accel","timestamp":1531636178116,"x":1.114410400390625,"y":7.996612548828125,"z":-0.0881195068359375,"roomId":5555}
{"type":"gyro","timestamp":1531636178117,"x":-0.1398468017578125,"y":0.015625,"z":0.0032958984375,"roomId":5555}
{"type":"accel","timestamp":1531636178126,"x":1.023895263671875,"y":7.984771728515625,"z":0.233306884765625,"roomId":5555}
{"type":"gyro","timestamp":1531636178128,"x":-0.0275115966796875,"y":-0.2538909912109375,"z":-0.116424560546875,"roomId":5555}
{"type":"accel","timestamp":1531636178138,"x":0.5628204345703125,"y":7.9235992431640625,"z":0.02557373046875,"roomId":5555}
{"type":"gyro","timestamp":1531636178139,"x":0.08966064453125,"y":-0.3968963623046875,"z":-0.191253662109375,"roomId":5555}
{"type":"accel","timestamp":1531636178159,"x":0.17535400390625,"y":8.133041381835938,"z":-0.2646942138671875,"roomId":5555}
{"type":"gyro","timestamp":1531636178160,"x":0.166168212890625,"y":-0.39715576171875,"z":-0.1106719970703125,"roomId":5555}
{"type":"accel","timestamp":1531636178177,"x":0.599609375,"y":8.0252685546875,"z":-0.4135284423828125,"roomId":5555}
{"type":"gyro","timestamp":1531636178179,"x":0.1099853515625,"y":-0.028900146484375,"z":0.0978851318359375,"roomId":5555}
{"type":"accel","timestamp":1531636178197,"x":1.181121826171875,"y":8.101913452148438,"z":-0.435516357421875,"roomId":5555}
{"type":"gyro","timestamp":1531636178197,"x":-0.02734375,"y":0.194732666015625,"z":0.1989593505859375,"roomId":5555}
{"type":"accel","timestamp":1531636178207,"x":1.10711669921875,"y":8.039825439453125,"z":-0.4418487548828125,"roomId":5555}
{"type":"gyro","timestamp":1531636178208,"x":-0.07342529296875,"y":0.167236328125,"z":0.1917877197265625,"roomId":5555}
{"type":"accel","timestamp":1531636178226,"x":1.412078857421875,"y":8.016342163085938,"z":-0.2161865234375,"roomId":5555}
{"type":"gyro","timestamp":1531636178227,"x":-0.15386962890625,"y":0.0044708251953125,"z":0.120330810546875,"roomId":5555}
{"type":"accel","timestamp":1531636178237,"x":1.2064056396484375,"y":8.118881225585938,"z":0.1482086181640625,"roomId":5555}
{"type":"gyro","timestamp":1531636178238,"x":-0.1527099609375,"y":-0.10552978515625,"z":0.044525146484375,"roomId":5555}
{"type":"gyro","timestamp":1531636178249,"x":-0.1132354736328125,"y":-0.1849365234375,"z":-0.0197296142578125,"roomId":5555}
{"type":"accel","timestamp":1531636178255,"x":0.8077545166015625,"y":8.138961791992188,"z":0.2765960693359375,"roomId":5555}
{"type":"accel","timestamp":1531636178267,"x":0.971099853515625,"y":8.33343505859375,"z":-0.0147247314453125,"roomId":5555}
{"type":"gyro","timestamp":1531636178268,"x":-0.0514068603515625,"y":-0.090362548828125,"z":-0.003082275390625,"roomId":5555}
{"type":"accel","timestamp":1531636178285,"x":1.0074005126953125,"y":8.50579833984375,"z":-0.7018585205078125,"roomId":5555}
{"type":"gyro","timestamp":1531636178286,"x":-0.0987548828125,"y":0.194244384765625,"z":0.088134765625,"roomId":5555}
{"type":"accel","timestamp":1531636178295,"x":1.13092041015625,"y":8.537994384765625,"z":-0.7664337158203125,"roomId":5555}
{"type":"gyro","timestamp":1531636178296,"x":-0.15301513671875,"y":0.2691497802734375,"z":0.1327056884765625,"roomId":5555}
{"type":"accel","timestamp":1531636178305,"x":1.243133544921875,"y":8.579055786132812,"z":-0.630523681640625,"roomId":5555}
{"type":"accel","timestamp":1531636178315,"x":1.185943603515625,"y":8.5030517578125,"z":-0.49676513671875,"roomId":5555}
{"type":"gyro","timestamp":1531636178316,"x":-0.2217254638671875,"y":0.259246826171875,"z":0.1360321044921875,"roomId":5555}
{"type":"accel","timestamp":1531636178325,"x":1.005706787109375,"y":8.4278564453125,"z":-0.4280853271484375,"roomId":5555}
{"type":"gyro","timestamp":1531636178326,"x":-0.2244415283203125,"y":0.1895599365234375,"z":0.1020660400390625,"roomId":5555}
{"type":"accel","timestamp":1531636178335,"x":0.63360595703125,"y":8.41046142578125,"z":-0.4691925048828125,"roomId":5555}
{"type":"gyro","timestamp":1531636178336,"x":-0.2078704833984375,"y":0.113372802734375,"z":0.060028076171875,"roomId":5555}
{"type":"accel","timestamp":1531636178345,"x":-0.0235595703125,"y":8.37188720703125,"z":-0.5807952880859375,"roomId":5555}
{"type":"gyro","timestamp":1531636178355,"x":-0.1204376220703125,"y":-0.086669921875,"z":-0.0038299560546875,"roomId":5555}
{"type":"accel","timestamp":1531636178365,"x":-1.7175140380859375,"y":8.587890625,"z":-1.0721588134765625,"roomId":5555}
{"type":"gyro","timestamp":1531636178366,"x":-0.026947021484375,"y":-0.2266998291015625,"z":-0.0065765380859375,"roomId":5555}
{"type":"accel","timestamp":1531636178385,"x":-3.409881591796875,"y":9.396926879882812,"z":-2.4264678955078125,"roomId":5555}
{"type":"gyro","timestamp":1531636178386,"x":0.2874755859375,"y":-0.7375335693359375,"z":-0.067138671875,"roomId":5555}
{"type":"accel","timestamp":1531636178395,"x":-4.7021942138671875,"y":9.70391845703125,"z":-3.2788238525390625,"roomId":5555}
{"type":"gyro","timestamp":1531636178396,"x":0.519378662109375,"y":-1.272216796875,"z":-0.1946258544921875,"roomId":5555}
{"type":"accel","timestamp":1531636178405,"x":-5.412353515625,"y":10.36456298828125,"z":-5.2140960693359375,"roomId":5555}
{"type":"gyro","timestamp":1531636178406,"x":0.767059326171875,"y":-2.080413818359375,"z":-0.376953125,"roomId":5555}
{"type":"accel","timestamp":1531636178415,"x":-3.5483856201171875,"y":11.261550903320312,"z":-7.0614776611328125,"roomId":5555}
{"type":"gyro","timestamp":1531636178416,"x":0.9114227294921875,"y":-3.1457672119140625,"z":-0.7161102294921875,"roomId":5555}
{"type":"accel","timestamp":1531636178434,"x":-4.516937255859375,"y":9.792724609375,"z":-8.241806030273438,"roomId":5555}
{"type":"gyro","timestamp":1531636178435,"x":0.849884033203125,"y":-5.251251220703125,"z":-1.823760986328125,"roomId":5555}
{"type":"accel","timestamp":1531636178445,"x":-6.0099639892578125,"y":9.360092163085938,"z":-7.4337158203125,"roomId":5555}
{"type":"gyro","timestamp":1531636178446,"x":0.675048828125,"y":-6.0358123779296875,"z":-2.14227294921875,"roomId":5555}
{"type":"accel","timestamp":1531636178456,"x":-6.9796142578125,"y":9.078750610351562,"z":-5.893463134765625,"roomId":5555}
{"type":"gyro","timestamp":1531636178457,"x":0.497711181640625,"y":-6.59393310546875,"z":-2.3385009765625,"roomId":5555}
{"type":"accel","timestamp":1531636178474,"x":-7.9370269775390625,"y":7.8515472412109375,"z":-3.7425994873046875,"roomId":5555}
{"type":"gyro","timestamp":1531636178475,"x":0.27880859375,"y":-7.10015869140625,"z":-2.4783477783203125,"roomId":5555}
{"type":"accel","timestamp":1531636178485,"x":-8.268829345703125,"y":7.236053466796875,"z":-3.4986419677734375,"roomId":5555}
{"type":"gyro","timestamp":1531636178485,"x":0.19989013671875,"y":-7.1964263916015625,"z":-2.433197021484375,"roomId":5555}
{"type":"accel","timestamp":1531636178504,"x":-8.113418579101562,"y":6.365203857421875,"z":-4.2145843505859375,"roomId":5555}
{"type":"gyro","timestamp":1531636178505,"x":-0.1262054443359375,"y":-7.25146484375,"z":-2.18841552734375,"roomId":5555}
{"type":"accel","timestamp":1531636178515,"x":-7.570770263671875,"y":5.8011322021484375,"z":-3.668121337890625,"roomId":5555}
{"type":"gyro","timestamp":1531636178516,"x":-0.3970794677734375,"y":-7.33966064453125,"z":-2.0631103515625,"roomId":5555}
{"type":"accel","timestamp":1531636178534,"x":-6.77703857421875,"y":4.6343994140625,"z":0.31866455078125,"roomId":5555}
{"type":"gyro","timestamp":1531636178535,"x":-0.876251220703125,"y":-7.06964111328125,"z":-1.7582855224609375,"roomId":5555}
{"type":"accel","timestamp":1531636178544,"x":-6.6446075439453125,"y":4.5871124267578125,"z":2.6841888427734375,