{"type":"accel","timestamp":1531636264234,"x":5.9180145263671875,"y":6.7753448486328125,"z":0.546905517578125,"roomId":5555}
{"type":"accel","timestamp":1531636264244,"x":5.236083984375,"y":6.802947998046875,"z":0.3160552978515625,"roomId":5555}
{"type":"gyro","timestamp":1531636264246,"x":0.263763427734375,"y":0.6282806396484375,"z":0.166961669921875,"roomId":5555}
{"type":"accel","timestamp":1531636264263,"x":5.7127685546875,"y":7.0229034423828125,"z":0.56866455078125,"roomId":5555}
{"type":"gyro","timestamp":1531636264264,"x":0.121673583984375,"y":0.802276611328125,"z":0.3711090087890625,"roomId":5555}
{"type":"accel","timestamp":1531636264282,"x":6.657379150390625,"y":6.8568878173828125,"z":1.444732666015625,"roomId":5555}
{"type":"accel","timestamp":1531636264294,"x":6.80810546875,"y":6.686492919921875,"z":1.8463134765625,"roomId":5555}
{"type":"gyro","timestamp":1531636264295,"x":-0.014678955078125,"y":0.6722564697265625,"z":0.379852294921875,"roomId":5555}
{"type":"accel","timestamp":1531636264314,"x":6.8668670654296875,"y":6.3483428955078125,"z":2.203857421875,"roomId":5555}
{"type":"gyro","timestamp":1531636264315,"x":0.027587890625,"y":0.397857666015625,"z":0.2831878662109375,"roomId":5555}
{"type":"accel","timestamp":1531636264332,"x":6.5854644775390625,"y":6.3427886962890625,"z":2.46136474609375,"roomId":5555}
{"type":"gyro","timestamp":1531636264333,"x":0.13604736328125,"y":0.2480010986328125,"z":0.2547607421875,"roomId":5555}
{"type":"accel","timestamp":1531636264343,"x":6.3956146240234375,"y":6.262298583984375,"z":2.487548828125,"roomId":5555}
{"type":"gyro","timestamp":1531636264344,"x":0.1854400634765625,"y":0.2144775390625,"z":0.2545623779296875,"roomId":5555}
{"type":"accel","timestamp":1531636264362,"x":6.233612060546875,"y":6.24639892578125,"z":2.1719818115234375,"roomId":5555}
{"type":"gyro","timestamp":1531636264364,"x":0.3187103271484375,"y":0.1237945556640625,"z":0.243194580078125,"roomId":5555}
{"type":"accel","timestamp":1531636264373,"x":6.203887939453125,"y":6.4108428955078125,"z":-4.5491790771484375,"roomId":5555}
{"type":"gyro","timestamp":1531636264375,"x":0.36572265625,"y":0.0421905517578125,"z":0.2437286376953125,"roomId":5555}
{"type":"accel","timestamp":1531636264391,"x":5.61676025390625,"y":6.2724151611328125,"z":2.2775115966796875,"roomId":5555}
{"type":"gyro","timestamp":1531636264392,"x":-0.0614166259765625,"y":-0.0307464599609375,"z":0.2183685302734375,"roomId":5555}
{"type":"accel","timestamp":1531636264401,"x":5.007171630859375,"y":6.4795989990234375,"z":1.81195068359375,"roomId":5555}
{"type":"accel","timestamp":1531636264414,"x":4.31805419921875,"y":7.2422637939453125,"z":1.032196044921875,"roomId":5555}
{"type":"gyro","timestamp":1531636264414,"x":0.0649261474609375,"y":0.3072662353515625,"z":0.213531494140625,"roomId":5555}
{"type":"accel","timestamp":1531636264434,"x":3.2374267578125,"y":8.833419799804688,"z":-0.301605224609375,"roomId":5555}
{"type":"gyro","timestamp":1531636264435,"x":0.2207794189453125,"y":0.39837646484375,"z":0.419464111328125,"roomId":5555}
{"type":"accel","timestamp":1531636264454,"x":2.473846435546875,"y":9.188705444335938,"z":-1.2467803955078125,"roomId":5555}
{"type":"gyro","timestamp":1531636264455,"x":0.2425079345703125,"y":0.1515960693359375,"z":0.63897705078125,"roomId":5555}
{"type":"accel","timestamp":1531636264464,"x":2.7861785888671875,"y":9.619186401367188,"z":-1.9772796630859375,"roomId":5555}
{"type":"gyro","timestamp":1531636264466,"x":0.2752685546875,"y":-0.040191650390625,"z":0.7761993408203125,"roomId":5555}
{"type":"accel","timestamp":1531636264474,"x":3.631072998046875,"y":9.940826416015625,"z":-2.5643768310546875,"roomId":5555}
{"type":"gyro","timestamp":1531636264483,"x":0.273895263671875,"y":-0.3346710205078125,"z":1.0289459228515625,"roomId":5555}
{"type":"accel","timestamp":1531636264491,"x":4.6269989013671875,"y":10.008560180664062,"z":-1.9040679931640625,"roomId":5555}
{"type":"gyro","timestamp":1531636264493,"x":0.1658477783203125,"y":-0.39385986328125,"z":1.0455780029296875,"roomId":5555}
{"type":"accel","timestamp":1531636264510,"x":4.662384033203125,"y":8.936080932617188,"z":-1.15447998046875,"roomId":5555}
{"type":"gyro","timestamp":1531636264511,"x":-0.058074951171875,"y":-0.5594635009765625,"z":0.9701690673828125,"roomId":5555}
{"type":"accel","timestamp":1531636264520,"x":3.740570068359375,"y":9.387252807617188,"z":-1.1529388427734375,"roomId":5555}
{"type":"gyro","timestamp":1531636264520,"x":-0.177215576171875,"y":-0.6119842529296875,"z":0.9709930419921875,"roomId":5555}
{"type":"accel","timestamp":1531636264531,"x":4.7099609375,"y":9.878189086914062,"z":-2.577117919921875,"roomId":5555}
{"type":"gyro","timestamp":1531636264533,"x":-0.2568206787109375,"y":-0.7277374267578125,"z":0.9763031005859375,"roomId":5555}
{"type":"accel","timestamp":1531636264541,"x":6.2563629150390625,"y":9.348495483398438,"z":-4.34503173828125,"roomId":5555}
{"type":"gyro","timestamp":1531636264543,"x":-0.3404388427734375,"y":-1.0193634033203125,"z":0.9895477294921875,"roomId":5555}
{"type":"accel","timestamp":1531636264561,"x":8.644073486328125,"y":9.437515258789062,"z":-6.460662841796875,"roomId":5555}
{"type":"gyro","timestamp":1531636264563,"x":-0.7991180419921875,"y":-2.464752197265625,"z":0.5562896728515625,"roomId":5555}
{"type":"accel","timestamp":1531636264580,"x":11.632125854492188,"y":10.039993286132812,"z":-6.5608978271484375,"roomId":5555}
{"type":"gyro","timestamp":1531636264581,"x":-1.70587158203125,"y":-5.191925048828125,"z":-0.6994476318359375,"roomId":5555}
{"type":"accel","timestamp":1531636264591,"x":12.803863525390625,"y":9.08660888671875,"z":-3.440673828125,"roomId":5555}
{"type":"gyro","timestamp":1531636264593,"x":-2.17291259765625,"y":-6.5280303955078125,"z":-1.484527587890625,"roomId":5555}
{"type":"accel","timestamp":1531636264611,"x":11.458450317382812,"y":6.0620880126953125,"z":1.153045654296875,"roomId":5555}
{"type":"gyro","timestamp":1531636264611,"x":-2.516265869140625,"y":-7.30029296875,"z":-2.478240966796875,"roomId":5555}
{"type":"accel","timestamp":1531636264631,"x":6.9464874267578125,"y":5.0283050537109375,"z":-0.8668212890625,"roomId":5555}
{"type":"gyro","timestamp":1531636264633,"x":-2.455047607421875,"y":-6.2252197265625,"z":-2.3500823974609375,"roomId":5555}
{"type":"accel","timestamp":1531636264654,"x":8.076095581054688,"y":5.4935302734375,"z":-5.994293212890625,"roomId":5555}
{"type":"gyro","timestamp":1531636264655,"x":-2.663970947265625,"y":-6.05889892578125,"z":-1.805419921875,"roomId":5555}
{"type":"accel","timestamp":1531636264672,"x":14.193145751953125,"y":6.624176025390625,"z":-7.9290008544921875,"roomId":5555}
{"type":"gyro","timestamp":1531636264673,"x":-3.1827392578125,"y":-7.8940887451171875,"z":-2.3362884521484375,"roomId":5555}
{"type":"accel","timestamp":1531636264682,"x":14.740127563476562,"y":6.0712432861328125,"z":-7.7261199951171875,"roomId":5555}
{"type":"gyro","timestamp":1531636264683,"x":-3.5323333740234375,"y":-8.817337036132812,"z":-2.9646759033203125,"roomId":5555}
{"type":"accel","timestamp":1531636264692,"x":14.262893676757812,"y":4.93975830078125,"z":-7.091278076171875,"roomId":5555}
{"type":"gyro","timestamp":1531636264693,"x":-3.915374755859375,"y":-9.462905883789062,"z":-3.58966064453125,"roomId":5555}
{"type":"accel","timestamp":1531636264702,"x":13.990615844726562,"y":3.653289794921875,"z":-6.874114990234375,"roomId":5555}
{"type":"gyro","timestamp":1531636264703,"x":-4.302825927734375,"y":-9.799591064453125,"z":-4.12445068359375,"roomId":5555}
{"type":"accel","timestamp":1531636264721,"x":15.627593994140625,"y":2.21185302734375,"z":-4.917388916015625,"roomId":5555}
{"type":"gyro","timestamp":1531636264724,"x":-4.914520263671875,"y":-10.316680908203125,"z":-5.138580322265625,"roomId":5555}
{"type":"accel","timestamp":1531636264740,"x":16.65985107421875,"y":2.574859619140625,"z":0.6335296630859375,"roomId":5555}
{"type":"gyro","timestamp":1531636264741,"x":-4.8049774169921875,