{"type":"gyro","timestamp":1531636257543,"x":-0.707977294921875,"y":-1.63385009765625,"z":-0.629974365234375,"roomId":5555}
{"type":"accel","timestamp":1531636257558,"x":10.605606079101562,"y":8.686767578125,"z":-2.1727142333984375,"roomId":5555}
{"type":"gyro","timestamp":1531636257559,"x":-1.3361053466796875,"y":-2.9042816162109375,"z":-1.2974700927734375,"roomId":5555}
{"type":"accel","timestamp":1531636257569,"x":10.710906982421875,"y":8.528854370117188,"z":-1.2607879638671875,"roomId":5555}
{"type":"gyro","timestamp":1531636257570,"x":-1.5519256591796875,"y":-4.06048583984375,"z":-1.788116455078125,"roomId":5555}
{"type":"accel","timestamp":1531636257581,"x":10.618621826171875,"y":8.320693969726562,"z":0.241455078125,"roomId":5555}
{"type":"gyro","timestamp":1531636257583,"x":-1.6464080810546875,"y":-5.274810791015625,"z":-2.320404052734375,"roomId":5555}
{"type":"accel","timestamp":1531636257599,"x":7.9589691162109375,"y":7.4669036865234375,"z":1.633880615234375,"roomId":5555}
{"type":"gyro","timestamp":1531636257600,"x":-1.380401611328125,"y":-7.002288818359375,"z":-3.0726776123046875,"roomId":5555}
{"type":"accel","timestamp":1531636257617,"x":6.638031005859375,"y":6.7915802001953125,"z":-1.0529327392578125,"roomId":5555}
{"type":"gyro","timestamp":1531636257618,"x":-1.1151275634765625,"y":-7.51422119140625,"z":-2.8460540771484375,"roomId":5555}
{"type":"accel","timestamp":1531636257627,"x":7.353179931640625,"y":6.8699188232421875,"z":-3.432525634765625,"roomId":5555}
{"type":"gyro","timestamp":1531636257628,"x":-1.1822967529296875,"y":-7.6436920166015625,"z":-2.5994720458984375,"roomId":5555}
{"type":"accel","timestamp":1531636257637,"x":9.128982543945312,"y":7.1357269287109375,"z":-5.1239471435546875,"roomId":5555}
{"type":"gyro","timestamp":1531636257638,"x":-1.41595458984375,"y":-7.806365966796875,"z":-2.4431610107421875,"roomId":5555}
{"type":"accel","timestamp":1531636257648,"x":10.72344970703125,"y":7.1718292236328125,"z":-5.6551666259765625,"roomId":5555}
{"type":"gyro","timestamp":1531636257650,"x":-1.7397003173828125,"y":-8.075958251953125,"z":-2.4757232666015625,"roomId":5555}
{"type":"accel","timestamp":1531636257658,"x":11.078582763671875,"y":6.92169189453125,"z":-5.574951171875,"roomId":5555}
{"type":"gyro","timestamp":1531636257660,"x":-2.078277587890625,"y":-8.393447875976562,"z":-2.6519622802734375,"roomId":5555}
{"type":"accel","timestamp":1531636257669,"x":10.720626831054688,"y":6.592926025390625,"z":-4.98687744140625,"roomId":5555}
{"type":"gyro","timestamp":1531636257671,"x":-2.386199951171875,"y":-8.687469482421875,"z":-2.84979248046875,"roomId":5555}
{"type":"accel","timestamp":1531636257686,"x":8.96453857421875,"y":5.9716949462890625,"z":-2.5771331787109375,"roomId":5555}
{"type":"gyro","timestamp":1531636257687,"x":-2.806884765625,"y":-8.851470947265625,"z":-3.1112518310546875,"roomId":5555}
{"type":"accel","timestamp":1531636257696,"x":7.8744354248046875,"y":5.654510498046875,"z":-1.6215057373046875,"roomId":5555}
{"type":"gyro","timestamp":1531636257697,"x":-2.8819732666015625,"y":-8.627777099609375,"z":-3.110321044921875,"roomId":5555}
{"type":"accel","timestamp":1531636257706,"x":7.0193023681640625,"y":5.576171875,"z":-0.9595184326171875,"roomId":5555}
{"type":"gyro","timestamp":1531636257707,"x":-2.870391845703125,"y":-8.241867065429688,"z":-3.0052490234375,"roomId":5555}
{"type":"accel","timestamp":1531636257717,"x":6.4885711669921875,"y":5.701385498046875,"z":-0.2505035400390625,"roomId":5555}
{"type":"gyro","timestamp":1531636257717,"x":-2.8127899169921875,"y":-7.6775054931640625,"z":-2.81134033203125,"roomId":5555}
{"type":"accel","timestamp":1531636257727,"x":6.24591064453125,"y":5.7791900634765625,"z":0.1425018310546875,"roomId":5555}
{"type":"gyro","timestamp":1531636257727,"x":-2.7041473388671875,"y":-6.8803558349609375,"z":-2.54791259765625,"roomId":5555}
{"type":"accel","timestamp":1531636257737,"x":5.3636627197265625,"y":5.7520599365234375,"z":-0.0319061279296875,"roomId":5555}
{"type":"gyro","timestamp":1531636257737,"x":-2.545684814453125,"y":-5.8773956298828125,"z":-2.229827880859375,"roomId":5555}
{"type":"accel","timestamp":1531636257748,"x":4.1868438720703125,"y":5.4859619140625,"z":-1.2614898681640625,"roomId":5555}
{"type":"gyro","timestamp":1531636257749,"x":-2.391937255859375,"y":-4.719268798828125,"z":-1.83111572265625,"roomId":5555}
{"type":"accel","timestamp":1531636257768,"x":5.286895751953125,"y":5.4025421142578125,"z":-3.1202392578125,"roomId":5555}
{"type":"gyro","timestamp":1531636257769,"x":-2.2204742431640625,"y":-3.2629241943359375,"z":-1.1187591552734375,"roomId":5555}
{"type":"accel","timestamp":1531636257788,"x":6.3465423583984375,"y":5.85247802734375,"z":-0.7663421630859375,"roomId":5555}
{"type":"gyro","timestamp":1531636257790,"x":-1.9384765625,"y":-3.4241943359375,"z":-1.27728271484375,"roomId":5555}
{"type":"accel","timestamp":1531636257800,"x":5.5687713623046875,"y":5.67889404296875,"z":-0.0298614501953125,"roomId":5555}
{"type":"gyro","timestamp":1531636257801,"x":-1.633087158203125,"y":-3.5891876220703125,"z":-1.5597686767578125,"roomId":5555}
{"type":"accel","timestamp":1531636257819,"x":2.675445556640625,"y":4.8200225830078125,"z":-0.003021240234375,"roomId":5555}
{"type":"gyro","timestamp":1531636257821,"x":-0.88616943359375,"y":-3.5473480224609375,"z":-1.8789520263671875,"roomId":5555}
{"type":"accel","timestamp":1531636257835,"x":1.338714599609375,"y":3.9673919677734375,"z":-1.142913818359375,"roomId":5555}
{"type":"gyro","timestamp":1531636257836,"x":-0.2073822021484375,"y":-3.2130889892578125,"z":-1.5777130126953125,"roomId":5555}
{"type":"accel","timestamp":1531636257845,"x":1.485748291015625,"y":3.8212890625,"z":-1.6246337890625,"roomId":5555}
{"type":"gyro","timestamp":1531636257846,"x":0.0883636474609375,"y":-3.0886383056640625,"z":-1.333831787109375,"roomId":5555}
{"type":"accel","timestamp":1531636257855,"x":1.35552978515625,"y":3.600860595703125,"z":-1.3807220458984375,"roomId":5555}
{"type":"gyro","timestamp":1531636257856,"x":0.3651123046875,"y":-2.993072509765625,"z":-1.1414947509765625,"roomId":5555}
{"type":"accel","timestamp":1531636257866,"x":0.3436431884765625,"y":3.22711181640625,"z":-0.748443603515625,"roomId":5555}
{"type":"gyro","timestamp":1531636257868,"x":0.6480865478515625,"y":-2.8607940673828125,"z":-0.9876251220703125,"roomId":5555}
{"type":"accel","timestamp":1531636257877,"x":-0.4496917724609375,"y":2.8476409912109375,"z":-0.0509033203125,"roomId":5555}
{"type":"gyro","timestamp":1531636257879,"x":0.96435546875,"y":-2.6886138916015625,"z":-0.792205810546875,"roomId":5555}
{"type":"accel","timestamp":1531636257896,"x":-0.773712158203125,"y":2.0674591064453125,"z":0.012237548828125,"roomId":5555}
{"type":"gyro","timestamp":1531636257897,"x":1.592864990234375,"y":-2.4186553955078125,"z":-0.3420867919921875,"roomId":5555}
{"type":"accel","timestamp":1531636257906,"x":0.042388916015625,"y":1.7594146728515625,"z":-0.0028076171875,"roomId":5555}
{"type":"accel","timestamp":1531636257916,"x":1.179901123046875,"y":1.570648193359375,"z":0.497100830078125,"roomId":5555}
{"type":"gyro","timestamp":1531636257917,"x":1.8068695068359375,"y":-2.418304443359375,"z":-0.1640625,"roomId":5555}
{"type":"accel","timestamp":1531636257926,"x":1.7747802734375,"y":1.692840576171875,"z":0.43072509765625,"roomId":5555}
{"type":"gyro","timestamp":1531636257928,"x":1.97686767578125,"y":-2.4145050048828125,"z":-0.0980072021484375,"roomId":5555}
{"type":"accel","timestamp":1531636257946,"x":1.9165802001953125,"y":3.2671966552734375,"z":-1.9619140625,"roomId":5555}
{"type":"gyro","timestamp":1531636257946,"x":2.4855499267578125,"y":-1.883880615234375,"z":-0.2441253662109375,"roomId":5555}
{"type":"accel","timestamp":1531636257966,"x":0.2122039794921875,"y":6.2519989013671875,"z":-7.9785003662109375,"roomId":5555}
{"type":"gyro","timestamp":1531636257967,"x":3.13409423828125,"y":-1.45184326171875,"z":-0.42803955078125,"roomId":5555}
{"type":"accel",