{"type":"accel","timestamp":1531636315456,"x":4.5204010009765625,"y":6.864990234375,"z":-0.3161468505859375,"roomId":5555}
{"type":"gyro","timestamp":1531636315457,"x":-0.267852783203125,"y":0.1683197021484375,"z":-0.089111328125,"roomId":5555}
{"type":"accel","timestamp":1531636315466,"x":4.375579833984375,"y":6.833343505859375,"z":-0.293365478515625,"roomId":5555}
{"type":"accel","timestamp":1531636315476,"x":4.37945556640625,"y":6.88720703125,"z":-0.213226318359375,"roomId":5555}
{"type":"gyro","timestamp":1531636315477,"x":-0.3459320068359375,"y":0.162750244140625,"z":-0.013275146484375,"roomId":5555}
{"type":"accel","timestamp":1531636315486,"x":4.38714599609375,"y":6.9473876953125,"z":-0.0816802978515625,"roomId":5555}
{"type":"gyro","timestamp":1531636315487,"x":-0.39288330078125,"y":0.1295318603515625,"z":0.0315093994140625,"roomId":5555}
{"type":"accel","timestamp":1531636315496,"x":4.373992919921875,"y":6.9486236572265625,"z":-0.01507568359375,"roomId":5555}
{"type":"gyro","timestamp":1531636315505,"x":-0.4336700439453125,"y":-0.0406494140625,"z":0.0257110595703125,"roomId":5555}
{"type":"accel","timestamp":1531636315514,"x":4.227935791015625,"y":6.766815185546875,"z":-0.2391204833984375,"roomId":5555}
{"type":"gyro","timestamp":1531636315515,"x":-0.4327850341796875,"y":-0.11785888671875,"z":-0.010009765625,"roomId":5555}
{"type":"accel","timestamp":1531636315524,"x":4.008880615234375,"y":6.8193817138671875,"z":-0.393157958984375,"roomId":5555}
{"type":"gyro","timestamp":1531636315525,"x":-0.4279022216796875,"y":-0.16705322265625,"z":-0.037811279296875,"roomId":5555}
{"type":"accel","timestamp":1531636315535,"x":3.6693267822265625,"y":6.872528076171875,"z":-0.383087158203125,"roomId":5555}
{"type":"gyro","timestamp":1531636315535,"x":-0.4159393310546875,"y":-0.1931304931640625,"z":-0.049591064453125,"roomId":5555}
{"type":"accel","timestamp":1531636315545,"x":3.5232086181640625,"y":6.7931365966796875,"z":-0.2619171142578125,"roomId":5555}
{"type":"gyro","timestamp":1531636315546,"x":-0.402069091796875,"y":-0.1927642822265625,"z":-0.0161285400390625,"roomId":5555}
{"type":"accel","timestamp":1531636315555,"x":3.9157257080078125,"y":6.7345428466796875,"z":-0.1553955078125,"roomId":5555}
{"type":"gyro","timestamp":1531636315556,"x":-0.4063262939453125,"y":-0.16033935546875,"z":0.0808563232421875,"roomId":5555}
{"type":"accel","timestamp":1531636315566,"x":4.5485687255859375,"y":6.67694091796875,"z":0.060272216796875,"roomId":5555}
{"type":"gyro","timestamp":1531636315567,"x":-0.443267822265625,"y":-0.098114013671875,"z":0.2147369384765625,"roomId":5555}
{"type":"accel","timestamp":1531636315576,"x":5.0287322998046875,"y":6.595611572265625,"z":0.3947906494140625,"roomId":5555}
{"type":"gyro","timestamp":1531636315577,"x":-0.50177001953125,"y":-0.03436279296875,"z":0.3309478759765625,"roomId":5555}
{"type":"accel","timestamp":1531636315596,"x":5.4658050537109375,"y":6.8111419677734375,"z":0.79913330078125,"roomId":5555}
{"type":"gyro","timestamp":1531636315597,"x":-0.5352783203125,"y":0.057403564453125,"z":0.4024658203125,"roomId":5555}
{"type":"accel","timestamp":1531636315606,"x":5.4715118408203125,"y":7.1710357666015625,"z":0.677490234375,"roomId":5555}
{"type":"gyro","timestamp":1531636315608,"x":-0.4852294921875,"y":0.027587890625,"z":0.3648223876953125,"roomId":5555}
{"type":"accel","timestamp":1531636315624,"x":5.430389404296875,"y":7.746856689453125,"z":0.4472808837890625,"roomId":5555}
{"type":"gyro","timestamp":1531636315625,"x":-0.3256988525390625,"y":-0.233428955078125,"z":0.2098541259765625,"roomId":5555}
{"type":"accel","timestamp":1531636315644,"x":4.8868865966796875,"y":8.81915283203125,"z":0.0810546875,"roomId":5555}
{"type":"gyro","timestamp":1531636315645,"x":-0.0863189697265625,"y":-0.710845947265625,"z":0.0500946044921875,"roomId":5555}
{"type":"accel","timestamp":1531636315655,"x":4.044891357421875,"y":9.364898681640625,"z":-0.1813507080078125,"roomId":5555}
{"type":"gyro","timestamp":1531636315656,"x":0.0837860107421875,"y":-0.949859619140625,"z":0.017120361328125,"roomId":5555}
{"type":"accel","timestamp":1531636315665,"x":3.3765869140625,"y":9.9849853515625,"z":-1.2045745849609375,"roomId":5555}
{"type":"gyro","timestamp":1531636315666,"x":0.274169921875,"y":-1.235015869140625,"z":0.0370025634765625,"roomId":5555}
{"type":"accel","timestamp":1531636315675,"x":3.2126312255859375,"y":9.993759155273438,"z":-1.7203369140625,"roomId":5555}
{"type":"gyro","timestamp":1531636315676,"x":0.457855224609375,"y":-1.6949005126953125,"z":0.0684814453125,"roomId":5555}
{"type":"accel","timestamp":1531636315685,"x":3.198394775390625,"y":10.365066528320312,"z":-2.5584259033203125,"roomId":5555}
{"type":"gyro","timestamp":1531636315687,"x":0.638916015625,"y":-2.3525238037109375,"z":0.0605926513671875,"roomId":5555}
{"type":"accel","timestamp":1531636315704,"x":1.9260711669921875,"y":11.575332641601562,"z":-6.5778656005859375,"roomId":5555}
{"type":"gyro","timestamp":1531636315705,"x":0.491973876953125,"y":-3.947784423828125,"z":-0.16278076171875,"roomId":5555}
{"type":"accel","timestamp":1531636315715,"x":1.425750732421875,"y":11.670562744140625,"z":-6.914459228515625,"roomId":5555}
{"type":"gyro","timestamp":1531636315717,"x":0.09039306640625,"y":-4.915191650390625,"z":-0.3077392578125,"roomId":5555}
{"type":"accel","timestamp":1531636315725,"x":1.4546966552734375,"y":11.687118530273438,"z":-6.5245513916015625,"roomId":5555}
{"type":"gyro","timestamp":1531636315729,"x":-0.2621307373046875,"y":-6.0366058349609375,"z":-0.4748382568359375,"roomId":5555}
{"type":"accel","timestamp":1531636315746,"x":2.085784912109375,"y":11.355865478515625,"z":-6.5323486328125,"roomId":5555}
{"type":"gyro","timestamp":1531636315748,"x":-0.564666748046875,"y":-7.9753570556640625,"z":-0.835418701171875,"roomId":5555}
{"type":"accel","timestamp":1531636315765,"x":1.419677734375,"y":10.005767822265625,"z":-6.5667266845703125,"roomId":5555}
{"type":"gyro","timestamp":1531636315767,"x":-0.886962890625,"y":-8.203781127929688,"z":-0.787261962890625,"roomId":5555}
{"type":"accel","timestamp":1531636315775,"x":1.151458740234375,"y":8.991378784179688,"z":-6.75482177734375,"roomId":5555}
{"type":"gyro","timestamp":1531636315777,"x":-1.1404876708984375,"y":-7.7833709716796875,"z":-0.502166748046875,"roomId":5555}
{"type":"accel","timestamp":1531636315785,"x":1.2582855224609375,"y":8.345718383789062,"z":-6.7800140380859375,"roomId":5555}
{"type":"gyro","timestamp":1531636315795,"x":-1.7452239990234375,"y":-7.1929168701171875,"z":0.1044769287109375,"roomId":5555}
{"type":"accel","timestamp":1531636315803,"x":2.0591278076171875,"y":7.1856842041015625,"z":-4.9885711669921875,"roomId":5555}
{"type":"gyro","timestamp":1531636315806,"x":-1.9380950927734375,"y":-7.2213897705078125,"z":0.2275238037109375,"roomId":5555}
{"type":"accel","timestamp":1531636315813,"x":2.9620361328125,"y":6.8323211669921875,"z":-4.2160797119140625,"roomId":5555}
{"type":"gyro","timestamp":1531636315822,"x":-2.020599365234375,"y":-7.7891693115234375,"z":0.06787109375,"roomId":5555}
{"type":"accel","timestamp":1531636315832,"x":3.3017578125,"y":6.5283203125,"z":-2.9755706787109375,"roomId":5555}
{"type":"gyro","timestamp":1531636315833,"x":-1.940521240234375,"y":-7.959014892578125,"z":-0.1269989013671875,"roomId":5555}
{"type":"accel","timestamp":1531636315843,"x":2.7880706787109375,"y":5.94964599609375,"z":-4.045654296875,"roomId":5555}
{"type":"gyro","timestamp":1531636315844,"x":-1.8388671875,"y":-7.8705902099609375,"z":-0.2623138427734375,"roomId":5555}
{"type":"accel","timestamp":1531636315853,"x":2.52569580078125,"y":5.445343017578125,"z":-6.2332611083984375,"roomId":5555}
{"type":"gyro","timestamp":1531636315855,"x":-1.852447509765625,"y":-7.747589111328125,"z":-0.30419921875,"roomId":5555}
{"type":"accel","timestamp":1531636315872,"x":4.1229095458984375,"y":5.2868194580078125,"z":-8.597457885742188,"roomId":5555}
{"type":"gyro","timestamp":1531636315873,"x":-2.4992523193359375,