{"type":"gyro","timestamp":1531636270196,"x":0.0469970703125,"y":0.271881103515625,"z":0.542236328125,"roomId":5555}
{"type":"accel","timestamp":1531636270213,"x":6.239837646484375,"y":5.330291748046875,"z":-5.1524810791015625,"roomId":5555}
{"type":"gyro","timestamp":1531636270214,"x":0.086456298828125,"y":0.271087646484375,"z":0.3087921142578125,"roomId":5555}
{"type":"accel","timestamp":1531636270223,"x":6.3449249267578125,"y":5.40301513671875,"z":-5.9788055419921875,"roomId":5555}
{"type":"gyro","timestamp":1531636270224,"x":0.1353302001953125,"y":0.1695556640625,"z":0.126678466796875,"roomId":5555}
{"type":"accel","timestamp":1531636270243,"x":5.9965057373046875,"y":5.90411376953125,"z":-6.78729248046875,"roomId":5555}
{"type":"gyro","timestamp":1531636270245,"x":0.1107940673828125,"y":-0.0286407470703125,"z":-0.0812225341796875,"roomId":5555}
{"type":"accel","timestamp":1531636270253,"x":6.0392608642578125,"y":6.28240966796875,"z":-6.6494598388671875,"roomId":5555}
{"type":"gyro","timestamp":1531636270254,"x":0.07183837890625,"y":-0.043243408203125,"z":-0.1064605712890625,"roomId":5555}
{"type":"accel","timestamp":1531636270263,"x":6.08544921875,"y":6.789093017578125,"z":-6.537200927734375,"roomId":5555}
{"type":"gyro","timestamp":1531636270264,"x":0.0413055419921875,"y":-0.004058837890625,"z":-0.1337127685546875,"roomId":5555}
{"type":"accel","timestamp":1531636270281,"x":5.9014892578125,"y":7.557342529296875,"z":-6.5285186767578125,"roomId":5555}
{"type":"gyro","timestamp":1531636270282,"x":0.006683349609375,"y":0.06121826171875,"z":-0.223114013671875,"roomId":5555}
{"type":"accel","timestamp":1531636270292,"x":5.8097686767578125,"y":7.8129425048828125,"z":-7.1856231689453125,"roomId":5555}
{"type":"gyro","timestamp":1531636270293,"x":-0.031005859375,"y":0.1663055419921875,"z":-0.2686614990234375,"roomId":5555}
{"type":"accel","timestamp":1531636270303,"x":5.5555572509765625,"y":7.9979400634765625,"z":-7.758880615234375,"roomId":5555}
{"type":"gyro","timestamp":1531636270304,"x":-0.1181640625,"y":0.270263671875,"z":-0.3172607421875,"roomId":5555}
{"type":"accel","timestamp":1531636270321,"x":5.6871185302734375,"y":8.234878540039062,"z":-7.2664337158203125,"roomId":5555}
{"type":"gyro","timestamp":1531636270322,"x":-0.3052825927734375,"y":0.4338531494140625,"z":-0.3846588134765625,"roomId":5555}
{"type":"accel","timestamp":1531636270340,"x":6.653472900390625,"y":8.592742919921875,"z":-6.5808258056640625,"roomId":5555}
{"type":"gyro","timestamp":1531636270341,"x":-0.2443084716796875,"y":0.97174072265625,"z":-0.3328094482421875,"roomId":5555}
{"type":"accel","timestamp":1531636270350,"x":7.77471923828125,"y":8.809402465820312,"z":-6.625885009765625,"roomId":5555}
{"type":"gyro","timestamp":1531636270351,"x":-0.1476593017578125,"y":1.4235687255859375,"z":-0.31353759765625,"roomId":5555}
{"type":"accel","timestamp":1531636270361,"x":8.3824462890625,"y":8.940887451171875,"z":-7.569122314453125,"roomId":5555}
{"type":"gyro","timestamp":1531636270362,"x":-0.0654754638671875,"y":2.041107177734375,"z":-0.357666015625,"roomId":5555}
{"type":"accel","timestamp":1531636270381,"x":6.02532958984375,"y":7.8374176025390625,"z":-9.467361450195312,"roomId":5555}
{"type":"gyro","timestamp":1531636270382,"x":-0.196197509765625,"y":3.29473876953125,"z":-0.407562255859375,"roomId":5555}
{"type":"accel","timestamp":1531636270392,"x":5.3527069091796875,"y":7.0711822509765625,"z":-8.453628540039062,"roomId":5555}
{"type":"gyro","timestamp":1531636270393,"x":-0.3713531494140625,"y":3.671783447265625,"z":-0.31573486328125,"roomId":5555}
{"type":"accel","timestamp":1531636270411,"x":5.4968719482421875,"y":5.89019775390625,"z":-4.2393798828125,"roomId":5555}
{"type":"gyro","timestamp":1531636270412,"x":-0.4957275390625,"y":4.3566741943359375,"z":-0.0412445068359375,"roomId":5555}
{"type":"accel","timestamp":1531636270421,"x":5.68438720703125,"y":5.1032562255859375,"z":-2.7227325439453125,"roomId":5555}
{"type":"gyro","timestamp":1531636270423,"x":-0.34039306640625,"y":4.7750701904296875,"z":0.09783935546875,"roomId":5555}
{"type":"accel","timestamp":1531636270431,"x":5.81744384765625,"y":4.2110137939453125,"z":-1.6304779052734375,"roomId":5555}
{"type":"accel","timestamp":1531636270441,"x":6.407501220703125,"y":3.5316619873046875,"z":-0.935089111328125,"roomId":5555}
{"type":"gyro","timestamp":1531636270442,"x":0.2904815673828125,"y":5.620513916015625,"z":0.4427490234375,"roomId":5555}
{"type":"accel","timestamp":1531636270460,"x":7.3096923828125,"y":2.7551116943359375,"z":-0.16741943359375,"roomId":5555}
{"type":"gyro","timestamp":1531636270461,"x":1.0507049560546875,"y":6.5638580322265625,"z":0.821136474609375,"roomId":5555}
{"type":"accel","timestamp":1531636270470,"x":8.051773071289062,"y":2.23846435546875,"z":0.1555633544921875,"roomId":5555}
{"type":"gyro","timestamp":1531636270471,"x":1.37176513671875,"y":7.17181396484375,"z":1.062347412109375,"roomId":5555}
{"type":"accel","timestamp":1531636270481,"x":8.861129760742188,"y":1.77728271484375,"z":0.319366455078125,"roomId":5555}
{"type":"gyro","timestamp":1531636270481,"x":1.6072540283203125,"y":7.9268951416015625,"z":1.31884765625,"roomId":5555}
{"type":"accel","timestamp":1531636270491,"x":9.2054443359375,"y":1.38250732421875,"z":0.4893798828125,"roomId":5555}
{"type":"gyro","timestamp":1531636270493,"x":1.7634429931640625,"y":8.677398681640625,"z":1.5510101318359375,"roomId":5555}
{"type":"accel","timestamp":1531636270511,"x":9.433990478515625,"y":0.84063720703125,"z":0.1385650634765625,"roomId":5555}
{"type":"gyro","timestamp":1531636270513,"x":2.03131103515625,"y":9.326736450195312,"z":1.8878936767578125,"roomId":5555}
{"type":"accel","timestamp":1531636270531,"x":9.885635375976562,"y":1.6221771240234375,"z":-0.7182159423828125,"roomId":5555}
{"type":"gyro","timestamp":1531636270532,"x":2.2271728515625,"y":8.50701904296875,"z":1.809478759765625,"roomId":5555}
{"type":"accel","timestamp":1531636270541,"x":10.0987548828125,"y":2.0563812255859375,"z":-0.6706390380859375,"roomId":5555}
{"type":"gyro","timestamp":1531636270543,"x":2.2326507568359375,"y":7.7030181884765625,"z":1.53863525390625,"roomId":5555}
{"type":"accel","timestamp":1531636270552,"x":10.1517333984375,"y":2.3823394775390625,"z":-0.127197265625,"roomId":5555}
{"type":"gyro","timestamp":1531636270553,"x":2.1852569580078125,"y":6.771514892578125,"z":1.1055145263671875,"roomId":5555}
{"type":"accel","timestamp":1531636270570,"x":8.790695190429688,"y":2.3773040771484375,"z":2.004913330078125,"roomId":5555}
{"type":"gyro","timestamp":1531636270570,"x":2.087158203125,"y":5.0422821044921875,"z":0.0294189453125,"roomId":5555}
{"type":"accel","timestamp":1531636270589,"x":6.43524169921875,"y":1.6907958984375,"z":3.1483306884765625,"roomId":5555}
{"type":"gyro","timestamp":1531636270590,"x":2.13397216796875,"y":3.9394378662109375,"z":-0.79156494140625,"roomId":5555}
{"type":"accel","timestamp":1531636270600,"x":4.5648956298828125,"y":1.436553955078125,"z":2.595123291015625,"roomId":5555}
{"type":"gyro","timestamp":1531636270601,"x":2.1914215087890625,"y":3.4313201904296875,"z":-0.92974853515625,"roomId":5555}
{"type":"accel","timestamp":1531636270611,"x":3.337158203125,"y":1.5508880615234375,"z":1.9209747314453125,"roomId":5555}
{"type":"gyro","timestamp":1531636270613,"x":2.20196533203125,"y":2.8023529052734375,"z":-0.8404083251953125,"roomId":5555}
{"type":"accel","timestamp":1531636270630,"x":3.3928375244140625,"y":3.081268310546875,"z":0.9918975830078125,"roomId":5555}
{"type":"gyro","timestamp":1531636270631,"x":2.01910400390625,"y":1.5917510986328125,"z":-0.4216156005859375,"roomId":5555}
{"type":"accel","timestamp":1531636270651,"x":5.0208740234375,"y":4.438201904296875,"z":1.3639068603515625,"roomId":5555}
{"type":"gyro","timestamp":1531636270652,"x":1.5878143310546875,"y":1.149810791015625,"z":-0.2244110107421875,"roomId":5555}
{"type":"accel","timestamp":1531636270671,"x":5.4795989990234375,"y":4.3721771240234375,"z":1.6002197265625,