{"type":"gyro","timestamp":1531636286354,"x":-0.019927978515625,"y":0.6295928955078125,"z":0.4715423583984375,"roomId":5555}
{"type":"accel","timestamp":1531636286363,"x":0.812255859375,"y":7.525054931640625,"z":-7.3446502685546875,"roomId":5555}
{"type":"gyro","timestamp":1531636286372,"x":0.0261993408203125,"y":1.0653228759765625,"z":0.4054107666015625,"roomId":5555}
{"type":"accel","timestamp":1531636286382,"x":2.446044921875,"y":8.582199096679688,"z":-7.90179443359375,"roomId":5555}
{"type":"gyro","timestamp":1531636286383,"x":-0.0035247802734375,"y":1.3541107177734375,"z":0.2847747802734375,"roomId":5555}
{"type":"accel","timestamp":1531636286392,"x":2.5321807861328125,"y":8.890640258789062,"z":-8.138381958007812,"roomId":5555}
{"type":"accel","timestamp":1531636286402,"x":2.2078704833984375,"y":8.976898193359375,"z":-8.196243286132812,"roomId":5555}
{"type":"gyro","timestamp":1531636286404,"x":-0.2172393798828125,"y":2.0178985595703125,"z":-0.127960205078125,"roomId":5555}
{"type":"accel","timestamp":1531636286412,"x":1.6974029541015625,"y":8.816696166992188,"z":-8.00262451171875,"roomId":5555}
{"type":"accel","timestamp":1531636286423,"x":1.1603546142578125,"y":8.275909423828125,"z":-7.5629730224609375,"roomId":5555}
{"type":"gyro","timestamp":1531636286424,"x":-0.4791107177734375,"y":2.791229248046875,"z":-0.3616180419921875,"roomId":5555}
{"type":"accel","timestamp":1531636286433,"x":1.3149566650390625,"y":7.50567626953125,"z":-6.91827392578125,"roomId":5555}
{"type":"gyro","timestamp":1531636286434,"x":-0.5072174072265625,"y":3.19122314453125,"z":-0.3275299072265625,"roomId":5555}
{"type":"accel","timestamp":1531636286452,"x":2.6617279052734375,"y":6.6632843017578125,"z":-5.6293487548828125,"roomId":5555}
{"type":"gyro","timestamp":1531636286453,"x":-0.231842041015625,"y":3.875335693359375,"z":-0.275390625,"roomId":5555}
{"type":"accel","timestamp":1531636286462,"x":3.6070709228515625,"y":6.4387359619140625,"z":-5.1513214111328125,"roomId":5555}
{"type":"gyro","timestamp":1531636286464,"x":0.036529541015625,"y":4.2167205810546875,"z":-0.317535400390625,"roomId":5555}
{"type":"accel","timestamp":1531636286474,"x":4.5892181396484375,"y":5.9989776611328125,"z":-4.889923095703125,"roomId":5555}
{"type":"gyro","timestamp":1531636286476,"x":0.3418426513671875,"y":4.534759521484375,"z":-0.425689697265625,"roomId":5555}
{"type":"accel","timestamp":1531636286491,"x":5.736358642578125,"y":4.4759674072265625,"z":-5.2365875244140625,"roomId":5555}
{"type":"gyro","timestamp":1531636286492,"x":0.9766387939453125,"y":4.9078369140625,"z":-0.816650390625,"roomId":5555}
{"type":"accel","timestamp":1531636286501,"x":6.694549560546875,"y":3.996978759765625,"z":-6.2779693603515625,"roomId":5555}
{"type":"gyro","timestamp":1531636286502,"x":1.2627105712890625,"y":4.9589080810546875,"z":-1.0297393798828125,"roomId":5555}
{"type":"accel","timestamp":1531636286511,"x":6.85040283203125,"y":3.95068359375,"z":-8.156356811523438,"roomId":5555}
{"type":"gyro","timestamp":1531636286512,"x":1.4394073486328125,"y":5.0190277099609375,"z":-1.2345428466796875,"roomId":5555}
{"type":"accel","timestamp":1531636286521,"x":6.629180908203125,"y":3.96875,"z":-9.62872314453125,"roomId":5555}
{"type":"gyro","timestamp":1531636286522,"x":1.4122161865234375,"y":5.1327362060546875,"z":-1.3809661865234375,"roomId":5555}
{"type":"accel","timestamp":1531636286532,"x":6.58258056640625,"y":3.9717559814453125,"z":-10.143051147460938,"roomId":5555}
{"type":"gyro","timestamp":1531636286533,"x":1.171417236328125,"y":5.28839111328125,"z":-1.4720916748046875,"roomId":5555}
{"type":"accel","timestamp":1531636286542,"x":6.51702880859375,"y":4.01416015625,"z":-9.501937866210938,"roomId":5555}
{"type":"gyro","timestamp":1531636286544,"x":0.7802581787109375,"y":5.43939208984375,"z":-1.5424346923828125,"roomId":5555}
{"type":"accel","timestamp":1531636286552,"x":6.076995849609375,"y":3.93328857421875,"z":-7.888336181640625,"roomId":5555}
{"type":"accel","timestamp":1531636286562,"x":5.17626953125,"y":3.644683837890625,"z":-6.188751220703125,"roomId":5555}
{"type":"gyro","timestamp":1531636286563,"x":0.0404510498046875,"y":5.531280517578125,"z":-1.59539794921875,"roomId":5555}
{"type":"accel","timestamp":1531636286581,"x":4.2588653564453125,"y":3.2474517822265625,"z":-4.5011138916015625,"roomId":5555}
{"type":"gyro","timestamp":1531636286583,"x":-0.1136627197265625,"y":5.0213775634765625,"z":-1.3564605712890625,"roomId":5555}
{"type":"accel","timestamp":1531636286592,"x":4.3386383056640625,"y":3.4293975830078125,"z":-4.50079345703125,"roomId":5555}
{"type":"gyro","timestamp":1531636286593,"x":-0.0329742431640625,"y":4.4133453369140625,"z":-1.1553192138671875,"roomId":5555}
{"type":"accel","timestamp":1531636286611,"x":5.231842041015625,"y":4.543121337890625,"z":-5.2667694091796875,"roomId":5555}
{"type":"gyro","timestamp":1531636286612,"x":0.0061492919921875,"y":2.978912353515625,"z":-0.750823974609375,"roomId":5555}
{"type":"accel","timestamp":1531636286633,"x":6.90423583984375,"y":5.54931640625,"z":-4.170928955078125,"roomId":5555}
{"type":"gyro","timestamp":1531636286634,"x":-0.44915771484375,"y":2.1952667236328125,"z":-0.6634521484375,"roomId":5555}
{"type":"accel","timestamp":1531636286652,"x":6.0521087646484375,"y":4.9938507080078125,"z":-2.49249267578125,"roomId":5555}
{"type":"gyro","timestamp":1531636286654,"x":-0.9652099609375,"y":2.2231292724609375,"z":-0.853057861328125,"roomId":5555}
{"type":"accel","timestamp":1531636286662,"x":5.4696044921875,"y":4.52410888671875,"z":-1.8507537841796875,"roomId":5555}
{"type":"gyro","timestamp":1531636286663,"x":-1.1233673095703125,"y":2.3002471923828125,"z":-0.8531494140625,"roomId":5555}
{"type":"accel","timestamp":1531636286680,"x":5.572998046875,"y":4.386077880859375,"z":-1.0523529052734375,"roomId":5555}
{"type":"gyro","timestamp":1531636286681,"x":-1.1428680419921875,"y":2.3271484375,"z":-0.7079315185546875,"roomId":5555}
{"type":"accel","timestamp":1531636286691,"x":5.5686187744140625,"y":4.53240966796875,"z":-1.1289825439453125,"roomId":5555}
{"type":"gyro","timestamp":1531636286693,"x":-1.0543365478515625,"y":2.26617431640625,"z":-0.6391143798828125,"roomId":5555}
{"type":"accel","timestamp":1531636286703,"x":5.5186309814453125,"y":4.658599853515625,"z":-1.1016082763671875,"roomId":5555}
{"type":"gyro","timestamp":1531636286704,"x":-0.9735870361328125,"y":2.13067626953125,"z":-0.5697021484375,"roomId":5555}
{"type":"accel","timestamp":1531636286719,"x":5.3875732421875,"y":4.9884033203125,"z":-0.703521728515625,"roomId":5555}
{"type":"gyro","timestamp":1531636286720,"x":-0.8771209716796875,"y":2.06378173828125,"z":-0.4810028076171875,"roomId":5555}
{"type":"accel","timestamp":1531636286729,"x":5.03564453125,"y":5.1173553466796875,"z":-0.69171142578125,"roomId":5555}
{"type":"gyro","timestamp":1531636286730,"x":-0.8605804443359375,"y":2.212493896484375,"z":-0.417724609375,"roomId":5555}
{"type":"accel","timestamp":1531636286739,"x":4.7614288330078125,"y":5.18780517578125,"z":-0.9243011474609375,"roomId":5555}
{"type":"gyro","timestamp":1531636286740,"x":-0.8839874267578125,"y":2.363128662109375,"z":-0.313507080078125,"roomId":5555}
{"type":"accel","timestamp":1531636286750,"x":4.852874755859375,"y":5.334930419921875,"z":-1.0031280517578125,"roomId":5555}
{"type":"gyro","timestamp":1531636286751,"x":-0.941192626953125,"y":2.43634033203125,"z":-0.1963958740234375,"roomId":5555}
{"type":"accel","timestamp":1531636286760,"x":5.1683502197265625,"y":5.59466552734375,"z":-0.6785888671875,"roomId":5555}
{"type":"gyro","timestamp":1531636286761,"x":-0.9968719482421875,"y":2.4254608154296875,"z":-0.1155242919921875,"roomId":5555}
{"type":"accel","timestamp":1531636286770,"x":5.4149322509765625,"y":5.8648834228515625,"z":-0.2263336181640625,"roomId":5555}
{"type":"gyro","timestamp":1531636286771,"x":-1.01397705078125,"y":2.3831939697265625,"z":-0.0985107421875,"roomId":5555}
{"type":"accel","timestamp":1531636286790,"x":5.1330413818359375,