{"type":"accel","timestamp":1531636204170,"x":4.2585601806640625,"y":6.8109893798828125,"z":3.2619171142578125,"roomId":5555}
{"type":"gyro","timestamp":1531636204171,"x":0.2686614990234375,"y":-0.1816558837890625,"z":-0.0540313720703125,"roomId":5555}
{"type":"accel","timestamp":1531636204180,"x":4.4297027587890625,"y":6.9455413818359375,"z":3.0513763427734375,"roomId":5555}
{"type":"gyro","timestamp":1531636204181,"x":0.2054595947265625,"y":-0.2555999755859375,"z":-0.123687744140625,"roomId":5555}
{"type":"accel","timestamp":1531636204190,"x":4.1875762939453125,"y":6.586181640625,"z":3.4001617431640625,"roomId":5555}
{"type":"gyro","timestamp":1531636204191,"x":0.092559814453125,"y":-0.2118377685546875,"z":-0.1879425048828125,"roomId":5555}
{"type":"accel","timestamp":1531636204201,"x":3.8561553955078125,"y":6.0137176513671875,"z":4.21551513671875,"roomId":5555}
{"type":"gyro","timestamp":1531636204203,"x":-0.0156402587890625,"y":-0.1288299560546875,"z":-0.2083892822265625,"roomId":5555}
{"type":"accel","timestamp":1531636204219,"x":3.8722381591796875,"y":5.4718170166015625,"z":5.46929931640625,"roomId":5555}
{"type":"gyro","timestamp":1531636204220,"x":-0.0127105712890625,"y":-0.11297607421875,"z":-0.12969970703125,"roomId":5555}
{"type":"accel","timestamp":1531636204231,"x":4.2635498046875,"y":5.532928466796875,"z":5.447509765625,"roomId":5555}
{"type":"gyro","timestamp":1531636204233,"x":0.0665740966796875,"y":-0.1594085693359375,"z":-0.081451416015625,"roomId":5555}
{"type":"accel","timestamp":1531636204241,"x":5.006805419921875,"y":5.7083740234375,"z":5.354095458984375,"roomId":5555}
{"type":"gyro","timestamp":1531636204243,"x":0.13775634765625,"y":-0.2220916748046875,"z":-0.04632568359375,"roomId":5555}
{"type":"accel","timestamp":1531636204251,"x":5.8705596923828125,"y":5.9565887451171875,"z":5.1589813232421875,"roomId":5555}
{"type":"gyro","timestamp":1531636204254,"x":0.1877593994140625,"y":-0.2672271728515625,"z":-0.045654296875,"roomId":5555}
{"type":"accel","timestamp":1531636204261,"x":6.5501251220703125,"y":6.01043701171875,"z":4.7572174072265625,"roomId":5555}
{"type":"gyro","timestamp":1531636204263,"x":0.2073974609375,"y":-0.2703094482421875,"z":-0.0821990966796875,"roomId":5555}
{"type":"accel","timestamp":1531636204271,"x":7.022674560546875,"y":5.95196533203125,"z":4.3211669921875,"roomId":5555}
{"type":"gyro","timestamp":1531636204280,"x":0.12847900390625,"y":-0.2862701416015625,"z":-0.198760986328125,"roomId":5555}
{"type":"accel","timestamp":1531636204290,"x":7.6834869384765625,"y":5.809356689453125,"z":3.5008087158203125,"roomId":5555}
{"type":"gyro","timestamp":1531636204292,"x":0.047210693359375,"y":-0.422943115234375,"z":-0.272918701171875,"roomId":5555}
{"type":"accel","timestamp":1531636204304,"x":7.536468505859375,"y":5.5960845947265625,"z":3.2628936767578125,"roomId":5555}
{"type":"gyro","timestamp":1531636204306,"x":-0.042022705078125,"y":-0.6951141357421875,"z":-0.3544158935546875,"roomId":5555}
{"type":"accel","timestamp":1531636204319,"x":7.0408935546875,"y":4.7266082763671875,"z":2.42340087890625,"roomId":5555}
{"type":"gyro","timestamp":1531636204320,"x":-0.2011566162109375,"y":-1.597442626953125,"z":-0.4064788818359375,"roomId":5555}
{"type":"accel","timestamp":1531636204329,"x":8.6689453125,"y":4.5691375732421875,"z":2.6258087158203125,"roomId":5555}
{"type":"gyro","timestamp":1531636204338,"x":-0.290130615234375,"y":-3.2410125732421875,"z":-0.5119171142578125,"roomId":5555}
{"type":"accel","timestamp":1531636204348,"x":12.610763549804688,"y":4.6786346435546875,"z":2.7092132568359375,"roomId":5555}
{"type":"gyro","timestamp":1531636204349,"x":-0.3111114501953125,"y":-3.99847412109375,"z":-0.7801666259765625,"roomId":5555}
{"type":"accel","timestamp":1531636204359,"x":12.711669921875,"y":4.0993804931640625,"z":2.5831756591796875,"roomId":5555}
{"type":"gyro","timestamp":1531636204359,"x":-0.3789825439453125,"y":-4.683990478515625,"z":-1.1280670166015625,"roomId":5555}
{"type":"accel","timestamp":1531636204369,"x":12.49066162109375,"y":3.1925811767578125,"z":2.632415771484375,"roomId":5555}
{"type":"gyro","timestamp":1531636204370,"x":-0.4603271484375,"y":-5.31085205078125,"z":-1.4286651611328125,"roomId":5555}
{"type":"accel","timestamp":1531636204379,"x":12.126129150390625,"y":2.73638916015625,"z":1.9170684814453125,"roomId":5555}
{"type":"gyro","timestamp":1531636204380,"x":-0.513214111328125,"y":-5.8791046142578125,"z":-1.657501220703125,"roomId":5555}
{"type":"accel","timestamp":1531636204389,"x":11.794082641601562,"y":2.7991790771484375,"z":0.239898681640625,"roomId":5555}
{"type":"gyro","timestamp":1531636204390,"x":-0.563873291015625,"y":-6.471954345703125,"z":-1.854949951171875,"roomId":5555}
{"type":"accel","timestamp":1531636204399,"x":11.957290649414062,"y":3.1580047607421875,"z":-2.0755767822265625,"roomId":5555}
{"type":"gyro","timestamp":1531636204400,"x":-0.6760406494140625,"y":-7.182159423828125,"z":-2.0619049072265625,"roomId":5555}
{"type":"accel","timestamp":1531636204409,"x":12.61474609375,"y":3.857513427734375,"z":-4.5613250732421875,"roomId":5555}
{"type":"gyro","timestamp":1531636204410,"x":-0.8911590576171875,"y":-8.106460571289062,"z":-2.3267974853515625,"roomId":5555}
{"type":"accel","timestamp":1531636204427,"x":14.511566162109375,"y":4.1205291748046875,"z":-6.9959564208984375,"roomId":5555}
{"type":"gyro","timestamp":1531636204428,"x":-1.5523681640625,"y":-10.707901000976562,"z":-3.138153076171875,"roomId":5555}
{"type":"accel","timestamp":1531636204438,"x":15.362075805664062,"y":3.8409271240234375,"z":-6.51904296875,"roomId":5555}
{"type":"gyro","timestamp":1531636204439,"x":-1.8207550048828125,"y":-12.21112060546875,"z":-3.63629150390625,"roomId":5555}
{"type":"accel","timestamp":1531636204448,"x":15.75128173828125,"y":3.5494842529296875,"z":-6.035369873046875,"roomId":5555}
{"type":"gyro","timestamp":1531636204449,"x":-1.956787109375,"y":-13.565658569335938,"z":-4.1356658935546875,"roomId":5555}
{"type":"accel","timestamp":1531636204458,"x":15.463134765625,"y":3.4818572998046875,"z":-5.9564361572265625,"roomId":5555}
{"type":"gyro","timestamp":1531636204460,"x":-2.0297698974609375,"y":-14.665603637695312,"z":-4.6004486083984375,"roomId":5555}
{"type":"accel","timestamp":1531636204470,"x":14.420333862304688,"y":3.3489532470703125,"z":-5.9146728515625,"roomId":5555}
{"type":"gyro","timestamp":1531636204472,"x":-2.1286773681640625,"y":-15.517120361328125,"z":-4.9651641845703125,"roomId":5555}
{"type":"accel","timestamp":1531636204488,"x":12.462188720703125,"y":2.6432342529296875,"z":-5.706634521484375,"roomId":5555}
{"type":"gyro","timestamp":1531636204489,"x":-2.6464385986328125,"y":-16.017227172851562,"z":-5.0471954345703125,"roomId":5555}
{"type":"accel","timestamp":1531636204508,"x":15.8983154296875,"y":1.6284332275390625,"z":-0.87579345703125,"roomId":5555}
{"type":"gyro","timestamp":1531636204509,"x":-3.8953399658203125,"y":-14.637786865234375,"z":-4.6247406005859375,"roomId":5555}
{"type":"accel","timestamp":1531636204520,"x":17.89117431640625,"y":1.0213775634765625,"z":7.025665283203125,"roomId":5555}
{"type":"gyro","timestamp":1531636204521,"x":-4.5373687744140625,"y":-12.91473388671875,"z":-4.507843017578125,"roomId":5555}
{"type":"accel","timestamp":1531636204539,"x":9.560531616210938,"y":0.841827392578125,"z":24.693359375,"roomId":5555}
{"type":"gyro","timestamp":1531636204541,"x":-4.517578125,"y":-7.597747802734375,"z":-4.4439697265625,"roomId":5555}
{"type":"accel","timestamp":1531636204549,"x":2.465179443359375,"y":1.9625701904296875,"z":32.37013244628906,"roomId":5555}
{"type":"gyro","timestamp":1531636204551,"x":-3.624725341796875,"y":-5.17950439453125,"z":-4.015960693359375,"roomId":5555}
{"type":"accel","timestamp":1531636204563,"x":-3.174560546875,"y":3.6670379638671875,"z":36.21769714355469,"roomId":5555}
{"type":"gyro","timestamp":1531636204564,"x":-2.1890411376953125,"y":-3.6031494140625,"z":-3.2164764404296875,"roomId":5555}
{"type":"accel",