{"type":"accel","timestamp":1531636274840,"x":-1.126800537109375,"y":6.5138397216796875,"z":-6.6033935546875,"roomId":5555}
{"type":"accel","timestamp":1531636274850,"x":-0.894500732421875,"y":6.7624053955078125,"z":-6.904052734375,"roomId":5555}
{"type":"gyro","timestamp":1531636274851,"x":-0.142425537109375,"y":0.0153045654296875,"z":0.0969085693359375,"roomId":5555}
{"type":"accel","timestamp":1531636274860,"x":-0.5420074462890625,"y":6.8919830322265625,"z":-6.9846649169921875,"roomId":5555}
{"type":"accel","timestamp":1531636274870,"x":0.0045928955078125,"y":6.9814910888671875,"z":-7.0201416015625,"roomId":5555}
{"type":"gyro","timestamp":1531636274871,"x":-0.1721649169921875,"y":0.2812042236328125,"z":0.2760772705078125,"roomId":5555}
{"type":"accel","timestamp":1531636274880,"x":0.7576446533203125,"y":7.264007568359375,"z":-7.024993896484375,"roomId":5555}
{"type":"accel","timestamp":1531636274891,"x":1.6642913818359375,"y":7.72344970703125,"z":-6.8987274169921875,"roomId":5555}
{"type":"gyro","timestamp":1531636274893,"x":-0.135223388671875,"y":0.68304443359375,"z":0.35662841796875,"roomId":5555}
{"type":"accel","timestamp":1531636274911,"x":3.8918304443359375,"y":8.479965209960938,"z":-6.898681640625,"roomId":5555}
{"type":"gyro","timestamp":1531636274912,"x":-0.1051025390625,"y":1.3190765380859375,"z":0.16845703125,"roomId":5555}
{"type":"accel","timestamp":1531636274921,"x":3.497802734375,"y":8.40869140625,"z":-7.0851898193359375,"roomId":5555}
{"type":"accel","timestamp":1531636274931,"x":2.4471893310546875,"y":8.1231689453125,"z":-7.144683837890625,"roomId":5555}
{"type":"gyro","timestamp":1531636274933,"x":-0.111846923828125,"y":1.696990966796875,"z":-0.02777099609375,"roomId":5555}
{"type":"accel","timestamp":1531636274941,"x":1.87945556640625,"y":7.7810821533203125,"z":-6.61322021484375,"roomId":5555}
{"type":"accel","timestamp":1531636274952,"x":1.5141754150390625,"y":7.2694091796875,"z":-5.7879791259765625,"roomId":5555}
{"type":"gyro","timestamp":1531636274953,"x":-0.145172119140625,"y":2.4526214599609375,"z":-0.0914154052734375,"roomId":5555}
{"type":"accel","timestamp":1531636274970,"x":1.351165771484375,"y":6.12646484375,"z":-4.8726348876953125,"roomId":5555}
{"type":"gyro","timestamp":1531636274971,"x":0.0885772705078125,"y":3.56048583984375,"z":0.34417724609375,"roomId":5555}
{"type":"accel","timestamp":1531636274980,"x":1.7827911376953125,"y":5.885650634765625,"z":-4.7840728759765625,"roomId":5555}
{"type":"accel","timestamp":1531636274990,"x":2.2228240966796875,"y":6.6628875732421875,"z":-5.3860321044921875,"roomId":5555}
{"type":"gyro","timestamp":1531636274991,"x":0.5825042724609375,"y":5.0164031982421875,"z":1.07904052734375,"roomId":5555}
{"type":"accel","timestamp":1531636275000,"x":3.0087127685546875,"y":7.273406982421875,"z":-6.0995330810546875,"roomId":5555}
{"type":"gyro","timestamp":1531636275002,"x":0.80670166015625,"y":5.644500732421875,"z":1.4417724609375,"roomId":5555}
{"type":"accel","timestamp":1531636275010,"x":4.21600341796875,"y":7.0412445068359375,"z":-5.6507720947265625,"roomId":5555}
{"type":"gyro","timestamp":1531636275013,"x":0.8428497314453125,"y":6.10711669921875,"z":1.702484130859375,"roomId":5555}
{"type":"accel","timestamp":1531636275021,"x":5.583343505859375,"y":5.66351318359375,"z":-4.3183441162109375,"roomId":5555}
{"type":"accel","timestamp":1531636275031,"x":6.912109375,"y":4.0190887451171875,"z":-3.74432373046875,"roomId":5555}
{"type":"gyro","timestamp":1531636275031,"x":0.677459716796875,"y":6.9356689453125,"z":1.648712158203125,"roomId":5555}
{"type":"accel","timestamp":1531636275051,"x":7.3712310791015625,"y":2.9610595703125,"z":-6.0064849853515625,"roomId":5555}
{"type":"gyro","timestamp":1531636275053,"x":1.318328857421875,"y":7.689178466796875,"z":1.4655609130859375,"roomId":5555}
{"type":"accel","timestamp":1531636275071,"x":9.56268310546875,"y":2.327606201171875,"z":-7.19610595703125,"roomId":5555}
{"type":"gyro","timestamp":1531636275073,"x":1.8754119873046875,"y":8.12493896484375,"z":1.90118408203125,"roomId":5555}
{"type":"accel","timestamp":1531636275090,"x":9.69244384765625,"y":2.083709716796875,"z":-5.153472900390625,"roomId":5555}
{"type":"gyro","timestamp":1531636275092,"x":1.7830047607421875,"y":8.269668579101562,"z":1.8347625732421875,"roomId":5555}
{"type":"accel","timestamp":1531636275110,"x":9.714019775390625,"y":2.137115478515625,"z":-2.08642578125,"roomId":5555}
{"type":"gyro","timestamp":1531636275112,"x":1.8010406494140625,"y":7.769744873046875,"z":1.413787841796875,"roomId":5555}
{"type":"accel","timestamp":1531636275120,"x":10.314361572265625,"y":1.9829559326171875,"z":-1.32635498046875,"roomId":5555}
{"type":"accel","timestamp":1531636275130,"x":11.380218505859375,"y":1.75384521484375,"z":-0.5101165771484375,"roomId":5555}
{"type":"gyro","timestamp":1531636275131,"x":2.0446929931640625,"y":6.4204254150390625,"z":0.9540252685546875,"roomId":5555}
{"type":"accel","timestamp":1531636275148,"x":9.946304321289062,"y":0.812591552734375,"z":0.48052978515625,"roomId":5555}
{"type":"gyro","timestamp":1531636275149,"x":1.8789825439453125,"y":4.7105712890625,"z":0.205322265625,"roomId":5555}
{"type":"accel","timestamp":1531636275159,"x":9.457611083984375,"y":0.28216552734375,"z":0.189727783203125,"roomId":5555}
{"type":"gyro","timestamp":1531636275160,"x":1.7884063720703125,"y":4.3954925537109375,"z":-0.123046875,"roomId":5555}
{"type":"accel","timestamp":1531636275170,"x":8.761383056640625,"y":0.10076904296875,"z":-0.724273681640625,"roomId":5555}
{"type":"gyro","timestamp":1531636275171,"x":1.836029052734375,"y":4.121826171875,"z":-0.3451690673828125,"roomId":5555}
{"type":"gyro","timestamp":1531636275189,"x":2.03057861328125,"y":3.150665283203125,"z":-0.541900634765625,"roomId":5555}
{"type":"accel","timestamp":1531636275199,"x":6.9958953857421875,"y":2.1616058349609375,"z":-1.423980712890625,"roomId":5555}
{"type":"gyro","timestamp":1531636275200,"x":1.9453582763671875,"y":2.7733306884765625,"z":-0.5169219970703125,"roomId":5555}
{"type":"accel","timestamp":1531636275209,"x":5.853607177734375,"y":3.519927978515625,"z":-1.1268310546875,"roomId":5555}
{"type":"gyro","timestamp":1531636275211,"x":1.710235595703125,"y":2.5736083984375,"z":-0.448577880859375,"roomId":5555}
{"type":"accel","timestamp":1531636275219,"x":5.2198944091796875,"y":4.325775146484375,"z":-0.7478485107421875,"roomId":5555}
{"type":"gyro","timestamp":1531636275221,"x":1.4144744873046875,"y":2.4362945556640625,"z":-0.3594512939453125,"roomId":5555}
{"type":"accel","timestamp":1531636275229,"x":5.5250091552734375,"y":4.774749755859375,"z":-0.3752288818359375,"roomId":5555}
{"type":"gyro","timestamp":1531636275238,"x":0.908355712890625,"y":1.978240966796875,"z":-0.2617034912109375,"roomId":5555}
{"type":"accel","timestamp":1531636275248,"x":7.5796051025390625,"y":4.521331787109375,"z":1.18011474609375,"roomId":5555}
{"type":"gyro","timestamp":1531636275249,"x":0.7752227783203125,"y":1.7834930419921875,"z":-0.35552978515625,"roomId":5555}
{"type":"accel","timestamp":1531636275258,"x":7.3885040283203125,"y":4.0294647216796875,"z":1.4766387939453125,"roomId":5555}
{"type":"gyro","timestamp":1531636275259,"x":0.7185516357421875,"y":1.7622833251953125,"z":-0.5139923095703125,"roomId":5555}
{"type":"accel","timestamp":1531636275277,"x":5.08642578125,"y":3.784271240234375,"z":0.52783203125,"roomId":5555}
{"type":"gyro","timestamp":1531636275278,"x":0.6722869873046875,"y":1.741607666015625,"z":-0.6180877685546875,"roomId":5555}
{"type":"accel","timestamp":1531636275288,"x":4.7270660400390625,"y":4.5006256103515625,"z":-0.042816162109375,"roomId":5555}
{"type":"gyro","timestamp":1531636275290,"x":0.613128662109375,"y":1.4775238037109375,"z":-0.5460205078125,"roomId":5555}
{"type":"accel","timestamp":1531636275298,"x":4.9180450439453125,"y":5.418701171875,"z":-0.2350616455078125,"roomId":5555}
{"type":"gyro","timestamp":1531636275300,"x":0.5231475830078125,"y":1.08648681640625,"z":-0.4995574951171875,