{"type":"gyro","timestamp":1531636208990,"x":-0.2113494873046875,"y":0.00927734375,"z":-0.082427978515625,"roomId":5555}
{"type":"accel","timestamp":1531636208998,"x":3.2276153564453125,"y":6.5400238037109375,"z":3.971038818359375,"roomId":5555}
{"type":"accel","timestamp":1531636209008,"x":3.0340728759765625,"y":6.1752471923828125,"z":4.18609619140625,"roomId":5555}
{"type":"gyro","timestamp":1531636209010,"x":-0.2315826416015625,"y":0.01531982421875,"z":-0.14654541015625,"roomId":5555}
{"type":"accel","timestamp":1531636209027,"x":3.504119873046875,"y":6.0626068115234375,"z":4.9407196044921875,"roomId":5555}
{"type":"gyro","timestamp":1531636209029,"x":-0.2811737060546875,"y":-0.01953125,"z":-0.112091064453125,"roomId":5555}
{"type":"accel","timestamp":1531636209037,"x":3.3427734375,"y":6.01953125,"z":5.1346435546875,"roomId":5555}
{"type":"gyro","timestamp":1531636209039,"x":-0.294921875,"y":0.02362060546875,"z":-0.0914459228515625,"roomId":5555}
{"type":"accel","timestamp":1531636209047,"x":3.4007110595703125,"y":6.0412750244140625,"z":5.2018890380859375,"roomId":5555}
{"type":"accel","timestamp":1531636209058,"x":3.659515380859375,"y":6.19219970703125,"z":5.3901824951171875,"roomId":5555}
{"type":"gyro","timestamp":1531636209060,"x":-0.2879486083984375,"y":0.0738525390625,"z":-0.0798797607421875,"roomId":5555}
{"type":"accel","timestamp":1531636209077,"x":4.2969207763671875,"y":6.15484619140625,"z":5.9431610107421875,"roomId":5555}
{"type":"gyro","timestamp":1531636209078,"x":-0.305389404296875,"y":-0.08416748046875,"z":-0.0889434814453125,"roomId":5555}
{"type":"accel","timestamp":1531636209087,"x":4.404327392578125,"y":6.05023193359375,"z":6.144775390625,"roomId":5555}
{"type":"gyro","timestamp":1531636209088,"x":-0.3031768798828125,"y":-0.1322479248046875,"z":-0.1175537109375,"roomId":5555}
{"type":"accel","timestamp":1531636209098,"x":4.0201568603515625,"y":5.885955810546875,"z":6.2172698974609375,"roomId":5555}
{"type":"gyro","timestamp":1531636209099,"x":-0.2783050537109375,"y":-0.1539154052734375,"z":-0.1536712646484375,"roomId":5555}
{"type":"accel","timestamp":1531636209116,"x":3.565948486328125,"y":5.7559814453125,"z":6.062835693359375,"roomId":5555}
{"type":"gyro","timestamp":1531636209117,"x":-0.1761016845703125,"y":-0.0556793212890625,"z":-0.185699462890625,"roomId":5555}
{"type":"accel","timestamp":1531636209126,"x":3.6323699951171875,"y":5.815643310546875,"z":5.9212188720703125,"roomId":5555}
{"type":"accel","timestamp":1531636209136,"x":3.68157958984375,"y":5.9097900390625,"z":5.7292938232421875,"roomId":5555}
{"type":"gyro","timestamp":1531636209137,"x":-0.099456787109375,"y":0.073638916015625,"z":-0.098052978515625,"roomId":5555}
{"type":"accel","timestamp":1531636209146,"x":3.540283203125,"y":6.0152130126953125,"z":5.4019317626953125,"roomId":5555}
{"type":"gyro","timestamp":1531636209147,"x":-0.070220947265625,"y":0.1092987060546875,"z":-0.06884765625,"roomId":5555}
{"type":"accel","timestamp":1531636209166,"x":3.613372802734375,"y":6.109588623046875,"z":4.4231109619140625,"roomId":5555}
{"type":"gyro","timestamp":1531636209167,"x":-0.0125274658203125,"y":0.0199432373046875,"z":-0.0522918701171875,"roomId":5555}
{"type":"accel","timestamp":1531636209179,"x":3.9824676513671875,"y":5.97210693359375,"z":4.0933990478515625,"roomId":5555}
{"type":"gyro","timestamp":1531636209180,"x":-0.0106353759765625,"y":-0.0552520751953125,"z":-0.0335235595703125,"roomId":5555}
{"type":"accel","timestamp":1531636209197,"x":5.4601287841796875,"y":5.897216796875,"z":3.106475830078125,"roomId":5555}
{"type":"gyro","timestamp":1531636209198,"x":-0.047210693359375,"y":-0.2574310302734375,"z":0.0262603759765625,"roomId":5555}
{"type":"accel","timestamp":1531636209216,"x":7.625640869140625,"y":6.0364532470703125,"z":2.7853240966796875,"roomId":5555}
{"type":"gyro","timestamp":1531636209218,"x":-0.082855224609375,"y":-0.584930419921875,"z":0.0099029541015625,"roomId":5555}
{"type":"accel","timestamp":1531636209227,"x":8.355560302734375,"y":5.8595733642578125,"z":2.9391937255859375,"roomId":5555}
{"type":"gyro","timestamp":1531636209229,"x":-0.117523193359375,"y":-0.816619873046875,"z":-0.0576629638671875,"roomId":5555}
{"type":"accel","timestamp":1531636209237,"x":8.889984130859375,"y":5.4935150146484375,"z":3.0956878662109375,"roomId":5555}
{"type":"accel","timestamp":1531636209248,"x":9.7139892578125,"y":5.1897735595703125,"z":3.144500732421875,"roomId":5555}
{"type":"gyro","timestamp":1531636209250,"x":-0.234649658203125,"y":-1.2176666259765625,"z":-0.2633819580078125,"roomId":5555}
{"type":"accel","timestamp":1531636209267,"x":10.720550537109375,"y":4.881805419921875,"z":3.0498504638671875,"roomId":5555}
{"type":"gyro","timestamp":1531636209268,"x":-0.450775146484375,"y":-1.470458984375,"z":-0.484710693359375,"roomId":5555}
{"type":"accel","timestamp":1531636209285,"x":11.058242797851562,"y":3.6300811767578125,"z":3.350067138671875,"roomId":5555}
{"type":"gyro","timestamp":1531636209287,"x":-0.7658843994140625,"y":-1.7845916748046875,"z":-0.8506622314453125,"roomId":5555}
{"type":"accel","timestamp":1531636209296,"x":11.22991943359375,"y":2.8882293701171875,"z":3.5389251708984375,"roomId":5555}
{"type":"gyro","timestamp":1531636209297,"x":-0.87554931640625,"y":-2.056304931640625,"z":-0.99517822265625,"roomId":5555}
{"type":"accel","timestamp":1531636209306,"x":12.332138061523438,"y":2.393890380859375,"z":4.3018341064453125,"roomId":5555}
{"type":"gyro","timestamp":1531636209307,"x":-0.9587554931640625,"y":-2.4961090087890625,"z":-1.1282958984375,"roomId":5555}
{"type":"accel","timestamp":1531636209317,"x":12.884796142578125,"y":2.2300872802734375,"z":5.1441192626953125,"roomId":5555}
{"type":"gyro","timestamp":1531636209318,"x":-0.9754791259765625,"y":-3.060791015625,"z":-1.3359375,"roomId":5555}
{"type":"accel","timestamp":1531636209335,"x":11.899826049804688,"y":1.9293365478515625,"z":5.5704803466796875,"roomId":5555}
{"type":"gyro","timestamp":1531636209336,"x":-0.8354949951171875,"y":-4.1525421142578125,"z":-1.887786865234375,"roomId":5555}
{"type":"accel","timestamp":1531636209348,"x":11.263687133789062,"y":2.2731170654296875,"z":5.1243438720703125,"roomId":5555}
{"type":"gyro","timestamp":1531636209349,"x":-0.7439117431640625,"y":-4.5691070556640625,"z":-2.1081695556640625,"roomId":5555}
{"type":"accel","timestamp":1531636209365,"x":9.707687377929688,"y":2.566497802734375,"z":2.080047607421875,"roomId":5555}
{"type":"gyro","timestamp":1531636209366,"x":-0.90484619140625,"y":-4.531158447265625,"z":-2.240570068359375,"roomId":5555}
{"type":"accel","timestamp":1531636209384,"x":9.340591430664062,"y":3.6161346435546875,"z":0.7575225830078125,"roomId":5555}
{"type":"gyro","timestamp":1531636209385,"x":-1.438629150390625,"y":-4.8266754150390625,"z":-2.27313232421875,"roomId":5555}
{"type":"accel","timestamp":1531636209395,"x":9.697433471679688,"y":4.45001220703125,"z":-0.1080322265625,"roomId":5555}
{"type":"gyro","timestamp":1531636209396,"x":-1.6716156005859375,"y":-5.381103515625,"z":-2.4128570556640625,"roomId":5555}
{"type":"accel","timestamp":1531636209407,"x":10.148727416992188,"y":5.2512664794921875,"z":-0.11212158203125,"roomId":5555}
{"type":"gyro","timestamp":1531636209408,"x":-1.8846893310546875,"y":-6.30218505859375,"z":-2.6837158203125,"roomId":5555}
{"type":"accel","timestamp":1531636209426,"x":10.569549560546875,"y":6.189300537109375,"z":1.5101165771484375,"roomId":5555}
{"type":"gyro","timestamp":1531636209428,"x":-2.199005126953125,"y":-8.508255004882812,"z":-3.4040069580078125,"roomId":5555}
{"type":"accel","timestamp":1531636209436,"x":10.595443725585938,"y":6.3417816162109375,"z":2.97393798828125,"roomId":5555}
{"type":"gyro","timestamp":1531636209439,"x":-2.2734832763671875,"y":-9.49420166015625,"z":-3.73345947265625,"roomId":5555}
{"type":"accel","timestamp":1531636209455,"x":10.66998291015625,"y":6.67877197265625,"z":5.5387115478515625,"roomId":5555}
{"type":"gyro","timestamp":1531636209457,"x":-2.349822998046875,