{"type":"gyro","timestamp":1531636172708,"x":-0.39605712890625,"y":-0.1569061279296875,"z":0.0193328857421875,"roomId":5555}
{"type":"accel","timestamp":1531636172725,"x":3.1555633544921875,"y":5.666168212890625,"z":7.30328369140625,"roomId":5555}
{"type":"gyro","timestamp":1531636172727,"x":-0.2862548828125,"y":-0.312255859375,"z":0.046112060546875,"roomId":5555}
{"type":"accel","timestamp":1531636172735,"x":3.4648895263671875,"y":5.770355224609375,"z":7.3623046875,"roomId":5555}
{"type":"gyro","timestamp":1531636172736,"x":-0.2280120849609375,"y":-0.3740997314453125,"z":0.038970947265625,"roomId":5555}
{"type":"accel","timestamp":1531636172745,"x":3.7467193603515625,"y":5.837890625,"z":7.2688140869140625,"roomId":5555}
{"type":"accel","timestamp":1531636172755,"x":4.0156097412109375,"y":5.8418121337890625,"z":7.112518310546875,"roomId":5555}
{"type":"gyro","timestamp":1531636172758,"x":-0.1769256591796875,"y":-0.3201751708984375,"z":-0.0062103271484375,"roomId":5555}
{"type":"accel","timestamp":1531636172772,"x":4.1523590087890625,"y":5.8215179443359375,"z":7.323822021484375,"roomId":5555}
{"type":"gyro","timestamp":1531636172773,"x":-0.205352783203125,"y":-0.158203125,"z":-0.0934600830078125,"roomId":5555}
{"type":"accel","timestamp":1531636172783,"x":3.985107421875,"y":5.6089630126953125,"z":7.6229095458984375,"roomId":5555}
{"type":"gyro","timestamp":1531636172784,"x":-0.194610595703125,"y":-0.11834716796875,"z":-0.1574249267578125,"roomId":5555}
{"type":"accel","timestamp":1531636172793,"x":3.6346282958984375,"y":5.293212890625,"z":7.8614044189453125,"roomId":5555}
{"type":"gyro","timestamp":1531636172796,"x":-0.1412200927734375,"y":-0.1273040771484375,"z":-0.2231292724609375,"roomId":5555}
{"type":"accel","timestamp":1531636172804,"x":3.2347564697265625,"y":4.9089508056640625,"z":7.826690673828125,"roomId":5555}
{"type":"gyro","timestamp":1531636172805,"x":-0.0460205078125,"y":-0.1490936279296875,"z":-0.2606201171875,"roomId":5555}
{"type":"accel","timestamp":1531636172823,"x":2.63726806640625,"y":4.3463592529296875,"z":7.5845184326171875,"roomId":5555}
{"type":"gyro","timestamp":1531636172824,"x":0.13299560546875,"y":-0.1605224609375,"z":-0.217193603515625,"roomId":5555}
{"type":"accel","timestamp":1531636172842,"x":2.8168792724609375,"y":4.0792388916015625,"z":7.2829437255859375,"roomId":5555}
{"type":"gyro","timestamp":1531636172844,"x":0.3060455322265625,"y":-0.1733551025390625,"z":-0.0665435791015625,"roomId":5555}
{"type":"accel","timestamp":1531636172856,"x":3.1902313232421875,"y":4.21441650390625,"z":7.32000732421875,"roomId":5555}
{"type":"gyro","timestamp":1531636172864,"x":0.386962890625,"y":-0.2089691162109375,"z":0.017333984375,"roomId":5555}
{"type":"accel","timestamp":1531636172872,"x":3.9070587158203125,"y":4.6668853759765625,"z":7.0042266845703125,"roomId":5555}
{"type":"accel","timestamp":1531636172882,"x":4.2538299560546875,"y":4.6074676513671875,"z":6.9137420654296875,"roomId":5555}
{"type":"gyro","timestamp":1531636172884,"x":0.5814056396484375,"y":-0.316680908203125,"z":0.1232757568359375,"roomId":5555}
{"type":"accel","timestamp":1531636172893,"x":4.85980224609375,"y":4.4251251220703125,"z":6.8159942626953125,"roomId":5555}
{"type":"gyro","timestamp":1531636172894,"x":0.671142578125,"y":-0.3982696533203125,"z":0.1594085693359375,"roomId":5555}
{"type":"accel","timestamp":1531636172903,"x":6.0649566650390625,"y":4.4308013916015625,"z":6.5121307373046875,"roomId":5555}
{"type":"gyro","timestamp":1531636172905,"x":0.7783203125,"y":-0.5667266845703125,"z":0.194671630859375,"roomId":5555}
{"type":"accel","timestamp":1531636172913,"x":7.8400421142578125,"y":4.75726318359375,"z":5.9914093017578125,"roomId":5555}
{"type":"gyro","timestamp":1531636172923,"x":1.0492401123046875,"y":-1.195556640625,"z":0.166473388671875,"roomId":5555}
{"type":"accel","timestamp":1531636172932,"x":10.907669067382812,"y":5.762725830078125,"z":4.5078277587890625,"roomId":5555}
{"type":"gyro","timestamp":1531636172933,"x":1.138214111328125,"y":-1.6406097412109375,"z":0.0126953125,"roomId":5555}
{"type":"accel","timestamp":1531636172942,"x":11.52740478515625,"y":5.32794189453125,"z":4.1949920654296875,"roomId":5555}
{"type":"gyro","timestamp":1531636172943,"x":1.119598388671875,"y":-2.0512237548828125,"z":-0.2289886474609375,"roomId":5555}
{"type":"accel","timestamp":1531636172962,"x":12.458984375,"y":3.5380401611328125,"z":4.45281982421875,"roomId":5555}
{"type":"gyro","timestamp":1531636172963,"x":0.7211456298828125,"y":-2.62445068359375,"z":-0.6645050048828125,"roomId":5555}
{"type":"accel","timestamp":1531636172972,"x":12.481002807617188,"y":3.1636199951171875,"z":4.5009918212890625,"roomId":5555}
{"type":"gyro","timestamp":1531636172973,"x":0.5062408447265625,"y":-2.999969482421875,"z":-0.8148193359375,"roomId":5555}
{"type":"accel","timestamp":1531636172992,"x":11.57666015625,"y":2.987060546875,"z":4.7279815673828125,"roomId":5555}
{"type":"gyro","timestamp":1531636172993,"x":0.2794647216796875,"y":-4.2595672607421875,"z":-1.291351318359375,"roomId":5555}
{"type":"accel","timestamp":1531636173013,"x":10.317291259765625,"y":3.633575439453125,"z":2.8881072998046875,"roomId":5555}
{"type":"gyro","timestamp":1531636173014,"x":0.3923797607421875,"y":-5.9993743896484375,"z":-1.9355621337890625,"roomId":5555}
{"type":"accel","timestamp":1531636173024,"x":9.566009521484375,"y":3.751861572265625,"z":0.583221435546875,"roomId":5555}
{"type":"gyro","timestamp":1531636173026,"x":0.4105072021484375,"y":-6.236114501953125,"z":-2.154632568359375,"roomId":5555}
{"type":"accel","timestamp":1531636173035,"x":8.446762084960938,"y":4.2289276123046875,"z":-1.104034423828125,"roomId":5555}
{"type":"gyro","timestamp":1531636173037,"x":0.194549560546875,"y":-5.9937286376953125,"z":-2.2382659912109375,"roomId":5555}
{"type":"accel","timestamp":1531636173053,"x":6.956634521484375,"y":4.7449951171875,"z":-2.1343994140625,"roomId":5555}
{"type":"gyro","timestamp":1531636173055,"x":-0.6701507568359375,"y":-5.733428955078125,"z":-2.251190185546875,"roomId":5555}
{"type":"accel","timestamp":1531636173063,"x":6.2430572509765625,"y":4.6254119873046875,"z":-1.9795989990234375,"roomId":5555}
{"type":"gyro","timestamp":1531636173065,"x":-1.0924835205078125,"y":-5.97735595703125,"z":-2.2714691162109375,"roomId":5555}
{"type":"accel","timestamp":1531636173082,"x":4.7600555419921875,"y":4.80572509765625,"z":-1.926513671875,"roomId":5555}
{"type":"gyro","timestamp":1531636173084,"x":-1.595245361328125,"y":-6.9895782470703125,"z":-2.4016571044921875,"roomId":5555}
{"type":"accel","timestamp":1531636173092,"x":4.2637481689453125,"y":5.4085845947265625,"z":-2.665496826171875,"roomId":5555}
{"type":"gyro","timestamp":1531636173094,"x":-1.74261474609375,"y":-7.4412384033203125,"z":-2.4031982421875,"roomId":5555}
{"type":"accel","timestamp":1531636173102,"x":3.8552093505859375,"y":6.2018890380859375,"z":-3.6266326904296875,"roomId":5555}
{"type":"gyro","timestamp":1531636173110,"x":-2.1942596435546875,"y":-8.213211059570312,"z":-2.2496490478515625,"roomId":5555}
{"type":"accel","timestamp":1531636173121,"x":4.001556396484375,"y":7.0751190185546875,"z":-4.329345703125,"roomId":5555}
{"type":"gyro","timestamp":1531636173121,"x":-2.58233642578125,"y":-8.72930908203125,"z":-2.1942138671875,"roomId":5555}
{"type":"accel","timestamp":1531636173140,"x":7.851654052734375,"y":7.8343353271484375,"z":-1.1732635498046875,"roomId":5555}
{"type":"gyro","timestamp":1531636173141,"x":-3.4657745361328125,"y":-10.815933227539062,"z":-2.4709625244140625,"roomId":5555}
{"type":"accel","timestamp":1531636173150,"x":10.901397705078125,"y":7.0717620849609375,"z":4.433197021484375,"roomId":5555}
{"type":"gyro","timestamp":1531636173151,"x":-3.7680816650390625,"y":-12.23028564453125,"z":-2.8825225830078125,"roomId":5555}
{"type":"accel","timestamp":1531636173160,"x":12.8487548828125,"y":5.1658782958984375,"z":11.5367431640625,"roomId":5555}
{"type":"accel","timestamp":1531636173171,"x":12.943557739257812,