{"type":"gyro","timestamp":1531636298760,"x":-0.1257476806640625,"y":0.5816192626953125,"z":-0.044158935546875,"roomId":5555}
{"type":"accel","timestamp":1531636298769,"x":-0.616546630859375,"y":9.687881469726562,"z":-5.7960662841796875,"roomId":5555}
{"type":"gyro","timestamp":1531636298771,"x":-0.21783447265625,"y":0.7604217529296875,"z":-0.081512451171875,"roomId":5555}
{"type":"accel","timestamp":1531636298779,"x":-0.86505126953125,"y":9.748138427734375,"z":-5.555206298828125,"roomId":5555}
{"type":"gyro","timestamp":1531636298780,"x":-0.302398681640625,"y":0.8997955322265625,"z":-0.114776611328125,"roomId":5555}
{"type":"accel","timestamp":1531636298789,"x":-1.622222900390625,"y":9.594131469726562,"z":-5.3260650634765625,"roomId":5555}
{"type":"gyro","timestamp":1531636298791,"x":-0.377227783203125,"y":1.0248260498046875,"z":-0.120697021484375,"roomId":5555}
{"type":"accel","timestamp":1531636298808,"x":-3.122344970703125,"y":9.129608154296875,"z":-4.7433624267578125,"roomId":5555}
{"type":"gyro","timestamp":1531636298808,"x":-0.4903717041015625,"y":1.457061767578125,"z":0.165740966796875,"roomId":5555}
{"type":"accel","timestamp":1531636298818,"x":-2.78546142578125,"y":8.863815307617188,"z":-3.766448974609375,"roomId":5555}
{"type":"gyro","timestamp":1531636298818,"x":-0.4617462158203125,"y":1.8465576171875,"z":0.4690399169921875,"roomId":5555}
{"type":"accel","timestamp":1531636298828,"x":-2.089569091796875,"y":8.635543823242188,"z":-2.87713623046875,"roomId":5555}
{"type":"gyro","timestamp":1531636298829,"x":-0.3390655517578125,"y":2.3757781982421875,"z":0.8171539306640625,"roomId":5555}
{"type":"accel","timestamp":1531636298838,"x":-1.2076568603515625,"y":8.28173828125,"z":-2.1956787109375,"roomId":5555}
{"type":"gyro","timestamp":1531636298839,"x":-0.14520263671875,"y":3.006927490234375,"z":1.1676788330078125,"roomId":5555}
{"type":"accel","timestamp":1531636298848,"x":-0.116607666015625,"y":7.8528900146484375,"z":-1.699432373046875,"roomId":5555}
{"type":"gyro","timestamp":1531636298849,"x":0.08343505859375,"y":3.689453125,"z":1.490814208984375,"roomId":5555}
{"type":"accel","timestamp":1531636298859,"x":0.7567138671875,"y":7.25933837890625,"z":-1.2277374267578125,"roomId":5555}
{"type":"gyro","timestamp":1531636298860,"x":0.3170013427734375,"y":4.4129180908203125,"z":1.7856292724609375,"roomId":5555}
{"type":"accel","timestamp":1531636298877,"x":2.9532928466796875,"y":6.036346435546875,"z":-0.49530029296875,"roomId":5555}
{"type":"gyro","timestamp":1531636298877,"x":0.7614593505859375,"y":5.90252685546875,"z":2.3507080078125,"roomId":5555}
{"type":"accel","timestamp":1531636298887,"x":3.7298583984375,"y":5.4539337158203125,"z":-0.48577880859375,"roomId":5555}
{"type":"gyro","timestamp":1531636298888,"x":0.977996826171875,"y":6.5607147216796875,"z":2.6074981689453125,"roomId":5555}
{"type":"accel","timestamp":1531636298897,"x":4.47943115234375,"y":4.914947509765625,"z":-0.3980560302734375,"roomId":5555}
{"type":"accel","timestamp":1531636298907,"x":5.032501220703125,"y":4.3504486083984375,"z":-0.2653045654296875,"roomId":5555}
{"type":"gyro","timestamp":1531636298908,"x":1.339019775390625,"y":7.4498291015625,"z":3.0200042724609375,"roomId":5555}
{"type":"accel","timestamp":1531636298918,"x":5.724029541015625,"y":3.8978271484375,"z":0.037322998046875,"roomId":5555}
{"type":"gyro","timestamp":1531636298919,"x":1.4898529052734375,"y":7.589324951171875,"z":3.169525146484375,"roomId":5555}
{"type":"accel","timestamp":1531636298937,"x":7.5723419189453125,"y":3.2584686279296875,"z":1.002105712890625,"roomId":5555}
{"type":"gyro","timestamp":1531636298938,"x":1.83978271484375,"y":7.4426422119140625,"z":3.2364959716796875,"roomId":5555}
{"type":"accel","timestamp":1531636298947,"x":8.147857666015625,"y":2.777557373046875,"z":1.406463623046875,"roomId":5555}
{"type":"gyro","timestamp":1531636298949,"x":2.0900726318359375,"y":7.3543243408203125,"z":3.1830596923828125,"roomId":5555}
{"type":"accel","timestamp":1531636298958,"x":8.831390380859375,"y":2.287139892578125,"z":1.4711456298828125,"roomId":5555}
{"type":"gyro","timestamp":1531636298959,"x":2.36138916015625,"y":7.3752288818359375,"z":3.153289794921875,"roomId":5555}
{"type":"accel","timestamp":1531636298968,"x":10.081298828125,"y":1.9100189208984375,"z":0.944488525390625,"roomId":5555}
{"type":"gyro","timestamp":1531636298970,"x":2.5777130126953125,"y":7.5481414794921875,"z":3.1597442626953125,"roomId":5555}
{"type":"accel","timestamp":1531636298987,"x":13.22064208984375,"y":1.472991943359375,"z":-1.187591552734375,"roomId":5555}
{"type":"gyro","timestamp":1531636298988,"x":2.6273956298828125,"y":8.131011962890625,"z":3.1167144775390625,"roomId":5555}
{"type":"accel","timestamp":1531636298997,"x":14.459945678710938,"y":1.6577606201171875,"z":-2.072998046875,"roomId":5555}
{"type":"gyro","timestamp":1531636298998,"x":2.4542999267578125,"y":8.281692504882812,"z":2.95574951171875,"roomId":5555}
{"type":"accel","timestamp":1531636299016,"x":14.028167724609375,"y":2.492401123046875,"z":-2.4361419677734375,"roomId":5555}
{"type":"gyro","timestamp":1531636299017,"x":1.83990478515625,"y":7.7257843017578125,"z":2.3006591796875,"roomId":5555}
{"type":"accel","timestamp":1531636299026,"x":13.354217529296875,"y":2.97515869140625,"z":-1.74932861328125,"roomId":5555}
{"type":"gyro","timestamp":1531636299028,"x":1.469635009765625,"y":6.972259521484375,"z":1.8623809814453125,"roomId":5555}
{"type":"accel","timestamp":1531636299037,"x":12.458160400390625,"y":3.270599365234375,"z":-0.3966827392578125,"roomId":5555}
{"type":"gyro","timestamp":1531636299038,"x":1.1222686767578125,"y":6.021453857421875,"z":1.34564208984375,"roomId":5555}
{"type":"accel","timestamp":1531636299047,"x":11.574356079101562,"y":3.3716278076171875,"z":1.3595123291015625,"roomId":5555}
{"type":"gyro","timestamp":1531636299050,"x":0.869659423828125,"y":5.0162200927734375,"z":0.79443359375,"roomId":5555}
{"type":"accel","timestamp":1531636299057,"x":10.698928833007812,"y":3.3620758056640625,"z":3.12554931640625,"roomId":5555}
{"type":"accel","timestamp":1531636299069,"x":9.638992309570312,"y":3.0716705322265625,"z":4.7646484375,"roomId":5555}
{"type":"gyro","timestamp":1531636299071,"x":0.813720703125,"y":3.1488037109375,"z":-0.20831298828125,"roomId":5555}
{"type":"accel","timestamp":1531636299087,"x":7.1476898193359375,"y":2.3830108642578125,"z":6.7432098388671875,"roomId":5555}
{"type":"gyro","timestamp":1531636299087,"x":1.3402252197265625,"y":1.6877593994140625,"z":-0.75360107421875,"roomId":5555}
{"type":"accel","timestamp":1531636299107,"x":6.1748504638671875,"y":2.4370574951171875,"z":6.0074462890625,"roomId":5555}
{"type":"gyro","timestamp":1531636299108,"x":2.1239776611328125,"y":0.8198394775390625,"z":-0.742919921875,"roomId":5555}
{"type":"accel","timestamp":1531636299117,"x":6.21881103515625,"y":2.623565673828125,"z":4.7564849853515625,"roomId":5555}
{"type":"gyro","timestamp":1531636299118,"x":2.4228515625,"y":0.7173309326171875,"z":-0.6562957763671875,"roomId":5555}
{"type":"accel","timestamp":1531636299127,"x":6.2999420166015625,"y":2.777099609375,"z":3.17333984375,"roomId":5555}
{"type":"gyro","timestamp":1531636299128,"x":2.5760498046875,"y":0.7480621337890625,"z":-0.5761260986328125,"roomId":5555}
{"type":"accel","timestamp":1531636299137,"x":6.3193511962890625,"y":3.037994384765625,"z":1.4015960693359375,"roomId":5555}
{"type":"gyro","timestamp":1531636299138,"x":2.55963134765625,"y":0.8400421142578125,"z":-0.516632080078125,"roomId":5555}
{"type":"accel","timestamp":1531636299147,"x":6.4607086181640625,"y":3.4759521484375,"z":-0.218109130859375,"roomId":5555}
{"type":"gyro","timestamp":1531636299148,"x":2.3687591552734375,"y":0.9228515625,"z":-0.4794769287109375,"roomId":5555}
{"type":"accel","timestamp":1531636299157,"x":6.405120849609375,"y":4.0188140869140625,"z":-1.242431640625,"roomId":5555}
{"type":"gyro","timestamp":1531636299166,"x":1.5764923095703125,"y":0.7675628662109375,"z":-0.5496673583984375,