{"type":"gyro","timestamp":1531636321952,"x":-0.008331298828125,"y":0.9792938232421875,"z":0.0798492431640625,"roomId":5555}
{"type":"accel","timestamp":1531636321971,"x":0.445892333984375,"y":7.808349609375,"z":-6.4933624267578125,"roomId":5555}
{"type":"gyro","timestamp":1531636321973,"x":-0.110137939453125,"y":0.8443450927734375,"z":-0.0789947509765625,"roomId":5555}
{"type":"accel","timestamp":1531636321983,"x":0.5773468017578125,"y":8.057205200195312,"z":-6.0918731689453125,"roomId":5555}
{"type":"gyro","timestamp":1531636321984,"x":-0.2308502197265625,"y":0.7386627197265625,"z":-0.0858917236328125,"roomId":5555}
{"type":"gyro","timestamp":1531636322002,"x":-0.46795654296875,"y":0.8278045654296875,"z":-0.0489501953125,"roomId":5555}
{"type":"accel","timestamp":1531636322012,"x":1.784698486328125,"y":10.13494873046875,"z":-5.2482452392578125,"roomId":5555}
{"type":"gyro","timestamp":1531636322014,"x":-0.552947998046875,"y":0.8731231689453125,"z":-0.2370452880859375,"roomId":5555}
{"type":"accel","timestamp":1531636322022,"x":1.176422119140625,"y":10.654556274414062,"z":-4.834014892578125,"roomId":5555}
{"type":"gyro","timestamp":1531636322025,"x":-0.4871673583984375,"y":0.897186279296875,"z":-0.5305633544921875,"roomId":5555}
{"type":"accel","timestamp":1531636322042,"x":-0.9129486083984375,"y":9.4569091796875,"z":-4.9014892578125,"roomId":5555}
{"type":"gyro","timestamp":1531636322043,"x":0.0631866455078125,"y":1.5219573974609375,"z":-0.6166229248046875,"roomId":5555}
{"type":"accel","timestamp":1531636322060,"x":-1.26800537109375,"y":7.7846527099609375,"z":-4.720062255859375,"roomId":5555}
{"type":"gyro","timestamp":1531636322061,"x":0.5676116943359375,"y":3.009307861328125,"z":0.0760650634765625,"roomId":5555}
{"type":"accel","timestamp":1531636322072,"x":-0.085052490234375,"y":7.045684814453125,"z":-4.1759185791015625,"roomId":5555}
{"type":"gyro","timestamp":1531636322073,"x":0.833038330078125,"y":3.7609100341796875,"z":0.525665283203125,"roomId":5555}
{"type":"accel","timestamp":1531636322082,"x":1.5540313720703125,"y":6.4692535400390625,"z":-3.6586456298828125,"roomId":5555}
{"type":"gyro","timestamp":1531636322083,"x":1.120391845703125,"y":4.4561920166015625,"z":0.912109375,"roomId":5555}
{"type":"accel","timestamp":1531636322092,"x":3.42669677734375,"y":5.93267822265625,"z":-3.2727508544921875,"roomId":5555}
{"type":"gyro","timestamp":1531636322094,"x":1.412811279296875,"y":5.026702880859375,"z":1.2032318115234375,"roomId":5555}
{"type":"accel","timestamp":1531636322111,"x":6.8084564208984375,"y":4.9886932373046875,"z":-1.9104766845703125,"roomId":5555}
{"type":"gyro","timestamp":1531636322113,"x":2.0109100341796875,"y":5.6100616455078125,"z":1.446441650390625,"roomId":5555}
{"type":"accel","timestamp":1531636322121,"x":8.389541625976562,"y":4.29656982421875,"z":-1.131317138671875,"roomId":5555}
{"type":"gyro","timestamp":1531636322123,"x":2.3486480712890625,"y":5.7012939453125,"z":1.36175537109375,"roomId":5555}
{"type":"accel","timestamp":1531636322132,"x":9.602066040039062,"y":3.5025482177734375,"z":-0.805877685546875,"roomId":5555}
{"type":"gyro","timestamp":1531636322133,"x":2.715606689453125,"y":5.761871337890625,"z":1.15704345703125,"roomId":5555}
{"type":"accel","timestamp":1531636322151,"x":10.914108276367188,"y":1.9313201904296875,"z":-1.227783203125,"roomId":5555}
{"type":"gyro","timestamp":1531636322152,"x":3.3899993896484375,"y":5.9936065673828125,"z":0.6289215087890625,"roomId":5555}
{"type":"accel","timestamp":1531636322170,"x":12.108169555664062,"y":0.882598876953125,"z":-2.223419189453125,"roomId":5555}
{"type":"gyro","timestamp":1531636322172,"x":3.7206268310546875,"y":6.5341949462890625,"z":0.1747589111328125,"roomId":5555}
{"type":"accel","timestamp":1531636322181,"x":12.361679077148438,"y":0.4674224853515625,"z":-2.3977813720703125,"roomId":5555}
{"type":"gyro","timestamp":1531636322182,"x":3.7336883544921875,"y":6.9477691650390625,"z":-0.0097808837890625,"roomId":5555}
{"type":"accel","timestamp":1531636322200,"x":11.720932006835938,"y":0.0981292724609375,"z":-2.966400146484375,"roomId":5555}
{"type":"gyro","timestamp":1531636322203,"x":3.534454345703125,"y":7.7852630615234375,"z":-0.22406005859375,"roomId":5555}
{"type":"accel","timestamp":1531636322212,"x":11.88653564453125,"y":0.171112060546875,"z":-2.8684234619140625,"roomId":5555}
{"type":"gyro","timestamp":1531636322214,"x":3.3778839111328125,"y":7.8579254150390625,"z":-0.2919158935546875,"roomId":5555}
{"type":"accel","timestamp":1531636322223,"x":11.871826171875,"y":0.40081787109375,"z":-2.8849639892578125,"roomId":5555}
{"type":"gyro","timestamp":1531636322231,"x":3.1459808349609375,"y":7.3351593017578125,"z":-0.6837921142578125,"roomId":5555}
{"type":"accel","timestamp":1531636322240,"x":10.239151000976562,"y":0.9208984375,"z":-3.536407470703125,"roomId":5555}
{"type":"gyro","timestamp":1531636322241,"x":3.0083160400390625,"y":6.791046142578125,"z":-0.926025390625,"roomId":5555}
{"type":"accel","timestamp":1531636322259,"x":7.864532470703125,"y":2.3853759765625,"z":-4.2151641845703125,"roomId":5555}
{"type":"gyro","timestamp":1531636322260,"x":2.442535400390625,"y":5.0299072265625,"z":-1.31597900390625,"roomId":5555}
{"type":"accel","timestamp":1531636322270,"x":6.610443115234375,"y":3.1298370361328125,"z":-3.841796875,"roomId":5555}
{"type":"gyro","timestamp":1531636322271,"x":2.017608642578125,"y":4.06463623046875,"z":-1.4281005859375,"roomId":5555}
{"type":"accel","timestamp":1531636322280,"x":5.8488006591796875,"y":3.5811920166015625,"z":-3.09210205078125,"roomId":5555}
{"type":"accel","timestamp":1531636322290,"x":5.1178131103515625,"y":3.8556671142578125,"z":-2.07147216796875,"roomId":5555}
{"type":"gyro","timestamp":1531636322291,"x":1.183837890625,"y":2.4504852294921875,"z":-1.4644012451171875,"roomId":5555}
{"type":"accel","timestamp":1531636322300,"x":4.5840911865234375,"y":3.8675994873046875,"z":-1.076446533203125,"roomId":5555}
{"type":"gyro","timestamp":1531636322302,"x":0.8995361328125,"y":1.8260955810546875,"z":-1.40191650390625,"roomId":5555}
{"type":"accel","timestamp":1531636322310,"x":4.4810791015625,"y":3.806304931640625,"z":-0.4269561767578125,"roomId":5555}
{"type":"accel","timestamp":1531636322320,"x":4.5588226318359375,"y":3.88873291015625,"z":-0.232391357421875,"roomId":5555}
{"type":"gyro","timestamp":1531636322321,"x":0.7275238037109375,"y":0.8748626708984375,"z":-1.1859130859375,"roomId":5555}
{"type":"accel","timestamp":1531636322339,"x":4.66888427734375,"y":4.4556427001953125,"z":-0.944000244140625,"roomId":5555}
{"type":"gyro","timestamp":1531636322340,"x":0.799896240234375,"y":0.410003662109375,"z":-0.9450836181640625,"roomId":5555}
{"type":"accel","timestamp":1531636322351,"x":4.8113861083984375,"y":4.6163330078125,"z":-1.3727569580078125,"roomId":5555}
{"type":"gyro","timestamp":1531636322353,"x":0.7824554443359375,"y":0.40472412109375,"z":-0.814208984375,"roomId":5555}
{"type":"accel","timestamp":1531636322371,"x":5.18560791015625,"y":5.0311431884765625,"z":-2.258087158203125,"roomId":5555}
{"type":"gyro","timestamp":1531636322373,"x":0.61279296875,"y":0.6265869140625,"z":-0.5523834228515625,"roomId":5555}
{"type":"accel","timestamp":1531636322389,"x":5.1490936279296875,"y":5.5876617431640625,"z":-2.910003662109375,"roomId":5555}
{"type":"gyro","timestamp":1531636322390,"x":0.3415985107421875,"y":0.5213623046875,"z":-0.4075164794921875,"roomId":5555}
{"type":"accel","timestamp":1531636322408,"x":5.75091552734375,"y":5.22802734375,"z":-2.5513763427734375,"roomId":5555}
{"type":"gyro","timestamp":1531636322410,"x":0.0797119140625,"y":-0.0072021484375,"z":-0.3792266845703125,"roomId":5555}
{"type":"accel","timestamp":1531636322418,"x":5.832672119140625,"y":5.1861572265625,"z":-2.5928955078125,"roomId":5555}
{"type":"accel","timestamp":1531636322428,"x":6.1180419921875,"y":5.3716278076171875,"z":-3.576934814453125,"roomId":5555}
{"type":"gyro","timestamp":1531636322431,"x":-0.0824737548828125,"y":-0.69232177734375,