{"type":"accel","timestamp":1531636291419,"x":-1.558135986328125,"y":9.958770751953125,"z":-8.732986450195312,"roomId":5555}
{"type":"gyro","timestamp":1531636291421,"x":-0.379119873046875,"y":0.7615203857421875,"z":0.3680419921875,"roomId":5555}
{"type":"accel","timestamp":1531636291429,"x":-1.530853271484375,"y":9.951156616210938,"z":-7.91217041015625,"roomId":5555}
{"type":"accel","timestamp":1531636291439,"x":-1.9815673828125,"y":9.424774169921875,"z":-7.03204345703125,"roomId":5555}
{"type":"gyro","timestamp":1531636291442,"x":-0.800811767578125,"y":0.86358642578125,"z":0.277587890625,"roomId":5555}
{"type":"accel","timestamp":1531636291449,"x":-2.004364013671875,"y":8.936416625976562,"z":-6.3298187255859375,"roomId":5555}
{"type":"gyro","timestamp":1531636291451,"x":-0.7382049560546875,"y":0.88653564453125,"z":0.301116943359375,"roomId":5555}
{"type":"accel","timestamp":1531636291459,"x":-1.1615142822265625,"y":8.908859252929688,"z":-5.917022705078125,"roomId":5555}
{"type":"gyro","timestamp":1531636291463,"x":-0.5592193603515625,"y":0.843170166015625,"z":0.3794403076171875,"roomId":5555}
{"type":"accel","timestamp":1531636291471,"x":0.2323760986328125,"y":9.076156616210938,"z":-5.70526123046875,"roomId":5555}
{"type":"gyro","timestamp":1531636291479,"x":-0.245208740234375,"y":0.8250274658203125,"z":0.44091796875,"roomId":5555}
{"type":"accel","timestamp":1531636291488,"x":2.6273040771484375,"y":8.844894409179688,"z":-5.38153076171875,"roomId":5555}
{"type":"gyro","timestamp":1531636291490,"x":-0.1807098388671875,"y":0.91864013671875,"z":0.3470611572265625,"roomId":5555}
{"type":"accel","timestamp":1531636291498,"x":3.0943756103515625,"y":8.612167358398438,"z":-5.762725830078125,"roomId":5555}
{"type":"gyro","timestamp":1531636291508,"x":-0.1658477783203125,"y":1.152252197265625,"z":0.0381927490234375,"roomId":5555}
{"type":"accel","timestamp":1531636291517,"x":-0.613037109375,"y":7.687408447265625,"z":-7.6561126708984375,"roomId":5555}
{"type":"gyro","timestamp":1531636291518,"x":-0.2475738525390625,"y":1.378265380859375,"z":-0.011627197265625,"roomId":5555}
{"type":"accel","timestamp":1531636291527,"x":-2.3602752685546875,"y":7.1260223388671875,"z":-8.061431884765625,"roomId":5555}
{"type":"gyro","timestamp":1531636291528,"x":-0.3574981689453125,"y":1.631134033203125,"z":0.163055419921875,"roomId":5555}
{"type":"accel","timestamp":1531636291537,"x":-2.421630859375,"y":6.7361602783203125,"z":-7.638702392578125,"roomId":5555}
{"type":"gyro","timestamp":1531636291538,"x":-0.4503021240234375,"y":1.8139801025390625,"z":0.50164794921875,"roomId":5555}
{"type":"accel","timestamp":1531636291547,"x":-1.3830718994140625,"y":6.571990966796875,"z":-6.3808441162109375,"roomId":5555}
{"type":"gyro","timestamp":1531636291548,"x":-0.48065185546875,"y":1.9750213623046875,"z":0.8655548095703125,"roomId":5555}
{"type":"accel","timestamp":1531636291557,"x":0.0544891357421875,"y":6.4989776611328125,"z":-4.888092041015625,"roomId":5555}
{"type":"accel","timestamp":1531636291567,"x":1.6671600341796875,"y":6.3786468505859375,"z":-3.5633392333984375,"roomId":5555}
{"type":"gyro","timestamp":1531636291568,"x":-0.266998291015625,"y":2.582305908203125,"z":1.3200836181640625,"roomId":5555}
{"type":"accel","timestamp":1531636291577,"x":3.306243896484375,"y":6.2495574951171875,"z":-2.30267333984375,"roomId":5555}
{"type":"gyro","timestamp":1531636291578,"x":-0.0529022216796875,"y":2.964599609375,"z":1.3492279052734375,"roomId":5555}
{"type":"accel","timestamp":1531636291588,"x":4.545013427734375,"y":6.0311279296875,"z":-1.101898193359375,"roomId":5555}
{"type":"gyro","timestamp":1531636291589,"x":0.2147979736328125,"y":3.353546142578125,"z":1.2621307373046875,"roomId":5555}
{"type":"accel","timestamp":1531636291608,"x":5.676116943359375,"y":4.9423065185546875,"z":0.4272918701171875,"roomId":5555}
{"type":"gyro","timestamp":1531636291609,"x":0.910186767578125,"y":4.150177001953125,"z":0.9344940185546875,"roomId":5555}
{"type":"accel","timestamp":1531636291628,"x":5.975250244140625,"y":3.65533447265625,"z":0.1470489501953125,"roomId":5555}
{"type":"gyro","timestamp":1531636291630,"x":1.7501678466796875,"y":4.972625732421875,"z":0.6981048583984375,"roomId":5555}
{"type":"accel","timestamp":1531636291639,"x":6.071441650390625,"y":3.173187255859375,"z":-0.927825927734375,"roomId":5555}
{"type":"gyro","timestamp":1531636291642,"x":2.1587066650390625,"y":5.397369384765625,"z":0.667755126953125,"roomId":5555}
{"type":"accel","timestamp":1531636291659,"x":6.2886199951171875,"y":2.3426971435546875,"z":-3.9908905029296875,"roomId":5555}
{"type":"gyro","timestamp":1531636291660,"x":2.71844482421875,"y":6.0430450439453125,"z":0.6983795166015625,"roomId":5555}
{"type":"accel","timestamp":1531636291678,"x":6.7127532958984375,"y":1.9251861572265625,"z":-6.1974029541015625,"roomId":5555}
{"type":"gyro","timestamp":1531636291679,"x":2.7484130859375,"y":6.61175537109375,"z":0.69244384765625,"roomId":5555}
{"type":"accel","timestamp":1531636291689,"x":7.22991943359375,"y":2.0100860595703125,"z":-6.6439208984375,"roomId":5555}
{"type":"gyro","timestamp":1531636291691,"x":2.61566162109375,"y":6.7967376708984375,"z":0.679107666015625,"roomId":5555}
{"type":"accel","timestamp":1531636291700,"x":7.85162353515625,"y":2.126617431640625,"z":-6.410125732421875,"roomId":5555}
{"type":"gyro","timestamp":1531636291702,"x":2.440032958984375,"y":6.9018707275390625,"z":0.6444854736328125,"roomId":5555}
{"type":"accel","timestamp":1531636291716,"x":8.389404296875,"y":2.20745849609375,"z":-5.1855621337890625,"roomId":5555}
{"type":"gyro","timestamp":1531636291717,"x":2.1230926513671875,"y":6.834320068359375,"z":0.4846038818359375,"roomId":5555}
{"type":"accel","timestamp":1531636291726,"x":8.5831298828125,"y":2.02789306640625,"z":-4.7246551513671875,"roomId":5555}
{"type":"gyro","timestamp":1531636291727,"x":2.00823974609375,"y":6.552734375,"z":0.3742218017578125,"roomId":5555}
{"type":"accel","timestamp":1531636291736,"x":8.970916748046875,"y":1.91314697265625,"z":-4.3201751708984375,"roomId":5555}
{"type":"gyro","timestamp":1531636291746,"x":1.7645111083984375,"y":5.479736328125,"z":0.0453643798828125,"roomId":5555}
{"type":"accel","timestamp":1531636291756,"x":9.630767822265625,"y":2.3072357177734375,"z":-3.5774383544921875,"roomId":5555}
{"type":"gyro","timestamp":1531636291757,"x":1.5369873046875,"y":4.74896240234375,"z":-0.2013397216796875,"roomId":5555}
{"type":"accel","timestamp":1531636291768,"x":9.630462646484375,"y":2.6165313720703125,"z":-3.0970306396484375,"roomId":5555}
{"type":"gyro","timestamp":1531636291769,"x":1.2520904541015625,"y":4.129669189453125,"z":-0.49267578125,"roomId":5555}
{"type":"accel","timestamp":1531636291788,"x":8.442459106445312,"y":3.5316925048828125,"z":-2.221466064453125,"roomId":5555}
{"type":"gyro","timestamp":1531636291790,"x":0.8193206787109375,"y":3.4617767333984375,"z":-1.0277557373046875,"roomId":5555}
{"type":"accel","timestamp":1531636291807,"x":6.4420318603515625,"y":4.115692138671875,"z":-1.1414031982421875,"roomId":5555}
{"type":"gyro","timestamp":1531636291809,"x":0.540191650390625,"y":2.971954345703125,"z":-1.1969146728515625,"roomId":5555}
{"type":"accel","timestamp":1531636291817,"x":6.290435791015625,"y":4.2735748291015625,"z":-0.480560302734375,"roomId":5555}
{"type":"gyro","timestamp":1531636291820,"x":0.417236328125,"y":2.8136444091796875,"z":-1.1222686767578125,"roomId":5555}
{"type":"accel","timestamp":1531636291836,"x":6.55914306640625,"y":4.16766357421875,"z":0.054779052734375,"roomId":5555}
{"type":"gyro","timestamp":1531636291837,"x":0.251861572265625,"y":2.804351806640625,"z":-0.8840789794921875,"roomId":5555}
{"type":"accel","timestamp":1531636291856,"x":6.6568145751953125,"y":3.9148712158203125,"z":-0.0500946044921875,"roomId":5555}
{"type":"gyro","timestamp":1531636291857,"x":0.0643768310546875,"y":2.7294921875,"z":-0.650146484375,"roomId":5555}
{"type":"accel","timestamp":1531636291874,"x":6.6731719970703125,"y":4.529754638671875,