{"type":"accel","timestamp":1531636283731,"x":3.3467559814453125,"y":5.95001220703125,"z":-5.7552490234375,"roomId":5555}
{"type":"gyro","timestamp":1531636283734,"x":0.378204345703125,"y":-0.01910400390625,"z":-0.108978271484375,"roomId":5555}
{"type":"accel","timestamp":1531636283743,"x":3.5127716064453125,"y":5.7504730224609375,"z":-6.2765045166015625,"roomId":5555}
{"type":"gyro","timestamp":1531636283744,"x":0.3902740478515625,"y":0.0211639404296875,"z":-0.100982666015625,"roomId":5555}
{"type":"accel","timestamp":1531636283761,"x":4.1738433837890625,"y":5.7039031982421875,"z":-6.6024932861328125,"roomId":5555}
{"type":"gyro","timestamp":1531636283763,"x":0.2504425048828125,"y":0.1629180908203125,"z":-0.0982818603515625,"roomId":5555}
{"type":"accel","timestamp":1531636283780,"x":4.1729583740234375,"y":6.264434814453125,"z":-7.194122314453125,"roomId":5555}
{"type":"gyro","timestamp":1531636283781,"x":0.1136474609375,"y":0.598968505859375,"z":-0.1362457275390625,"roomId":5555}
{"type":"accel","timestamp":1531636283790,"x":4.9774169921875,"y":6.7040252685546875,"z":-7.285308837890625,"roomId":5555}
{"type":"gyro","timestamp":1531636283791,"x":0.0137786865234375,"y":0.8124542236328125,"z":-0.152984619140625,"roomId":5555}
{"type":"accel","timestamp":1531636283800,"x":5.8290863037109375,"y":7.3726043701171875,"z":-7.1578369140625,"roomId":5555}
{"type":"gyro","timestamp":1531636283801,"x":-0.1168365478515625,"y":1.1322021484375,"z":-0.2210693359375,"roomId":5555}
{"type":"accel","timestamp":1531636283811,"x":6.442108154296875,"y":7.99383544921875,"z":-6.7866668701171875,"roomId":5555}
{"type":"gyro","timestamp":1531636283812,"x":-0.2544097900390625,"y":1.5958709716796875,"z":-0.3391571044921875,"roomId":5555}
{"type":"accel","timestamp":1531636283830,"x":5.1851806640625,"y":7.9255828857421875,"z":-5.6786041259765625,"roomId":5555}
{"type":"gyro","timestamp":1531636283831,"x":-0.4321136474609375,"y":2.6909027099609375,"z":-0.78668212890625,"roomId":5555}
{"type":"accel","timestamp":1531636283849,"x":2.94000244140625,"y":6.8378753662109375,"z":-4.454498291015625,"roomId":5555}
{"type":"gyro","timestamp":1531636283849,"x":-0.14642333984375,"y":3.361724853515625,"z":-1.1568603515625,"roomId":5555}
{"type":"accel","timestamp":1531636283859,"x":2.8966522216796875,"y":5.8834991455078125,"z":-4.19427490234375,"roomId":5555}
{"type":"gyro","timestamp":1531636283859,"x":0.185943603515625,"y":3.6197509765625,"z":-1.1261444091796875,"roomId":5555}
{"type":"accel","timestamp":1531636283870,"x":2.724151611328125,"y":4.90447998046875,"z":-4.0602569580078125,"roomId":5555}
{"type":"gyro","timestamp":1531636283872,"x":0.5925445556640625,"y":4.0088958740234375,"z":-1.0013427734375,"roomId":5555}
{"type":"accel","timestamp":1531636283880,"x":2.8254852294921875,"y":3.8514556884765625,"z":-4.14300537109375,"roomId":5555}
{"type":"gyro","timestamp":1531636283881,"x":1.0289154052734375,"y":4.5500946044921875,"z":-0.7696990966796875,"roomId":5555}
{"type":"accel","timestamp":1531636283890,"x":3.7344512939453125,"y":2.7594757080078125,"z":-3.84942626953125,"roomId":5555}
{"type":"gyro","timestamp":1531636283891,"x":1.441162109375,"y":5.1628570556640625,"z":-0.4586181640625,"roomId":5555}
{"type":"accel","timestamp":1531636283909,"x":6.140869140625,"y":0.6508636474609375,"z":-2.83746337890625,"roomId":5555}
{"type":"gyro","timestamp":1531636283909,"x":2.219970703125,"y":6.313079833984375,"z":0.127349853515625,"roomId":5555}
{"type":"accel","timestamp":1531636283919,"x":7.6708831787109375,"y":-0.002197265625,"z":-2.467010498046875,"roomId":5555}
{"type":"gyro","timestamp":1531636283920,"x":2.5995941162109375,"y":6.7540130615234375,"z":0.352752685546875,"roomId":5555}
{"type":"accel","timestamp":1531636283929,"x":9.3748779296875,"y":-0.605316162109375,"z":-2.590057373046875,"roomId":5555}
{"type":"gyro","timestamp":1531636283930,"x":2.9403533935546875,"y":7.2122802734375,"z":0.5163726806640625,"roomId":5555}
{"type":"accel","timestamp":1531636283940,"x":10.911041259765625,"y":-1.056671142578125,"z":-3.5565338134765625,"roomId":5555}
{"type":"gyro","timestamp":1531636283942,"x":3.1946258544921875,"y":7.77630615234375,"z":0.626068115234375,"roomId":5555}
{"type":"accel","timestamp":1531636283950,"x":11.292572021484375,"y":-1.1849212646484375,"z":-4.7735443115234375,"roomId":5555}
{"type":"gyro","timestamp":1531636283951,"x":3.32330322265625,"y":8.27947998046875,"z":0.7074737548828125,"roomId":5555}
{"type":"accel","timestamp":1531636283969,"x":11.636428833007812,"y":-0.3792877197265625,"z":-5.4152984619140625,"roomId":5555}
{"type":"gyro","timestamp":1531636283970,"x":3.192352294921875,"y":8.329559326171875,"z":0.902984619140625,"roomId":5555}
{"type":"accel","timestamp":1531636283989,"x":11.161849975585938,"y":3.093414306640625,"z":-3.2435302734375,"roomId":5555}
{"type":"gyro","timestamp":1531636283990,"x":2.5418548583984375,"y":7.57672119140625,"z":0.9038848876953125,"roomId":5555}
{"type":"accel","timestamp":1531636284009,"x":10.186386108398438,"y":5.5181884765625,"z":-0.277313232421875,"roomId":5555}
{"type":"gyro","timestamp":1531636284011,"x":1.6144561767578125,"y":6.8817138671875,"z":0.73779296875,"roomId":5555}
{"type":"accel","timestamp":1531636284019,"x":9.110275268554688,"y":5.70941162109375,"z":1.227142333984375,"roomId":5555}
{"type":"accel","timestamp":1531636284030,"x":7.824462890625,"y":5.701385498046875,"z":2.4151611328125,"roomId":5555}
{"type":"gyro","timestamp":1531636284031,"x":0.9308624267578125,"y":5.974151611328125,"z":0.33148193359375,"roomId":5555}
{"type":"accel","timestamp":1531636284041,"x":7.1673736572265625,"y":5.3504638671875,"z":3.0893096923828125,"roomId":5555}
{"type":"gyro","timestamp":1531636284043,"x":0.8954620361328125,"y":5.239776611328125,"z":0.1360931396484375,"roomId":5555}
{"type":"accel","timestamp":1531636284059,"x":6.76434326171875,"y":4.820037841796875,"z":2.0206756591796875,"roomId":5555}
{"type":"gyro","timestamp":1531636284061,"x":1.4393157958984375,"y":3.050811767578125,"z":-0.2419586181640625,"roomId":5555}
{"type":"accel","timestamp":1531636284069,"x":6.767303466796875,"y":5.2911376953125,"z":0.7259979248046875,"roomId":5555}
{"type":"accel","timestamp":1531636284079,"x":6.4499664306640625,"y":6.206268310546875,"z":-0.6939849853515625,"roomId":5555}
{"type":"gyro","timestamp":1531636284080,"x":2.05889892578125,"y":0.98992919921875,"z":-0.682342529296875,"roomId":5555}
{"type":"accel","timestamp":1531636284090,"x":5.9335479736328125,"y":7.20745849609375,"z":-1.74627685546875,"roomId":5555}
{"type":"gyro","timestamp":1531636284091,"x":2.1232452392578125,"y":0.21649169921875,"z":-0.9069061279296875,"roomId":5555}
{"type":"accel","timestamp":1531636284100,"x":5.59698486328125,"y":7.896026611328125,"z":-2.650848388671875,"roomId":5555}
{"type":"gyro","timestamp":1531636284101,"x":2.0177459716796875,"y":-0.3209228515625,"z":-1.0991058349609375,"roomId":5555}
{"type":"accel","timestamp":1531636284117,"x":5.5423431396484375,"y":8.186538696289062,"z":-4.33544921875,"roomId":5555}
{"type":"gyro","timestamp":1531636284118,"x":1.535858154296875,"y":-0.705718994140625,"z":-1.315704345703125,"roomId":5555}
{"type":"accel","timestamp":1531636284128,"x":5.3304443359375,"y":7.511474609375,"z":-6.189361572265625,"roomId":5555}
{"type":"gyro","timestamp":1531636284129,"x":1.229949951171875,"y":-0.5882720947265625,"z":-1.308013916015625,"roomId":5555}
{"type":"accel","timestamp":1531636284138,"x":4.862030029296875,"y":6.6493988037109375,"z":-10.677688598632812,"roomId":5555}
{"type":"gyro","timestamp":1531636284139,"x":0.730224609375,"y":-0.2678985595703125,"z":-1.1856536865234375,"roomId":5555}
{"type":"accel","timestamp":1531636284149,"x":4.2902069091796875,"y":7.115447998046875,"z":-6.620819091796875,"roomId":5555}
{"type":"gyro","timestamp":1531636284150,"x":-0.0864410400390625,"y":0.1859588623046875,"z":-0.9332275390625,"roomId":5555}
{"type":"accel","timestamp":1531636284167,"x":5.6612701416015625,"y":4.01953125,