{"type":"accel","timestamp":1531636206624,"x":6.0439300537109375,"y":5.958099365234375,"z":3.6435699462890625,"roomId":5555}
{"type":"gyro","timestamp":1531636206626,"x":0.025115966796875,"y":-0.47662353515625,"z":-0.201812744140625,"roomId":5555}
{"type":"accel","timestamp":1531636206635,"x":6.264434814453125,"y":5.671173095703125,"z":3.728546142578125,"roomId":5555}
{"type":"gyro","timestamp":1531636206638,"x":0.0299072265625,"y":-0.5150299072265625,"z":-0.23541259765625,"roomId":5555}
{"type":"accel","timestamp":1531636206653,"x":6.348388671875,"y":5.3766326904296875,"z":2.9144744873046875,"roomId":5555}
{"type":"gyro","timestamp":1531636206654,"x":0.0144805908203125,"y":-0.3602752685546875,"z":-0.2720947265625,"roomId":5555}
{"type":"accel","timestamp":1531636206663,"x":6.4608306884765625,"y":5.35321044921875,"z":2.6766204833984375,"roomId":5555}
{"type":"accel","timestamp":1531636206673,"x":6.543121337890625,"y":5.2614898681640625,"z":3.018463134765625,"roomId":5555}
{"type":"gyro","timestamp":1531636206674,"x":-0.1841583251953125,"y":-0.2565460205078125,"z":-0.3180999755859375,"roomId":5555}
{"type":"accel","timestamp":1531636206683,"x":6.7453155517578125,"y":5.006591796875,"z":3.7814788818359375,"roomId":5555}
{"type":"accel","timestamp":1531636206693,"x":6.89007568359375,"y":4.9571380615234375,"z":4.150177001953125,"roomId":5555}
{"type":"gyro","timestamp":1531636206694,"x":-0.2390594482421875,"y":-0.3650054931640625,"z":-0.416046142578125,"roomId":5555}
{"type":"accel","timestamp":1531636206705,"x":7.00469970703125,"y":5.04461669921875,"z":3.95184326171875,"roomId":5555}
{"type":"gyro","timestamp":1531636206706,"x":-0.22918701171875,"y":-0.3574981689453125,"z":-0.44677734375,"roomId":5555}
{"type":"accel","timestamp":1531636206723,"x":6.9798736572265625,"y":5.148773193359375,"z":3.05352783203125,"roomId":5555}
{"type":"gyro","timestamp":1531636206725,"x":-0.279510498046875,"y":-0.4910736083984375,"z":-0.5008392333984375,"roomId":5555}
{"type":"accel","timestamp":1531636206734,"x":7.0017852783203125,"y":5.0883636474609375,"z":2.5341949462890625,"roomId":5555}
{"type":"gyro","timestamp":1531636206735,"x":-0.3240509033203125,"y":-0.757568359375,"z":-0.5445404052734375,"roomId":5555}
{"type":"accel","timestamp":1531636206744,"x":7.0839385986328125,"y":4.8267974853515625,"z":2.1319580078125,"roomId":5555}
{"type":"gyro","timestamp":1531636206745,"x":-0.3983612060546875,"y":-1.1720428466796875,"z":-0.603240966796875,"roomId":5555}
{"type":"accel","timestamp":1531636206763,"x":8.2054443359375,"y":4.4495391845703125,"z":1.6117095947265625,"roomId":5555}
{"type":"gyro","timestamp":1531636206764,"x":-0.636810302734375,"y":-2.429962158203125,"z":-0.764556884765625,"roomId":5555}
{"type":"accel","timestamp":1531636206773,"x":9.059234619140625,"y":3.7812347412109375,"z":2.2160186767578125,"roomId":5555}
{"type":"gyro","timestamp":1531636206775,"x":-0.7940826416015625,"y":-3.0802764892578125,"z":-0.87310791015625,"roomId":5555}
{"type":"accel","timestamp":1531636206784,"x":9.533950805664062,"y":3.0151824951171875,"z":3.030792236328125,"roomId":5555}
{"type":"gyro","timestamp":1531636206787,"x":-0.9438018798828125,"y":-3.546875,"z":-0.9665985107421875,"roomId":5555}
{"type":"accel","timestamp":1531636206794,"x":9.823501586914062,"y":2.380401611328125,"z":3.47747802734375,"roomId":5555}
{"type":"gyro","timestamp":1531636206797,"x":-1.035736083984375,"y":-3.876312255859375,"z":-1.0499420166015625,"roomId":5555}
{"type":"accel","timestamp":1531636206806,"x":10.1412353515625,"y":2.2384796142578125,"z":2.9083251953125,"roomId":5555}
{"type":"gyro","timestamp":1531636206807,"x":-1.0420379638671875,"y":-4.2420654296875,"z":-1.130889892578125,"roomId":5555}
{"type":"accel","timestamp":1531636206821,"x":11.383407592773438,"y":3.052886962890625,"z":0.2246551513671875,"roomId":5555}
{"type":"gyro","timestamp":1531636206822,"x":-1.0689849853515625,"y":-5.4755706787109375,"z":-1.4756622314453125,"roomId":5555}
{"type":"accel","timestamp":1531636206831,"x":12.254043579101562,"y":3.7871246337890625,"z":-0.8977508544921875,"roomId":5555}
{"type":"gyro","timestamp":1531636206832,"x":-1.154083251953125,"y":-6.4780426025390625,"z":-1.7763214111328125,"roomId":5555}
{"type":"accel","timestamp":1531636206841,"x":12.118667602539062,"y":4.1459503173828125,"z":-1.48236083984375,"roomId":5555}
{"type":"accel","timestamp":1531636206852,"x":11.8316650390625,"y":4.3165130615234375,"z":-2.52667236328125,"roomId":5555}
{"type":"gyro","timestamp":1531636206852,"x":-1.3296051025390625,"y":-8.77166748046875,"z":-2.4973602294921875,"roomId":5555}
{"type":"accel","timestamp":1531636206872,"x":11.214981079101562,"y":4.5815277099609375,"z":-3.35162353515625,"roomId":5555}
{"type":"accel","timestamp":1531636206882,"x":10.270889282226562,"y":4.60272216796875,"z":-3.0932159423828125,"roomId":5555}
{"type":"gyro","timestamp":1531636206883,"x":-1.5939788818359375,"y":-10.6624755859375,"z":-2.9259185791015625,"roomId":5555}
{"type":"accel","timestamp":1531636206892,"x":8.937301635742188,"y":5.114013671875,"z":-3.113494873046875,"roomId":5555}
{"type":"gyro","timestamp":1531636206894,"x":-1.7309417724609375,"y":-11.131378173828125,"z":-3.0084075927734375,"roomId":5555}
{"type":"accel","timestamp":1531636206903,"x":7.65521240234375,"y":5.8332672119140625,"z":-3.6616668701171875,"roomId":5555}
{"type":"gyro","timestamp":1531636206906,"x":-1.8608245849609375,"y":-11.144256591796875,"z":-2.9493408203125,"roomId":5555}
{"type":"accel","timestamp":1531636206921,"x":6.564697265625,"y":8.18463134765625,"z":-5.0865936279296875,"roomId":5555}
{"type":"gyro","timestamp":1531636206922,"x":-2.321868896484375,"y":-10.32861328125,"z":-2.491546630859375,"roomId":5555}
{"type":"accel","timestamp":1531636206934,"x":7.521942138671875,"y":9.458389282226562,"z":-5.727142333984375,"roomId":5555}
{"type":"gyro","timestamp":1531636206937,"x":-2.7493133544921875,"y":-9.81781005859375,"z":-2.24005126953125,"roomId":5555}
{"type":"accel","timestamp":1531636206953,"x":11.03216552734375,"y":7.908660888671875,"z":-1.56536865234375,"roomId":5555}
{"type":"gyro","timestamp":1531636206955,"x":-4.02874755859375,"y":-9.801742553710938,"z":-2.2419281005859375,"roomId":5555}
{"type":"accel","timestamp":1531636206964,"x":13.575637817382812,"y":5.1661834716796875,"z":4.4854278564453125,"roomId":5555}
{"type":"gyro","timestamp":1531636206966,"x":-4.7394866943359375,"y":-10.3697509765625,"z":-2.566650390625,"roomId":5555}
{"type":"accel","timestamp":1531636206982,"x":16.619338989257812,"y":0.233154296875,"z":22.2078857421875,"roomId":5555}
{"type":"gyro","timestamp":1531636206983,"x":-5.4467010498046875,"y":-11.4586181640625,"z":-3.51220703125,"roomId":5555}
{"type":"accel","timestamp":1531636206992,"x":15.317596435546875,"y":-0.694854736328125,"z":30.598541259765625,"roomId":5555}
{"type":"gyro","timestamp":1531636206994,"x":-5.21990966796875,"y":-10.924362182617188,"z":-3.8736114501953125,"roomId":5555}
{"type":"accel","timestamp":1531636207003,"x":10.898590087890625,"y":-0.25408935546875,"z":33.78080749511719,"roomId":5555}
{"type":"gyro","timestamp":1531636207004,"x":-4.433685302734375,"y":-9.433425903320312,"z":-4.05078125,"roomId":5555}
{"type":"accel","timestamp":1531636207020,"x":-1.7987518310546875,"y":3.104644775390625,"z":23.2950439453125,"roomId":5555}
{"type":"gyro","timestamp":1531636207021,"x":-1.7116851806640625,"y":-5.0288238525390625,"z":-3.6165771484375,"roomId":5555}
{"type":"accel","timestamp":1531636207030,"x":-4.0542144775390625,"y":5.4311370849609375,"z":14.954833984375,"roomId":5555}
{"type":"gyro","timestamp":1531636207031,"x":-0.49713134765625,"y":-3.236785888671875,"z":-2.93792724609375,"roomId":5555}
{"type":"accel","timestamp":1531636207040,"x":-2.2278594970703125,"y":7.9055328369140625,"z":8.727081298828125,"roomId":5555}
{"type":"gyro","timestamp":1531636207041,"x":0.350860595703125,"y":-2.280731201171875,"z":-2.08599853515625,"roomId":5555}
{"type":"accel","timestamp":1531636207051,