{"type":"accel","timestamp":1531636261423,"x":3.9194183349609375,"y":6.504638671875,"z":-2.8285980224609375,"roomId":5555}
{"type":"gyro","timestamp":1531636261424,"x":-0.74603271484375,"y":0.1315460205078125,"z":-0.087615966796875,"roomId":5555}
{"type":"accel","timestamp":1531636261433,"x":3.2250823974609375,"y":6.3618927001953125,"z":-2.29144287109375,"roomId":5555}
{"type":"gyro","timestamp":1531636261434,"x":-0.484954833984375,"y":0.1135406494140625,"z":-0.04852294921875,"roomId":5555}
{"type":"accel","timestamp":1531636261443,"x":2.6854095458984375,"y":6.70635986328125,"z":-2.342681884765625,"roomId":5555}
{"type":"gyro","timestamp":1531636261452,"x":0.19464111328125,"y":0.238616943359375,"z":0.2769622802734375,"roomId":5555}
{"type":"accel","timestamp":1531636261462,"x":3.139617919921875,"y":7.3802490234375,"z":-4.4241943359375,"roomId":5555}
{"type":"gyro","timestamp":1531636261463,"x":0.3762054443359375,"y":0.3232879638671875,"z":0.4149932861328125,"roomId":5555}
{"type":"accel","timestamp":1531636261473,"x":4.162384033203125,"y":7.8178558349609375,"z":-5.4398345947265625,"roomId":5555}
{"type":"gyro","timestamp":1531636261474,"x":0.397674560546875,"y":0.279022216796875,"z":0.41473388671875,"roomId":5555}
{"type":"accel","timestamp":1531636261491,"x":5.378875732421875,"y":8.91278076171875,"z":-6.6937713623046875,"roomId":5555}
{"type":"gyro","timestamp":1531636261493,"x":0.13018798828125,"y":0.142578125,"z":0.0355682373046875,"roomId":5555}
{"type":"accel","timestamp":1531636261501,"x":5.1051788330078125,"y":9.365859985351562,"z":-7.3519287109375,"roomId":5555}
{"type":"accel","timestamp":1531636261513,"x":4.6302642822265625,"y":9.841598510742188,"z":-7.68072509765625,"roomId":5555}
{"type":"gyro","timestamp":1531636261514,"x":-0.2213592529296875,"y":0.158935546875,"z":-0.3299102783203125,"roomId":5555}
{"type":"accel","timestamp":1531636261523,"x":4.147735595703125,"y":10.325027465820312,"z":-7.523162841796875,"roomId":5555}
{"type":"gyro","timestamp":1531636261525,"x":-0.369232177734375,"y":0.15753173828125,"z":-0.429595947265625,"roomId":5555}
{"type":"accel","timestamp":1531636261533,"x":3.6353607177734375,"y":10.7086181640625,"z":-6.9658660888671875,"roomId":5555}
{"type":"gyro","timestamp":1531636261534,"x":-0.48095703125,"y":0.213470458984375,"z":-0.4900665283203125,"roomId":5555}
{"type":"accel","timestamp":1531636261552,"x":3.764617919921875,"y":10.664657592773438,"z":-5.11846923828125,"roomId":5555}
{"type":"gyro","timestamp":1531636261554,"x":-0.5618133544921875,"y":0.5685882568359375,"z":-0.50213623046875,"roomId":5555}
{"type":"accel","timestamp":1531636261572,"x":3.55145263671875,"y":9.256484985351562,"z":-2.3062744140625,"roomId":5555}
{"type":"gyro","timestamp":1531636261574,"x":-0.3591766357421875,"y":1.466033935546875,"z":-0.450439453125,"roomId":5555}
{"type":"accel","timestamp":1531636261593,"x":2.0877227783203125,"y":6.902923583984375,"z":0.0474700927734375,"roomId":5555}
{"type":"gyro","timestamp":1531636261595,"x":0.49603271484375,"y":2.3777008056640625,"z":-0.04888916015625,"roomId":5555}
{"type":"accel","timestamp":1531636261611,"x":2.2404327392578125,"y":5.0052032470703125,"z":-0.1954193115234375,"roomId":5555}
{"type":"gyro","timestamp":1531636261613,"x":1.388275146484375,"y":3.174072265625,"z":0.5612030029296875,"roomId":5555}
{"type":"accel","timestamp":1531636261623,"x":3.365203857421875,"y":3.900787353515625,"z":0.194061279296875,"roomId":5555}
{"type":"gyro","timestamp":1531636261624,"x":1.8050537109375,"y":3.493896484375,"z":0.911102294921875,"roomId":5555}
{"type":"accel","timestamp":1531636261633,"x":5.294769287109375,"y":2.8639373779296875,"z":0.726318359375,"roomId":5555}
{"type":"gyro","timestamp":1531636261635,"x":2.2481842041015625,"y":3.8277587890625,"z":1.1862335205078125,"roomId":5555}
{"type":"accel","timestamp":1531636261643,"x":7.13671875,"y":2.14105224609375,"z":1.2737579345703125,"roomId":5555}
{"type":"gyro","timestamp":1531636261649,"x":3.233489990234375,"y":4.8013763427734375,"z":1.3537445068359375,"roomId":5555}
{"type":"accel","timestamp":1531636261660,"x":9.47979736328125,"y":0.637603759765625,"z":-0.1763916015625,"roomId":5555}
{"type":"gyro","timestamp":1531636261662,"x":3.670074462890625,"y":5.4633331298828125,"z":1.3558502197265625,"roomId":5555}
{"type":"accel","timestamp":1531636261679,"x":10.607666015625,"y":0.080169677734375,"z":-3.9985504150390625,"roomId":5555}
{"type":"gyro","timestamp":1531636261680,"x":4.1668243408203125,"y":6.5165557861328125,"z":1.369171142578125,"roomId":5555}
{"type":"accel","timestamp":1531636261690,"x":11.2379150390625,"y":0.24810791015625,"z":-5.678070068359375,"roomId":5555}
{"type":"gyro","timestamp":1531636261691,"x":4.2208709716796875,"y":6.720184326171875,"z":1.4165191650390625,"roomId":5555}
{"type":"accel","timestamp":1531636261700,"x":12.373504638671875,"y":0.353546142578125,"z":-6.66876220703125,"roomId":5555}
{"type":"gyro","timestamp":1531636261701,"x":4.118194580078125,"y":6.852569580078125,"z":1.411956787109375,"roomId":5555}
{"type":"accel","timestamp":1531636261711,"x":13.449356079101562,"y":0.63262939453125,"z":-6.7958984375,"roomId":5555}
{"type":"gyro","timestamp":1531636261712,"x":3.8489532470703125,"y":7.070037841796875,"z":1.270294189453125,"roomId":5555}
{"type":"accel","timestamp":1531636261721,"x":13.628753662109375,"y":1.311309814453125,"z":-6.540313720703125,"roomId":5555}
{"type":"gyro","timestamp":1531636261723,"x":3.45599365234375,"y":7.299072265625,"z":0.979400634765625,"roomId":5555}
{"type":"accel","timestamp":1531636261740,"x":10.98345947265625,"y":2.3326873779296875,"z":-4.251556396484375,"roomId":5555}
{"type":"gyro","timestamp":1531636261741,"x":2.4658355712890625,"y":6.5893096923828125,"z":0.1263885498046875,"roomId":5555}
{"type":"accel","timestamp":1531636261750,"x":9.230941772460938,"y":2.1761016845703125,"z":-3.18939208984375,"roomId":5555}
{"type":"gyro","timestamp":1531636261751,"x":2.0940093994140625,"y":5.9619903564453125,"z":-0.273223876953125,"roomId":5555}
{"type":"accel","timestamp":1531636261760,"x":8.499710083007812,"y":1.8994598388671875,"z":-2.5550079345703125,"roomId":5555}
{"type":"gyro","timestamp":1531636261770,"x":1.819671630859375,"y":4.536468505859375,"z":-0.80120849609375,"roomId":5555}
{"type":"accel","timestamp":1531636261779,"x":8.763076782226562,"y":1.8927154541015625,"z":-1.9911956787109375,"roomId":5555}
{"type":"gyro","timestamp":1531636261780,"x":1.739654541015625,"y":3.868865966796875,"z":-0.982452392578125,"roomId":5555}
{"type":"accel","timestamp":1531636261792,"x":8.78961181640625,"y":2.232269287109375,"z":-1.630615234375,"roomId":5555}
{"type":"gyro","timestamp":1531636261793,"x":1.6149749755859375,"y":3.4385528564453125,"z":-1.127960205078125,"roomId":5555}
{"type":"accel","timestamp":1531636261809,"x":7.556671142578125,"y":3.170501708984375,"z":-1.403717041015625,"roomId":5555}
{"type":"gyro","timestamp":1531636261811,"x":1.2608795166015625,"y":3.23199462890625,"z":-1.2633819580078125,"roomId":5555}
{"type":"accel","timestamp":1531636261819,"x":6.5803375244140625,"y":3.4994049072265625,"z":-1.4016876220703125,"roomId":5555}
{"type":"gyro","timestamp":1531636261820,"x":1.0674591064453125,"y":3.248748779296875,"z":-1.1963043212890625,"roomId":5555}
{"type":"accel","timestamp":1531636261829,"x":6.2123870849609375,"y":3.6243438720703125,"z":-1.1292877197265625,"roomId":5555}
{"type":"gyro","timestamp":1531636261830,"x":0.856201171875,"y":3.2808990478515625,"z":-1.0400238037109375,"roomId":5555}
{"type":"accel","timestamp":1531636261849,"x":7.178985595703125,"y":3.77984619140625,"z":-0.423248291015625,"roomId":5555}
{"type":"gyro","timestamp":1531636261850,"x":0.463165283203125,"y":3.3659515380859375,"z":-0.730926513671875,"roomId":5555}
{"type":"accel","timestamp":1531636261859,"x":7.4405059814453125,"y":3.965087890625,"z":-0.598419189453125,"roomId":5555}
{"type":"gyro","timestamp":1531636261860,"x":0.339080810546875,"y":3.2606658935546875,"z":-0.708343505859375,