{"type":"gyro","timestamp":1531636281397,"x":0.102691650390625,"y":-0.07733154296875,"z":-0.022857666015625,"roomId":5555}
{"type":"accel","timestamp":1531636281408,"x":2.4752197265625,"y":6.19268798828125,"z":-7.258819580078125,"roomId":5555}
{"type":"gyro","timestamp":1531636281409,"x":0.1197357177734375,"y":0.0060882568359375,"z":0.017913818359375,"roomId":5555}
{"type":"accel","timestamp":1531636281427,"x":2.7906341552734375,"y":6.3610382080078125,"z":-7.2217254638671875,"roomId":5555}
{"type":"gyro","timestamp":1531636281429,"x":0.1177978515625,"y":0.2973480224609375,"z":0.168548583984375,"roomId":5555}
{"type":"accel","timestamp":1531636281438,"x":2.8640594482421875,"y":6.0849456787109375,"z":-7.056427001953125,"roomId":5555}
{"type":"gyro","timestamp":1531636281440,"x":0.0701904296875,"y":0.37493896484375,"z":0.1855926513671875,"roomId":5555}
{"type":"accel","timestamp":1531636281456,"x":2.87078857421875,"y":5.4778594970703125,"z":-5.91693115234375,"roomId":5555}
{"type":"gyro","timestamp":1531636281457,"x":-0.0762786865234375,"y":0.265380859375,"z":0.085784912109375,"roomId":5555}
{"type":"accel","timestamp":1531636281468,"x":2.9782257080078125,"y":5.4718017578125,"z":-5.8563385009765625,"roomId":5555}
{"type":"gyro","timestamp":1531636281469,"x":-0.1053924560546875,"y":0.200164794921875,"z":0.0211029052734375,"roomId":5555}
{"type":"accel","timestamp":1531636281478,"x":3.03350830078125,"y":5.566314697265625,"z":-6.2454681396484375,"roomId":5555}
{"type":"gyro","timestamp":1531636281479,"x":-0.07470703125,"y":0.16302490234375,"z":-0.024993896484375,"roomId":5555}
{"type":"accel","timestamp":1531636281496,"x":2.6098480224609375,"y":5.76507568359375,"z":-6.8155059814453125,"roomId":5555}
{"type":"gyro","timestamp":1531636281497,"x":-0.0080718994140625,"y":0.082550048828125,"z":-0.1373748779296875,"roomId":5555}
{"type":"accel","timestamp":1531636281506,"x":2.250091552734375,"y":6.020904541015625,"z":-6.921966552734375,"roomId":5555}
{"type":"gyro","timestamp":1531636281508,"x":-0.032501220703125,"y":0.07391357421875,"z":-0.196929931640625,"roomId":5555}
{"type":"accel","timestamp":1531636281517,"x":1.8724517822265625,"y":6.2855987548828125,"z":-6.830535888671875,"roomId":5555}
{"type":"gyro","timestamp":1531636281518,"x":-0.0807342529296875,"y":0.1246337890625,"z":-0.2301177978515625,"roomId":5555}
{"type":"accel","timestamp":1531636281536,"x":1.89276123046875,"y":6.790557861328125,"z":-7.164276123046875,"roomId":5555}
{"type":"gyro","timestamp":1531636281538,"x":-0.1791839599609375,"y":0.39678955078125,"z":-0.20849609375,"roomId":5555}
{"type":"accel","timestamp":1531636281548,"x":1.0261993408203125,"y":6.838134765625,"z":-7.218475341796875,"roomId":5555}
{"type":"gyro","timestamp":1531636281549,"x":-0.2412872314453125,"y":0.613037109375,"z":-0.1741180419921875,"roomId":5555}
{"type":"gyro","timestamp":1531636281566,"x":-0.4126434326171875,"y":0.9860687255859375,"z":-0.0241546630859375,"roomId":5555}
{"type":"accel","timestamp":1531636281576,"x":1.796905517578125,"y":8.0927734375,"z":-7.1259307861328125,"roomId":5555}
{"type":"gyro","timestamp":1531636281578,"x":-0.4715423583984375,"y":1.0983428955078125,"z":0.0341644287109375,"roomId":5555}
{"type":"accel","timestamp":1531636281594,"x":2.3445892333984375,"y":9.60748291015625,"z":-7.6248931884765625,"roomId":5555}
{"type":"gyro","timestamp":1531636281595,"x":-0.52203369140625,"y":1.8741455078125,"z":0.0371246337890625,"roomId":5555}
{"type":"accel","timestamp":1531636281605,"x":2.9439849853515625,"y":9.832183837890625,"z":-8.147567749023438,"roomId":5555}
{"type":"gyro","timestamp":1531636281605,"x":-0.512939453125,"y":2.5802001953125,"z":0.0457916259765625,"roomId":5555}
{"type":"accel","timestamp":1531636281615,"x":1.9768829345703125,"y":9.184188842773438,"z":-8.299453735351562,"roomId":5555}
{"type":"gyro","timestamp":1531636281615,"x":-0.44775390625,"y":3.4258270263671875,"z":0.05047607421875,"roomId":5555}
{"type":"accel","timestamp":1531636281635,"x":0.292694091796875,"y":6.4989471435546875,"z":-9.327560424804688,"roomId":5555}
{"type":"gyro","timestamp":1531636281636,"x":-0.14154052734375,"y":5.0635528564453125,"z":0.587371826171875,"roomId":5555}
{"type":"accel","timestamp":1531636281645,"x":1.4619293212890625,"y":5.1890869140625,"z":-9.550064086914062,"roomId":5555}
{"type":"gyro","timestamp":1531636281647,"x":-0.0358428955078125,"y":5.5956878662109375,"z":1.090087890625,"roomId":5555}
{"type":"accel","timestamp":1531636281655,"x":3.1967620849609375,"y":4.1844940185546875,"z":-8.763992309570312,"roomId":5555}
{"type":"accel","timestamp":1531636281666,"x":5.0135345458984375,"y":3.4641265869140625,"z":-7.4123382568359375,"roomId":5555}
{"type":"gyro","timestamp":1531636281668,"x":0.0496368408203125,"y":6.313385009765625,"z":1.8505706787109375,"roomId":5555}
{"type":"accel","timestamp":1531636281676,"x":6.5766754150390625,"y":2.9480133056640625,"z":-5.7845001220703125,"roomId":5555}
{"type":"accel","timestamp":1531636281687,"x":7.4177093505859375,"y":2.365386962890625,"z":-4.164947509765625,"roomId":5555}
{"type":"gyro","timestamp":1531636281688,"x":0.336700439453125,"y":6.965911865234375,"z":2.119171142578125,"roomId":5555}
{"type":"accel","timestamp":1531636281705,"x":7.8249664306640625,"y":1.21856689453125,"z":-1.7558135986328125,"roomId":5555}
{"type":"gyro","timestamp":1531636281706,"x":0.8559417724609375,"y":7.622314453125,"z":2.2552337646484375,"roomId":5555}
{"type":"accel","timestamp":1531636281715,"x":8.636611938476562,"y":0.905609130859375,"z":-0.4093475341796875,"roomId":5555}
{"type":"accel","timestamp":1531636281726,"x":10.0146484375,"y":0.712005615234375,"z":0.951385498046875,"roomId":5555}
{"type":"gyro","timestamp":1531636281729,"x":1.4669342041015625,"y":7.8278656005859375,"z":2.337615966796875,"roomId":5555}
{"type":"accel","timestamp":1531636281745,"x":10.315643310546875,"y":0.305084228515625,"z":3.1865997314453125,"roomId":5555}
{"type":"gyro","timestamp":1531636281746,"x":2.097015380859375,"y":7.844970703125,"z":2.171722412109375,"roomId":5555}
{"type":"accel","timestamp":1531636281757,"x":10.51910400390625,"y":0.6322784423828125,"z":4.292938232421875,"roomId":5555}
{"type":"gyro","timestamp":1531636281758,"x":2.3503875732421875,"y":7.7779693603515625,"z":2.110595703125,"roomId":5555}
{"type":"accel","timestamp":1531636281774,"x":9.111114501953125,"y":3.05926513671875,"z":4.8060455322265625,"roomId":5555}
{"type":"gyro","timestamp":1531636281775,"x":2.4233551025390625,"y":6.903289794921875,"z":1.9147796630859375,"roomId":5555}
{"type":"accel","timestamp":1531636281793,"x":8.856430053710938,"y":4.417572021484375,"z":3.6279449462890625,"roomId":5555}
{"type":"gyro","timestamp":1531636281795,"x":1.875,"y":5.9062347412109375,"z":1.492095947265625,"roomId":5555}
{"type":"accel","timestamp":1531636281804,"x":9.348419189453125,"y":4.7754974365234375,"z":3.66058349609375,"roomId":5555}
{"type":"gyro","timestamp":1531636281805,"x":1.624420166015625,"y":5.0413055419921875,"z":1.0780029296875,"roomId":5555}
{"type":"accel","timestamp":1531636281815,"x":10.16015625,"y":4.9094696044921875,"z":3.632720947265625,"roomId":5555}
{"type":"gyro","timestamp":1531636281816,"x":1.51141357421875,"y":3.8896026611328125,"z":0.50146484375,"roomId":5555}
{"type":"accel","timestamp":1531636281834,"x":11.151138305664062,"y":5.1446533203125,"z":3.604278564453125,"roomId":5555}
{"type":"gyro","timestamp":1531636281834,"x":1.71820068359375,"y":1.5290679931640625,"z":-1.0947418212890625,"roomId":5555}
{"type":"gyro","timestamp":1531636281844,"x":1.9491119384765625,"y":0.6767425537109375,"z":-1.88824462890625,"roomId":5555}
{"type":"accel","timestamp":1531636281853,"x":8.740203857421875,"y":4.7262725830078125,"z":1.489288330078125,"roomId":5555}
{"type":"gyro","timestamp":1531636281854,"x":2.155548095703125,"y":0.16510009765625,"z":-2.4606475830078125,"roomId":5555}
{"type":"accel","timestamp":1531636281873,"x":4.58905029296875,"y":5.2795257568359375,"z":-2.641693115234375,