{"type":"accel","timestamp":1531636303248,"x":0.90911865234375,"y":6.848602294921875,"z":-5.949493408203125,"roomId":5555}
{"type":"gyro","timestamp":1531636303249,"x":-0.6004638671875,"y":0.43511962890625,"z":-0.182098388671875,"roomId":5555}
{"type":"accel","timestamp":1531636303259,"x":1.29034423828125,"y":7.1351470947265625,"z":-5.9790191650390625,"roomId":5555}
{"type":"gyro","timestamp":1531636303261,"x":-0.430816650390625,"y":0.5879669189453125,"z":-0.1417083740234375,"roomId":5555}
{"type":"accel","timestamp":1531636303269,"x":2.152587890625,"y":7.46746826171875,"z":-6.2581634521484375,"roomId":5555}
{"type":"gyro","timestamp":1531636303278,"x":-0.1928558349609375,"y":1.16534423828125,"z":-0.1442413330078125,"roomId":5555}
{"type":"accel","timestamp":1531636303287,"x":3.013580322265625,"y":8.02978515625,"z":-6.2420654296875,"roomId":5555}
{"type":"gyro","timestamp":1531636303288,"x":-0.173065185546875,"y":1.6060791015625,"z":-0.2586517333984375,"roomId":5555}
{"type":"accel","timestamp":1531636303298,"x":2.14794921875,"y":7.7576751708984375,"z":-5.9969940185546875,"roomId":5555}
{"type":"gyro","timestamp":1531636303298,"x":-0.1787872314453125,"y":2.1103057861328125,"z":-0.393768310546875,"roomId":5555}
{"type":"accel","timestamp":1531636303308,"x":1.1219482421875,"y":7.190338134765625,"z":-5.8368988037109375,"roomId":5555}
{"type":"gyro","timestamp":1531636303309,"x":-0.1791229248046875,"y":2.60980224609375,"z":-0.455078125,"roomId":5555}
{"type":"accel","timestamp":1531636303328,"x":1.1938629150390625,"y":6.1906280517578125,"z":-4.9915771484375,"roomId":5555}
{"type":"gyro","timestamp":1531636303329,"x":-0.0656890869140625,"y":3.345062255859375,"z":-0.287841796875,"roomId":5555}
{"type":"accel","timestamp":1531636303338,"x":1.907867431640625,"y":5.9945831298828125,"z":-4.276763916015625,"roomId":5555}
{"type":"gyro","timestamp":1531636303339,"x":0.09619140625,"y":3.6224517822265625,"z":-0.18804931640625,"roomId":5555}
{"type":"accel","timestamp":1531636303348,"x":2.721954345703125,"y":5.851806640625,"z":-3.4894561767578125,"roomId":5555}
{"type":"gyro","timestamp":1531636303349,"x":0.3387298583984375,"y":3.9203948974609375,"z":-0.1463775634765625,"roomId":5555}
{"type":"accel","timestamp":1531636303358,"x":3.3378753662109375,"y":5.616363525390625,"z":-2.7241363525390625,"roomId":5555}
{"type":"gyro","timestamp":1531636303360,"x":0.6583404541015625,"y":4.2556915283203125,"z":-0.1598358154296875,"roomId":5555}
{"type":"accel","timestamp":1531636303378,"x":4.10833740234375,"y":4.7690887451171875,"z":-1.860565185546875,"roomId":5555}
{"type":"gyro","timestamp":1531636303380,"x":1.43804931640625,"y":5.0260162353515625,"z":-0.2069091796875,"roomId":5555}
{"type":"accel","timestamp":1531636303397,"x":5.624481201171875,"y":3.5326080322265625,"z":-2.7286224365234375,"roomId":5555}
{"type":"gyro","timestamp":1531636303398,"x":2.1685791015625,"y":5.8585052490234375,"z":-0.161865234375,"roomId":5555}
{"type":"accel","timestamp":1531636303407,"x":6.359283447265625,"y":3.19097900390625,"z":-4.295562744140625,"roomId":5555}
{"type":"accel","timestamp":1531636303417,"x":7.0893707275390625,"y":3.1871185302734375,"z":-6.1576690673828125,"roomId":5555}
{"type":"gyro","timestamp":1531636303418,"x":2.55859375,"y":6.4864349365234375,"z":-0.0818939208984375,"roomId":5555}
{"type":"accel","timestamp":1531636303427,"x":8.03558349609375,"y":3.4300994873046875,"z":-8.129898071289062,"roomId":5555}
{"type":"gyro","timestamp":1531636303428,"x":2.5325775146484375,"y":6.561859130859375,"z":-0.05126953125,"roomId":5555}
{"type":"accel","timestamp":1531636303446,"x":9.434341430664062,"y":4.4456634521484375,"z":-10.171173095703125,"roomId":5555}
{"type":"gyro","timestamp":1531636303447,"x":2.0326080322265625,"y":6.3709259033203125,"z":-0.149749755859375,"roomId":5555}
{"type":"accel","timestamp":1531636303457,"x":9.603378295898438,"y":4.7546844482421875,"z":-9.814910888671875,"roomId":5555}
{"type":"gyro","timestamp":1531636303458,"x":1.64898681640625,"y":6.2494354248046875,"z":-0.2518310546875,"roomId":5555}
{"type":"accel","timestamp":1531636303467,"x":9.9205322265625,"y":4.906829833984375,"z":-8.547439575195312,"roomId":5555}
{"type":"gyro","timestamp":1531636303468,"x":1.26531982421875,"y":6.0658111572265625,"z":-0.358795166015625,"roomId":5555}
{"type":"accel","timestamp":1531636303477,"x":9.993972778320312,"y":5.064788818359375,"z":-6.720977783203125,"roomId":5555}
{"type":"gyro","timestamp":1531636303478,"x":0.9255828857421875,"y":5.7630615234375,"z":-0.47174072265625,"roomId":5555}
{"type":"accel","timestamp":1531636303487,"x":9.5362548828125,"y":5.1618194580078125,"z":-4.962493896484375,"roomId":5555}
{"type":"gyro","timestamp":1531636303488,"x":0.6228485107421875,"y":5.3856658935546875,"z":-0.561798095703125,"roomId":5555}
{"type":"accel","timestamp":1531636303497,"x":9.020767211914062,"y":5.1669921875,"z":-3.343902587890625,"roomId":5555}
{"type":"gyro","timestamp":1531636303499,"x":0.3382720947265625,"y":5.062713623046875,"z":-0.597381591796875,"roomId":5555}
{"type":"accel","timestamp":1531636303507,"x":8.782516479492188,"y":5.099945068359375,"z":-1.880462646484375,"roomId":5555}
{"type":"gyro","timestamp":1531636303509,"x":0.104095458984375,"y":4.8876190185546875,"z":-0.58392333984375,"roomId":5555}
{"type":"accel","timestamp":1531636303525,"x":8.713790893554688,"y":4.855621337890625,"z":0.0650482177734375,"roomId":5555}
{"type":"gyro","timestamp":1531636303526,"x":-0.0687713623046875,"y":4.6825103759765625,"z":-0.5116119384765625,"roomId":5555}
{"type":"accel","timestamp":1531636303536,"x":8.918838500976562,"y":4.6813201904296875,"z":0.69610595703125,"roomId":5555}
{"type":"gyro","timestamp":1531636303537,"x":-0.02838134765625,"y":4.5099945068359375,"z":-0.5066986083984375,"roomId":5555}
{"type":"accel","timestamp":1531636303547,"x":9.203948974609375,"y":4.4945220947265625,"z":1.074615478515625,"roomId":5555}
{"type":"gyro","timestamp":1531636303549,"x":0.0642852783203125,"y":4.3139190673828125,"z":-0.5501251220703125,"roomId":5555}
{"type":"accel","timestamp":1531636303567,"x":9.091064453125,"y":3.9662017822265625,"z":1.352081298828125,"roomId":5555}
{"type":"gyro","timestamp":1531636303569,"x":0.313629150390625,"y":3.7496185302734375,"z":-0.76031494140625,"roomId":5555}
{"type":"accel","timestamp":1531636303577,"x":8.6630859375,"y":3.7940216064453125,"z":1.32818603515625,"roomId":5555}
{"type":"gyro","timestamp":1531636303580,"x":0.4477386474609375,"y":3.3524169921875,"z":-0.8872222900390625,"roomId":5555}
{"type":"accel","timestamp":1531636303587,"x":8.083084106445312,"y":3.7918548583984375,"z":1.276947021484375,"roomId":5555}
{"type":"accel","timestamp":1531636303597,"x":7.6059722900390625,"y":3.9241180419921875,"z":1.1559600830078125,"roomId":5555}
{"type":"gyro","timestamp":1531636303599,"x":0.6890411376953125,"y":2.5258026123046875,"z":-1.0832061767578125,"roomId":5555}
{"type":"accel","timestamp":1531636303615,"x":6.77545166015625,"y":4.1586456298828125,"z":0.7201080322265625,"roomId":5555}
{"type":"gyro","timestamp":1531636303617,"x":0.7996826171875,"y":1.894989013671875,"z":-1.2021942138671875,"roomId":5555}
{"type":"accel","timestamp":1531636303626,"x":6.2755279541015625,"y":4.1826019287109375,"z":0.3753509521484375,"roomId":5555}
{"type":"gyro","timestamp":1531636303627,"x":0.7979583740234375,"y":1.6747894287109375,"z":-1.2205047607421875,"roomId":5555}
{"type":"accel","timestamp":1531636303645,"x":5.8017578125,"y":4.0811309814453125,"z":-0.135284423828125,"roomId":5555}
{"type":"gyro","timestamp":1531636303646,"x":0.681732177734375,"y":1.336700439453125,"z":-1.1578521728515625,"roomId":5555}
{"type":"accel","timestamp":1531636303655,"x":5.790924072265625,"y":4.0000152587890625,"z":-0.12860107421875,"roomId":5555}
{"type":"accel","timestamp":1531636303666,"x":5.6737823486328125,"y":3.9453125,"z":-0.12261962890625,"roomId":5555}
{"type":"gyro","timestamp":1531636303667,"x":0.525238037109375,"y":1.13153076171875,"z":-1.1098480224609375,