{"type":"gyro","timestamp":1531636184327,"x":0.087860107421875,"y":-0.731964111328125,"z":0.0642547607421875,"roomId":5555}
{"type":"accel","timestamp":1531636184335,"x":1.006011962890625,"y":4.687835693359375,"z":7.8391876220703125,"roomId":5555}
{"type":"accel","timestamp":1531636184347,"x":1.54998779296875,"y":4.9400177001953125,"z":6.9976959228515625,"roomId":5555}
{"type":"gyro","timestamp":1531636184348,"x":0.378082275390625,"y":-0.7864990234375,"z":0.2493133544921875,"roomId":5555}
{"type":"accel","timestamp":1531636184365,"x":2.9199066162109375,"y":5.1640625,"z":5.7457122802734375,"roomId":5555}
{"type":"gyro","timestamp":1531636184366,"x":0.4107666015625,"y":-0.6523284912109375,"z":0.4292449951171875,"roomId":5555}
{"type":"accel","timestamp":1531636184375,"x":3.94061279296875,"y":5.5675201416015625,"z":5.312591552734375,"roomId":5555}
{"type":"gyro","timestamp":1531636184377,"x":0.3821258544921875,"y":-0.618377685546875,"z":0.4521026611328125,"roomId":5555}
{"type":"accel","timestamp":1531636184386,"x":4.7746124267578125,"y":6.0719451904296875,"z":4.8876800537109375,"roomId":5555}
{"type":"gyro","timestamp":1531636184387,"x":0.3438262939453125,"y":-0.5943450927734375,"z":0.4003753662109375,"roomId":5555}
{"type":"accel","timestamp":1531636184396,"x":4.8702239990234375,"y":6.4053955078125,"z":4.3660125732421875,"roomId":5555}
{"type":"gyro","timestamp":1531636184397,"x":0.29815673828125,"y":-0.542633056640625,"z":0.29638671875,"roomId":5555}
{"type":"accel","timestamp":1531636184415,"x":4.3748321533203125,"y":6.5626068115234375,"z":3.3651275634765625,"roomId":5555}
{"type":"gyro","timestamp":1531636184417,"x":0.150909423828125,"y":-0.444793701171875,"z":0.13458251953125,"roomId":5555}
{"type":"accel","timestamp":1531636184426,"x":4.3888092041015625,"y":6.41192626953125,"z":3.378997802734375,"roomId":5555}
{"type":"gyro","timestamp":1531636184428,"x":0.03857421875,"y":-0.4338531494140625,"z":0.0916595458984375,"roomId":5555}
{"type":"accel","timestamp":1531636184444,"x":5.088409423828125,"y":6.0480804443359375,"z":4.1387481689453125,"roomId":5555}
{"type":"gyro","timestamp":1531636184445,"x":-0.16326904296875,"y":-0.536224365234375,"z":0.0006866455078125,"roomId":5555}
{"type":"accel","timestamp":1531636184456,"x":5.2834320068359375,"y":5.7928619384765625,"z":4.91961669921875,"roomId":5555}
{"type":"gyro","timestamp":1531636184457,"x":-0.2611541748046875,"y":-0.586761474609375,"z":-0.070892333984375,"roomId":5555}
{"type":"accel","timestamp":1531636184474,"x":5.40509033203125,"y":5.2361602783203125,"z":6.7647857666015625,"roomId":5555}
{"type":"gyro","timestamp":1531636184476,"x":-0.3617095947265625,"y":-0.635986328125,"z":-0.1991424560546875,"roomId":5555}
{"type":"accel","timestamp":1531636184485,"x":5.3917083740234375,"y":5.09039306640625,"z":7.4861602783203125,"roomId":5555}
{"type":"gyro","timestamp":1531636184487,"x":-0.3658599853515625,"y":-0.5949554443359375,"z":-0.23333740234375,"roomId":5555}
{"type":"accel","timestamp":1531636184496,"x":5.435028076171875,"y":4.9209136962890625,"z":8.229782104492188,"roomId":5555}
{"type":"gyro","timestamp":1531636184498,"x":-0.36505126953125,"y":-0.548309326171875,"z":-0.2373046875,"roomId":5555}
{"type":"accel","timestamp":1531636184515,"x":6.2671051025390625,"y":4.690948486328125,"z":8.851699829101562,"roomId":5555}
{"type":"gyro","timestamp":1531636184515,"x":-0.2863006591796875,"y":-0.735107421875,"z":-0.2124176025390625,"roomId":5555}
{"type":"accel","timestamp":1531636184525,"x":6.898681640625,"y":4.7271881103515625,"z":8.620895385742188,"roomId":5555}
{"type":"gyro","timestamp":1531636184526,"x":-0.2090301513671875,"y":-1.0785369873046875,"z":-0.2401885986328125,"roomId":5555}
{"type":"accel","timestamp":1531636184535,"x":7.67791748046875,"y":4.715576171875,"z":8.41204833984375,"roomId":5555}
{"type":"gyro","timestamp":1531636184536,"x":-0.125030517578125,"y":-1.64971923828125,"z":-0.3095550537109375,"roomId":5555}
{"type":"accel","timestamp":1531636184555,"x":9.693283081054688,"y":4.193817138671875,"z":8.284622192382812,"roomId":5555}
{"type":"gyro","timestamp":1531636184556,"x":0.0976104736328125,"y":-3.2093353271484375,"z":-0.595458984375,"roomId":5555}
{"type":"accel","timestamp":1531636184574,"x":12.46771240234375,"y":3.7757720947265625,"z":8.024505615234375,"roomId":5555}
{"type":"gyro","timestamp":1531636184576,"x":0.4129791259765625,"y":-4.3353271484375,"z":-0.9857330322265625,"roomId":5555}
{"type":"accel","timestamp":1531636184584,"x":13.195053100585938,"y":3.694610595703125,"z":7.425628662109375,"roomId":5555}
{"type":"gyro","timestamp":1531636184586,"x":0.53814697265625,"y":-4.2658843994140625,"z":-1.2054901123046875,"roomId":5555}
{"type":"accel","timestamp":1531636184595,"x":13.085968017578125,"y":3.3738555908203125,"z":6.0594940185546875,"roomId":5555}
{"type":"gyro","timestamp":1531636184597,"x":0.586029052734375,"y":-3.834442138671875,"z":-1.4112701416015625,"roomId":5555}
{"type":"accel","timestamp":1531636184613,"x":12.38360595703125,"y":3.5988616943359375,"z":2.3845367431640625,"roomId":5555}
{"type":"gyro","timestamp":1531636184614,"x":0.3492889404296875,"y":-3.1233978271484375,"z":-1.687957763671875,"roomId":5555}
{"type":"accel","timestamp":1531636184623,"x":11.831832885742188,"y":3.8601531982421875,"z":2.152618408203125,"roomId":5555}
{"type":"gyro","timestamp":1531636184625,"x":0.1222076416015625,"y":-3.4514007568359375,"z":-1.9147796630859375,"roomId":5555}
{"type":"accel","timestamp":1531636184633,"x":10.511062622070312,"y":4.0447998046875,"z":2.3743133544921875,"roomId":5555}
{"type":"accel","timestamp":1531636184643,"x":9.044769287109375,"y":4.19610595703125,"z":2.309478759765625,"roomId":5555}
{"type":"gyro","timestamp":1531636184643,"x":-0.0039520263671875,"y":-5.1944580078125,"z":-2.5527801513671875,"roomId":5555}
{"type":"accel","timestamp":1531636184653,"x":7.9698486328125,"y":4.36907958984375,"z":1.549774169921875,"roomId":5555}
{"type":"gyro","timestamp":1531636184654,"x":0.0649566650390625,"y":-6.2457733154296875,"z":-2.8115234375,"roomId":5555}
{"type":"accel","timestamp":1531636184673,"x":6.7980194091796875,"y":5.544921875,"z":-0.434967041015625,"roomId":5555}
{"type":"gyro","timestamp":1531636184674,"x":-0.02215576171875,"y":-8.090301513671875,"z":-3.1602935791015625,"roomId":5555}
{"type":"accel","timestamp":1531636184684,"x":6.730438232421875,"y":5.944091796875,"z":-0.9498748779296875,"roomId":5555}
{"type":"gyro","timestamp":1531636184686,"x":-0.2514495849609375,"y":-8.715911865234375,"z":-3.2786102294921875,"roomId":5555}
{"type":"accel","timestamp":1531636184694,"x":6.73455810546875,"y":5.954071044921875,"z":-0.7078704833984375,"roomId":5555}
{"type":"gyro","timestamp":1531636184703,"x":-0.86407470703125,"y":-9.4691162109375,"z":-3.4999237060546875,"roomId":5555}
{"type":"accel","timestamp":1531636184714,"x":5.172088623046875,"y":5.8704071044921875,"z":1.36102294921875,"roomId":5555}
{"type":"gyro","timestamp":1531636184716,"x":-1.0830535888671875,"y":-9.644500732421875,"z":-3.557098388671875,"roomId":5555}
{"type":"accel","timestamp":1531636184724,"x":3.902191162109375,"y":6.2344970703125,"z":2.1290283203125,"roomId":5555}
{"type":"gyro","timestamp":1531636184732,"x":-1.36676025390625,"y":-9.680404663085938,"z":-3.4527130126953125,"roomId":5555}
{"type":"accel","timestamp":1531636184741,"x":2.419891357421875,"y":7.266937255859375,"z":2.9515380859375,"roomId":5555}
{"type":"gyro","timestamp":1531636184743,"x":-1.5657958984375,"y":-9.680511474609375,"z":-3.3215179443359375,"roomId":5555}
{"type":"accel","timestamp":1531636184751,"x":3.442291259765625,"y":7.41265869140625,"z":4.3796234130859375,"roomId":5555}
{"type":"accel","timestamp":1531636184763,"x":5.123016357421875,"y":6.9662017822265625,"z":6.75555419921875,"roomId":5555}
{"type":"gyro","timestamp":1531636184764,"x":-2.1712188720703125,"y":-9.598617553710938,"z":-3.1746978759765625,"roomId":5555}
{"type":"accel","timestamp":1531636184773,"x":6.5962982177734375,"y":6.06927490234375,