{"type":"accel","timestamp":1531636293902,"x":0.75714111328125,"y":8.44622802734375,"z":-4.6641082763671875,"roomId":5555}
{"type":"gyro","timestamp":1531636293903,"x":0.1067352294921875,"y":0.13299560546875,"z":0.120361328125,"roomId":5555}
{"type":"accel","timestamp":1531636293922,"x":0.8905029296875,"y":9.338348388671875,"z":-7.6087646484375,"roomId":5555}
{"type":"gyro","timestamp":1531636293923,"x":0.3009033203125,"y":0.304351806640625,"z":0.1145477294921875,"roomId":5555}
{"type":"accel","timestamp":1531636293932,"x":0.8424530029296875,"y":9.655014038085938,"z":-8.0357666015625,"roomId":5555}
{"type":"gyro","timestamp":1531636293933,"x":0.1352081298828125,"y":0.5003662109375,"z":0.0404052734375,"roomId":5555}
{"type":"accel","timestamp":1531636293943,"x":0.7706756591796875,"y":9.676513671875,"z":-7.9013519287109375,"roomId":5555}
{"type":"gyro","timestamp":1531636293944,"x":-0.0554351806640625,"y":0.63287353515625,"z":-0.032958984375,"roomId":5555}
{"type":"accel","timestamp":1531636293961,"x":0.534698486328125,"y":9.466232299804688,"z":-7.0179901123046875,"roomId":5555}
{"type":"gyro","timestamp":1531636293961,"x":-0.3796539306640625,"y":0.7675323486328125,"z":-0.1716156005859375,"roomId":5555}
{"type":"accel","timestamp":1531636293971,"x":0.4395751953125,"y":9.59661865234375,"z":-6.646392822265625,"roomId":5555}
{"type":"gyro","timestamp":1531636293972,"x":-0.528900146484375,"y":0.9458465576171875,"z":-0.186309814453125,"roomId":5555}
{"type":"accel","timestamp":1531636293983,"x":0.2828521728515625,"y":9.978134155273438,"z":-6.3515777587890625,"roomId":5555}
{"type":"gyro","timestamp":1531636293984,"x":-0.700531005859375,"y":1.2703704833984375,"z":-0.1346893310546875,"roomId":5555}
{"type":"accel","timestamp":1531636294001,"x":-0.25323486328125,"y":10.175491333007812,"z":-5.2349700927734375,"roomId":5555}
{"type":"gyro","timestamp":1531636294003,"x":-0.94036865234375,"y":2.4251708984375,"z":0.0813446044921875,"roomId":5555}
{"type":"accel","timestamp":1531636294012,"x":-0.910552978515625,"y":9.73883056640625,"z":-4.838043212890625,"roomId":5555}
{"type":"gyro","timestamp":1531636294013,"x":-0.905029296875,"y":3.094268798828125,"z":0.2380828857421875,"roomId":5555}
{"type":"accel","timestamp":1531636294030,"x":-0.8694305419921875,"y":8.461532592773438,"z":-3.4398040771484375,"roomId":5555}
{"type":"gyro","timestamp":1531636294031,"x":-0.6166229248046875,"y":3.81744384765625,"z":0.7446136474609375,"roomId":5555}
{"type":"accel","timestamp":1531636294040,"x":0.2606658935546875,"y":8.152999877929688,"z":-2.4694061279296875,"roomId":5555}
{"type":"gyro","timestamp":1531636294042,"x":-0.3930816650390625,"y":3.9821929931640625,"z":1.0313568115234375,"roomId":5555}
{"type":"accel","timestamp":1531636294050,"x":1.9523162841796875,"y":7.8515625,"z":-1.3786773681640625,"roomId":5555}
{"type":"gyro","timestamp":1531636294051,"x":-0.1159210205078125,"y":4.2367706298828125,"z":1.2746734619140625,"roomId":5555}
{"type":"accel","timestamp":1531636294061,"x":3.586822509765625,"y":7.4127349853515625,"z":-0.6949462890625,"roomId":5555}
{"type":"gyro","timestamp":1531636294061,"x":0.2444610595703125,"y":4.67254638671875,"z":1.45947265625,"roomId":5555}
{"type":"accel","timestamp":1531636294081,"x":7.115325927734375,"y":6.382049560546875,"z":-1.66851806640625,"roomId":5555}
{"type":"gyro","timestamp":1531636294083,"x":0.6776123046875,"y":5.231964111328125,"z":1.59271240234375,"roomId":5555}
{"type":"accel","timestamp":1531636294092,"x":8.306167602539062,"y":5.744720458984375,"z":-2.8250579833984375,"roomId":5555}
{"type":"gyro","timestamp":1531636294094,"x":1.1284027099609375,"y":5.7527618408203125,"z":1.6320648193359375,"roomId":5555}
{"type":"accel","timestamp":1531636294110,"x":8.595321655273438,"y":4.1812591552734375,"z":-4.371612548828125,"roomId":5555}
{"type":"gyro","timestamp":1531636294110,"x":1.8851470947265625,"y":6.48468017578125,"z":1.3623199462890625,"roomId":5555}
{"type":"accel","timestamp":1531636294120,"x":8.774032592773438,"y":3.44903564453125,"z":-4.7556304931640625,"roomId":5555}
{"type":"gyro","timestamp":1531636294121,"x":2.150115966796875,"y":6.7594146728515625,"z":1.1984100341796875,"roomId":5555}
{"type":"accel","timestamp":1531636294131,"x":8.716705322265625,"y":2.8246002197265625,"z":-4.942169189453125,"roomId":5555}
{"type":"gyro","timestamp":1531636294133,"x":2.3411407470703125,"y":6.9580078125,"z":1.076446533203125,"roomId":5555}
{"type":"accel","timestamp":1531636294141,"x":8.387542724609375,"y":2.291534423828125,"z":-4.9947662353515625,"roomId":5555}
{"type":"gyro","timestamp":1531636294150,"x":2.5071868896484375,"y":7.008941650390625,"z":0.852752685546875,"roomId":5555}
{"type":"accel","timestamp":1531636294159,"x":7.8779449462890625,"y":1.742431640625,"z":-4.9119415283203125,"roomId":5555}
{"type":"gyro","timestamp":1531636294160,"x":2.4937896728515625,"y":6.8297576904296875,"z":0.7343597412109375,"roomId":5555}
{"type":"accel","timestamp":1531636294170,"x":8.351943969726562,"y":2.01263427734375,"z":-4.81396484375,"roomId":5555}
{"type":"gyro","timestamp":1531636294172,"x":2.4368743896484375,"y":6.535064697265625,"z":0.6124114990234375,"roomId":5555}
{"type":"accel","timestamp":1531636294180,"x":8.738677978515625,"y":2.1563568115234375,"z":-3.87860107421875,"roomId":5555}
{"type":"accel","timestamp":1531636294190,"x":9.035751342773438,"y":2.68621826171875,"z":-4.053955078125,"roomId":5555}
{"type":"gyro","timestamp":1531636294191,"x":2.2791290283203125,"y":5.656219482421875,"z":0.31695556640625,"roomId":5555}
{"type":"accel","timestamp":1531636294201,"x":8.676162719726562,"y":3.3651123046875,"z":-4.8561248779296875,"roomId":5555}
{"type":"gyro","timestamp":1531636294203,"x":2.2398681640625,"y":5.24493408203125,"z":0.112274169921875,"roomId":5555}
{"type":"accel","timestamp":1531636294220,"x":6.407196044921875,"y":4.056610107421875,"z":-2.2456512451171875,"roomId":5555}
{"type":"gyro","timestamp":1531636294222,"x":1.6953582763671875,"y":4.9329376220703125,"z":-0.362518310546875,"roomId":5555}
{"type":"accel","timestamp":1531636294230,"x":6.726806640625,"y":3.6563720703125,"z":-1.5688018798828125,"roomId":5555}
{"type":"gyro","timestamp":1531636294233,"x":1.3113250732421875,"y":4.85821533203125,"z":-0.4516754150390625,"roomId":5555}
{"type":"accel","timestamp":1531636294241,"x":7.0009765625,"y":3.4169769287109375,"z":-1.71697998046875,"roomId":5555}
{"type":"gyro","timestamp":1531636294243,"x":1.100433349609375,"y":4.7421417236328125,"z":-0.4584197998046875,"roomId":5555}
{"type":"accel","timestamp":1531636294261,"x":6.7685699462890625,"y":3.96099853515625,"z":-1.4257965087890625,"roomId":5555}
{"type":"gyro","timestamp":1531636294263,"x":0.91259765625,"y":4.336273193359375,"z":-0.5592041015625,"roomId":5555}
{"type":"accel","timestamp":1531636294280,"x":5.7270660400390625,"y":4.1331634521484375,"z":-0.1434783935546875,"roomId":5555}
{"type":"gyro","timestamp":1531636294281,"x":0.6998291015625,"y":3.3986968994140625,"z":-0.776153564453125,"roomId":5555}
{"type":"accel","timestamp":1531636294290,"x":5.4806976318359375,"y":3.993560791015625,"z":0.465362548828125,"roomId":5555}
{"type":"gyro","timestamp":1531636294291,"x":0.63067626953125,"y":2.9546356201171875,"z":-0.8847503662109375,"roomId":5555}
{"type":"accel","timestamp":1531636294309,"x":4.8778076171875,"y":4.12835693359375,"z":0.3400421142578125,"roomId":5555}
{"type":"gyro","timestamp":1531636294310,"x":0.6154022216796875,"y":2.39910888671875,"z":-0.9532623291015625,"roomId":5555}
{"type":"accel","timestamp":1531636294329,"x":5.9931488037109375,"y":4.8308563232421875,"z":0.5913543701171875,"roomId":5555}
{"type":"gyro","timestamp":1531636294329,"x":0.622894287109375,"y":2.00445556640625,"z":-0.8429107666015625,"roomId":5555}
{"type":"accel","timestamp":1531636294349,"x":6.465789794921875,"y":5.1938018798828125,"z":0.702606201171875,"roomId":5555}
{"type":"gyro","timestamp":1531636294351,"x":0.5637969970703125,"y":1.592559814453125,"z":-0.8699798583984375,