{"type":"accel","timestamp":1531636189221,"x":3.3339996337890625,"y":5.70184326171875,"z":7.1682891845703125,"roomId":5555}
{"type":"accel","timestamp":1531636189231,"x":3.350921630859375,"y":5.6685638427734375,"z":7.334930419921875,"roomId":5555}
{"type":"gyro","timestamp":1531636189233,"x":0.013092041015625,"y":-0.3974456787109375,"z":-0.0942535400390625,"roomId":5555}
{"type":"accel","timestamp":1531636189241,"x":3.3329315185546875,"y":5.624176025390625,"z":7.3062896728515625,"roomId":5555}
{"type":"accel","timestamp":1531636189251,"x":3.1788482666015625,"y":5.5030517578125,"z":6.9177398681640625,"roomId":5555}
{"type":"gyro","timestamp":1531636189252,"x":0.14166259765625,"y":-0.345458984375,"z":-0.0848541259765625,"roomId":5555}
{"type":"accel","timestamp":1531636189261,"x":3.0992584228515625,"y":5.320068359375,"z":6.432708740234375,"roomId":5555}
{"type":"gyro","timestamp":1531636189263,"x":0.1930999755859375,"y":-0.35589599609375,"z":-0.065155029296875,"roomId":5555}
{"type":"accel","timestamp":1531636189274,"x":3.2987518310546875,"y":5.209808349609375,"z":6.136260986328125,"roomId":5555}
{"type":"gyro","timestamp":1531636189275,"x":0.2198486328125,"y":-0.4233245849609375,"z":-0.02703857421875,"roomId":5555}
{"type":"accel","timestamp":1531636189291,"x":4.1828155517578125,"y":5.1390228271484375,"z":5.7950286865234375,"roomId":5555}
{"type":"gyro","timestamp":1531636189293,"x":0.2622528076171875,"y":-0.7626953125,"z":0.012176513671875,"roomId":5555}
{"type":"accel","timestamp":1531636189301,"x":4.5927886962890625,"y":5.0334930419921875,"z":5.80181884765625,"roomId":5555}
{"type":"gyro","timestamp":1531636189303,"x":0.3026123046875,"y":-1.1068267822265625,"z":-0.02008056640625,"roomId":5555}
{"type":"accel","timestamp":1531636189312,"x":5.1495208740234375,"y":4.9211883544921875,"z":6.0422515869140625,"roomId":5555}
{"type":"gyro","timestamp":1531636189313,"x":0.379638671875,"y":-1.6043548583984375,"z":-0.0761260986328125,"roomId":5555}
{"type":"accel","timestamp":1531636189322,"x":5.9893798828125,"y":4.8454437255859375,"z":6.293304443359375,"roomId":5555}
{"type":"gyro","timestamp":1531636189331,"x":0.6719818115234375,"y":-2.6735992431640625,"z":-0.1688385009765625,"roomId":5555}
{"type":"accel","timestamp":1531636189340,"x":9.519515991210938,"y":5.1107025146484375,"z":6.020233154296875,"roomId":5555}
{"type":"gyro","timestamp":1531636189341,"x":0.8217926025390625,"y":-2.98199462890625,"z":-0.215667724609375,"roomId":5555}
{"type":"accel","timestamp":1531636189350,"x":12.067092895507812,"y":5.63397216796875,"z":5.371368408203125,"roomId":5555}
{"type":"gyro","timestamp":1531636189351,"x":0.909576416015625,"y":-3.01837158203125,"z":-0.3154296875,"roomId":5555}
{"type":"accel","timestamp":1531636189360,"x":13.971343994140625,"y":6.1137542724609375,"z":4.176727294921875,"roomId":5555}
{"type":"gyro","timestamp":1531636189361,"x":0.87969970703125,"y":-2.73760986328125,"z":-0.4878692626953125,"roomId":5555}
{"type":"accel","timestamp":1531636189372,"x":15.004562377929688,"y":6.2655792236328125,"z":3.0335235595703125,"roomId":5555}
{"type":"gyro","timestamp":1531636189373,"x":0.674530029296875,"y":-2.2801361083984375,"z":-0.7178955078125,"roomId":5555}
{"type":"accel","timestamp":1531636189391,"x":13.568832397460938,"y":4.778350830078125,"z":2.95654296875,"roomId":5555}
{"type":"gyro","timestamp":1531636189393,"x":-0.072357177734375,"y":-1.6795501708984375,"z":-1.240814208984375,"roomId":5555}
{"type":"accel","timestamp":1531636189401,"x":12.032440185546875,"y":3.6661376953125,"z":3.333648681640625,"roomId":5555}
{"type":"gyro","timestamp":1531636189403,"x":-0.340057373046875,"y":-1.7756195068359375,"z":-1.4335784912109375,"roomId":5555}
{"type":"accel","timestamp":1531636189413,"x":11.038055419921875,"y":2.92498779296875,"z":3.4940032958984375,"roomId":5555}
{"type":"gyro","timestamp":1531636189414,"x":-0.437103271484375,"y":-2.30267333984375,"z":-1.594207763671875,"roomId":5555}
{"type":"accel","timestamp":1531636189430,"x":10.298904418945312,"y":3.0927886962890625,"z":2.9438629150390625,"roomId":5555}
{"type":"gyro","timestamp":1531636189431,"x":-0.21453857421875,"y":-4.795166015625,"z":-2.1055755615234375,"roomId":5555}
{"type":"accel","timestamp":1531636189450,"x":10.064682006835938,"y":3.9598541259765625,"z":1.8357696533203125,"roomId":5555}
{"type":"gyro","timestamp":1531636189451,"x":0.1735992431640625,"y":-7.8842010498046875,"z":-2.747528076171875,"roomId":5555}
{"type":"accel","timestamp":1531636189460,"x":9.56231689453125,"y":4.3137969970703125,"z":1.582183837890625,"roomId":5555}
{"type":"gyro","timestamp":1531636189461,"x":0.261322021484375,"y":-9.133575439453125,"z":-3.0171356201171875,"roomId":5555}
{"type":"accel","timestamp":1531636189470,"x":8.261062622070312,"y":4.6792755126953125,"z":1.158050537109375,"roomId":5555}
{"type":"gyro","timestamp":1531636189471,"x":0.280303955078125,"y":-9.996292114257812,"z":-3.199798583984375,"roomId":5555}
{"type":"accel","timestamp":1531636189490,"x":5.5217132568359375,"y":5.514739990234375,"z":-0.7025299072265625,"roomId":5555}
{"type":"gyro","timestamp":1531636189491,"x":0.1085662841796875,"y":-10.509765625,"z":-3.072265625,"roomId":5555}
{"type":"accel","timestamp":1531636189500,"x":4.514251708984375,"y":6.093109130859375,"z":-1.655120849609375,"roomId":5555}
{"type":"gyro","timestamp":1531636189501,"x":-0.1287841796875,"y":-10.302932739257812,"z":-2.8019866943359375,"roomId":5555}
{"type":"accel","timestamp":1531636189512,"x":4.0055389404296875,"y":6.769073486328125,"z":-2.465301513671875,"roomId":5555}
{"type":"gyro","timestamp":1531636189513,"x":-0.4405670166015625,"y":-9.904830932617188,"z":-2.45660400390625,"roomId":5555}
{"type":"accel","timestamp":1531636189529,"x":4.5074920654296875,"y":8.39971923828125,"z":-4.384918212890625,"roomId":5555}
{"type":"gyro","timestamp":1531636189530,"x":-1.2352752685546875,"y":-9.080886840820312,"z":-1.884063720703125,"roomId":5555}
{"type":"accel","timestamp":1531636189539,"x":4.599853515625,"y":8.539047241210938,"z":-5.0499420166015625,"roomId":5555}
{"type":"gyro","timestamp":1531636189540,"x":-1.7786712646484375,"y":-8.9219970703125,"z":-1.796905517578125,"roomId":5555}
{"type":"accel","timestamp":1531636189550,"x":5.0389404296875,"y":8.598052978515625,"z":-3.7498626708984375,"roomId":5555}
{"type":"gyro","timestamp":1531636189552,"x":-2.4494171142578125,"y":-8.887039184570312,"z":-1.8265380859375,"roomId":5555}
{"type":"accel","timestamp":1531636189560,"x":6.6570281982421875,"y":8.289901733398438,"z":-1.100311279296875,"roomId":5555}
{"type":"gyro","timestamp":1531636189561,"x":-3.0985107421875,"y":-9.104385375976562,"z":-1.952117919921875,"roomId":5555}
{"type":"accel","timestamp":1531636189580,"x":11.341079711914062,"y":6.457122802734375,"z":8.375640869140625,"roomId":5555}
{"type":"gyro","timestamp":1531636189581,"x":-3.7982635498046875,"y":-9.854705810546875,"z":-2.5593414306640625,"roomId":5555}
{"type":"accel","timestamp":1531636189599,"x":13.346084594726562,"y":3.9514312744140625,"z":20.737380981445312,"roomId":5555}
{"type":"gyro","timestamp":1531636189600,"x":-3.407012939453125,"y":-9.449447631835938,"z":-3.4067230224609375,"roomId":5555}
{"type":"accel","timestamp":1531636189610,"x":12.07763671875,"y":2.3708038330078125,"z":24.88751220703125,"roomId":5555}
{"type":"gyro","timestamp":1531636189611,"x":-2.79449462890625,"y":-8.360031127929688,"z":-3.6183319091796875,"roomId":5555}
{"type":"accel","timestamp":1531636189620,"x":8.514144897460938,"y":1.1936492919921875,"z":26.331771850585938,"roomId":5555}
{"type":"gyro","timestamp":1531636189621,"x":-2.0058135986328125,"y":-6.5319366455078125,"z":-3.5238800048828125,"roomId":5555}
{"type":"accel","timestamp":1531636189640,"x":1.7481231689453125,"y":2.5400848388671875,"z":20.846649169921875,"roomId":5555}
{"type":"gyro","timestamp":1531636189642,"x":-0.3421630859375,"y":-1.8831939697265625,"z":-2.155029296875,"roomId":5555}
{"type":"accel","timestamp":1531636189659,"x":2.40179443359375,