{"type":"accel","timestamp":1531636296405,"x":0.1341400146484375,"y":7.8065338134765625,"z":-10.94976806640625,"roomId":5555}
{"type":"gyro","timestamp":1531636296406,"x":-0.5225982666015625,"y":1.9252471923828125,"z":-0.578704833984375,"roomId":5555}
{"type":"accel","timestamp":1531636296424,"x":0.6188507080078125,"y":5.842010498046875,"z":-7.453125,"roomId":5555}
{"type":"gyro","timestamp":1531636296425,"x":-0.721771240234375,"y":2.604888916015625,"z":-0.44427490234375,"roomId":5555}
{"type":"accel","timestamp":1531636296434,"x":1.451080322265625,"y":5.169586181640625,"z":-5.7674407958984375,"roomId":5555}
{"type":"gyro","timestamp":1531636296435,"x":-0.6627044677734375,"y":2.9154510498046875,"z":-0.24420166015625,"roomId":5555}
{"type":"accel","timestamp":1531636296445,"x":2.77789306640625,"y":4.76983642578125,"z":-4.4710235595703125,"roomId":5555}
{"type":"gyro","timestamp":1531636296446,"x":-0.46478271484375,"y":3.3252410888671875,"z":-0.0799102783203125,"roomId":5555}
{"type":"gyro","timestamp":1531636296456,"x":-0.1460418701171875,"y":3.8448333740234375,"z":0.00836181640625,"roomId":5555}
{"type":"accel","timestamp":1531636296465,"x":3.9208831787109375,"y":4.415679931640625,"z":-3.585357666015625,"roomId":5555}
{"type":"gyro","timestamp":1531636296466,"x":0.25238037109375,"y":4.4029998779296875,"z":0.0221710205078125,"roomId":5555}
{"type":"accel","timestamp":1531636296475,"x":4.6755523681640625,"y":4.023956298828125,"z":-3.2141265869140625,"roomId":5555}
{"type":"gyro","timestamp":1531636296476,"x":0.6807403564453125,"y":4.964202880859375,"z":0.002532958984375,"roomId":5555}
{"type":"accel","timestamp":1531636296485,"x":5.203765869140625,"y":3.5533905029296875,"z":-3.366241455078125,"roomId":5555}
{"type":"gyro","timestamp":1531636296486,"x":1.093231201171875,"y":5.5081787109375,"z":-0.0274505615234375,"roomId":5555}
{"type":"accel","timestamp":1531636296503,"x":5.8355712890625,"y":2.907318115234375,"z":-3.9011993408203125,"roomId":5555}
{"type":"gyro","timestamp":1531636296504,"x":1.7230224609375,"y":6.459564208984375,"z":-0.1458740234375,"roomId":5555}
{"type":"accel","timestamp":1531636296513,"x":5.8621978759765625,"y":2.53375244140625,"z":-3.847869873046875,"roomId":5555}
{"type":"gyro","timestamp":1531636296514,"x":1.9512939453125,"y":6.7663116455078125,"z":-0.235626220703125,"roomId":5555}
{"type":"accel","timestamp":1531636296524,"x":6.235107421875,"y":2.213134765625,"z":-4.23394775390625,"roomId":5555}
{"type":"gyro","timestamp":1531636296526,"x":2.14373779296875,"y":6.9058837890625,"z":-0.320159912109375,"roomId":5555}
{"type":"accel","timestamp":1531636296535,"x":6.8527069091796875,"y":2.4009552001953125,"z":-5.4919891357421875,"roomId":5555}
{"type":"gyro","timestamp":1531636296536,"x":2.27069091796875,"y":6.8900146484375,"z":-0.4080047607421875,"roomId":5555}
{"type":"accel","timestamp":1531636296546,"x":7.415313720703125,"y":2.9860992431640625,"z":-6.440032958984375,"roomId":5555}
{"type":"gyro","timestamp":1531636296547,"x":2.2863616943359375,"y":6.7327728271484375,"z":-0.5072174072265625,"roomId":5555}
{"type":"accel","timestamp":1531636296564,"x":8.308807373046875,"y":3.88519287109375,"z":-6.923126220703125,"roomId":5555}
{"type":"gyro","timestamp":1531636296566,"x":2.0087890625,"y":6.326019287109375,"z":-0.7785797119140625,"roomId":5555}
{"type":"accel","timestamp":1531636296574,"x":8.377685546875,"y":4.126434326171875,"z":-6.6652374267578125,"roomId":5555}
{"type":"accel","timestamp":1531636296585,"x":8.033493041992188,"y":4.1910400390625,"z":-6.05572509765625,"roomId":5555}
{"type":"gyro","timestamp":1531636296586,"x":1.4190521240234375,"y":5.9863739013671875,"z":-1.2125701904296875,"roomId":5555}
{"type":"accel","timestamp":1531636296603,"x":7.252197265625,"y":4.0693817138671875,"z":-5.0692291259765625,"roomId":5555}
{"type":"gyro","timestamp":1531636296605,"x":0.8021240234375,"y":5.456695556640625,"z":-1.6903228759765625,"roomId":5555}
{"type":"accel","timestamp":1531636296613,"x":6.271881103515625,"y":4.08184814453125,"z":-4.5821685791015625,"roomId":5555}
{"type":"gyro","timestamp":1531636296615,"x":0.5668487548828125,"y":5.2320098876953125,"z":-1.835845947265625,"roomId":5555}
{"type":"accel","timestamp":1531636296626,"x":5.558502197265625,"y":3.90167236328125,"z":-4.719573974609375,"roomId":5555}
{"type":"gyro","timestamp":1531636296627,"x":0.37176513671875,"y":4.9900054931640625,"z":-1.8528900146484375,"roomId":5555}
{"type":"accel","timestamp":1531636296642,"x":5.4166412353515625,"y":4.4173736572265625,"z":-4.5928497314453125,"roomId":5555}
{"type":"gyro","timestamp":1531636296643,"x":-0.0924835205078125,"y":4.253662109375,"z":-1.617095947265625,"roomId":5555}
{"type":"accel","timestamp":1531636296652,"x":6.035797119140625,"y":4.8342132568359375,"z":-3.6767730712890625,"roomId":5555}
{"type":"gyro","timestamp":1531636296662,"x":-0.5595245361328125,"y":3.37969970703125,"z":-1.402130126953125,"roomId":5555}
{"type":"accel","timestamp":1531636296672,"x":6.9791717529296875,"y":5.2020263671875,"z":-1.137298583984375,"roomId":5555}
{"type":"gyro","timestamp":1531636296673,"x":-0.668060302734375,"y":3.043182373046875,"z":-1.392578125,"roomId":5555}
{"type":"accel","timestamp":1531636296682,"x":6.7959442138671875,"y":5.001739501953125,"z":-0.197601318359375,"roomId":5555}
{"type":"gyro","timestamp":1531636296692,"x":-0.628387451171875,"y":2.568817138671875,"z":-1.445037841796875,"roomId":5555}
{"type":"accel","timestamp":1531636296702,"x":5.3598785400390625,"y":4.443817138671875,"z":0.5339202880859375,"roomId":5555}
{"type":"gyro","timestamp":1531636296702,"x":-0.528564453125,"y":2.3706817626953125,"z":-1.401885986328125,"roomId":5555}
{"type":"accel","timestamp":1531636296712,"x":5.1712493896484375,"y":4.2913360595703125,"z":0.7071685791015625,"roomId":5555}
{"type":"gyro","timestamp":1531636296713,"x":-0.407958984375,"y":2.1595916748046875,"z":-1.305267333984375,"roomId":5555}
{"type":"accel","timestamp":1531636296722,"x":4.9413299560546875,"y":4.233184814453125,"z":0.7498779296875,"roomId":5555}
{"type":"gyro","timestamp":1531636296724,"x":-0.2811737060546875,"y":1.982635498046875,"z":-1.1990203857421875,"roomId":5555}
{"type":"accel","timestamp":1531636296732,"x":4.74346923828125,"y":4.261566162109375,"z":0.775970458984375,"roomId":5555}
{"type":"gyro","timestamp":1531636296734,"x":-0.1586456298828125,"y":1.8367767333984375,"z":-1.097686767578125,"roomId":5555}
{"type":"accel","timestamp":1531636296752,"x":4.7973175048828125,"y":4.3148193359375,"z":1.1082000732421875,"roomId":5555}
{"type":"gyro","timestamp":1531636296753,"x":0.0801849365234375,"y":1.537261962890625,"z":-0.9816741943359375,"roomId":5555}
{"type":"accel","timestamp":1531636296762,"x":4.88720703125,"y":4.312408447265625,"z":0.916107177734375,"roomId":5555}
{"type":"gyro","timestamp":1531636296763,"x":0.247772216796875,"y":1.3501739501953125,"z":-0.97747802734375,"roomId":5555}
{"type":"accel","timestamp":1531636296772,"x":4.9514312744140625,"y":4.4890899658203125,"z":0.335662841796875,"roomId":5555}
{"type":"gyro","timestamp":1531636296774,"x":0.4384002685546875,"y":1.1476287841796875,"z":-0.986480712890625,"roomId":5555}
{"type":"accel","timestamp":1531636296782,"x":4.86859130859375,"y":4.7926177978515625,"z":-0.6275482177734375,"roomId":5555}
{"type":"gyro","timestamp":1531636296783,"x":0.598175048828125,"y":0.9553375244140625,"z":-0.98956298828125,"roomId":5555}
{"type":"accel","timestamp":1531636296801,"x":3.979644775390625,"y":5.7880401611328125,"z":-2.2064666748046875,"roomId":5555}
{"type":"gyro","timestamp":1531636296803,"x":0.629058837890625,"y":0.5880584716796875,"z":-0.94720458984375,"roomId":5555}
{"type":"accel","timestamp":1531636296812,"x":3.772857666015625,"y":6.1966094970703125,"z":-2.4002227783203125,"roomId":5555}
{"type":"gyro","timestamp":1531636296812,"x":0.4983062744140625,"y":0.43603515625,"z":-0.901824951171875,"roomId":5555}
{"type":"accel","timestamp":1531636296822,"x":3.703887939453125,"y":6.4132843017578125,