{"type":"gyro","timestamp":1531636252704,"x":-1.2303009033203125,"y":0.3043060302734375,"z":0.2656097412109375,"roomId":5555}
{"type":"accel","timestamp":1531636252724,"x":6.15087890625,"y":5.4373779296875,"z":0.0121002197265625,"roomId":5555}
{"type":"gyro","timestamp":1531636252725,"x":-0.0309906005859375,"y":0.3119964599609375,"z":0.299560546875,"roomId":5555}
{"type":"accel","timestamp":1531636252741,"x":5.004241943359375,"y":6.3971710205078125,"z":-2.174163818359375,"roomId":5555}
{"type":"gyro","timestamp":1531636252742,"x":0.404144287109375,"y":0.5135498046875,"z":0.218597412109375,"roomId":5555}
{"type":"accel","timestamp":1531636252751,"x":4.2852935791015625,"y":7.0948944091796875,"z":-2.91851806640625,"roomId":5555}
{"type":"gyro","timestamp":1531636252752,"x":0.3782501220703125,"y":0.724365234375,"z":0.1688690185546875,"roomId":5555}
{"type":"accel","timestamp":1531636252770,"x":3.2601165771484375,"y":8.484573364257812,"z":-4.05841064453125,"roomId":5555}
{"type":"gyro","timestamp":1531636252772,"x":0.2333221435546875,"y":1.3271942138671875,"z":0.18682861328125,"roomId":5555}
{"type":"accel","timestamp":1531636252780,"x":4.082855224609375,"y":9.364990234375,"z":-4.25384521484375,"roomId":5555}
{"type":"gyro","timestamp":1531636252781,"x":0.1427001953125,"y":1.71697998046875,"z":0.2648162841796875,"roomId":5555}
{"type":"accel","timestamp":1531636252790,"x":5.2526397705078125,"y":10.52166748046875,"z":-4.51953125,"roomId":5555}
{"type":"gyro","timestamp":1531636252791,"x":0.060577392578125,"y":2.1688232421875,"z":0.30084228515625,"roomId":5555}
{"type":"accel","timestamp":1531636252800,"x":5.4221343994140625,"y":11.413955688476562,"z":-5.1759796142578125,"roomId":5555}
{"type":"gyro","timestamp":1531636252801,"x":0.0147552490234375,"y":2.570953369140625,"z":0.21685791015625,"roomId":5555}
{"type":"accel","timestamp":1531636252819,"x":3.6772003173828125,"y":11.08013916015625,"z":-6.4475250244140625,"roomId":5555}
{"type":"gyro","timestamp":1531636252820,"x":0.06671142578125,"y":2.5495452880859375,"z":-0.159027099609375,"roomId":5555}
{"type":"accel","timestamp":1531636252830,"x":2.8993988037109375,"y":10.2808837890625,"z":-5.8788604736328125,"roomId":5555}
{"type":"gyro","timestamp":1531636252831,"x":0.1546783447265625,"y":2.221099853515625,"z":-0.2537384033203125,"roomId":5555}
{"type":"accel","timestamp":1531636252840,"x":2.5057830810546875,"y":9.7813720703125,"z":-5.3140106201171875,"roomId":5555}
{"type":"gyro","timestamp":1531636252842,"x":0.231597900390625,"y":2.0873870849609375,"z":-0.2283172607421875,"roomId":5555}
{"type":"accel","timestamp":1531636252851,"x":1.9278564453125,"y":9.263641357421875,"z":-3.82415771484375,"roomId":5555}
{"type":"gyro","timestamp":1531636252851,"x":0.235504150390625,"y":2.375457763671875,"z":-0.084869384765625,"roomId":5555}
{"type":"accel","timestamp":1531636252861,"x":1.6901397705078125,"y":8.360336303710938,"z":-2.29827880859375,"roomId":5555}
{"type":"gyro","timestamp":1531636252862,"x":0.283203125,"y":2.955780029296875,"z":0.201385498046875,"roomId":5555}
{"type":"accel","timestamp":1531636252879,"x":2.98553466796875,"y":6.4605255126953125,"z":-0.9113006591796875,"roomId":5555}
{"type":"gyro","timestamp":1531636252880,"x":0.71661376953125,"y":4.3592071533203125,"z":0.8975830078125,"roomId":5555}
{"type":"accel","timestamp":1531636252890,"x":4.3138427734375,"y":5.711395263671875,"z":-1.14764404296875,"roomId":5555}
{"type":"gyro","timestamp":1531636252891,"x":1.0416259765625,"y":4.9582061767578125,"z":1.16497802734375,"roomId":5555}
{"type":"accel","timestamp":1531636252900,"x":5.435089111328125,"y":5.032073974609375,"z":-1.9897003173828125,"roomId":5555}
{"type":"gyro","timestamp":1531636252901,"x":1.37030029296875,"y":5.38580322265625,"z":1.3283843994140625,"roomId":5555}
{"type":"accel","timestamp":1531636252919,"x":6.0922698974609375,"y":3.85687255859375,"z":-3.8608551025390625,"roomId":5555}
{"type":"gyro","timestamp":1531636252920,"x":1.83056640625,"y":5.626953125,"z":1.4246673583984375,"roomId":5555}
{"type":"accel","timestamp":1531636252929,"x":5.814117431640625,"y":3.3609161376953125,"z":-4.3198699951171875,"roomId":5555}
{"type":"gyro","timestamp":1531636252931,"x":1.905029296875,"y":5.5208282470703125,"z":1.4702911376953125,"roomId":5555}
{"type":"accel","timestamp":1531636252940,"x":6.14544677734375,"y":2.86322021484375,"z":-4.1417694091796875,"roomId":5555}
{"type":"accel","timestamp":1531636252950,"x":7.230499267578125,"y":2.3643035888671875,"z":-3.2191009521484375,"roomId":5555}
{"type":"gyro","timestamp":1531636252951,"x":1.76800537109375,"y":5.101806640625,"z":1.6739501953125,"roomId":5555}
{"type":"accel","timestamp":1531636252969,"x":9.736480712890625,"y":1.9751434326171875,"z":-0.4638824462890625,"roomId":5555}
{"type":"gyro","timestamp":1531636252970,"x":1.554779052734375,"y":5.37371826171875,"z":1.7603912353515625,"roomId":5555}
{"type":"accel","timestamp":1531636252979,"x":10.9593505859375,"y":1.9181365966796875,"z":0.6452789306640625,"roomId":5555}
{"type":"gyro","timestamp":1531636252980,"x":1.51324462890625,"y":5.7066497802734375,"z":1.7623291015625,"roomId":5555}
{"type":"accel","timestamp":1531636252990,"x":11.755905151367188,"y":1.753448486328125,"z":1.1375579833984375,"roomId":5555}
{"type":"gyro","timestamp":1531636252991,"x":1.5066375732421875,"y":5.8757781982421875,"z":1.7205810546875,"roomId":5555}
{"type":"accel","timestamp":1531636253000,"x":12.045318603515625,"y":1.5177001953125,"z":1.191253662109375,"roomId":5555}
{"type":"gyro","timestamp":1531636253001,"x":1.5057373046875,"y":5.7581939697265625,"z":1.61602783203125,"roomId":5555}
{"type":"accel","timestamp":1531636253018,"x":11.703216552734375,"y":1.631744384765625,"z":0.8980560302734375,"roomId":5555}
{"type":"gyro","timestamp":1531636253019,"x":1.5248260498046875,"y":4.824554443359375,"z":1.121795654296875,"roomId":5555}
{"type":"accel","timestamp":1531636253029,"x":10.845458984375,"y":2.104583740234375,"z":0.7921142578125,"roomId":5555}
{"type":"gyro","timestamp":1531636253030,"x":1.526763916015625,"y":4.2012786865234375,"z":0.758880615234375,"roomId":5555}
{"type":"accel","timestamp":1531636253040,"x":9.541778564453125,"y":2.595550537109375,"z":0.9548187255859375,"roomId":5555}
{"type":"gyro","timestamp":1531636253041,"x":1.4777984619140625,"y":3.578155517578125,"z":0.3873291015625,"roomId":5555}
{"type":"accel","timestamp":1531636253059,"x":7.003875732421875,"y":3.2487030029296875,"z":1.768157958984375,"roomId":5555}
{"type":"gyro","timestamp":1531636253061,"x":1.2324676513671875,"y":2.55023193359375,"z":-0.1637725830078125,"roomId":5555}
{"type":"accel","timestamp":1531636253069,"x":6.1369781494140625,"y":3.457977294921875,"z":2.475006103515625,"roomId":5555}
{"type":"gyro","timestamp":1531636253070,"x":1.0846099853515625,"y":2.16595458984375,"z":-0.287628173828125,"roomId":5555}
{"type":"accel","timestamp":1531636253079,"x":5.681396484375,"y":3.4462738037109375,"z":3.2797698974609375,"roomId":5555}
{"type":"gyro","timestamp":1531636253081,"x":0.9515380859375,"y":1.90997314453125,"z":-0.32763671875,"roomId":5555}
{"type":"accel","timestamp":1531636253099,"x":6.2608642578125,"y":2.9929046630859375,"z":4.88818359375,"roomId":5555}
{"type":"gyro","timestamp":1531636253099,"x":0.81048583984375,"y":1.825927734375,"z":-0.276336669921875,"roomId":5555}
{"type":"accel","timestamp":1531636253109,"x":6.4830474853515625,"y":2.770111083984375,"z":5.031890869140625,"roomId":5555}
{"type":"gyro","timestamp":1531636253111,"x":0.835113525390625,"y":1.847015380859375,"z":-0.24908447265625,"roomId":5555}
{"type":"accel","timestamp":1531636253119,"x":6.374908447265625,"y":2.6862640380859375,"z":4.4904327392578125,"roomId":5555}
{"type":"accel","timestamp":1531636253129,"x":6.44805908203125,"y":2.7997589111328125,"z":3.70745849609375,"roomId":5555}
{"type":"gyro","timestamp":1531636253130,"x":0.9159393310546875,"y":1.7884521484375,"z":-0.17974853515625,"roomId":5555}
{"type":"accel","timestamp":1531636253140,