{"type":"accel","timestamp":1531636263599,"x":0.8392181396484375,"y":7.7641448974609375,"z":-4.638763427734375,"roomId":5555}
{"type":"gyro","timestamp":1531636263601,"x":0.4123687744140625,"y":0.0199127197265625,"z":0.22711181640625,"roomId":5555}
{"type":"accel","timestamp":1531636263618,"x":1.7483673095703125,"y":8.493499755859375,"z":-5.995819091796875,"roomId":5555}
{"type":"gyro","timestamp":1531636263620,"x":0.2950592041015625,"y":0.0508880615234375,"z":0.257415771484375,"roomId":5555}
{"type":"accel","timestamp":1531636263628,"x":2.11798095703125,"y":8.683074951171875,"z":-5.9135284423828125,"roomId":5555}
{"type":"gyro","timestamp":1531636263629,"x":0.13916015625,"y":0.025787353515625,"z":0.1847381591796875,"roomId":5555}
{"type":"accel","timestamp":1531636263647,"x":1.4425048828125,"y":9.260406494140625,"z":-4.991363525390625,"roomId":5555}
{"type":"gyro","timestamp":1531636263648,"x":-0.1337432861328125,"y":0.0116729736328125,"z":0.0018310546875,"roomId":5555}
{"type":"accel","timestamp":1531636263657,"x":1.3643951416015625,"y":9.66033935546875,"z":-4.7512969970703125,"roomId":5555}
{"type":"gyro","timestamp":1531636263659,"x":-0.206634521484375,"y":0.0367431640625,"z":-0.047393798828125,"roomId":5555}
{"type":"accel","timestamp":1531636263676,"x":0.9840240478515625,"y":10.254928588867188,"z":-4.354461669921875,"roomId":5555}
{"type":"gyro","timestamp":1531636263676,"x":-0.3265838623046875,"y":0.15966796875,"z":-0.132080078125,"roomId":5555}
{"type":"accel","timestamp":1531636263686,"x":0.85089111328125,"y":10.325820922851562,"z":-4.112274169921875,"roomId":5555}
{"type":"gyro","timestamp":1531636263687,"x":-0.415130615234375,"y":0.3063201904296875,"z":-0.1289215087890625,"roomId":5555}
{"type":"accel","timestamp":1531636263696,"x":1.0792083740234375,"y":10.544769287109375,"z":-3.8115081787109375,"roomId":5555}
{"type":"gyro","timestamp":1531636263697,"x":-0.518157958984375,"y":0.58270263671875,"z":-0.0722198486328125,"roomId":5555}
{"type":"accel","timestamp":1531636263707,"x":1.3649444580078125,"y":10.744400024414062,"z":-3.777008056640625,"roomId":5555}
{"type":"gyro","timestamp":1531636263708,"x":-0.62261962890625,"y":1.039520263671875,"z":0.040618896484375,"roomId":5555}
{"type":"accel","timestamp":1531636263725,"x":-1.05096435546875,"y":9.760238647460938,"z":-6.21954345703125,"roomId":5555}
{"type":"gyro","timestamp":1531636263726,"x":-0.7758636474609375,"y":1.8666229248046875,"z":0.4742431640625,"roomId":5555}
{"type":"accel","timestamp":1531636263736,"x":-0.0616455078125,"y":10.026947021484375,"z":-7.630035400390625,"roomId":5555}
{"type":"gyro","timestamp":1531636263737,"x":-0.745391845703125,"y":1.593109130859375,"z":0.6673126220703125,"roomId":5555}
{"type":"accel","timestamp":1531636263747,"x":1.4111480712890625,"y":10.79254150390625,"z":-7.7185821533203125,"roomId":5555}
{"type":"gyro","timestamp":1531636263748,"x":-0.7053070068359375,"y":1.10443115234375,"z":0.614471435546875,"roomId":5555}
{"type":"accel","timestamp":1531636263767,"x":3.3890380859375,"y":11.175155639648438,"z":-5.699005126953125,"roomId":5555}
{"type":"gyro","timestamp":1531636263769,"x":-0.859619140625,"y":0.757293701171875,"z":0.2548980712890625,"roomId":5555}
{"type":"accel","timestamp":1531636263777,"x":4.06787109375,"y":11.037155151367188,"z":-4.1537017822265625,"roomId":5555}
{"type":"gyro","timestamp":1531636263779,"x":-0.9810333251953125,"y":0.9400787353515625,"z":0.1154632568359375,"roomId":5555}
{"type":"accel","timestamp":1531636263787,"x":4.0715179443359375,"y":10.5330810546875,"z":-2.6029510498046875,"roomId":5555}
{"type":"gyro","timestamp":1531636263788,"x":-1.039459228515625,"y":1.3446807861328125,"z":0.009857177734375,"roomId":5555}
{"type":"accel","timestamp":1531636263797,"x":3.0958709716796875,"y":9.455490112304688,"z":-1.366302490234375,"roomId":5555}
{"type":"gyro","timestamp":1531636263801,"x":-1.00970458984375,"y":1.9359130859375,"z":-0.0113677978515625,"roomId":5555}
{"type":"accel","timestamp":1531636263816,"x":1.838653564453125,"y":8.007705688476562,"z":-1.7750396728515625,"roomId":5555}
{"type":"gyro","timestamp":1531636263817,"x":-0.715606689453125,"y":3.0224761962890625,"z":0.31732177734375,"roomId":5555}
{"type":"accel","timestamp":1531636263826,"x":1.773040771484375,"y":7.4229278564453125,"z":-2.1250457763671875,"roomId":5555}
{"type":"gyro","timestamp":1531636263827,"x":-0.5772705078125,"y":3.3849945068359375,"z":0.543853759765625,"roomId":5555}
{"type":"accel","timestamp":1531636263836,"x":2.1314544677734375,"y":6.9261627197265625,"z":-1.8883514404296875,"roomId":5555}
{"type":"gyro","timestamp":1531636263846,"x":-0.2667388916015625,"y":3.7922515869140625,"z":0.9406585693359375,"roomId":5555}
{"type":"accel","timestamp":1531636263856,"x":3.7264862060546875,"y":6.739105224609375,"z":-0.27716064453125,"roomId":5555}
{"type":"gyro","timestamp":1531636263857,"x":-0.07171630859375,"y":3.939208984375,"z":1.0479888916015625,"roomId":5555}
{"type":"accel","timestamp":1531636263866,"x":4.7186737060546875,"y":6.3938751220703125,"z":1.057525634765625,"roomId":5555}
{"type":"gyro","timestamp":1531636263867,"x":0.190338134765625,"y":4.0474853515625,"z":1.087799072265625,"roomId":5555}
{"type":"accel","timestamp":1531636263885,"x":5.167083740234375,"y":4.898193359375,"z":2.813385009765625,"roomId":5555}
{"type":"gyro","timestamp":1531636263886,"x":0.9919891357421875,"y":4.2490692138671875,"z":1.0724945068359375,"roomId":5555}
{"type":"accel","timestamp":1531636263895,"x":5.0153350830078125,"y":3.835601806640625,"z":2.96527099609375,"roomId":5555}
{"type":"gyro","timestamp":1531636263896,"x":1.4874420166015625,"y":4.4311370849609375,"z":1.1307220458984375,"roomId":5555}
{"type":"accel","timestamp":1531636263905,"x":5.131134033203125,"y":3.1645355224609375,"z":2.3415374755859375,"roomId":5555}
{"type":"gyro","timestamp":1531636263907,"x":1.9968109130859375,"y":4.6665496826171875,"z":1.2606048583984375,"roomId":5555}
{"type":"accel","timestamp":1531636263924,"x":6.075897216796875,"y":2.4498748779296875,"z":0.3223876953125,"roomId":5555}
{"type":"gyro","timestamp":1531636263925,"x":2.764404296875,"y":5.4272003173828125,"z":1.679046630859375,"roomId":5555}
{"type":"accel","timestamp":1531636263934,"x":6.8456268310546875,"y":2.0443878173828125,"z":-0.6559295654296875,"roomId":5555}
{"type":"gyro","timestamp":1531636263935,"x":2.8968963623046875,"y":6.019775390625,"z":1.9460296630859375,"roomId":5555}
{"type":"accel","timestamp":1531636263945,"x":7.7206878662109375,"y":1.981903076171875,"z":-1.2901763916015625,"roomId":5555}
{"type":"gyro","timestamp":1531636263946,"x":2.8577728271484375,"y":6.69268798828125,"z":2.214111328125,"roomId":5555}
{"type":"accel","timestamp":1531636263956,"x":8.29290771484375,"y":1.996673583984375,"z":-1.5737762451171875,"roomId":5555}
{"type":"gyro","timestamp":1531636263957,"x":2.704071044921875,"y":7.413543701171875,"z":2.4659423828125,"roomId":5555}
{"type":"accel","timestamp":1531636263974,"x":9.3067626953125,"y":2.1178131103515625,"z":-1.65118408203125,"roomId":5555}
{"type":"gyro","timestamp":1531636263975,"x":2.2891082763671875,"y":8.336013793945312,"z":2.898468017578125,"roomId":5555}
{"type":"accel","timestamp":1531636263984,"x":9.621658325195312,"y":2.426361083984375,"z":-1.472869873046875,"roomId":5555}
{"type":"gyro","timestamp":1531636263986,"x":2.085845947265625,"y":8.377944946289062,"z":2.962158203125,"roomId":5555}
{"type":"accel","timestamp":1531636263998,"x":9.687591552734375,"y":2.6975555419921875,"z":-1.041351318359375,"roomId":5555}
{"type":"gyro","timestamp":1531636263999,"x":1.91851806640625,"y":8.237625122070312,"z":2.8969268798828125,"roomId":5555}
{"type":"accel","timestamp":1531636264014,"x":8.969253540039062,"y":3.1287841796875,"z":0.7945556640625,"roomId":5555}
{"type":"gyro","timestamp":1531636264015,"x":1.7932891845703125,"y":7.61907958984375,"z":2.55157470703125,"roomId":5555}
{"type":"accel","timestamp":1531636264025,"x":8.719497680664062,"y":3.403594970703125,