{"type":"accel","timestamp":1531636179707,"x":1.896484375,"y":6.0052032470703125,"z":3.927703857421875,"roomId":5555}
{"type":"gyro","timestamp":1531636179708,"x":0.5248870849609375,"y":-0.43792724609375,"z":0.02117919921875,"roomId":5555}
{"type":"accel","timestamp":1531636179717,"x":2.254058837890625,"y":6.4257965087890625,"z":2.9065704345703125,"roomId":5555}
{"type":"gyro","timestamp":1531636179719,"x":0.5072021484375,"y":-0.4043731689453125,"z":-0.0184478759765625,"roomId":5555}
{"type":"accel","timestamp":1531636179737,"x":2.6949462890625,"y":6.659881591796875,"z":2.436553955078125,"roomId":5555}
{"type":"gyro","timestamp":1531636179738,"x":0.2371673583984375,"y":-0.1276092529296875,"z":-0.03350830078125,"roomId":5555}
{"type":"accel","timestamp":1531636179757,"x":2.3833160400390625,"y":6.493621826171875,"z":2.4791107177734375,"roomId":5555}
{"type":"gyro","timestamp":1531636179758,"x":0.05718994140625,"y":-0.00274658203125,"z":-0.0146942138671875,"roomId":5555}
{"type":"accel","timestamp":1531636179776,"x":2.738494873046875,"y":6.5429229736328125,"z":3.126129150390625,"roomId":5555}
{"type":"gyro","timestamp":1531636179778,"x":-0.0099029541015625,"y":-0.2084503173828125,"z":0.0359039306640625,"roomId":5555}
{"type":"accel","timestamp":1531636179795,"x":3.5320281982421875,"y":7.219635009765625,"z":3.373260498046875,"roomId":5555}
{"type":"gyro","timestamp":1531636179796,"x":-0.115203857421875,"y":-0.1627197265625,"z":0.0480499267578125,"roomId":5555}
{"type":"accel","timestamp":1531636179805,"x":3.712860107421875,"y":7.3990478515625,"z":3.631103515625,"roomId":5555}
{"type":"gyro","timestamp":1531636179806,"x":-0.2147369384765625,"y":-0.0804595947265625,"z":0.0265655517578125,"roomId":5555}
{"type":"accel","timestamp":1531636179825,"x":3.5099029541015625,"y":7.1344757080078125,"z":4.7902679443359375,"roomId":5555}
{"type":"gyro","timestamp":1531636179826,"x":-0.35400390625,"y":-0.04864501953125,"z":-0.0585174560546875,"roomId":5555}
{"type":"accel","timestamp":1531636179835,"x":3.0753326416015625,"y":6.816314697265625,"z":5.19573974609375,"roomId":5555}
{"type":"gyro","timestamp":1531636179836,"x":-0.3453369140625,"y":-0.126007080078125,"z":-0.086700439453125,"roomId":5555}
{"type":"accel","timestamp":1531636179845,"x":2.746856689453125,"y":6.5602264404296875,"z":5.3876953125,"roomId":5555}
{"type":"gyro","timestamp":1531636179846,"x":-0.2943572998046875,"y":-0.2552490234375,"z":-0.0768280029296875,"roomId":5555}
{"type":"accel","timestamp":1531636179855,"x":2.8130340576171875,"y":6.39044189453125,"z":5.52484130859375,"roomId":5555}
{"type":"gyro","timestamp":1531636179857,"x":-0.2270355224609375,"y":-0.389984130859375,"z":-0.0387420654296875,"roomId":5555}
{"type":"accel","timestamp":1531636179865,"x":3.1350860595703125,"y":6.20794677734375,"z":5.911651611328125,"roomId":5555}
{"type":"gyro","timestamp":1531636179866,"x":-0.1522369384765625,"y":-0.4957427978515625,"z":0.0084075927734375,"roomId":5555}
{"type":"accel","timestamp":1531636179884,"x":4.4817657470703125,"y":6.1010589599609375,"z":6.087158203125,"roomId":5555}
{"type":"gyro","timestamp":1531636179885,"x":0.0171966552734375,"y":-0.6235809326171875,"z":0.0872955322265625,"roomId":5555}
{"type":"accel","timestamp":1531636179895,"x":5.43133544921875,"y":6.1210174560546875,"z":6.056915283203125,"roomId":5555}
{"type":"gyro","timestamp":1531636179895,"x":0.08172607421875,"y":-0.7346649169921875,"z":0.08673095703125,"roomId":5555}
{"type":"accel","timestamp":1531636179907,"x":6.3623199462890625,"y":6.1211090087890625,"z":5.9842529296875,"roomId":5555}
{"type":"gyro","timestamp":1531636179908,"x":0.1367950439453125,"y":-0.8856048583984375,"z":0.048492431640625,"roomId":5555}
{"type":"accel","timestamp":1531636179924,"x":7.8052520751953125,"y":5.953460693359375,"z":5.41839599609375,"roomId":5555}
{"type":"gyro","timestamp":1531636179925,"x":0.209716796875,"y":-1.23809814453125,"z":-0.089019775390625,"roomId":5555}
{"type":"accel","timestamp":1531636179936,"x":8.894027709960938,"y":5.81573486328125,"z":5.220916748046875,"roomId":5555}
{"type":"gyro","timestamp":1531636179937,"x":0.2016143798828125,"y":-1.4470062255859375,"z":-0.17474365234375,"roomId":5555}
{"type":"accel","timestamp":1531636179955,"x":10.897262573242188,"y":5.7312774658203125,"z":4.9776153564453125,"roomId":5555}
{"type":"gyro","timestamp":1531636179957,"x":0.1025390625,"y":-1.8821868896484375,"z":-0.500762939453125,"roomId":5555}
{"type":"accel","timestamp":1531636179966,"x":11.319549560546875,"y":5.3117218017578125,"z":4.7905120849609375,"roomId":5555}
{"type":"gyro","timestamp":1531636179968,"x":-0.000762939453125,"y":-2.1090240478515625,"z":-0.7137908935546875,"roomId":5555}
{"type":"accel","timestamp":1531636179976,"x":11.3489990234375,"y":5.1004791259765625,"z":4.6893157958984375,"roomId":5555}
{"type":"gyro","timestamp":1531636179977,"x":-0.1468505859375,"y":-2.4368438720703125,"z":-0.931854248046875,"roomId":5555}
{"type":"accel","timestamp":1531636179987,"x":10.187393188476562,"y":4.684539794921875,"z":4.6603546142578125,"roomId":5555}
{"type":"gyro","timestamp":1531636179989,"x":-0.3092803955078125,"y":-2.8703460693359375,"z":-1.1538238525390625,"roomId":5555}
{"type":"accel","timestamp":1531636180004,"x":6.2678680419921875,"y":2.963226318359375,"z":2.80322265625,"roomId":5555}
{"type":"gyro","timestamp":1531636180005,"x":-0.5338897705078125,"y":-4.0148162841796875,"z":-1.336212158203125,"roomId":5555}
{"type":"accel","timestamp":1531636180025,"x":6.588653564453125,"y":3.7898712158203125,"z":0.0900115966796875,"roomId":5555}
{"type":"gyro","timestamp":1531636180026,"x":-0.6909942626953125,"y":-6.3192901611328125,"z":-1.2625732421875,"roomId":5555}
{"type":"accel","timestamp":1531636180037,"x":7.3109283447265625,"y":4.4742431640625,"z":-0.34619140625,"roomId":5555}
{"type":"gyro","timestamp":1531636180038,"x":-0.739349365234375,"y":-7.794891357421875,"z":-1.3895721435546875,"roomId":5555}
{"type":"accel","timestamp":1531636180056,"x":7.0606842041015625,"y":5.1544342041015625,"z":-0.9410247802734375,"roomId":5555}
{"type":"gyro","timestamp":1531636180056,"x":-0.583892822265625,"y":-10.417205810546875,"z":-1.7335968017578125,"roomId":5555}
{"type":"accel","timestamp":1531636180074,"x":5.894012451171875,"y":6.677734375,"z":-2.3440093994140625,"roomId":5555}
{"type":"gyro","timestamp":1531636180075,"x":-0.435516357421875,"y":-11.917633056640625,"z":-1.727752685546875,"roomId":5555}
{"type":"accel","timestamp":1531636180084,"x":5.403289794921875,"y":7.638946533203125,"z":-3.2210540771484375,"roomId":5555}
{"type":"gyro","timestamp":1531636180085,"x":-0.481719970703125,"y":-12.186752319335938,"z":-1.5803985595703125,"roomId":5555}
{"type":"accel","timestamp":1531636180103,"x":5.39459228515625,"y":8.555267333984375,"z":-4.0461273193359375,"roomId":5555}
{"type":"gyro","timestamp":1531636180104,"x":-0.8972320556640625,"y":-11.969757080078125,"z":-1.1616058349609375,"roomId":5555}
{"type":"accel","timestamp":1531636180113,"x":5.8192138671875,"y":8.612823486328125,"z":-3.9712677001953125,"roomId":5555}
{"type":"gyro","timestamp":1531636180114,"x":-1.24700927734375,"y":-11.6092529296875,"z":-0.968597412109375,"roomId":5555}
{"type":"accel","timestamp":1531636180123,"x":7.62921142578125,"y":8.872116088867188,"z":-3.9773406982421875,"roomId":5555}
{"type":"gyro","timestamp":1531636180125,"x":-1.6869964599609375,"y":-11.175827026367188,"z":-0.870147705078125,"roomId":5555}
{"type":"accel","timestamp":1531636180135,"x":9.324737548828125,"y":9.347702026367188,"z":-2.5203094482421875,"roomId":5555}
{"type":"gyro","timestamp":1531636180136,"x":-2.2376861572265625,"y":-10.748458862304688,"z":-0.9215545654296875,"roomId":5555}
{"type":"accel","timestamp":1531636180153,"x":14.216079711914062,"y":10.081802368164062,"z":6.88385009765625,"roomId":5555}
{"type":"gyro","timestamp":1531636180155,"x":-2.9801177978515625,"y":-10.152313232421875,"z":-1.573455810546875,"roomId":5555}
{"type":"accel","timestamp":1531636180163,