{"type":"gyro","timestamp":1531636194337,"x":0.299957275390625,"y":-0.51812744140625,"z":0.141357421875,"roomId":5555}
{"type":"accel","timestamp":1531636194347,"x":5.418670654296875,"y":6.2468109130859375,"z":2.872650146484375,"roomId":5555}
{"type":"gyro","timestamp":1531636194349,"x":0.1883544921875,"y":-0.530975341796875,"z":0.110137939453125,"roomId":5555}
{"type":"accel","timestamp":1531636194358,"x":5.5401611328125,"y":5.9929046630859375,"z":3.1832733154296875,"roomId":5555}
{"type":"gyro","timestamp":1531636194359,"x":0.0459136962890625,"y":-0.383819580078125,"z":0.0901031494140625,"roomId":5555}
{"type":"accel","timestamp":1531636194368,"x":5.59832763671875,"y":5.8166961669921875,"z":3.41009521484375,"roomId":5555}
{"type":"gyro","timestamp":1531636194369,"x":-0.1054840087890625,"y":-0.1423797607421875,"z":0.083160400390625,"roomId":5555}
{"type":"accel","timestamp":1531636194387,"x":5.579620361328125,"y":5.7301177978515625,"z":3.6463165283203125,"roomId":5555}
{"type":"gyro","timestamp":1531636194387,"x":-0.28216552734375,"y":0.087982177734375,"z":0.0787353515625,"roomId":5555}
{"type":"accel","timestamp":1531636194406,"x":6.0573577880859375,"y":5.4902801513671875,"z":4.8097076416015625,"roomId":5555}
{"type":"gyro","timestamp":1531636194407,"x":-0.27410888671875,"y":-0.3187713623046875,"z":-0.0152740478515625,"roomId":5555}
{"type":"accel","timestamp":1531636194416,"x":6.3433685302734375,"y":5.427978515625,"z":5.106170654296875,"roomId":5555}
{"type":"gyro","timestamp":1531636194418,"x":-0.2230072021484375,"y":-0.49176025390625,"z":-0.07537841796875,"roomId":5555}
{"type":"accel","timestamp":1531636194426,"x":6.5173492431640625,"y":5.498260498046875,"z":5.212615966796875,"roomId":5555}
{"type":"accel","timestamp":1531636194437,"x":6.522552490234375,"y":5.48822021484375,"z":5.3366546630859375,"roomId":5555}
{"type":"gyro","timestamp":1531636194438,"x":-0.2147369384765625,"y":-0.389190673828125,"z":-0.1379547119140625,"roomId":5555}
{"type":"accel","timestamp":1531636194457,"x":6.475067138671875,"y":5.189605712890625,"z":5.4204864501953125,"roomId":5555}
{"type":"gyro","timestamp":1531636194458,"x":-0.2746124267578125,"y":-0.1594390869140625,"z":-0.151641845703125,"roomId":5555}
{"type":"accel","timestamp":1531636194467,"x":6.5638580322265625,"y":4.9886932373046875,"z":5.755645751953125,"roomId":5555}
{"type":"gyro","timestamp":1531636194468,"x":-0.2751312255859375,"y":-0.21441650390625,"z":-0.18975830078125,"roomId":5555}
{"type":"accel","timestamp":1531636194486,"x":7.025482177734375,"y":4.5832061767578125,"z":6.4013824462890625,"roomId":5555}
{"type":"gyro","timestamp":1531636194488,"x":-0.09197998046875,"y":-0.7566680908203125,"z":-0.360687255859375,"roomId":5555}
{"type":"accel","timestamp":1531636194496,"x":7.3389892578125,"y":4.2875213623046875,"z":6.4467620849609375,"roomId":5555}
{"type":"accel","timestamp":1531636194506,"x":7.9592437744140625,"y":4.039764404296875,"z":6.3955535888671875,"roomId":5555}
{"type":"gyro","timestamp":1531636194507,"x":0.1985931396484375,"y":-1.238250732421875,"z":-0.4951934814453125,"roomId":5555}
{"type":"accel","timestamp":1531636194526,"x":10.356735229492188,"y":3.6986846923828125,"z":5.5703125,"roomId":5555}
{"type":"gyro","timestamp":1531636194527,"x":0.4608001708984375,"y":-1.71649169921875,"z":-0.5806884765625,"roomId":5555}
{"type":"accel","timestamp":1531636194536,"x":11.470870971679688,"y":3.729400634765625,"z":4.769439697265625,"roomId":5555}
{"type":"gyro","timestamp":1531636194537,"x":0.60736083984375,"y":-2.2227630615234375,"z":-0.7349090576171875,"roomId":5555}
{"type":"accel","timestamp":1531636194556,"x":12.322113037109375,"y":3.71258544921875,"z":3.257904052734375,"roomId":5555}
{"type":"gyro","timestamp":1531636194558,"x":0.84503173828125,"y":-4.102569580078125,"z":-1.359771728515625,"roomId":5555}
{"type":"accel","timestamp":1531636194577,"x":11.71044921875,"y":2.815399169921875,"z":4.04595947265625,"roomId":5555}
{"type":"gyro","timestamp":1531636194579,"x":1.0029449462890625,"y":-6.326629638671875,"z":-2.0891571044921875,"roomId":5555}
{"type":"accel","timestamp":1531636194595,"x":11.602935791015625,"y":2.6240081787109375,"z":3.3626861572265625,"roomId":5555}
{"type":"gyro","timestamp":1531636194596,"x":1.101226806640625,"y":-6.7728271484375,"z":-2.30596923828125,"roomId":5555}
{"type":"accel","timestamp":1531636194605,"x":12.646713256835938,"y":2.6921234130859375,"z":2.031524658203125,"roomId":5555}
{"type":"accel","timestamp":1531636194617,"x":12.61407470703125,"y":3.188079833984375,"z":0.1341400146484375,"roomId":5555}
{"type":"gyro","timestamp":1531636194618,"x":0.77667236328125,"y":-5.0639495849609375,"z":-2.0383148193359375,"roomId":5555}
{"type":"accel","timestamp":1531636194635,"x":10.111480712890625,"y":4.187652587890625,"z":-2.7798309326171875,"roomId":5555}
{"type":"gyro","timestamp":1531636194637,"x":0.054412841796875,"y":-3.769927978515625,"z":-1.938079833984375,"roomId":5555}
{"type":"accel","timestamp":1531636194647,"x":8.8048095703125,"y":5.279327392578125,"z":-3.330230712890625,"roomId":5555}
{"type":"gyro","timestamp":1531636194649,"x":-0.3050537109375,"y":-3.9727935791015625,"z":-2.0062408447265625,"roomId":5555}
{"type":"accel","timestamp":1531636194665,"x":6.456329345703125,"y":7.779022216796875,"z":-2.698394775390625,"roomId":5555}
{"type":"gyro","timestamp":1531636194666,"x":-0.6759033203125,"y":-5.7020111083984375,"z":-2.3733978271484375,"roomId":5555}
{"type":"accel","timestamp":1531636194675,"x":5.30450439453125,"y":8.620803833007812,"z":-2.6053619384765625,"roomId":5555}
{"type":"gyro","timestamp":1531636194677,"x":-0.702392578125,"y":-6.74481201171875,"z":-2.560028076171875,"roomId":5555}
{"type":"accel","timestamp":1531636194685,"x":4.47430419921875,"y":9.099456787109375,"z":-3.06103515625,"roomId":5555}
{"type":"accel","timestamp":1531636194695,"x":3.8519744873046875,"y":9.130508422851562,"z":-3.578857421875,"roomId":5555}
{"type":"gyro","timestamp":1531636194695,"x":-0.8411102294921875,"y":-8.5174560546875,"z":-2.6826019287109375,"roomId":5555}
{"type":"accel","timestamp":1531636194715,"x":3.59112548828125,"y":8.339492797851562,"z":-3.98907470703125,"roomId":5555}
{"type":"gyro","timestamp":1531636194717,"x":-1.358612060546875,"y":-9.676559448242188,"z":-2.4660186767578125,"roomId":5555}
{"type":"accel","timestamp":1531636194736,"x":5.2691192626953125,"y":7.843109130859375,"z":-2.20367431640625,"roomId":5555}
{"type":"gyro","timestamp":1531636194737,"x":-2.083251953125,"y":-10.341278076171875,"z":-2.22406005859375,"roomId":5555}
{"type":"accel","timestamp":1531636194746,"x":6.0641326904296875,"y":7.3603973388671875,"z":-0.72161865234375,"roomId":5555}
{"type":"gyro","timestamp":1531636194748,"x":-2.4662017822265625,"y":-10.373184204101562,"z":-2.18719482421875,"roomId":5555}
{"type":"accel","timestamp":1531636194756,"x":6.5241546630859375,"y":6.6502227783203125,"z":0.91253662109375,"roomId":5555}
{"type":"gyro","timestamp":1531636194757,"x":-2.874603271484375,"y":-10.113296508789062,"z":-2.1816864013671875,"roomId":5555}
{"type":"accel","timestamp":1531636194766,"x":6.7853546142578125,"y":6.07470703125,"z":3.300140380859375,"roomId":5555}
{"type":"gyro","timestamp":1531636194768,"x":-3.2761383056640625,"y":-9.6483154296875,"z":-2.1822967529296875,"roomId":5555}
{"type":"accel","timestamp":1531636194784,"x":5.820770263671875,"y":4.8166046142578125,"z":9.537017822265625,"roomId":5555}
{"type":"gyro","timestamp":1531636194785,"x":-3.72491455078125,"y":-8.144012451171875,"z":-2.140045166015625,"roomId":5555}
{"type":"accel","timestamp":1531636194803,"x":2.5974884033203125,"y":3.69610595703125,"z":14.349899291992188,"roomId":5555}
{"type":"gyro","timestamp":1531636194804,"x":-3.4599456787109375,"y":-6.0974273681640625,"z":-1.914520263671875,"roomId":5555}
{"type":"accel","timestamp":1531636194813,"x":1.35845947265625,"y":3.4759674072265625,"z":15.876373291015625,"roomId":5555}
{"type":"accel","timestamp":1531636194823,"x":1.176666259765625,