{"type":"accel","timestamp":1531636186619,"x":3.387542724609375,"y":6.152801513671875,"z":4.8162384033203125,"roomId":5555}
{"type":"gyro","timestamp":1531636186620,"x":-0.0697174072265625,"y":-0.281005859375,"z":0.056243896484375,"roomId":5555}
{"type":"accel","timestamp":1531636186639,"x":3.056884765625,"y":6.6889801025390625,"z":4.742706298828125,"roomId":5555}
{"type":"gyro","timestamp":1531636186640,"x":-0.1241455078125,"y":-0.6075592041015625,"z":-0.0327301025390625,"roomId":5555}
{"type":"accel","timestamp":1531636186650,"x":3.2978363037109375,"y":6.6785430908203125,"z":5.2752227783203125,"roomId":5555}
{"type":"gyro","timestamp":1531636186652,"x":-0.255523681640625,"y":-0.467864990234375,"z":-0.009246826171875,"roomId":5555}
{"type":"accel","timestamp":1531636186660,"x":3.6559600830078125,"y":6.4289703369140625,"z":6.0850677490234375,"roomId":5555}
{"type":"gyro","timestamp":1531636186669,"x":-0.461761474609375,"y":0.095001220703125,"z":0.0635528564453125,"roomId":5555}
{"type":"accel","timestamp":1531636186678,"x":3.8567657470703125,"y":5.9310455322265625,"z":7.468475341796875,"roomId":5555}
{"type":"gyro","timestamp":1531636186679,"x":-0.44439697265625,"y":0.2581939697265625,"z":0.056732177734375,"roomId":5555}
{"type":"accel","timestamp":1531636186689,"x":3.6693878173828125,"y":5.7055511474609375,"z":7.7317047119140625,"roomId":5555}
{"type":"gyro","timestamp":1531636186690,"x":-0.33428955078125,"y":0.2398681640625,"z":0.010467529296875,"roomId":5555}
{"type":"accel","timestamp":1531636186699,"x":3.3157501220703125,"y":5.51904296875,"z":7.6411590576171875,"roomId":5555}
{"type":"gyro","timestamp":1531636186701,"x":-0.1820526123046875,"y":0.096527099609375,"z":-0.0502471923828125,"roomId":5555}
{"type":"accel","timestamp":1531636186718,"x":2.8843994140625,"y":5.333343505859375,"z":6.956756591796875,"roomId":5555}
{"type":"gyro","timestamp":1531636186719,"x":0.0326690673828125,"y":-0.106597900390625,"z":-0.0792083740234375,"roomId":5555}
{"type":"accel","timestamp":1531636186729,"x":2.755096435546875,"y":5.237945556640625,"z":6.4947662353515625,"roomId":5555}
{"type":"gyro","timestamp":1531636186731,"x":0.0345001220703125,"y":0.0308380126953125,"z":-0.0206298828125,"roomId":5555}
{"type":"accel","timestamp":1531636186740,"x":2.891632080078125,"y":5.133636474609375,"z":6.3845062255859375,"roomId":5555}
{"type":"gyro","timestamp":1531636186741,"x":-0.0402069091796875,"y":0.28155517578125,"z":0.0691375732421875,"roomId":5555}
{"type":"accel","timestamp":1531636186759,"x":3.23663330078125,"y":4.9443206787109375,"z":6.7956695556640625,"roomId":5555}
{"type":"gyro","timestamp":1531636186760,"x":-0.16455078125,"y":0.6783294677734375,"z":0.2022705078125,"roomId":5555}
{"type":"accel","timestamp":1531636186771,"x":3.6097412109375,"y":4.8960418701171875,"z":7.13677978515625,"roomId":5555}
{"type":"gyro","timestamp":1531636186773,"x":-0.0994720458984375,"y":0.5545501708984375,"z":0.1855316162109375,"roomId":5555}
{"type":"accel","timestamp":1531636186788,"x":3.9178466796875,"y":4.9327850341796875,"z":6.430145263671875,"roomId":5555}
{"type":"gyro","timestamp":1531636186789,"x":0.201873779296875,"y":0.051177978515625,"z":0.014251708984375,"roomId":5555}
{"type":"accel","timestamp":1531636186798,"x":3.908538818359375,"y":4.9881439208984375,"z":5.8574371337890625,"roomId":5555}
{"type":"gyro","timestamp":1531636186800,"x":0.2695465087890625,"y":-0.083343505859375,"z":-0.0476226806640625,"roomId":5555}
{"type":"accel","timestamp":1531636186808,"x":3.87213134765625,"y":4.997711181640625,"z":5.411895751953125,"roomId":5555}
{"type":"gyro","timestamp":1531636186817,"x":0.17340087890625,"y":-0.081787109375,"z":-0.05206298828125,"roomId":5555}
{"type":"accel","timestamp":1531636186827,"x":4.175872802734375,"y":4.586395263671875,"z":5.947174072265625,"roomId":5555}
{"type":"gyro","timestamp":1531636186828,"x":0.0718841552734375,"y":-0.1053619384765625,"z":-0.04498291015625,"roomId":5555}
{"type":"accel","timestamp":1531636186837,"x":4.6536407470703125,"y":4.2716827392578125,"z":6.8009490966796875,"roomId":5555}
{"type":"gyro","timestamp":1531636186838,"x":0.039031982421875,"y":-0.2647247314453125,"z":-0.0706329345703125,"roomId":5555}
{"type":"accel","timestamp":1531636186847,"x":5.245391845703125,"y":3.9683837890625,"z":7.5188140869140625,"roomId":5555}
{"type":"accel","timestamp":1531636186857,"x":5.8890228271484375,"y":3.7285308837890625,"z":8.141891479492188,"roomId":5555}
{"type":"gyro","timestamp":1531636186858,"x":0.1813812255859375,"y":-0.7856597900390625,"z":-0.17425537109375,"roomId":5555}
{"type":"accel","timestamp":1531636186867,"x":6.7643585205078125,"y":3.51812744140625,"z":8.84088134765625,"roomId":5555}
{"type":"gyro","timestamp":1531636186869,"x":0.2851104736328125,"y":-1.0533294677734375,"z":-0.1957550048828125,"roomId":5555}
{"type":"accel","timestamp":1531636186877,"x":8.150772094726562,"y":3.369598388671875,"z":9.49627685546875,"roomId":5555}
{"type":"gyro","timestamp":1531636186878,"x":0.411468505859375,"y":-1.2951812744140625,"z":-0.1937103271484375,"roomId":5555}
{"type":"accel","timestamp":1531636186888,"x":9.957473754882812,"y":3.4696197509765625,"z":9.87713623046875,"roomId":5555}
{"type":"gyro","timestamp":1531636186890,"x":0.5623016357421875,"y":-1.462860107421875,"z":-0.2100982666015625,"roomId":5555}
{"type":"accel","timestamp":1531636186909,"x":13.906951904296875,"y":4.0560760498046875,"z":9.105926513671875,"roomId":5555}
{"type":"gyro","timestamp":1531636186910,"x":0.9271240234375,"y":-1.620819091796875,"z":-0.4184112548828125,"roomId":5555}
{"type":"accel","timestamp":1531636186927,"x":15.911956787109375,"y":4.7909088134765625,"z":5.7897491455078125,"roomId":5555}
{"type":"gyro","timestamp":1531636186929,"x":1.1488800048828125,"y":-1.84930419921875,"z":-0.9541778564453125,"roomId":5555}
{"type":"accel","timestamp":1531636186938,"x":14.8062744140625,"y":4.627960205078125,"z":4.5955810546875,"roomId":5555}
{"type":"gyro","timestamp":1531636186940,"x":1.0745697021484375,"y":-2.2680816650390625,"z":-1.3586883544921875,"roomId":5555}
{"type":"accel","timestamp":1531636186948,"x":13.102142333984375,"y":4.093963623046875,"z":4.1259307861328125,"roomId":5555}
{"type":"gyro","timestamp":1531636186951,"x":0.959564208984375,"y":-3.0735931396484375,"z":-1.7677001953125,"roomId":5555}
{"type":"accel","timestamp":1531636186958,"x":11.371963500976562,"y":3.7977752685546875,"z":4.2592315673828125,"roomId":5555}
{"type":"gyro","timestamp":1531636186968,"x":1.0077362060546875,"y":-6.0294189453125,"z":-2.6110687255859375,"roomId":5555}
{"type":"accel","timestamp":1531636186976,"x":8.224777221679688,"y":4.295745849609375,"z":3.7006378173828125,"roomId":5555}
{"type":"gyro","timestamp":1531636186977,"x":1.176727294921875,"y":-7.814056396484375,"z":-3.0006103515625,"roomId":5555}
{"type":"accel","timestamp":1531636186987,"x":7.394317626953125,"y":4.7923583984375,"z":2.4407501220703125,"roomId":5555}
{"type":"gyro","timestamp":1531636186988,"x":1.267059326171875,"y":-9.418960571289062,"z":-3.2697906494140625,"roomId":5555}
{"type":"accel","timestamp":1531636187006,"x":5.3817291259765625,"y":5.560211181640625,"z":-0.175506591796875,"roomId":5555}
{"type":"gyro","timestamp":1531636187007,"x":0.9903717041015625,"y":-11.67034912109375,"z":-3.398529052734375,"roomId":5555}
{"type":"accel","timestamp":1531636187016,"x":4.7210235595703125,"y":6.31195068359375,"z":-1.3591461181640625,"roomId":5555}
{"type":"gyro","timestamp":1531636187019,"x":0.7603912353515625,"y":-12.548873901367188,"z":-3.3001251220703125,"roomId":5555}
{"type":"accel","timestamp":1531636187027,"x":4.0383758544921875,"y":7.5487518310546875,"z":-2.38214111328125,"roomId":5555}
{"type":"gyro","timestamp":1531636187037,"x":0.301788330078125,"y":-14.140472412109375,"z":-3.0537109375,"roomId":5555}
{"type":"accel","timestamp":1531636187047,"x":2.8070526123046875,"y":10.701644897460938,"z":-4.097198486328125,"roomId":5555}
{"type":"gyro","timestamp":1531636187048,"x":-0.022491455078125,