{"type":"accel","timestamp":1531636317135,"x":2.7498931884765625,"y":7.2850189208984375,"z":-6.330535888671875,"roomId":5555}
{"type":"gyro","timestamp":1531636317135,"x":-0.3953704833984375,"y":0.5828857421875,"z":-0.0596466064453125,"roomId":5555}
{"type":"accel","timestamp":1531636317153,"x":4.0877532958984375,"y":8.23126220703125,"z":-6.7288970947265625,"roomId":5555}
{"type":"gyro","timestamp":1531636317154,"x":-0.2599639892578125,"y":0.9617767333984375,"z":-0.3417816162109375,"roomId":5555}
{"type":"accel","timestamp":1531636317164,"x":4.2745513916015625,"y":8.709640502929688,"z":-7.2633056640625,"roomId":5555}
{"type":"gyro","timestamp":1531636317164,"x":-0.2578277587890625,"y":1.2921905517578125,"z":-0.5600738525390625,"roomId":5555}
{"type":"gyro","timestamp":1531636317174,"x":-0.3175506591796875,"y":1.69464111328125,"z":-0.8152923583984375,"roomId":5555}
{"type":"accel","timestamp":1531636317184,"x":2.3663177490234375,"y":8.857635498046875,"z":-7.7221527099609375,"roomId":5555}
{"type":"gyro","timestamp":1531636317185,"x":-0.401092529296875,"y":2.1081085205078125,"z":-1.047454833984375,"roomId":5555}
{"type":"accel","timestamp":1531636317194,"x":1.399017333984375,"y":8.4072265625,"z":-7.663055419921875,"roomId":5555}
{"type":"gyro","timestamp":1531636317195,"x":-0.48004150390625,"y":2.4540863037109375,"z":-1.1125640869140625,"roomId":5555}
{"type":"accel","timestamp":1531636317204,"x":0.6743621826171875,"y":7.9526824951171875,"z":-7.44073486328125,"roomId":5555}
{"type":"gyro","timestamp":1531636317206,"x":-0.5410614013671875,"y":2.736419677734375,"z":-1.1210174560546875,"roomId":5555}
{"type":"accel","timestamp":1531636317214,"x":-0.0258636474609375,"y":7.7570953369140625,"z":-7.1465606689453125,"roomId":5555}
{"type":"gyro","timestamp":1531636317215,"x":-0.5576324462890625,"y":2.97454833984375,"z":-1.1380462646484375,"roomId":5555}
{"type":"accel","timestamp":1531636317234,"x":0.727783203125,"y":7.55572509765625,"z":-5.809051513671875,"roomId":5555}
{"type":"gyro","timestamp":1531636317235,"x":-0.404449462890625,"y":3.4154510498046875,"z":-1.0290069580078125,"roomId":5555}
{"type":"accel","timestamp":1531636317246,"x":1.6517181396484375,"y":7.2567901611328125,"z":-4.9390716552734375,"roomId":5555}
{"type":"gyro","timestamp":1531636317249,"x":-0.2257537841796875,"y":3.7836151123046875,"z":-0.98260498046875,"roomId":5555}
{"type":"accel","timestamp":1531636317264,"x":3.324737548828125,"y":6.419708251953125,"z":-4.0369720458984375,"roomId":5555}
{"type":"gyro","timestamp":1531636317266,"x":0.2957916259765625,"y":4.8417510986328125,"z":-0.990142822265625,"roomId":5555}
{"type":"accel","timestamp":1531636317274,"x":3.712921142578125,"y":5.8968505859375,"z":-4.39520263671875,"roomId":5555}
{"type":"accel","timestamp":1531636317285,"x":3.7565460205078125,"y":5.4575958251953125,"z":-5.118255615234375,"roomId":5555}
{"type":"gyro","timestamp":1531636317286,"x":0.958282470703125,"y":5.6595001220703125,"z":-1.065093994140625,"roomId":5555}
{"type":"accel","timestamp":1531636317295,"x":3.974853515625,"y":5.1421661376953125,"z":-6.06927490234375,"roomId":5555}
{"type":"gyro","timestamp":1531636317297,"x":1.2547607421875,"y":5.8092041015625,"z":-1.050994873046875,"roomId":5555}
{"type":"accel","timestamp":1531636317305,"x":4.4440460205078125,"y":4.985137939453125,"z":-7.05926513671875,"roomId":5555}
{"type":"gyro","timestamp":1531636317313,"x":1.490234375,"y":5.7998504638671875,"z":-1.0070343017578125,"roomId":5555}
{"type":"accel","timestamp":1531636317323,"x":5.9561614990234375,"y":4.975555419921875,"z":-8.204483032226562,"roomId":5555}
{"type":"gyro","timestamp":1531636317324,"x":1.4004364013671875,"y":5.8535919189453125,"z":-0.9838714599609375,"roomId":5555}
{"type":"accel","timestamp":1531636317333,"x":6.5777130126953125,"y":4.9234619140625,"z":-8.329452514648438,"roomId":5555}
{"type":"gyro","timestamp":1531636317334,"x":1.20428466796875,"y":5.9955902099609375,"z":-0.99761962890625,"roomId":5555}
{"type":"accel","timestamp":1531636317343,"x":6.6692352294921875,"y":4.790802001953125,"z":-8.261932373046875,"roomId":5555}
{"type":"gyro","timestamp":1531636317353,"x":0.6567840576171875,"y":6.301483154296875,"z":-1.0501556396484375,"roomId":5555}
{"type":"accel","timestamp":1531636317362,"x":6.0803985595703125,"y":4.71807861328125,"z":-6.6297454833984375,"roomId":5555}
{"type":"gyro","timestamp":1531636317363,"x":0.3924102783203125,"y":6.270904541015625,"z":-1.052978515625,"roomId":5555}
{"type":"accel","timestamp":1531636317372,"x":5.5975341796875,"y":4.537628173828125,"z":-5.450927734375,"roomId":5555}
{"type":"gyro","timestamp":1531636317373,"x":0.217254638671875,"y":6.1387481689453125,"z":-1.0164947509765625,"roomId":5555}
{"type":"accel","timestamp":1531636317383,"x":5.087310791015625,"y":4.291778564453125,"z":-4.268890380859375,"roomId":5555}
{"type":"gyro","timestamp":1531636317384,"x":0.1506500244140625,"y":5.93853759765625,"z":-0.9248504638671875,"roomId":5555}
{"type":"accel","timestamp":1531636317403,"x":4.8481292724609375,"y":4.2289886474609375,"z":-1.9508209228515625,"roomId":5555}
{"type":"gyro","timestamp":1531636317405,"x":0.235748291015625,"y":5.2838134765625,"z":-0.5858154296875,"roomId":5555}
{"type":"accel","timestamp":1531636317415,"x":5.2614898681640625,"y":4.559906005859375,"z":-1.020294189453125,"roomId":5555}
{"type":"gyro","timestamp":1531636317420,"x":0.3181610107421875,"y":4.9616241455078125,"z":-0.4553070068359375,"roomId":5555}
{"type":"accel","timestamp":1531636317431,"x":6.105194091796875,"y":4.9629974365234375,"z":-0.1737518310546875,"roomId":5555}
{"type":"gyro","timestamp":1531636317432,"x":0.516937255859375,"y":4.491912841796875,"z":-0.438507080078125,"roomId":5555}
{"type":"accel","timestamp":1531636317441,"x":5.9809112548828125,"y":4.79150390625,"z":-0.224761962890625,"roomId":5555}
{"type":"gyro","timestamp":1531636317442,"x":0.600189208984375,"y":4.346649169921875,"z":-0.488922119140625,"roomId":5555}
{"type":"accel","timestamp":1531636317451,"x":6.1830902099609375,"y":4.6331787109375,"z":-0.3217010498046875,"roomId":5555}
{"type":"accel","timestamp":1531636317461,"x":6.444488525390625,"y":4.48431396484375,"z":-0.5319976806640625,"roomId":5555}
{"type":"gyro","timestamp":1531636317461,"x":0.6322784423828125,"y":4.0814056396484375,"z":-0.5737152099609375,"roomId":5555}
{"type":"accel","timestamp":1531636317471,"x":6.2175140380859375,"y":4.3497467041015625,"z":-0.513885498046875,"roomId":5555}
{"type":"gyro","timestamp":1531636317472,"x":0.59814453125,"y":3.940032958984375,"z":-0.646026611328125,"roomId":5555}
{"type":"accel","timestamp":1531636317482,"x":5.4596405029296875,"y":4.07623291015625,"z":-0.3005828857421875,"roomId":5555}
{"type":"gyro","timestamp":1531636317492,"x":0.5502777099609375,"y":3.8027496337890625,"z":-0.71173095703125,"roomId":5555}
{"type":"accel","timestamp":1531636317502,"x":3.9837646484375,"y":3.7189483642578125,"z":0.3500823974609375,"roomId":5555}
{"type":"gyro","timestamp":1531636317505,"x":0.512054443359375,"y":3.5953369140625,"z":-0.7489013671875,"roomId":5555}
{"type":"accel","timestamp":1531636317512,"x":3.503936767578125,"y":3.7513275146484375,"z":0.763885498046875,"roomId":5555}
{"type":"accel","timestamp":1531636317523,"x":3.2716217041015625,"y":3.8123626708984375,"z":1.1595306396484375,"roomId":5555}
{"type":"gyro","timestamp":1531636317525,"x":0.646728515625,"y":2.7720794677734375,"z":-0.7596435546875,"roomId":5555}
{"type":"accel","timestamp":1531636317543,"x":2.7912445068359375,"y":4.368255615234375,"z":0.18756103515625,"roomId":5555}
{"type":"gyro","timestamp":1531636317544,"x":1.0726165771484375,"y":1.735626220703125,"z":-0.8475189208984375,"roomId":5555}
{"type":"accel","timestamp":1531636317553,"x":2.3837127685546875,"y":4.929718017578125,"z":-1.2425994873046875,"roomId":5555}
{"type":"gyro","timestamp":1531636317555,"x":1.3166656494140625,"y":1.28973388671875,"z":-0.9080963134765625,"roomId":5555}
{"type":"accel","timestamp":1531636317563,"x":2.0525970458984375,