{"type":"gyro","timestamp":1531636279134,"x":-0.20489501953125,"y":0.1456146240234375,"z":0.3184967041015625,"roomId":5555}
{"type":"accel","timestamp":1531636279146,"x":2.75335693359375,"y":6.201416015625,"z":-6.634918212890625,"roomId":5555}
{"type":"gyro","timestamp":1531636279147,"x":-0.1535186767578125,"y":0.08172607421875,"z":0.2816314697265625,"roomId":5555}
{"type":"accel","timestamp":1531636279162,"x":3.15020751953125,"y":6.2014312744140625,"z":-6.7594451904296875,"roomId":5555}
{"type":"gyro","timestamp":1531636279163,"x":-0.0282745361328125,"y":0.0081024169921875,"z":0.0426025390625,"roomId":5555}
{"type":"accel","timestamp":1531636279173,"x":2.97564697265625,"y":6.01153564453125,"z":-6.73114013671875,"roomId":5555}
{"type":"gyro","timestamp":1531636279173,"x":-0.008544921875,"y":-0.0530242919921875,"z":-0.059814453125,"roomId":5555}
{"type":"accel","timestamp":1531636279191,"x":2.2062530517578125,"y":6.2583160400390625,"z":-6.7049560546875,"roomId":5555}
{"type":"gyro","timestamp":1531636279192,"x":-0.014739990234375,"y":-0.1000518798828125,"z":-0.113525390625,"roomId":5555}
{"type":"accel","timestamp":1531636279201,"x":1.6341552734375,"y":6.7415008544921875,"z":-6.92315673828125,"roomId":5555}
{"type":"accel","timestamp":1531636279214,"x":1.577880859375,"y":7.528350830078125,"z":-7.6407012939453125,"roomId":5555}
{"type":"gyro","timestamp":1531636279215,"x":-0.026458740234375,"y":0.270355224609375,"z":-0.0146942138671875,"roomId":5555}
{"type":"accel","timestamp":1531636279234,"x":1.5845489501953125,"y":9.214614868164062,"z":-8.687042236328125,"roomId":5555}
{"type":"gyro","timestamp":1531636279236,"x":0.011566162109375,"y":0.811920166015625,"z":0.250152587890625,"roomId":5555}
{"type":"accel","timestamp":1531636279251,"x":2.336456298828125,"y":10.250274658203125,"z":-8.842514038085938,"roomId":5555}
{"type":"gyro","timestamp":1531636279254,"x":-0.06353759765625,"y":1.1811065673828125,"z":0.280914306640625,"roomId":5555}
{"type":"accel","timestamp":1531636279262,"x":3.07159423828125,"y":10.182220458984375,"z":-8.380355834960938,"roomId":5555}
{"type":"gyro","timestamp":1531636279272,"x":-0.1696319580078125,"y":1.8057861328125,"z":0.2194976806640625,"roomId":5555}
{"type":"accel","timestamp":1531636279283,"x":2.939483642578125,"y":9.106918334960938,"z":-7.3392333984375,"roomId":5555}
{"type":"gyro","timestamp":1531636279284,"x":-0.191162109375,"y":2.3093414306640625,"z":0.1669158935546875,"roomId":5555}
{"type":"accel","timestamp":1531636279301,"x":2.5010528564453125,"y":7.0874176025390625,"z":-5.8469085693359375,"roomId":5555}
{"type":"gyro","timestamp":1531636279302,"x":-0.07696533203125,"y":3.5490875244140625,"z":0.1687774658203125,"roomId":5555}
{"type":"accel","timestamp":1531636279320,"x":2.3642578125,"y":4.6638946533203125,"z":-5.5400848388671875,"roomId":5555}
{"type":"gyro","timestamp":1531636279321,"x":0.295989990234375,"y":4.6406097412109375,"z":0.371337890625,"roomId":5555}
{"type":"accel","timestamp":1531636279331,"x":2.836639404296875,"y":3.761505126953125,"z":-5.5074310302734375,"roomId":5555}
{"type":"gyro","timestamp":1531636279332,"x":0.54473876953125,"y":5.043060302734375,"z":0.536956787109375,"roomId":5555}
{"type":"accel","timestamp":1531636279349,"x":5.0722808837890625,"y":2.9803924560546875,"z":-3.973419189453125,"roomId":5555}
{"type":"gyro","timestamp":1531636279350,"x":0.9534912109375,"y":5.2957763671875,"z":0.9745330810546875,"roomId":5555}
{"type":"accel","timestamp":1531636279360,"x":6.2273712158203125,"y":3.16357421875,"z":-2.6941680908203125,"roomId":5555}
{"type":"gyro","timestamp":1531636279360,"x":1.0743408203125,"y":5.1654815673828125,"z":1.136749267578125,"roomId":5555}
{"type":"accel","timestamp":1531636279370,"x":6.7530059814453125,"y":3.0472869873046875,"z":-1.92724609375,"roomId":5555}
{"type":"gyro","timestamp":1531636279371,"x":1.186309814453125,"y":5.1418304443359375,"z":1.1959075927734375,"roomId":5555}
{"type":"accel","timestamp":1531636279389,"x":8.479278564453125,"y":2.107391357421875,"z":-1.6425018310546875,"roomId":5555}
{"type":"gyro","timestamp":1531636279390,"x":1.5061187744140625,"y":5.6584625244140625,"z":1.2129974365234375,"roomId":5555}
{"type":"accel","timestamp":1531636279400,"x":9.68829345703125,"y":2.0204925537109375,"z":-1.8343658447265625,"roomId":5555}
{"type":"gyro","timestamp":1531636279401,"x":1.69097900390625,"y":5.852935791015625,"z":1.2340545654296875,"roomId":5555}
{"type":"accel","timestamp":1531636279410,"x":10.327926635742188,"y":2.038238525390625,"z":-2.3849945068359375,"roomId":5555}
{"type":"gyro","timestamp":1531636279411,"x":1.8792266845703125,"y":5.9561614990234375,"z":1.1747283935546875,"roomId":5555}
{"type":"accel","timestamp":1531636279420,"x":10.873565673828125,"y":1.9956207275390625,"z":-3.3675079345703125,"roomId":5555}
{"type":"gyro","timestamp":1531636279421,"x":2.0566864013671875,"y":6.0591278076171875,"z":1.01544189453125,"roomId":5555}
{"type":"accel","timestamp":1531636279430,"x":10.424652099609375,"y":1.8685302734375,"z":-4.313934326171875,"roomId":5555}
{"type":"gyro","timestamp":1531636279431,"x":2.1672515869140625,"y":6.2089691162109375,"z":0.8153533935546875,"roomId":5555}
{"type":"gyro","timestamp":1531636279441,"x":2.169403076171875,"y":6.4010009765625,"z":0.6095428466796875,"roomId":5555}
{"type":"accel","timestamp":1531636279450,"x":9.429428100585938,"y":1.7127532958984375,"z":-5.109130859375,"roomId":5555}
{"type":"gyro","timestamp":1531636279451,"x":2.068572998046875,"y":6.55657958984375,"z":0.4564056396484375,"roomId":5555}
{"type":"accel","timestamp":1531636279461,"x":8.719161987304688,"y":1.6347808837890625,"z":-5.358367919921875,"roomId":5555}
{"type":"gyro","timestamp":1531636279464,"x":1.8713226318359375,"y":6.5399932861328125,"z":0.3603057861328125,"roomId":5555}
{"type":"accel","timestamp":1531636279480,"x":8.780807495117188,"y":1.877777099609375,"z":-3.29937744140625,"roomId":5555}
{"type":"gyro","timestamp":1531636279481,"x":1.370697021484375,"y":6.054534912109375,"z":0.0936431884765625,"roomId":5555}
{"type":"accel","timestamp":1531636279490,"x":8.908447265625,"y":1.9888916015625,"z":-1.6078338623046875,"roomId":5555}
{"type":"gyro","timestamp":1531636279491,"x":1.192596435546875,"y":5.7543182373046875,"z":-0.143035888671875,"roomId":5555}
{"type":"accel","timestamp":1531636279512,"x":7.6363372802734375,"y":2.1444091796875,"z":0.789764404296875,"roomId":5555}
{"type":"gyro","timestamp":1531636279513,"x":1.123291015625,"y":5.09521484375,"z":-0.678314208984375,"roomId":5555}
{"type":"accel","timestamp":1531636279528,"x":4.8374481201171875,"y":2.6258087158203125,"z":0.894744873046875,"roomId":5555}
{"type":"gyro","timestamp":1531636279530,"x":1.2414093017578125,"y":4.071624755859375,"z":-0.72869873046875,"roomId":5555}
{"type":"accel","timestamp":1531636279538,"x":5.743560791015625,"y":2.9954833984375,"z":0.8785400390625,"roomId":5555}
{"type":"accel","timestamp":1531636279551,"x":6.86669921875,"y":3.50469970703125,"z":0.7799072265625,"roomId":5555}
{"type":"gyro","timestamp":1531636279553,"x":1.0946197509765625,"y":3.1330718994140625,"z":-0.3912353515625,"roomId":5555}
{"type":"accel","timestamp":1531636279569,"x":8.643692016601562,"y":3.8632659912109375,"z":1.2266845703125,"roomId":5555}
{"type":"gyro","timestamp":1531636279571,"x":0.657958984375,"y":2.9095306396484375,"z":-0.275054931640625,"roomId":5555}
{"type":"accel","timestamp":1531636279580,"x":9.155838012695312,"y":3.8408966064453125,"z":2.15521240234375,"roomId":5555}
{"type":"gyro","timestamp":1531636279581,"x":0.4294891357421875,"y":2.868682861328125,"z":-0.3492889404296875,"roomId":5555}
{"type":"accel","timestamp":1531636279590,"x":8.736907958984375,"y":3.7132720947265625,"z":3.1706390380859375,"roomId":5555}
{"type":"gyro","timestamp":1531636279591,"x":0.28460693359375,"y":2.8122100830078125,"z":-0.492919921875,"roomId":5555}
{"type":"accel","timestamp":1531636279600,"x":7.6002960205078125,"y":3.6634674072265625,"z":3.6545867919921875,