{"type":"accel","timestamp":1531636196900,"x":4.0287017822265625,"y":5.27105712890625,"z":9.622421264648438,"roomId":5555}
{"type":"gyro","timestamp":1531636196903,"x":-0.4033203125,"y":-0.468536376953125,"z":-0.134002685546875,"roomId":5555}
{"type":"accel","timestamp":1531636196910,"x":3.7876739501953125,"y":5.12957763671875,"z":9.644561767578125,"roomId":5555}
{"type":"accel","timestamp":1531636196920,"x":3.576263427734375,"y":5.1773223876953125,"z":9.378143310546875,"roomId":5555}
{"type":"gyro","timestamp":1531636196920,"x":-0.089263916015625,"y":-0.336883544921875,"z":-0.0703887939453125,"roomId":5555}
{"type":"accel","timestamp":1531636196939,"x":3.4527435302734375,"y":5.12078857421875,"z":8.759750366210938,"roomId":5555}
{"type":"gyro","timestamp":1531636196939,"x":0.0982818603515625,"y":-0.126983642578125,"z":0.0878753662109375,"roomId":5555}
{"type":"accel","timestamp":1531636196950,"x":3.7579193115234375,"y":5.3541717529296875,"z":8.098236083984375,"roomId":5555}
{"type":"gyro","timestamp":1531636196952,"x":0.2245330810546875,"y":-0.1510772705078125,"z":0.157501220703125,"roomId":5555}
{"type":"accel","timestamp":1531636196968,"x":4.6509552001953125,"y":5.7655029296875,"z":5.815673828125,"roomId":5555}
{"type":"gyro","timestamp":1531636196969,"x":0.45947265625,"y":-0.3697967529296875,"z":0.171142578125,"roomId":5555}
{"type":"accel","timestamp":1531636196978,"x":4.8385772705078125,"y":5.810272216796875,"z":4.7528839111328125,"roomId":5555}
{"type":"gyro","timestamp":1531636196979,"x":0.481109619140625,"y":-0.4505462646484375,"z":0.1321563720703125,"roomId":5555}
{"type":"accel","timestamp":1531636196989,"x":4.8205413818359375,"y":5.6703033447265625,"z":4.152374267578125,"roomId":5555}
{"type":"gyro","timestamp":1531636196991,"x":0.4326171875,"y":-0.5150604248046875,"z":0.0925445556640625,"roomId":5555}
{"type":"accel","timestamp":1531636196999,"x":5.07403564453125,"y":5.48614501953125,"z":4.0581817626953125,"roomId":5555}
{"type":"accel","timestamp":1531636197010,"x":5.5883331298828125,"y":5.33331298828125,"z":4.2640228271484375,"roomId":5555}
{"type":"gyro","timestamp":1531636197011,"x":0.27716064453125,"y":-0.679443359375,"z":0.029998779296875,"roomId":5555}
{"type":"accel","timestamp":1531636197028,"x":6.1395721435546875,"y":5.0199432373046875,"z":4.6627197265625,"roomId":5555}
{"type":"gyro","timestamp":1531636197029,"x":0.1483001708984375,"y":-0.799224853515625,"z":-0.0691680908203125,"roomId":5555}
{"type":"accel","timestamp":1531636197038,"x":6.3432159423828125,"y":4.9205474853515625,"z":4.6633758544921875,"roomId":5555}
{"type":"gyro","timestamp":1531636197039,"x":0.0834503173828125,"y":-0.8537139892578125,"z":-0.1039886474609375,"roomId":5555}
{"type":"accel","timestamp":1531636197048,"x":6.634613037109375,"y":4.74591064453125,"z":4.5106353759765625,"roomId":5555}
{"type":"gyro","timestamp":1531636197050,"x":0.003570556640625,"y":-0.9313812255859375,"z":-0.1219482421875,"roomId":5555}
{"type":"accel","timestamp":1531636197061,"x":7.302978515625,"y":4.4569854736328125,"z":4.4553070068359375,"roomId":5555}
{"type":"gyro","timestamp":1531636197064,"x":-0.0986480712890625,"y":-1.07635498046875,"z":-0.1351776123046875,"roomId":5555}
{"type":"accel","timestamp":1531636197079,"x":11.029251098632812,"y":3.9482574462890625,"z":5.9453582763671875,"roomId":5555}
{"type":"gyro","timestamp":1531636197081,"x":-0.239410400390625,"y":-1.6205291748046875,"z":-0.3593597412109375,"roomId":5555}
{"type":"accel","timestamp":1531636197089,"x":11.734527587890625,"y":3.5529022216796875,"z":6.3024749755859375,"roomId":5555}
{"type":"accel","timestamp":1531636197103,"x":11.48712158203125,"y":2.805572509765625,"z":5.7216339111328125,"roomId":5555}
{"type":"gyro","timestamp":1531636197104,"x":-0.159393310546875,"y":-2.0387725830078125,"z":-0.8531341552734375,"roomId":5555}
{"type":"accel","timestamp":1531636197117,"x":12.11199951171875,"y":2.1932220458984375,"z":3.4644012451171875,"roomId":5555}
{"type":"gyro","timestamp":1531636197118,"x":-0.2379302978515625,"y":-2.771575927734375,"z":-1.191253662109375,"roomId":5555}
{"type":"accel","timestamp":1531636197127,"x":12.416946411132812,"y":2.2602386474609375,"z":3.342620849609375,"roomId":5555}
{"type":"gyro","timestamp":1531636197128,"x":-0.352142333984375,"y":-3.5227203369140625,"z":-1.423492431640625,"roomId":5555}
{"type":"accel","timestamp":1531636197137,"x":12.291519165039062,"y":2.2823638916015625,"z":3.49859619140625,"roomId":5555}
{"type":"accel","timestamp":1531636197147,"x":12.252532958984375,"y":2.3786163330078125,"z":3.655029296875,"roomId":5555}
{"type":"gyro","timestamp":1531636197148,"x":-0.4764862060546875,"y":-5.324462890625,"z":-2.0897064208984375,"roomId":5555}
{"type":"accel","timestamp":1531636197157,"x":12.468185424804688,"y":2.51910400390625,"z":3.5711669921875,"roomId":5555}
{"type":"gyro","timestamp":1531636197158,"x":-0.4861297607421875,"y":-6.15472412109375,"z":-2.457183837890625,"roomId":5555}
{"type":"accel","timestamp":1531636197167,"x":12.44287109375,"y":2.6828765869140625,"z":3.570556640625,"roomId":5555}
{"type":"gyro","timestamp":1531636197168,"x":-0.5044097900390625,"y":-6.891998291015625,"z":-2.8298797607421875,"roomId":5555}
{"type":"accel","timestamp":1531636197178,"x":12.108230590820312,"y":2.782867431640625,"z":3.5043792724609375,"roomId":5555}
{"type":"gyro","timestamp":1531636197179,"x":-0.5458221435546875,"y":-7.4505615234375,"z":-3.1829376220703125,"roomId":5555}
{"type":"accel","timestamp":1531636197188,"x":11.028854370117188,"y":3.0615692138671875,"z":3.1783294677734375,"roomId":5555}
{"type":"gyro","timestamp":1531636197189,"x":-0.6229400634765625,"y":-7.779815673828125,"z":-3.4947357177734375,"roomId":5555}
{"type":"accel","timestamp":1531636197198,"x":7.7683563232421875,"y":4.17291259765625,"z":2.29864501953125,"roomId":5555}
{"type":"gyro","timestamp":1531636197199,"x":-0.7529296875,"y":-7.974090576171875,"z":-3.7008209228515625,"roomId":5555}
{"type":"accel","timestamp":1531636197217,"x":2.830047607421875,"y":6.1510772705078125,"z":-1.6297607421875,"roomId":5555}
{"type":"gyro","timestamp":1531636197218,"x":-1.314910888671875,"y":-7.9882965087890625,"z":-3.40179443359375,"roomId":5555}
{"type":"accel","timestamp":1531636197227,"x":3.154937744140625,"y":6.59893798828125,"z":-3.618682861328125,"roomId":5555}
{"type":"gyro","timestamp":1531636197228,"x":-1.857757568359375,"y":-7.979522705078125,"z":-3.1234283447265625,"roomId":5555}
{"type":"accel","timestamp":1531636197247,"x":6.856109619140625,"y":6.85247802734375,"z":-2.2191925048828125,"roomId":5555}
{"type":"gyro","timestamp":1531636197248,"x":-3.3205718994140625,"y":-8.680099487304688,"z":-3.1155242919921875,"roomId":5555}
{"type":"accel","timestamp":1531636197257,"x":9.332931518554688,"y":6.13525390625,"z":0.3023681640625,"roomId":5555}
{"type":"gyro","timestamp":1531636197258,"x":-3.9940338134765625,"y":-9.067108154296875,"z":-3.4252471923828125,"roomId":5555}
{"type":"accel","timestamp":1531636197267,"x":10.927947998046875,"y":5.393096923828125,"z":3.5739288330078125,"roomId":5555}
{"type":"gyro","timestamp":1531636197268,"x":-4.5467071533203125,"y":-9.443557739257812,"z":-3.910247802734375,"roomId":5555}
{"type":"accel","timestamp":1531636197277,"x":11.186492919921875,"y":5.22760009765625,"z":11.36383056640625,"roomId":5555}
{"type":"gyro","timestamp":1531636197278,"x":-4.8932952880859375,"y":-9.810928344726562,"z":-4.4592437744140625,"roomId":5555}
{"type":"accel","timestamp":1531636197289,"x":10.569229125976562,"y":5.0630950927734375,"z":19.704269409179688,"roomId":5555}
{"type":"gyro","timestamp":1531636197290,"x":-4.672607421875,"y":-10.161865234375,"z":-4.9170379638671875,"roomId":5555}
{"type":"accel","timestamp":1531636197306,"x":8.16497802734375,"y":2.68048095703125,"z":21.620941162109375,"roomId":5555}
{"type":"gyro","timestamp":1531636197307,"x":-3.14678955078125,"y":-9.877471923828125,"z":-5.338348388671875,"roomId":5555}
{"type":"accel","timestamp":1531636197326,"x":3.8666839599609375,