{"type":"accel","timestamp":1531636165394,"x":2.5352325439453125,"y":5.096466064453125,"z":3.8108367919921875,"roomId":5555}
{"type":"gyro","timestamp":1531636165395,"x":-0.522979736328125,"y":0.1852569580078125,"z":0.2160186767578125,"roomId":5555}
{"type":"gyro","timestamp":1531636165404,"x":-0.7327423095703125,"y":0.1905975341796875,"z":0.189483642578125,"roomId":5555}
{"type":"accel","timestamp":1531636165413,"x":2.1921539306640625,"y":5.047943115234375,"z":5.7789154052734375,"roomId":5555}
{"type":"gyro","timestamp":1531636165414,"x":-0.861724853515625,"y":0.2433624267578125,"z":0.183929443359375,"roomId":5555}
{"type":"accel","timestamp":1531636165425,"x":1.8660430908203125,"y":5.2885589599609375,"z":6.31646728515625,"roomId":5555}
{"type":"gyro","timestamp":1531636165428,"x":-0.873931884765625,"y":0.340087890625,"z":0.194091796875,"roomId":5555}
{"type":"accel","timestamp":1531636165443,"x":2.011962890625,"y":5.8723297119140625,"z":6.4278106689453125,"roomId":5555}
{"type":"gyro","timestamp":1531636165444,"x":-0.694427490234375,"y":0.5012359619140625,"z":0.2636871337890625,"roomId":5555}
{"type":"accel","timestamp":1531636165454,"x":2.48834228515625,"y":5.7626800537109375,"z":5.959228515625,"roomId":5555}
{"type":"gyro","timestamp":1531636165455,"x":-0.59991455078125,"y":0.4751129150390625,"z":0.2638397216796875,"roomId":5555}
{"type":"accel","timestamp":1531636165464,"x":2.8796844482421875,"y":5.5819549560546875,"z":5.852691650390625,"roomId":5555}
{"type":"gyro","timestamp":1531636165465,"x":-0.56658935546875,"y":0.3452911376953125,"z":0.219512939453125,"roomId":5555}
{"type":"accel","timestamp":1531636165482,"x":3.029815673828125,"y":5.1371917724609375,"z":7.4362640380859375,"roomId":5555}
{"type":"gyro","timestamp":1531636165483,"x":-0.54473876953125,"y":-0.0098419189453125,"z":0.0900115966796875,"roomId":5555}
{"type":"accel","timestamp":1531636165492,"x":2.9684295654296875,"y":4.9402008056640625,"z":8.083297729492188,"roomId":5555}
{"type":"gyro","timestamp":1531636165494,"x":-0.465362548828125,"y":-0.1216583251953125,"z":0.0617523193359375,"roomId":5555}
{"type":"accel","timestamp":1531636165503,"x":3.0154876708984375,"y":4.8635101318359375,"z":8.28277587890625,"roomId":5555}
{"type":"gyro","timestamp":1531636165504,"x":-0.3725128173828125,"y":-0.124267578125,"z":0.0637054443359375,"roomId":5555}
{"type":"accel","timestamp":1531636165521,"x":2.998077392578125,"y":4.875885009765625,"z":8.416610717773438,"roomId":5555}
{"type":"gyro","timestamp":1531636165522,"x":-0.248565673828125,"y":0.032379150390625,"z":0.1153106689453125,"roomId":5555}
{"type":"accel","timestamp":1531636165532,"x":3.376922607421875,"y":4.978302001953125,"z":8.30218505859375,"roomId":5555}
{"type":"gyro","timestamp":1531636165533,"x":-0.186187744140625,"y":0.0845947265625,"z":0.1482086181640625,"roomId":5555}
{"type":"accel","timestamp":1531636165553,"x":4.5282440185546875,"y":5.0302886962890625,"z":8.06854248046875,"roomId":5555}
{"type":"gyro","timestamp":1531636165554,"x":-0.095977783203125,"y":0.0850677490234375,"z":0.140716552734375,"roomId":5555}
{"type":"accel","timestamp":1531636165563,"x":4.9338531494140625,"y":4.973876953125,"z":8.046051025390625,"roomId":5555}
{"type":"gyro","timestamp":1531636165565,"x":-0.0751495361328125,"y":0.0244293212890625,"z":0.094512939453125,"roomId":5555}
{"type":"accel","timestamp":1531636165574,"x":5.097137451171875,"y":4.8142242431640625,"z":8.318374633789062,"roomId":5555}
{"type":"gyro","timestamp":1531636165575,"x":-0.06927490234375,"y":-0.068634033203125,"z":0.0385589599609375,"roomId":5555}
{"type":"accel","timestamp":1531636165591,"x":5.31707763671875,"y":4.2644805908203125,"z":9.341552734375,"roomId":5555}
{"type":"gyro","timestamp":1531636165593,"x":0.067779541015625,"y":-0.44091796875,"z":-0.0352935791015625,"roomId":5555}
{"type":"accel","timestamp":1531636165603,"x":5.74468994140625,"y":3.8567962646484375,"z":9.206146240234375,"roomId":5555}
{"type":"gyro","timestamp":1531636165604,"x":0.235595703125,"y":-0.760040283203125,"z":-0.0358428955078125,"roomId":5555}
{"type":"accel","timestamp":1531636165621,"x":8.412200927734375,"y":3.85992431640625,"z":8.079727172851562,"roomId":5555}
{"type":"gyro","timestamp":1531636165622,"x":0.5876007080078125,"y":-1.694091796875,"z":-0.0566558837890625,"roomId":5555}
{"type":"accel","timestamp":1531636165632,"x":10.223068237304688,"y":4.117584228515625,"z":7.476287841796875,"roomId":5555}
{"type":"gyro","timestamp":1531636165633,"x":0.707183837890625,"y":-2.2135467529296875,"z":-0.1821441650390625,"roomId":5555}
{"type":"accel","timestamp":1531636165651,"x":12.576934814453125,"y":3.927978515625,"z":7.19061279296875,"roomId":5555}
{"type":"gyro","timestamp":1531636165653,"x":0.8294525146484375,"y":-3.2255706787109375,"z":-0.67376708984375,"roomId":5555}
{"type":"accel","timestamp":1531636165661,"x":13.697967529296875,"y":3.8235931396484375,"z":7.0337982177734375,"roomId":5555}
{"type":"accel","timestamp":1531636165672,"x":14.573806762695312,"y":3.6128997802734375,"z":6.2563629150390625,"roomId":5555}
{"type":"gyro","timestamp":1531636165675,"x":0.9595184326171875,"y":-3.88092041015625,"z":-1.1408843994140625,"roomId":5555}
{"type":"accel","timestamp":1531636165682,"x":14.976333618164062,"y":3.3478546142578125,"z":5.2024383544921875,"roomId":5555}
{"type":"accel","timestamp":1531636165692,"x":14.445953369140625,"y":3.601959228515625,"z":4.5475311279296875,"roomId":5555}
{"type":"gyro","timestamp":1531636165693,"x":1.073822021484375,"y":-5.2815093994140625,"z":-1.8564605712890625,"roomId":5555}
{"type":"accel","timestamp":1531636165702,"x":13.123733520507812,"y":4.177581787109375,"z":4.4056549072265625,"roomId":5555}
{"type":"gyro","timestamp":1531636165703,"x":1.139190673828125,"y":-6.5315399169921875,"z":-2.32684326171875,"roomId":5555}
{"type":"accel","timestamp":1531636165713,"x":11.760040283203125,"y":4.7374267578125,"z":4.2597503662109375,"roomId":5555}
{"type":"gyro","timestamp":1531636165714,"x":1.246246337890625,"y":-7.873992919921875,"z":-2.803375244140625,"roomId":5555}
{"type":"accel","timestamp":1531636165724,"x":10.3282470703125,"y":5.228118896484375,"z":3.82958984375,"roomId":5555}
{"type":"gyro","timestamp":1531636165725,"x":1.3570098876953125,"y":-9.057449340820312,"z":-3.2161407470703125,"roomId":5555}
{"type":"accel","timestamp":1531636165741,"x":7.19970703125,"y":4.7382354736328125,"z":0.58526611328125,"roomId":5555}
{"type":"gyro","timestamp":1531636165742,"x":1.1108856201171875,"y":-9.599441528320312,"z":-3.328033447265625,"roomId":5555}
{"type":"accel","timestamp":1531636165760,"x":7.326568603515625,"y":4.4551239013671875,"z":-3.2718048095703125,"roomId":5555}
{"type":"gyro","timestamp":1531636165761,"x":0.0800323486328125,"y":-9.290283203125,"z":-3.135711669921875,"roomId":5555}
{"type":"accel","timestamp":1531636165770,"x":6.3734588623046875,"y":4.6063232421875,"z":-3.6693267822265625,"roomId":5555}
{"type":"gyro","timestamp":1531636165771,"x":-0.582427978515625,"y":-9.539779663085938,"z":-3.1738739013671875,"roomId":5555}
{"type":"accel","timestamp":1531636165780,"x":5.3257293701171875,"y":4.9811859130859375,"z":-3.1792144775390625,"roomId":5555}
{"type":"gyro","timestamp":1531636165781,"x":-1.1890411376953125,"y":-9.922500610351562,"z":-3.243255615234375,"roomId":5555}
{"type":"accel","timestamp":1531636165790,"x":4.72332763671875,"y":5.490814208984375,"z":-2.0720977783203125,"roomId":5555}
{"type":"gyro","timestamp":1531636165791,"x":-1.6851654052734375,"y":-10.409805297851562,"z":-3.305511474609375,"roomId":5555}
{"type":"accel","timestamp":1531636165800,"x":4.4542694091796875,"y":6.13885498046875,"z":0.3914031982421875,"roomId":5555}
{"type":"accel","timestamp":1531636165810,"x":5.4881134033203125,"y":6.3363037109375,"z":2.139190673828125,"roomId":5555}
{"type":"gyro","timestamp":1531636165811,"x":-2.308868408203125,"y":-11.436538696289062,"z":-3.260040283203125,"roomId":5555}
{"type":"accel","timestamp":1531636165820,"x":8.588973999023438,