{"type":"gyro","timestamp":1531636301025,"x":-0.167816162109375,"y":0.3726043701171875,"z":-0.026947021484375,"roomId":5555}
{"type":"accel","timestamp":1531636301043,"x":4.1291351318359375,"y":7.315521240234375,"z":-5.9631195068359375,"roomId":5555}
{"type":"gyro","timestamp":1531636301044,"x":0.281097412109375,"y":0.18408203125,"z":-0.301544189453125,"roomId":5555}
{"type":"accel","timestamp":1531636301054,"x":3.537017822265625,"y":7.48785400390625,"z":-7.047119140625,"roomId":5555}
{"type":"gyro","timestamp":1531636301056,"x":0.362457275390625,"y":0.04266357421875,"z":-0.406890869140625,"roomId":5555}
{"type":"accel","timestamp":1531636301064,"x":2.7600250244140625,"y":7.63336181640625,"z":-7.7627105712890625,"roomId":5555}
{"type":"gyro","timestamp":1531636301066,"x":0.3146514892578125,"y":-0.1036834716796875,"z":-0.450775146484375,"roomId":5555}
{"type":"accel","timestamp":1531636301076,"x":2.7881011962890625,"y":7.802947998046875,"z":-8.199783325195312,"roomId":5555}
{"type":"gyro","timestamp":1531636301077,"x":0.1583709716796875,"y":-0.1752777099609375,"z":-0.4168243408203125,"roomId":5555}
{"type":"accel","timestamp":1531636301094,"x":3.760284423828125,"y":8.246170043945312,"z":-7.0489044189453125,"roomId":5555}
{"type":"gyro","timestamp":1531636301096,"x":-0.1846466064453125,"y":-0.0149078369140625,"z":-0.3512725830078125,"roomId":5555}
{"type":"accel","timestamp":1531636301104,"x":4.0364227294921875,"y":8.581802368164062,"z":-5.7636260986328125,"roomId":5555}
{"type":"gyro","timestamp":1531636301114,"x":0.002166748046875,"y":0.2095947265625,"z":-0.454010009765625,"roomId":5555}
{"type":"accel","timestamp":1531636301123,"x":3.20257568359375,"y":9.2978515625,"z":-5.4552154541015625,"roomId":5555}
{"type":"gyro","timestamp":1531636301125,"x":0.2650604248046875,"y":0.226531982421875,"z":-0.5348358154296875,"roomId":5555}
{"type":"accel","timestamp":1531636301133,"x":2.4239501953125,"y":9.445755004882812,"z":-6.2180633544921875,"roomId":5555}
{"type":"gyro","timestamp":1531636301143,"x":0.7202301025390625,"y":0.1265411376953125,"z":-0.6549835205078125,"roomId":5555}
{"type":"accel","timestamp":1531636301152,"x":1.8067474365234375,"y":9.68975830078125,"z":-9.207489013671875,"roomId":5555}
{"type":"gyro","timestamp":1531636301152,"x":0.7602081298828125,"y":0.0477447509765625,"z":-0.655487060546875,"roomId":5555}
{"type":"accel","timestamp":1531636301162,"x":2.2680816650390625,"y":10.101287841796875,"z":-10.339309692382812,"roomId":5555}
{"type":"gyro","timestamp":1531636301163,"x":0.5962982177734375,"y":0.0312042236328125,"z":-0.620819091796875,"roomId":5555}
{"type":"accel","timestamp":1531636301173,"x":3.7819671630859375,"y":10.8414306640625,"z":-11.185256958007812,"roomId":5555}
{"type":"gyro","timestamp":1531636301174,"x":0.247589111328125,"y":0.1292572021484375,"z":-0.6545867919921875,"roomId":5555}
{"type":"accel","timestamp":1531636301193,"x":5.4571533203125,"y":10.815536499023438,"z":-11.411117553710938,"roomId":5555}
{"type":"gyro","timestamp":1531636301194,"x":-0.78106689453125,"y":0.612335205078125,"z":-1.1828460693359375,"roomId":5555}
{"type":"accel","timestamp":1531636301203,"x":3.692840576171875,"y":9.228500366210938,"z":-10.577835083007812,"roomId":5555}
{"type":"gyro","timestamp":1531636301204,"x":-1.2837066650390625,"y":0.9011077880859375,"z":-1.4698333740234375,"roomId":5555}
{"type":"accel","timestamp":1531636301213,"x":1.65740966796875,"y":7.8407440185546875,"z":-8.675384521484375,"roomId":5555}
{"type":"gyro","timestamp":1531636301214,"x":-1.634490966796875,"y":1.0825042724609375,"z":-1.5570831298828125,"roomId":5555}
{"type":"accel","timestamp":1531636301225,"x":1.330291748046875,"y":7.3095245361328125,"z":-6.01812744140625,"roomId":5555}
{"type":"gyro","timestamp":1531636301225,"x":-1.710235595703125,"y":1.1530609130859375,"z":-1.4151763916015625,"roomId":5555}
{"type":"accel","timestamp":1531636301241,"x":3.4832916259765625,"y":6.314544677734375,"z":-0.8051300048828125,"roomId":5555}
{"type":"gyro","timestamp":1531636301243,"x":-1.01495361328125,"y":1.4795379638671875,"z":-1.0150909423828125,"roomId":5555}
{"type":"accel","timestamp":1531636301252,"x":4.975311279296875,"y":5.6905059814453125,"z":-0.0329132080078125,"roomId":5555}
{"type":"gyro","timestamp":1531636301253,"x":-0.4020843505859375,"y":1.958251953125,"z":-0.9477081298828125,"roomId":5555}
{"type":"accel","timestamp":1531636301262,"x":6.11285400390625,"y":5.2105255126953125,"z":-0.6206817626953125,"roomId":5555}
{"type":"gyro","timestamp":1531636301263,"x":0.2489776611328125,"y":2.6229705810546875,"z":-0.9959869384765625,"roomId":5555}
{"type":"accel","timestamp":1531636301272,"x":6.302886962890625,"y":4.723541259765625,"z":-1.82513427734375,"roomId":5555}
{"type":"gyro","timestamp":1531636301273,"x":0.847503662109375,"y":3.429473876953125,"z":-1.1141357421875,"roomId":5555}
{"type":"accel","timestamp":1531636301292,"x":6.36041259765625,"y":3.2175750732421875,"z":-5.332122802734375,"roomId":5555}
{"type":"gyro","timestamp":1531636301293,"x":1.6170806884765625,"y":5.3609466552734375,"z":-1.2570648193359375,"roomId":5555}
{"type":"accel","timestamp":1531636301311,"x":6.778564453125,"y":2.1851348876953125,"z":-7.0244140625,"roomId":5555}
{"type":"gyro","timestamp":1531636301312,"x":1.7109375,"y":7.1215057373046875,"z":-1.2306365966796875,"roomId":5555}
{"type":"accel","timestamp":1531636301331,"x":9.52294921875,"y":1.31878662109375,"z":-6.1644439697265625,"roomId":5555}
{"type":"gyro","timestamp":1531636301333,"x":1.6676788330078125,"y":8.163345336914062,"z":-1.5464630126953125,"roomId":5555}
{"type":"accel","timestamp":1531636301341,"x":10.214462280273438,"y":0.443939208984375,"z":-6.560211181640625,"roomId":5555}
{"type":"gyro","timestamp":1531636301343,"x":1.799041748046875,"y":8.43304443359375,"z":-1.8924102783203125,"roomId":5555}
{"type":"accel","timestamp":1531636301355,"x":9.818206787109375,"y":-0.2752838134765625,"z":-8.11492919921875,"roomId":5555}
{"type":"gyro","timestamp":1531636301357,"x":1.972442626953125,"y":8.552139282226562,"z":-2.2177276611328125,"roomId":5555}
{"type":"accel","timestamp":1531636301375,"x":8.151840209960938,"y":-0.4695281982421875,"z":-11.661636352539062,"roomId":5555}
{"type":"gyro","timestamp":1531636301377,"x":1.8747406005859375,"y":8.273544311523438,"z":-2.408721923828125,"roomId":5555}
{"type":"accel","timestamp":1531636301385,"x":7.9996185302734375,"y":0.397247314453125,"z":-11.284149169921875,"roomId":5555}
{"type":"gyro","timestamp":1531636301388,"x":1.473724365234375,"y":7.907684326171875,"z":-2.3170166015625,"roomId":5555}
{"type":"accel","timestamp":1531636301396,"x":7.8988037109375,"y":1.566925048828125,"z":-9.191604614257812,"roomId":5555}
{"type":"gyro","timestamp":1531636301402,"x":0.5535736083984375,"y":7.2972259521484375,"z":-2.166748046875,"roomId":5555}
{"type":"accel","timestamp":1531636301410,"x":6.7764892578125,"y":2.26007080078125,"z":-4.79931640625,"roomId":5555}
{"type":"accel","timestamp":1531636301420,"x":4.277008056640625,"y":2.0080718994140625,"z":-3.933197021484375,"roomId":5555}
{"type":"gyro","timestamp":1531636301421,"x":0.0460662841796875,"y":6.840118408203125,"z":-2.1471099853515625,"roomId":5555}
{"type":"accel","timestamp":1531636301430,"x":1.0677032470703125,"y":2.02734375,"z":-3.507049560546875,"roomId":5555}
{"type":"gyro","timestamp":1531636301431,"x":-0.103118896484375,"y":6.222198486328125,"z":-2.0014801025390625,"roomId":5555}
{"type":"accel","timestamp":1531636301440,"x":-1.0989227294921875,"y":2.646820068359375,"z":-2.709136962890625,"roomId":5555}
{"type":"gyro","timestamp":1531636301441,"x":-0.2033843994140625,"y":5.2967987060546875,"z":-1.6541900634765625,"roomId":5555}
{"type":"accel","timestamp":1531636301450,"x":-1.1303558349609375,"y":3.5635528564453125,"z":-1.6026611328125,"roomId":5555}
{"type":"gyro","timestamp":1531636301451,"x":-0.23858642578125,"y":4.3145904541015625,"z":-1.1915130615234375,"roomId":5555}
{"type":"accel","timestamp":1531636301460,"x":0.7327117919921875,