{"type":"accel","timestamp":1531636174977,"x":5.8242034912109375,"y":5.8173675537109375,"z":6.655731201171875,"roomId":5555}
{"type":"accel","timestamp":1531636174988,"x":5.6822967529296875,"y":5.800048828125,"z":7.3558502197265625,"roomId":5555}
{"type":"gyro","timestamp":1531636174989,"x":-0.5853424072265625,"y":-0.1632232666015625,"z":0.017333984375,"roomId":5555}
{"type":"accel","timestamp":1531636174998,"x":5.177520751953125,"y":5.5443267822265625,"z":7.466217041015625,"roomId":5555}
{"type":"accel","timestamp":1531636175008,"x":4.523590087890625,"y":5.0001678466796875,"z":7.3938446044921875,"roomId":5555}
{"type":"gyro","timestamp":1531636175010,"x":-0.6136322021484375,"y":0.0240936279296875,"z":-0.26287841796875,"roomId":5555}
{"type":"accel","timestamp":1531636175019,"x":3.9082489013671875,"y":4.4806060791015625,"z":7.4189910888671875,"roomId":5555}
{"type":"gyro","timestamp":1531636175021,"x":-0.589508056640625,"y":0.0366973876953125,"z":-0.3822174072265625,"roomId":5555}
{"type":"accel","timestamp":1531636175037,"x":3.2710723876953125,"y":3.694244384765625,"z":8.22369384765625,"roomId":5555}
{"type":"gyro","timestamp":1531636175037,"x":-0.606170654296875,"y":0.02874755859375,"z":-0.458251953125,"roomId":5555}
{"type":"accel","timestamp":1531636175047,"x":2.9710693359375,"y":3.5933685302734375,"z":8.593978881835938,"roomId":5555}
{"type":"gyro","timestamp":1531636175048,"x":-0.612457275390625,"y":0.050933837890625,"z":-0.43902587890625,"roomId":5555}
{"type":"accel","timestamp":1531636175057,"x":2.624267578125,"y":3.6941070556640625,"z":8.654800415039062,"roomId":5555}
{"type":"gyro","timestamp":1531636175058,"x":-0.5624542236328125,"y":0.0755157470703125,"z":-0.4146881103515625,"roomId":5555}
{"type":"accel","timestamp":1531636175067,"x":2.1005706787109375,"y":3.9666595458984375,"z":8.485275268554688,"roomId":5555}
{"type":"gyro","timestamp":1531636175076,"x":-0.34869384765625,"y":0.1427459716796875,"z":-0.3368377685546875,"roomId":5555}
{"type":"accel","timestamp":1531636175086,"x":1.430572509765625,"y":4.480621337890625,"z":8.192901611328125,"roomId":5555}
{"type":"gyro","timestamp":1531636175088,"x":-0.2390899658203125,"y":0.1071624755859375,"z":-0.27569580078125,"roomId":5555}
{"type":"accel","timestamp":1531636175097,"x":1.6014862060546875,"y":4.6615142822265625,"z":7.592620849609375,"roomId":5555}
{"type":"gyro","timestamp":1531636175098,"x":-0.11962890625,"y":0.0228424072265625,"z":-0.1926727294921875,"roomId":5555}
{"type":"accel","timestamp":1531636175107,"x":2.107666015625,"y":4.85089111328125,"z":7.35833740234375,"roomId":5555}
{"type":"accel","timestamp":1531636175117,"x":2.8616943359375,"y":4.9299774169921875,"z":7.310028076171875,"roomId":5555}
{"type":"gyro","timestamp":1531636175118,"x":0.0500640869140625,"y":-0.1718902587890625,"z":-0.0218658447265625,"roomId":5555}
{"type":"accel","timestamp":1531636175127,"x":3.6024322509765625,"y":4.9473876953125,"z":7.2966461181640625,"roomId":5555}
{"type":"gyro","timestamp":1531636175129,"x":0.0598602294921875,"y":-0.325714111328125,"z":0.01336669921875,"roomId":5555}
{"type":"accel","timestamp":1531636175138,"x":4.3850555419921875,"y":4.929779052734375,"z":7.3968048095703125,"roomId":5555}
{"type":"gyro","timestamp":1531636175139,"x":0.0796356201171875,"y":-0.5648651123046875,"z":-0.0097808837890625,"roomId":5555}
{"type":"accel","timestamp":1531636175157,"x":5.4761505126953125,"y":4.8066253662109375,"z":8.83221435546875,"roomId":5555}
{"type":"gyro","timestamp":1531636175158,"x":0.2304534912109375,"y":-1.3893585205078125,"z":-0.204559326171875,"roomId":5555}
{"type":"accel","timestamp":1531636175167,"x":5.7494659423828125,"y":4.43902587890625,"z":9.135955810546875,"roomId":5555}
{"type":"gyro","timestamp":1531636175168,"x":0.3600921630859375,"y":-1.75958251953125,"z":-0.317840576171875,"roomId":5555}
{"type":"accel","timestamp":1531636175177,"x":6.3170166015625,"y":4.0169830322265625,"z":8.8455810546875,"roomId":5555}
{"type":"gyro","timestamp":1531636175178,"x":0.5069580078125,"y":-1.9167022705078125,"z":-0.3760833740234375,"roomId":5555}
{"type":"accel","timestamp":1531636175197,"x":8.13641357421875,"y":3.76422119140625,"z":7.7701568603515625,"roomId":5555}
{"type":"gyro","timestamp":1531636175198,"x":0.7480316162109375,"y":-1.76617431640625,"z":-0.2958984375,"roomId":5555}
{"type":"accel","timestamp":1531636175208,"x":9.671173095703125,"y":3.955078125,"z":7.072509765625,"roomId":5555}
{"type":"gyro","timestamp":1531636175209,"x":0.8480377197265625,"y":-1.77166748046875,"z":-0.231536865234375,"roomId":5555}
{"type":"accel","timestamp":1531636175227,"x":13.045196533203125,"y":4.8222503662109375,"z":6.363525390625,"roomId":5555}
{"type":"gyro","timestamp":1531636175229,"x":1.109954833984375,"y":-2.427459716796875,"z":-0.398162841796875,"roomId":5555}
{"type":"accel","timestamp":1531636175237,"x":13.59515380859375,"y":4.857177734375,"z":5.5708160400390625,"roomId":5555}
{"type":"gyro","timestamp":1531636175238,"x":1.2595672607421875,"y":-3.0247955322265625,"z":-0.67340087890625,"roomId":5555}
{"type":"gyro","timestamp":1531636175251,"x":1.385528564453125,"y":-3.4530487060546875,"z":-0.9899139404296875,"roomId":5555}
{"type":"accel","timestamp":1531636175258,"x":13.918060302734375,"y":4.542205810546875,"z":4.608734130859375,"roomId":5555}
{"type":"gyro","timestamp":1531636175266,"x":1.2954864501953125,"y":-3.4891204833984375,"z":-1.498260498046875,"roomId":5555}
{"type":"accel","timestamp":1531636175275,"x":12.870330810546875,"y":2.59417724609375,"z":1.814361572265625,"roomId":5555}
{"type":"gyro","timestamp":1531636175277,"x":1.0503387451171875,"y":-3.3014373779296875,"z":-1.6237030029296875,"roomId":5555}
{"type":"accel","timestamp":1531636175285,"x":13.66650390625,"y":1.5658416748046875,"z":0.2917327880859375,"roomId":5555}
{"type":"accel","timestamp":1531636175296,"x":14.402969360351562,"y":1.736572265625,"z":-0.03887939453125,"roomId":5555}
{"type":"gyro","timestamp":1531636175296,"x":0.373321533203125,"y":-4.0492706298828125,"z":-1.848968505859375,"roomId":5555}
{"type":"accel","timestamp":1531636175306,"x":14.033905029296875,"y":2.004974365234375,"z":0.803619384765625,"roomId":5555}
{"type":"gyro","timestamp":1531636175307,"x":0.08526611328125,"y":-5.1584625244140625,"z":-2.236907958984375,"roomId":5555}
{"type":"accel","timestamp":1531636175327,"x":9.823593139648438,"y":1.23095703125,"z":1.6269378662109375,"roomId":5555}
{"type":"gyro","timestamp":1531636175328,"x":-0.04302978515625,"y":-7.2978973388671875,"z":-3.16436767578125,"roomId":5555}
{"type":"accel","timestamp":1531636175346,"x":5.718414306640625,"y":1.143798828125,"z":0.2805633544921875,"roomId":5555}
{"type":"gyro","timestamp":1531636175348,"x":-0.041748046875,"y":-8.24554443359375,"z":-3.2448577880859375,"roomId":5555}
{"type":"accel","timestamp":1531636175367,"x":4.418914794921875,"y":2.8440399169921875,"z":-2.94805908203125,"roomId":5555}
{"type":"gyro","timestamp":1531636175368,"x":-0.4752960205078125,"y":-7.9664764404296875,"z":-2.613067626953125,"roomId":5555}
{"type":"accel","timestamp":1531636175378,"x":4.8463592529296875,"y":4.12078857421875,"z":-4.4144744873046875,"roomId":5555}
{"type":"gyro","timestamp":1531636175380,"x":-0.8966827392578125,"y":-7.7762298583984375,"z":-2.3314971923828125,"roomId":5555}
{"type":"accel","timestamp":1531636175396,"x":4.51995849609375,"y":5.094940185546875,"z":-6.1185760498046875,"roomId":5555}
{"type":"gyro","timestamp":1531636175397,"x":-1.98809814453125,"y":-8.076751708984375,"z":-2.166107177734375,"roomId":5555}
{"type":"accel","timestamp":1531636175416,"x":4.00311279296875,"y":4.3490447998046875,"z":-3.94012451171875,"roomId":5555}
{"type":"gyro","timestamp":1531636175418,"x":-3.164093017578125,"y":-9.2010498046875,"z":-2.2180023193359375,"roomId":5555}
{"type":"accel","timestamp":1531636175426,"x":6.0486907958984375,"y":3.64898681640625,"z":-1.2995452880859375,"roomId":5555}
{"type":"gyro","timestamp":1531636175436,"x":-3.87799072265625,"y":-10.787734985351562,