{"type":"gyro","timestamp":1531636162842,"x":-0.0691986083984375,"y":-0.3019256591796875,"z":0.2374420166015625,"roomId":5555}
{"type":"accel","timestamp":1531636162861,"x":3.3202972412109375,"y":6.306884765625,"z":3.947113037109375,"roomId":5555}
{"type":"gyro","timestamp":1531636162862,"x":-0.2220611572265625,"y":0.0075531005859375,"z":0.1941680908203125,"roomId":5555}
{"type":"accel","timestamp":1531636162880,"x":2.8410186767578125,"y":6.460662841796875,"z":3.5101318359375,"roomId":5555}
{"type":"gyro","timestamp":1531636162881,"x":-0.2440185546875,"y":0.06048583984375,"z":0.26727294921875,"roomId":5555}
{"type":"accel","timestamp":1531636162890,"x":3.36688232421875,"y":6.9020843505859375,"z":3.7097625732421875,"roomId":5555}
{"type":"gyro","timestamp":1531636162891,"x":-0.25775146484375,"y":-0.020111083984375,"z":0.31658935546875,"roomId":5555}
{"type":"accel","timestamp":1531636162900,"x":4.137603759765625,"y":7.3797149658203125,"z":4.2089385986328125,"roomId":5555}
{"type":"accel","timestamp":1531636162910,"x":4.688812255859375,"y":7.660614013671875,"z":4.772247314453125,"roomId":5555}
{"type":"gyro","timestamp":1531636162911,"x":-0.298492431640625,"y":-0.2658538818359375,"z":0.2687530517578125,"roomId":5555}
{"type":"accel","timestamp":1531636162930,"x":5.0874176025390625,"y":7.289215087890625,"z":6.8875885009765625,"roomId":5555}
{"type":"gyro","timestamp":1531636162931,"x":-0.330413818359375,"y":-0.423828125,"z":0.08203125,"roomId":5555}
{"type":"accel","timestamp":1531636162940,"x":5.0572967529296875,"y":6.880828857421875,"z":7.81732177734375,"roomId":5555}
{"type":"gyro","timestamp":1531636162941,"x":-0.2751922607421875,"y":-0.3699188232421875,"z":0.011199951171875,"roomId":5555}
{"type":"accel","timestamp":1531636162952,"x":4.451141357421875,"y":6.4264068603515625,"z":8.085037231445312,"roomId":5555}
{"type":"gyro","timestamp":1531636162953,"x":-0.1695709228515625,"y":-0.163360595703125,"z":-0.022125244140625,"roomId":5555}
{"type":"accel","timestamp":1531636162971,"x":3.4643402099609375,"y":6.209228515625,"z":6.618133544921875,"roomId":5555}
{"type":"gyro","timestamp":1531636162972,"x":0.0726165771484375,"y":0.283172607421875,"z":0.08258056640625,"roomId":5555}
{"type":"accel","timestamp":1531636162991,"x":4.4259033203125,"y":6.927093505859375,"z":4.78912353515625,"roomId":5555}
{"type":"gyro","timestamp":1531636162992,"x":0.2171783447265625,"y":0.1111907958984375,"z":0.1768341064453125,"roomId":5555}
{"type":"accel","timestamp":1531636163011,"x":5.6076812744140625,"y":7.399993896484375,"z":3.6024017333984375,"roomId":5555}
{"type":"gyro","timestamp":1531636163014,"x":0.1611480712890625,"y":-0.4292755126953125,"z":0.01513671875,"roomId":5555}
{"type":"accel","timestamp":1531636163030,"x":6.4494171142578125,"y":6.806060791015625,"z":4.4963531494140625,"roomId":5555}
{"type":"gyro","timestamp":1531636163034,"x":-0.0982818603515625,"y":-0.8727569580078125,"z":-0.2400665283203125,"roomId":5555}
{"type":"accel","timestamp":1531636163041,"x":6.6087188720703125,"y":6.2047271728515625,"z":5.110931396484375,"roomId":5555}
{"type":"gyro","timestamp":1531636163049,"x":-0.245574951171875,"y":-1.2526702880859375,"z":-0.4388580322265625,"roomId":5555}
{"type":"accel","timestamp":1531636163059,"x":7.090789794921875,"y":5.11175537109375,"z":5.237579345703125,"roomId":5555}
{"type":"gyro","timestamp":1531636163060,"x":-0.2598114013671875,"y":-1.510894775390625,"z":-0.4846343994140625,"roomId":5555}
{"type":"accel","timestamp":1531636163069,"x":7.718841552734375,"y":4.821319580078125,"z":4.3197021484375,"roomId":5555}
{"type":"gyro","timestamp":1531636163078,"x":-0.3723602294921875,"y":-2.2750244140625,"z":-0.6219329833984375,"roomId":5555}
{"type":"accel","timestamp":1531636163089,"x":9.01702880859375,"y":4.361663818359375,"z":2.168609619140625,"roomId":5555}
{"type":"gyro","timestamp":1531636163090,"x":-0.5025177001953125,"y":-2.9465789794921875,"z":-0.78399658203125,"roomId":5555}
{"type":"accel","timestamp":1531636163100,"x":9.585830688476562,"y":4.092620849609375,"z":1.8890533447265625,"roomId":5555}
{"type":"gyro","timestamp":1531636163101,"x":-0.6269683837890625,"y":-3.9578704833984375,"z":-1.025970458984375,"roomId":5555}
{"type":"accel","timestamp":1531636163110,"x":10.100631713867188,"y":3.5567169189453125,"z":2.002716064453125,"roomId":5555}
{"type":"gyro","timestamp":1531636163111,"x":-0.686187744140625,"y":-5.2902984619140625,"z":-1.32635498046875,"roomId":5555}
{"type":"accel","timestamp":1531636163120,"x":11.087249755859375,"y":2.9185333251953125,"z":2.2502593994140625,"roomId":5555}
{"type":"gyro","timestamp":1531636163121,"x":-0.6428375244140625,"y":-6.774444580078125,"z":-1.6328277587890625,"roomId":5555}
{"type":"accel","timestamp":1531636163139,"x":14.12744140625,"y":2.8799591064453125,"z":1.5348663330078125,"roomId":5555}
{"type":"gyro","timestamp":1531636163141,"x":-0.4004364013671875,"y":-9.516891479492188,"z":-2.2278289794921875,"roomId":5555}
{"type":"accel","timestamp":1531636163150,"x":15.085723876953125,"y":3.3054962158203125,"z":2.07305908203125,"roomId":5555}
{"type":"gyro","timestamp":1531636163151,"x":-0.3629608154296875,"y":-10.6204833984375,"z":-2.5786590576171875,"roomId":5555}
{"type":"accel","timestamp":1531636163160,"x":15.164901733398438,"y":3.3409423828125,"z":3.1527862548828125,"roomId":5555}
{"type":"gyro","timestamp":1531636163163,"x":-0.340728759765625,"y":-11.282211303710938,"z":-2.8969268798828125,"roomId":5555}
{"type":"accel","timestamp":1531636163178,"x":11.649871826171875,"y":3.0485992431640625,"z":0.3463287353515625,"roomId":5555}
{"type":"gyro","timestamp":1531636163178,"x":-0.533203125,"y":-10.13409423828125,"z":-3.0482025146484375,"roomId":5555}
{"type":"accel","timestamp":1531636163188,"x":9.735610961914062,"y":3.0398101806640625,"z":-1.2907867431640625,"roomId":5555}
{"type":"gyro","timestamp":1531636163189,"x":-0.88446044921875,"y":-9.091842651367188,"z":-2.916229248046875,"roomId":5555}
{"type":"accel","timestamp":1531636163198,"x":7.6421051025390625,"y":3.19940185546875,"z":-1.9757232666015625,"roomId":5555}
{"type":"gyro","timestamp":1531636163199,"x":-1.2992095947265625,"y":-8.393890380859375,"z":-2.7795867919921875,"roomId":5555}
{"type":"accel","timestamp":1531636163208,"x":5.9956817626953125,"y":3.5413970947265625,"z":-2.423919677734375,"roomId":5555}
{"type":"accel","timestamp":1531636163218,"x":4.9852142333984375,"y":3.929046630859375,"z":-2.6553192138671875,"roomId":5555}
{"type":"gyro","timestamp":1531636163219,"x":-1.94677734375,"y":-8.20770263671875,"z":-2.6595001220703125,"roomId":5555}
{"type":"accel","timestamp":1531636163228,"x":4.4545135498046875,"y":4.4842987060546875,"z":-1.7321319580078125,"roomId":5555}
{"type":"gyro","timestamp":1531636163229,"x":-2.1319427490234375,"y":-8.781463623046875,"z":-2.7112884521484375,"roomId":5555}
{"type":"accel","timestamp":1531636163241,"x":4.35552978515625,"y":5.448394775390625,"z":0.7682647705078125,"roomId":5555}
{"type":"gyro","timestamp":1531636163243,"x":-2.1647796630859375,"y":-9.761093139648438,"z":-2.826141357421875,"roomId":5555}
{"type":"accel","timestamp":1531636163251,"x":6.67279052734375,"y":6.680908203125,"z":3.8052520751953125,"roomId":5555}
{"type":"gyro","timestamp":1531636163258,"x":-2.6208343505859375,"y":-8.55718994140625,"z":-2.73040771484375,"roomId":5555}
{"type":"accel","timestamp":1531636163268,"x":6.1051788330078125,"y":7.762969970703125,"z":11.69775390625,"roomId":5555}
{"type":"gyro","timestamp":1531636163268,"x":-2.556732177734375,"y":-8.186813354492188,"z":-2.7872772216796875,"roomId":5555}
{"type":"accel","timestamp":1531636163287,"x":8.94268798828125,"y":9.362045288085938,"z":11.59881591796875,"roomId":5555}
{"type":"gyro","timestamp":1531636163288,"x":-1.7208709716796875,"y":-9.622207641601562,"z":-3.1961517333984375,"roomId":5555}
{"type":"accel","timestamp":1531636163297,"x":9.49578857421875,"y":9.013809204101562,"z":15.939422607421875,"roomId":5555}
{"type":"accel","timestamp":1531636163308,