{"type":"accel","timestamp":1531636288836,"x":-0.4645233154296875,"y":6.2638092041015625,"z":-7.2722015380859375,"roomId":5555}
{"type":"gyro","timestamp":1531636288837,"x":0.091217041015625,"y":0.26165771484375,"z":-0.1230316162109375,"roomId":5555}
{"type":"accel","timestamp":1531636288848,"x":-0.261444091796875,"y":6.4666748046875,"z":-7.5234222412109375,"roomId":5555}
{"type":"gyro","timestamp":1531636288849,"x":0.0064697265625,"y":0.3408660888671875,"z":-0.076934814453125,"roomId":5555}
{"type":"accel","timestamp":1531636288865,"x":-0.558441162109375,"y":7.356781005859375,"z":-7.4695281982421875,"roomId":5555}
{"type":"gyro","timestamp":1531636288866,"x":-0.229949951171875,"y":0.4154815673828125,"z":-0.089874267578125,"roomId":5555}
{"type":"accel","timestamp":1531636288875,"x":-0.659637451171875,"y":7.849884033203125,"z":-7.2547607421875,"roomId":5555}
{"type":"gyro","timestamp":1531636288876,"x":-0.3452911376953125,"y":0.4090576171875,"z":-0.1053466796875,"roomId":5555}
{"type":"accel","timestamp":1531636288885,"x":-0.6468505859375,"y":8.324462890625,"z":-7.1694183349609375,"roomId":5555}
{"type":"gyro","timestamp":1531636288895,"x":-0.492767333984375,"y":0.4299774169921875,"z":-0.1679534912109375,"roomId":5555}
{"type":"accel","timestamp":1531636288905,"x":-0.296112060546875,"y":9.189056396484375,"z":-7.492095947265625,"roomId":5555}
{"type":"gyro","timestamp":1531636288906,"x":-0.5430755615234375,"y":0.50079345703125,"z":-0.1974945068359375,"roomId":5555}
{"type":"accel","timestamp":1531636288916,"x":-0.0021820068359375,"y":9.5025634765625,"z":-7.8585205078125,"roomId":5555}
{"type":"gyro","timestamp":1531636288917,"x":-0.6029510498046875,"y":0.636932373046875,"z":-0.240570068359375,"roomId":5555}
{"type":"accel","timestamp":1531636288936,"x":-0.4704742431640625,"y":9.936676025390625,"z":-8.757598876953125,"roomId":5555}
{"type":"gyro","timestamp":1531636288937,"x":-0.796295166015625,"y":1.13946533203125,"z":-0.38519287109375,"roomId":5555}
{"type":"accel","timestamp":1531636288946,"x":-1.3561553955078125,"y":9.838729858398438,"z":-8.88623046875,"roomId":5555}
{"type":"gyro","timestamp":1531636288947,"x":-0.929473876953125,"y":1.4420318603515625,"z":-0.4089202880859375,"roomId":5555}
{"type":"accel","timestamp":1531636288957,"x":-1.8625335693359375,"y":9.730575561523438,"z":-8.395050048828125,"roomId":5555}
{"type":"gyro","timestamp":1531636288959,"x":-1.058746337890625,"y":1.779937744140625,"z":-0.3598785400390625,"roomId":5555}
{"type":"accel","timestamp":1531636288975,"x":-1.52386474609375,"y":8.873580932617188,"z":-6.45941162109375,"roomId":5555}
{"type":"gyro","timestamp":1531636288976,"x":-1.117431640625,"y":2.5792694091796875,"z":-0.0783843994140625,"roomId":5555}
{"type":"accel","timestamp":1531636288995,"x":0.2012939453125,"y":7.7025909423828125,"z":-5.184539794921875,"roomId":5555}
{"type":"gyro","timestamp":1531636288996,"x":-0.8533477783203125,"y":3.4013824462890625,"z":0.22271728515625,"roomId":5555}
{"type":"accel","timestamp":1531636289005,"x":1.322509765625,"y":7.25067138671875,"z":-4.92437744140625,"roomId":5555}
{"type":"gyro","timestamp":1531636289006,"x":-0.6425628662109375,"y":3.754913330078125,"z":0.3098907470703125,"roomId":5555}
{"type":"accel","timestamp":1531636289015,"x":2.72625732421875,"y":6.896270751953125,"z":-4.75494384765625,"roomId":5555}
{"type":"gyro","timestamp":1531636289017,"x":-0.402130126953125,"y":4.0472412109375,"z":0.327606201171875,"roomId":5555}
{"type":"accel","timestamp":1531636289025,"x":3.636322021484375,"y":6.63055419921875,"z":-4.8343048095703125,"roomId":5555}
{"type":"accel","timestamp":1531636289035,"x":3.955230712890625,"y":6.155487060546875,"z":-5.2768707275390625,"roomId":5555}
{"type":"gyro","timestamp":1531636289037,"x":0.1055755615234375,"y":4.695281982421875,"z":0.1928558349609375,"roomId":5555}
{"type":"accel","timestamp":1531636289055,"x":4.7546539306640625,"y":4.9859466552734375,"z":-6.2689208984375,"roomId":5555}
{"type":"gyro","timestamp":1531636289056,"x":0.4546051025390625,"y":5.3428497314453125,"z":0.097076416015625,"roomId":5555}
{"type":"accel","timestamp":1531636289066,"x":5.070831298828125,"y":4.6783905029296875,"z":-6.7552490234375,"roomId":5555}
{"type":"gyro","timestamp":1531636289067,"x":0.543212890625,"y":5.57696533203125,"z":0.0382232666015625,"roomId":5555}
{"type":"accel","timestamp":1531636289084,"x":5.2010345458984375,"y":3.9072418212890625,"z":-6.44622802734375,"roomId":5555}
{"type":"gyro","timestamp":1531636289086,"x":0.5673370361328125,"y":5.9462890625,"z":-0.0346832275390625,"roomId":5555}
{"type":"accel","timestamp":1531636289094,"x":5.421630859375,"y":3.726654052734375,"z":-6.0266265869140625,"roomId":5555}
{"type":"accel","timestamp":1531636289104,"x":5.8890838623046875,"y":3.6886444091796875,"z":-5.476165771484375,"roomId":5555}
{"type":"gyro","timestamp":1531636289105,"x":0.60064697265625,"y":5.7844696044921875,"z":-0.01116943359375,"roomId":5555}
{"type":"accel","timestamp":1531636289114,"x":6.709014892578125,"y":3.7283782958984375,"z":-4.6719207763671875,"roomId":5555}
{"type":"gyro","timestamp":1531636289116,"x":0.6391448974609375,"y":5.530242919921875,"z":-0.03863525390625,"roomId":5555}
{"type":"accel","timestamp":1531636289124,"x":7.358123779296875,"y":3.855621337890625,"z":-3.9251861572265625,"roomId":5555}
{"type":"accel","timestamp":1531636289135,"x":7.4730987548828125,"y":3.933013916015625,"z":-3.464813232421875,"roomId":5555}
{"type":"gyro","timestamp":1531636289135,"x":0.693359375,"y":5.42950439453125,"z":-0.24737548828125,"roomId":5555}
{"type":"accel","timestamp":1531636289145,"x":7.1367645263671875,"y":3.8035888671875,"z":-3.3252410888671875,"roomId":5555}
{"type":"gyro","timestamp":1531636289147,"x":0.6767578125,"y":5.6275634765625,"z":-0.3161163330078125,"roomId":5555}
{"type":"accel","timestamp":1531636289165,"x":5.6012725830078125,"y":3.4676513671875,"z":-3.790435791015625,"roomId":5555}
{"type":"gyro","timestamp":1531636289166,"x":0.6110687255859375,"y":5.6753997802734375,"z":-0.285400390625,"roomId":5555}
{"type":"accel","timestamp":1531636289185,"x":4.4661712646484375,"y":4.03082275390625,"z":-3.30938720703125,"roomId":5555}
{"type":"gyro","timestamp":1531636289186,"x":0.3979034423828125,"y":4.845794677734375,"z":-0.1832122802734375,"roomId":5555}
{"type":"accel","timestamp":1531636289205,"x":4.357208251953125,"y":4.6608428955078125,"z":-1.7113037109375,"roomId":5555}
{"type":"gyro","timestamp":1531636289207,"x":0.089508056640625,"y":3.89825439453125,"z":-0.1997833251953125,"roomId":5555}
{"type":"accel","timestamp":1531636289215,"x":4.4998779296875,"y":4.6217803955078125,"z":-0.77923583984375,"roomId":5555}
{"type":"gyro","timestamp":1531636289225,"x":-0.0538482666015625,"y":3.217987060546875,"z":-0.325897216796875,"roomId":5555}
{"type":"accel","timestamp":1531636289236,"x":4.79412841796875,"y":4.38134765625,"z":0.8289642333984375,"roomId":5555}
{"type":"gyro","timestamp":1531636289238,"x":-0.0205078125,"y":2.9849090576171875,"z":-0.425872802734375,"roomId":5555}
{"type":"accel","timestamp":1531636289253,"x":4.466522216796875,"y":4.2149658203125,"z":1.249755859375,"roomId":5555}
{"type":"gyro","timestamp":1531636289254,"x":0.2200775146484375,"y":2.75408935546875,"z":-0.529815673828125,"roomId":5555}
{"type":"accel","timestamp":1531636289264,"x":4.072998046875,"y":4.166656494140625,"z":0.6485595703125,"roomId":5555}
{"type":"gyro","timestamp":1531636289265,"x":0.3516387939453125,"y":2.666351318359375,"z":-0.49920654296875,"roomId":5555}
{"type":"accel","timestamp":1531636289283,"x":3.57794189453125,"y":4.7515869140625,"z":-0.74267578125,"roomId":5555}
{"type":"gyro","timestamp":1531636289284,"x":0.449737548828125,"y":2.3414154052734375,"z":-0.2730865478515625,"roomId":5555}
{"type":"accel","timestamp":1531636289303,"x":4.5835723876953125,"y":5.707489013671875,"z":-0.9605255126953125,"roomId":5555}
{"type":"gyro","timestamp":1531636289304,"x":0.27716064453125,"y":1.9341888427734375,"z":-0.1376800537109375,