{"type":"gyro","timestamp":1531636324455,"x":0.1447906494140625,"y":0.4458465576171875,"z":0.0459136962890625,"roomId":5555}
{"type":"accel","timestamp":1531636324464,"x":2.0782470703125,"y":7.06036376953125,"z":-6.030059814453125,"roomId":5555}
{"type":"gyro","timestamp":1531636324466,"x":0.1334075927734375,"y":0.5623931884765625,"z":0.057861328125,"roomId":5555}
{"type":"accel","timestamp":1531636324474,"x":2.208648681640625,"y":7.300567626953125,"z":-5.425018310546875,"roomId":5555}
{"type":"accel","timestamp":1531636324484,"x":2.55902099609375,"y":7.578948974609375,"z":-4.9275360107421875,"roomId":5555}
{"type":"gyro","timestamp":1531636324486,"x":0.2851104736328125,"y":1.0625457763671875,"z":0.0710906982421875,"roomId":5555}
{"type":"accel","timestamp":1531636324495,"x":3.5612030029296875,"y":7.5495147705078125,"z":-4.2786407470703125,"roomId":5555}
{"type":"gyro","timestamp":1531636324504,"x":0.651580810546875,"y":1.9942169189453125,"z":-0.00799560546875,"roomId":5555}
{"type":"accel","timestamp":1531636324514,"x":5.3354949951171875,"y":6.9537506103515625,"z":-2.4134674072265625,"roomId":5555}
{"type":"gyro","timestamp":1531636324514,"x":1.0323333740234375,"y":2.6468353271484375,"z":-0.2802276611328125,"roomId":5555}
{"type":"accel","timestamp":1531636324525,"x":4.711181640625,"y":6.8515777587890625,"z":-2.349395751953125,"roomId":5555}
{"type":"gyro","timestamp":1531636324526,"x":1.5313720703125,"y":3.30841064453125,"z":-0.571136474609375,"roomId":5555}
{"type":"accel","timestamp":1531636324545,"x":3.7136383056640625,"y":6.8947296142578125,"z":-6.0731658935546875,"roomId":5555}
{"type":"gyro","timestamp":1531636324546,"x":2.4846954345703125,"y":4.341400146484375,"z":-0.7444610595703125,"roomId":5555}
{"type":"accel","timestamp":1531636324556,"x":4.136871337890625,"y":6.4686431884765625,"z":-7.770538330078125,"roomId":5555}
{"type":"gyro","timestamp":1531636324557,"x":2.6705780029296875,"y":4.6982421875,"z":-0.6893310546875,"roomId":5555}
{"type":"accel","timestamp":1531636324574,"x":6.304443359375,"y":5.5337066650390625,"z":-8.575592041015625,"roomId":5555}
{"type":"gyro","timestamp":1531636324576,"x":2.7221221923828125,"y":5.6129608154296875,"z":-0.7987060546875,"roomId":5555}
{"type":"accel","timestamp":1531636324584,"x":6.574188232421875,"y":4.71160888671875,"z":-8.869857788085938,"roomId":5555}
{"type":"accel","timestamp":1531636324594,"x":6.6711273193359375,"y":3.90728759765625,"z":-9.78680419921875,"roomId":5555}
{"type":"gyro","timestamp":1531636324595,"x":2.983367919921875,"y":6.0070343017578125,"z":-1.0391693115234375,"roomId":5555}
{"type":"accel","timestamp":1531636324605,"x":7.23760986328125,"y":3.4462738037109375,"z":-11.143051147460938,"roomId":5555}
{"type":"gyro","timestamp":1531636324606,"x":3.0726318359375,"y":5.8468017578125,"z":-1.052734375,"roomId":5555}
{"type":"accel","timestamp":1531636324623,"x":8.936691284179688,"y":3.3971710205078125,"z":-12.388595581054688,"roomId":5555}
{"type":"gyro","timestamp":1531636324623,"x":2.75494384765625,"y":5.3736572265625,"z":-1.0188751220703125,"roomId":5555}
{"type":"accel","timestamp":1531636324633,"x":10.103256225585938,"y":3.3796844482421875,"z":-11.976654052734375,"roomId":5555}
{"type":"gyro","timestamp":1531636324634,"x":2.375579833984375,"y":5.214599609375,"z":-1.0543212890625,"roomId":5555}
{"type":"accel","timestamp":1531636324643,"x":11.092819213867188,"y":3.1905059814453125,"z":-11.255020141601562,"roomId":5555}
{"type":"gyro","timestamp":1531636324644,"x":1.953125,"y":5.116180419921875,"z":-1.1468658447265625,"roomId":5555}
{"type":"accel","timestamp":1531636324654,"x":11.763763427734375,"y":2.8561859130859375,"z":-10.4296875,"roomId":5555}
{"type":"gyro","timestamp":1531636324655,"x":1.560028076171875,"y":5.04437255859375,"z":-1.262420654296875,"roomId":5555}
{"type":"accel","timestamp":1531636324673,"x":11.865982055664062,"y":2.35894775390625,"z":-7.72955322265625,"roomId":5555}
{"type":"gyro","timestamp":1531636324674,"x":0.9716033935546875,"y":4.94000244140625,"z":-1.4494476318359375,"roomId":5555}
{"type":"accel","timestamp":1531636324683,"x":11.651214599609375,"y":2.1516265869140625,"z":-6.1755218505859375,"roomId":5555}
{"type":"accel","timestamp":1531636324694,"x":10.942489624023438,"y":2.041107177734375,"z":-4.7628936767578125,"roomId":5555}
{"type":"gyro","timestamp":1531636324696,"x":0.6368865966796875,"y":5.120330810546875,"z":-1.5540618896484375,"roomId":5555}
{"type":"accel","timestamp":1531636324714,"x":9.098434448242188,"y":1.6333465576171875,"z":-2.2347412109375,"roomId":5555}
{"type":"gyro","timestamp":1531636324715,"x":0.51385498046875,"y":5.1350250244140625,"z":-1.59393310546875,"roomId":5555}
{"type":"accel","timestamp":1531636324725,"x":8.046279907226562,"y":1.4311370849609375,"z":-1.1381988525390625,"roomId":5555}
{"type":"gyro","timestamp":1531636324727,"x":0.5385284423828125,"y":5.029937744140625,"z":-1.5901336669921875,"roomId":5555}
{"type":"accel","timestamp":1531636324744,"x":6.638427734375,"y":1.2398223876953125,"z":-0.1056976318359375,"roomId":5555}
{"type":"gyro","timestamp":1531636324745,"x":0.7199859619140625,"y":4.829559326171875,"z":-1.481292724609375,"roomId":5555}
{"type":"accel","timestamp":1531636324762,"x":5.7465057373046875,"y":1.234100341796875,"z":-0.0623016357421875,"roomId":5555}
{"type":"gyro","timestamp":1531636324764,"x":0.903472900390625,"y":4.5767364501953125,"z":-1.3047027587890625,"roomId":5555}
{"type":"accel","timestamp":1531636324773,"x":5.0472564697265625,"y":1.464385986328125,"z":-0.2912750244140625,"roomId":5555}
{"type":"gyro","timestamp":1531636324774,"x":0.9600830078125,"y":4.3022918701171875,"z":-1.2556915283203125,"roomId":5555}
{"type":"accel","timestamp":1531636324783,"x":4.302154541015625,"y":1.7380218505859375,"z":-0.633392333984375,"roomId":5555}
{"type":"gyro","timestamp":1531636324784,"x":1.00250244140625,"y":3.8702850341796875,"z":-1.2358856201171875,"roomId":5555}
{"type":"accel","timestamp":1531636324802,"x":3.4906005859375,"y":2.5589752197265625,"z":-1.240264892578125,"roomId":5555}
{"type":"gyro","timestamp":1531636324803,"x":1.0260772705078125,"y":2.688812255859375,"z":-1.2520904541015625,"roomId":5555}
{"type":"accel","timestamp":1531636324813,"x":3.0878143310546875,"y":3.1889801025390625,"z":-1.5530242919921875,"roomId":5555}
{"type":"gyro","timestamp":1531636324815,"x":1.01141357421875,"y":2.0984039306640625,"z":-1.283294677734375,"roomId":5555}
{"type":"accel","timestamp":1531636324824,"x":2.6513671875,"y":3.7965850830078125,"z":-1.814605712890625,"roomId":5555}
{"type":"gyro","timestamp":1531636324825,"x":0.96844482421875,"y":1.587066650390625,"z":-1.293548583984375,"roomId":5555}
{"type":"accel","timestamp":1531636324841,"x":2.964935302734375,"y":4.3633270263671875,"z":-1.815399169921875,"roomId":5555}
{"type":"gyro","timestamp":1531636324843,"x":0.77777099609375,"y":0.8961334228515625,"z":-1.17913818359375,"roomId":5555}
{"type":"accel","timestamp":1531636324853,"x":3.341156005859375,"y":4.4481353759765625,"z":-1.4293212890625,"roomId":5555}
{"type":"gyro","timestamp":1531636324854,"x":0.692291259765625,"y":0.6483306884765625,"z":-1.1101837158203125,"roomId":5555}
{"type":"accel","timestamp":1531636324863,"x":3.46099853515625,"y":4.5263214111328125,"z":-1.1049652099609375,"roomId":5555}
{"type":"gyro","timestamp":1531636324864,"x":0.658599853515625,"y":0.4649200439453125,"z":-1.0532379150390625,"roomId":5555}
{"type":"accel","timestamp":1531636324881,"x":3.479400634765625,"y":4.981689453125,"z":-1.673828125,"roomId":5555}
{"type":"gyro","timestamp":1531636324882,"x":0.699462890625,"y":0.26263427734375,"z":-0.881072998046875,"roomId":5555}
{"type":"accel","timestamp":1531636324892,"x":3.4705963134765625,"y":5.2707061767578125,"z":-2.195831298828125,"roomId":5555}
{"type":"gyro","timestamp":1531636324893,"x":0.68707275390625,"y":0.2035675048828125,"z":-0.762420654296875,"roomId":5555}
{"type":"accel","timestamp":1531636324902,"x":3.557342529296875,"y":5.67340087890625,