{"type":"gyro","timestamp":1531636310334,"x":-0.22552490234375,"y":0.2919921875,"z":-0.0880889892578125,"roomId":5555}
{"type":"accel","timestamp":1531636310351,"x":1.0538482666015625,"y":8.259811401367188,"z":-5.9847564697265625,"roomId":5555}
{"type":"gyro","timestamp":1531636310353,"x":-0.22540283203125,"y":0.396636962890625,"z":-0.2078399658203125,"roomId":5555}
{"type":"accel","timestamp":1531636310361,"x":1.0319366455078125,"y":8.67620849609375,"z":-6.170806884765625,"roomId":5555}
{"type":"gyro","timestamp":1531636310363,"x":-0.21551513671875,"y":0.5521087646484375,"z":-0.2656402587890625,"roomId":5555}
{"type":"accel","timestamp":1531636310371,"x":0.97088623046875,"y":9.088424682617188,"z":-6.6306304931640625,"roomId":5555}
{"type":"gyro","timestamp":1531636310374,"x":-0.233123779296875,"y":0.8114471435546875,"z":-0.3142242431640625,"roomId":5555}
{"type":"accel","timestamp":1531636310383,"x":1.0738677978515625,"y":9.588912963867188,"z":-7.1784515380859375,"roomId":5555}
{"type":"gyro","timestamp":1531636310384,"x":-0.3115234375,"y":1.192474365234375,"z":-0.3478851318359375,"roomId":5555}
{"type":"accel","timestamp":1531636310400,"x":1.2874603271484375,"y":10.721298217773438,"z":-7.6374664306640625,"roomId":5555}
{"type":"gyro","timestamp":1531636310401,"x":-0.46502685546875,"y":2.26202392578125,"z":-0.6443023681640625,"roomId":5555}
{"type":"accel","timestamp":1531636310410,"x":0.13189697265625,"y":10.588409423828125,"z":-8.191390991210938,"roomId":5555}
{"type":"gyro","timestamp":1531636310411,"x":-0.4091949462890625,"y":2.7236175537109375,"z":-0.8763580322265625,"roomId":5555}
{"type":"accel","timestamp":1531636310428,"x":-0.934539794921875,"y":8.9073486328125,"z":-9.114105224609375,"roomId":5555}
{"type":"gyro","timestamp":1531636310429,"x":-0.2928314208984375,"y":3.0645294189453125,"z":-0.8492584228515625,"roomId":5555}
{"type":"accel","timestamp":1531636310438,"x":-0.5327301025390625,"y":8.3516845703125,"z":-8.598526000976562,"roomId":5555}
{"type":"gyro","timestamp":1531636310440,"x":-0.28338623046875,"y":3.084686279296875,"z":-0.7485504150390625,"roomId":5555}
{"type":"accel","timestamp":1531636310449,"x":0.755767822265625,"y":8.123199462890625,"z":-7.425628662109375,"roomId":5555}
{"type":"gyro","timestamp":1531636310450,"x":-0.251678466796875,"y":3.1106719970703125,"z":-0.699310302734375,"roomId":5555}
{"type":"accel","timestamp":1531636310460,"x":2.52880859375,"y":7.955963134765625,"z":-5.784027099609375,"roomId":5555}
{"type":"gyro","timestamp":1531636310461,"x":-0.1378326416015625,"y":3.2405853271484375,"z":-0.7543487548828125,"roomId":5555}
{"type":"accel","timestamp":1531636310479,"x":4.63433837890625,"y":6.542510986328125,"z":-4.0624542236328125,"roomId":5555}
{"type":"gyro","timestamp":1531636310480,"x":0.470123291015625,"y":4.0518951416015625,"z":-1.0336456298828125,"roomId":5555}
{"type":"accel","timestamp":1531636310489,"x":4.902099609375,"y":5.523773193359375,"z":-4.393768310546875,"roomId":5555}
{"type":"gyro","timestamp":1531636310490,"x":0.8956298828125,"y":4.610687255859375,"z":-1.09796142578125,"roomId":5555}
{"type":"accel","timestamp":1531636310500,"x":4.8563995361328125,"y":4.6160736083984375,"z":-5.3368988037109375,"roomId":5555}
{"type":"gyro","timestamp":1531636310501,"x":1.3144073486328125,"y":5.0837554931640625,"z":-1.0730133056640625,"roomId":5555}
{"type":"accel","timestamp":1531636310511,"x":4.584320068359375,"y":3.8848724365234375,"z":-6.4405364990234375,"roomId":5555}
{"type":"gyro","timestamp":1531636310512,"x":1.6574554443359375,"y":5.397705078125,"z":-0.9818115234375,"roomId":5555}
{"type":"accel","timestamp":1531636310528,"x":4.75274658203125,"y":3.070220947265625,"z":-8.127166748046875,"roomId":5555}
{"type":"gyro","timestamp":1531636310529,"x":1.923187255859375,"y":5.5935516357421875,"z":-0.671295166015625,"roomId":5555}
{"type":"accel","timestamp":1531636310539,"x":5.628692626953125,"y":3.012664794921875,"z":-8.396438598632812,"roomId":5555}
{"type":"gyro","timestamp":1531636310539,"x":1.8158416748046875,"y":5.534515380859375,"z":-0.527130126953125,"roomId":5555}
{"type":"gyro","timestamp":1531636310549,"x":1.5561676025390625,"y":5.39453125,"z":-0.4682769775390625,"roomId":5555}
{"type":"accel","timestamp":1531636310558,"x":7.289031982421875,"y":3.061920166015625,"z":-7.317596435546875,"roomId":5555}
{"type":"gyro","timestamp":1531636310559,"x":1.1881256103515625,"y":5.3021697998046875,"z":-0.5348358154296875,"roomId":5555}
{"type":"accel","timestamp":1531636310568,"x":7.217987060546875,"y":3.0952301025390625,"z":-6.2012786865234375,"roomId":5555}
{"type":"gyro","timestamp":1531636310569,"x":0.8079071044921875,"y":5.2939300537109375,"z":-0.6927947998046875,"roomId":5555}
{"type":"accel","timestamp":1531636310579,"x":6.9290008544921875,"y":3.128997802734375,"z":-4.8572235107421875,"roomId":5555}
{"type":"gyro","timestamp":1531636310580,"x":0.5205230712890625,"y":5.250732421875,"z":-0.8684234619140625,"roomId":5555}
{"type":"accel","timestamp":1531636310598,"x":5.726959228515625,"y":3.2534637451171875,"z":-2.4430999755859375,"roomId":5555}
{"type":"gyro","timestamp":1531636310599,"x":0.416656494140625,"y":5.003936767578125,"z":-1.1749420166015625,"roomId":5555}
{"type":"accel","timestamp":1531636310608,"x":4.928466796875,"y":3.2564849853515625,"z":-2.0761871337890625,"roomId":5555}
{"type":"gyro","timestamp":1531636310609,"x":0.522186279296875,"y":4.868560791015625,"z":-1.2341156005859375,"roomId":5555}
{"type":"accel","timestamp":1531636310619,"x":4.5352935791015625,"y":3.3118133544921875,"z":-2.081451416015625,"roomId":5555}
{"type":"gyro","timestamp":1531636310621,"x":0.631195068359375,"y":4.6938018798828125,"z":-1.2102203369140625,"roomId":5555}
{"type":"accel","timestamp":1531636310629,"x":4.2425537109375,"y":3.4590911865234375,"z":-2.3568572998046875,"roomId":5555}
{"type":"gyro","timestamp":1531636310631,"x":0.6868438720703125,"y":4.49542236328125,"z":-1.1383819580078125,"roomId":5555}
{"type":"accel","timestamp":1531636310649,"x":3.5321502685546875,"y":3.802215576171875,"z":-2.9182891845703125,"roomId":5555}
{"type":"gyro","timestamp":1531636310650,"x":0.5369873046875,"y":4.0369873046875,"z":-0.9385986328125,"roomId":5555}
{"type":"gyro","timestamp":1531636310660,"x":0.3514862060546875,"y":3.7425079345703125,"z":-0.8479461669921875,"roomId":5555}
{"type":"accel","timestamp":1531636310668,"x":3.2461090087890625,"y":4.5394287109375,"z":-2.4352264404296875,"roomId":5555}
{"type":"accel","timestamp":1531636310679,"x":4.0034027099609375,"y":4.6512603759765625,"z":-1.79290771484375,"roomId":5555}
{"type":"gyro","timestamp":1531636310681,"x":-0.0831756591796875,"y":3.083770751953125,"z":-0.7497711181640625,"roomId":5555}
{"type":"accel","timestamp":1531636310689,"x":4.8685150146484375,"y":4.57501220703125,"z":-1.3560638427734375,"roomId":5555}
{"type":"gyro","timestamp":1531636310690,"x":-0.270538330078125,"y":2.817657470703125,"z":-0.8317413330078125,"roomId":5555}
{"type":"accel","timestamp":1531636310700,"x":4.88232421875,"y":4.55291748046875,"z":-1.06298828125,"roomId":5555}
{"type":"gyro","timestamp":1531636310701,"x":-0.4233551025390625,"y":2.594970703125,"z":-0.998443603515625,"roomId":5555}
{"type":"accel","timestamp":1531636310710,"x":3.966888427734375,"y":4.4414215087890625,"z":-0.7150726318359375,"roomId":5555}
{"type":"gyro","timestamp":1531636310717,"x":-0.6086578369140625,"y":2.1429290771484375,"z":-1.2957916259765625,"roomId":5555}
{"type":"accel","timestamp":1531636310728,"x":3.0815277099609375,"y":4.173919677734375,"z":-0.4462432861328125,"roomId":5555}
{"type":"gyro","timestamp":1531636310729,"x":-0.6035308837890625,"y":1.8800048828125,"z":-1.358551025390625,"roomId":5555}
{"type":"accel","timestamp":1531636310748,"x":2.549957275390625,"y":4.793792724609375,"z":-1.0940399169921875,"roomId":5555}
{"type":"gyro","timestamp":1531636310750,"x":-0.462188720703125,"y":1.29052734375,"z":-1.4080352783203125,"roomId":5555}
{"type":"accel","timestamp":1531636310758,"x":1.7921142578125,