{"type":"gyro","timestamp":1531636250993,"x":-0.1542205810546875,"y":0.2162628173828125,"z":0.2828216552734375,"roomId":5555}
{"type":"accel","timestamp":1531636251002,"x":0.5284576416015625,"y":9.218353271484375,"z":-7.160919189453125,"roomId":5555}
{"type":"gyro","timestamp":1531636251003,"x":-0.360443115234375,"y":0.285247802734375,"z":0.3641204833984375,"roomId":5555}
{"type":"accel","timestamp":1531636251012,"x":1.5456390380859375,"y":9.3505859375,"z":-6.54364013671875,"roomId":5555}
{"type":"gyro","timestamp":1531636251013,"x":-0.461090087890625,"y":0.238739013671875,"z":0.4598541259765625,"roomId":5555}
{"type":"accel","timestamp":1531636251023,"x":3.0404052734375,"y":9.681503295898438,"z":-5.8073883056640625,"roomId":5555}
{"type":"gyro","timestamp":1531636251024,"x":-0.466278076171875,"y":0.1424713134765625,"z":0.505706787109375,"roomId":5555}
{"type":"accel","timestamp":1531636251033,"x":4.67962646484375,"y":9.87957763671875,"z":-4.9934844970703125,"roomId":5555}
{"type":"gyro","timestamp":1531636251034,"x":-0.4059906005859375,"y":0.1364898681640625,"z":0.48809814453125,"roomId":5555}
{"type":"accel","timestamp":1531636251043,"x":6.4692535400390625,"y":9.851806640625,"z":-4.0780487060546875,"roomId":5555}
{"type":"gyro","timestamp":1531636251044,"x":-0.3133392333984375,"y":0.3317718505859375,"z":0.43438720703125,"roomId":5555}
{"type":"accel","timestamp":1531636251062,"x":7.8954010009765625,"y":8.810256958007812,"z":-0.7258148193359375,"roomId":5555}
{"type":"gyro","timestamp":1531636251063,"x":-0.0354156494140625,"y":1.5915679931640625,"z":0.3201904296875,"roomId":5555}
{"type":"accel","timestamp":1531636251072,"x":7.0056304931640625,"y":8.370010375976562,"z":-1.5029449462890625,"roomId":5555}
{"type":"gyro","timestamp":1531636251073,"x":0.327178955078125,"y":2.43280029296875,"z":0.3259124755859375,"roomId":5555}
{"type":"accel","timestamp":1531636251083,"x":4.2196197509765625,"y":8.474502563476562,"z":-4.922271728515625,"roomId":5555}
{"type":"gyro","timestamp":1531636251084,"x":0.64923095703125,"y":3.1177215576171875,"z":0.38665771484375,"roomId":5555}
{"type":"accel","timestamp":1531636251102,"x":0.4959869384765625,"y":6.5077362060546875,"z":-10.182144165039062,"roomId":5555}
{"type":"gyro","timestamp":1531636251104,"x":0.61651611328125,"y":3.377838134765625,"z":1.09197998046875,"roomId":5555}
{"type":"accel","timestamp":1531636251122,"x":5.605560302734375,"y":5.9557647705078125,"z":-7.6042022705078125,"roomId":5555}
{"type":"gyro","timestamp":1531636251124,"x":-0.25274658203125,"y":3.7963714599609375,"z":2.10186767578125,"roomId":5555}
{"type":"accel","timestamp":1531636251133,"x":8.107315063476562,"y":6.8016510009765625,"z":-2.228179931640625,"roomId":5555}
{"type":"gyro","timestamp":1531636251134,"x":-0.5986785888671875,"y":4.4335479736328125,"z":2.3253326416015625,"roomId":5555}
{"type":"accel","timestamp":1531636251143,"x":9.401611328125,"y":6.7136077880859375,"z":1.4337615966796875,"roomId":5555}
{"type":"gyro","timestamp":1531636251144,"x":-0.4649200439453125,"y":5.271240234375,"z":2.3679351806640625,"roomId":5555}
{"type":"accel","timestamp":1531636251155,"x":9.907119750976562,"y":5.501861572265625,"z":2.4481658935546875,"roomId":5555}
{"type":"gyro","timestamp":1531636251156,"x":0.0614471435546875,"y":5.91619873046875,"z":2.327239990234375,"roomId":5555}
{"type":"accel","timestamp":1531636251172,"x":9.556259155273438,"y":3.785675048828125,"z":1.094024658203125,"roomId":5555}
{"type":"gyro","timestamp":1531636251173,"x":1.1536407470703125,"y":6.304168701171875,"z":2.0989532470703125,"roomId":5555}
{"type":"accel","timestamp":1531636251182,"x":9.586395263671875,"y":3.3778228759765625,"z":0.58868408203125,"roomId":5555}
{"type":"gyro","timestamp":1531636251184,"x":1.4405517578125,"y":6.3116302490234375,"z":1.9724578857421875,"roomId":5555}
{"type":"accel","timestamp":1531636251201,"x":9.953765869140625,"y":2.11248779296875,"z":2.1804656982421875,"roomId":5555}
{"type":"gyro","timestamp":1531636251203,"x":1.83245849609375,"y":6.471038818359375,"z":1.7151947021484375,"roomId":5555}
{"type":"accel","timestamp":1531636251211,"x":10.343505859375,"y":1.1855010986328125,"z":2.9454345703125,"roomId":5555}
{"type":"gyro","timestamp":1531636251212,"x":2.1063385009765625,"y":6.6440582275390625,"z":1.6331634521484375,"roomId":5555}
{"type":"accel","timestamp":1531636251221,"x":11.448623657226562,"y":0.2789154052734375,"z":3.9128265380859375,"roomId":5555}
{"type":"gyro","timestamp":1531636251231,"x":2.81085205078125,"y":7.1191558837890625,"z":1.491729736328125,"roomId":5555}
{"type":"accel","timestamp":1531636251240,"x":12.998916625976562,"y":-0.9612579345703125,"z":4.0256195068359375,"roomId":5555}
{"type":"gyro","timestamp":1531636251241,"x":3.1737060546875,"y":7.522064208984375,"z":1.3768310546875,"roomId":5555}
{"type":"accel","timestamp":1531636251252,"x":12.608261108398438,"y":-1.6431732177734375,"z":2.6611480712890625,"roomId":5555}
{"type":"gyro","timestamp":1531636251253,"x":3.43792724609375,"y":7.7538909912109375,"z":1.29632568359375,"roomId":5555}
{"type":"accel","timestamp":1531636251270,"x":10.493438720703125,"y":-1.4203948974609375,"z":-0.6974639892578125,"roomId":5555}
{"type":"gyro","timestamp":1531636251271,"x":3.4725799560546875,"y":7.102783203125,"z":1.2541961669921875,"roomId":5555}
{"type":"accel","timestamp":1531636251280,"x":9.962478637695312,"y":-0.5147552490234375,"z":-0.443023681640625,"roomId":5555}
{"type":"gyro","timestamp":1531636251281,"x":3.2727203369140625,"y":6.3349456787109375,"z":1.1673431396484375,"roomId":5555}
{"type":"accel","timestamp":1531636251291,"x":9.161239624023438,"y":0.621124267578125,"z":0.578094482421875,"roomId":5555}
{"type":"gyro","timestamp":1531636251293,"x":3.049102783203125,"y":5.54461669921875,"z":0.914398193359375,"roomId":5555}
{"type":"accel","timestamp":1531636251301,"x":7.625213623046875,"y":1.382415771484375,"z":0.8983154296875,"roomId":5555}
{"type":"gyro","timestamp":1531636251310,"x":2.6822967529296875,"y":4.0409088134765625,"z":0.204833984375,"roomId":5555}
{"type":"accel","timestamp":1531636251319,"x":4.4569854736328125,"y":2.2144927978515625,"z":0.37261962890625,"roomId":5555}
{"type":"gyro","timestamp":1531636251321,"x":2.4444732666015625,"y":3.0501861572265625,"z":-0.090606689453125,"roomId":5555}
{"type":"accel","timestamp":1531636251330,"x":3.8313751220703125,"y":2.489898681640625,"z":0.7267303466796875,"roomId":5555}
{"type":"gyro","timestamp":1531636251332,"x":2.1421661376953125,"y":1.9472198486328125,"z":-0.325927734375,"roomId":5555}
{"type":"accel","timestamp":1531636251340,"x":4.5004119873046875,"y":2.55181884765625,"z":1.9119110107421875,"roomId":5555}
{"type":"gyro","timestamp":1531636251342,"x":1.8073272705078125,"y":0.9417724609375,"z":-0.53619384765625,"roomId":5555}
{"type":"accel","timestamp":1531636251351,"x":5.6122589111328125,"y":2.5171051025390625,"z":3.63348388671875,"roomId":5555}
{"type":"gyro","timestamp":1531636251353,"x":1.5231170654296875,"y":0.1793975830078125,"z":-0.7782440185546875,"roomId":5555}
{"type":"accel","timestamp":1531636251370,"x":6.834625244140625,"y":1.9768829345703125,"z":5.30670166015625,"roomId":5555}
{"type":"gyro","timestamp":1531636251371,"x":1.2931060791015625,"y":-0.3628997802734375,"z":-1.301483154296875,"roomId":5555}
{"type":"accel","timestamp":1531636251380,"x":6.4933319091796875,"y":1.5641326904296875,"z":4.9797515869140625,"roomId":5555}
{"type":"gyro","timestamp":1531636251381,"x":1.2603607177734375,"y":-0.1739349365234375,"z":-1.440521240234375,"roomId":5555}
{"type":"accel","timestamp":1531636251391,"x":6.1025238037109375,"y":1.2197113037109375,"z":4.2371978759765625,"roomId":5555}
{"type":"gyro","timestamp":1531636251393,"x":1.2216949462890625,"y":0.106658935546875,"z":-1.416259765625,"roomId":5555}
{"type":"accel","timestamp":1531636251403,"x":5.9355316162109375,"y":1.181884765625,"z":3.61395263671875,"roomId":5555}
{"type":"gyro","timestamp":1531636251404,"x":1.179473876953125,"y":0.30645751953125,