{"type":"accel","timestamp":1531636191884,"x":4.093048095703125,"y":4.59912109375,"z":6.0155181884765625,"roomId":5555}
{"type":"gyro","timestamp":1531636191894,"x":-0.091033935546875,"y":0.1031494140625,"z":-0.327423095703125,"roomId":5555}
{"type":"accel","timestamp":1531636191903,"x":3.76348876953125,"y":4.04327392578125,"z":6.2265167236328125,"roomId":5555}
{"type":"gyro","timestamp":1531636191905,"x":-0.174652099609375,"y":0.0650787353515625,"z":-0.3262176513671875,"roomId":5555}
{"type":"accel","timestamp":1531636191913,"x":3.822662353515625,"y":3.79400634765625,"z":6.811981201171875,"roomId":5555}
{"type":"gyro","timestamp":1531636191914,"x":-0.2144622802734375,"y":0.000274658203125,"z":-0.3249664306640625,"roomId":5555}
{"type":"accel","timestamp":1531636191923,"x":3.75347900390625,"y":3.6121063232421875,"z":7.108978271484375,"roomId":5555}
{"type":"accel","timestamp":1531636191933,"x":3.563079833984375,"y":3.6111297607421875,"z":7.186248779296875,"roomId":5555}
{"type":"gyro","timestamp":1531636191934,"x":-0.15179443359375,"y":-0.1370391845703125,"z":-0.3454742431640625,"roomId":5555}
{"type":"accel","timestamp":1531636191953,"x":3.3651580810546875,"y":3.9637603759765625,"z":6.881011962890625,"roomId":5555}
{"type":"gyro","timestamp":1531636191954,"x":-0.0446929931640625,"y":-0.4435577392578125,"z":-0.3444366455078125,"roomId":5555}
{"type":"accel","timestamp":1531636191963,"x":3.2371673583984375,"y":3.940032958984375,"z":6.51190185546875,"roomId":5555}
{"type":"gyro","timestamp":1531636191965,"x":0.002777099609375,"y":-0.705047607421875,"z":-0.3651123046875,"roomId":5555}
{"type":"accel","timestamp":1531636191974,"x":3.406036376953125,"y":3.745269775390625,"z":6.3545684814453125,"roomId":5555}
{"type":"gyro","timestamp":1531636191975,"x":0.02862548828125,"y":-1.0909423828125,"z":-0.3902130126953125,"roomId":5555}
{"type":"accel","timestamp":1531636191985,"x":3.9613494873046875,"y":3.5749969482421875,"z":6.35577392578125,"roomId":5555}
{"type":"accel","timestamp":1531636191995,"x":4.6591339111328125,"y":3.1200103759765625,"z":6.42572021484375,"roomId":5555}
{"type":"gyro","timestamp":1531636191996,"x":0.063690185546875,"y":-1.618682861328125,"z":-0.4332733154296875,"roomId":5555}
{"type":"accel","timestamp":1531636192013,"x":7.286712646484375,"y":1.9951324462890625,"z":7.1187896728515625,"roomId":5555}
{"type":"gyro","timestamp":1531636192014,"x":0.18511962890625,"y":-2.8425445556640625,"z":-0.58673095703125,"roomId":5555}
{"type":"accel","timestamp":1531636192023,"x":9.1976318359375,"y":1.5532073974609375,"z":7.55609130859375,"roomId":5555}
{"type":"gyro","timestamp":1531636192024,"x":0.2886962890625,"y":-3.463287353515625,"z":-0.66644287109375,"roomId":5555}
{"type":"accel","timestamp":1531636192043,"x":11.369338989257812,"y":0.82275390625,"z":7.46875,"roomId":5555}
{"type":"gyro","timestamp":1531636192044,"x":0.6529998779296875,"y":-4.452545166015625,"z":-0.90087890625,"roomId":5555}
{"type":"accel","timestamp":1531636192053,"x":12.132858276367188,"y":0.8597564697265625,"z":6.4821929931640625,"roomId":5555}
{"type":"gyro","timestamp":1531636192054,"x":0.9193878173828125,"y":-4.78265380859375,"z":-1.00701904296875,"roomId":5555}
{"type":"accel","timestamp":1531636192073,"x":13.766082763671875,"y":2.0031890869140625,"z":3.2978363037109375,"roomId":5555}
{"type":"gyro","timestamp":1531636192074,"x":1.4207305908203125,"y":-5.0070037841796875,"z":-1.141204833984375,"roomId":5555}
{"type":"accel","timestamp":1531636192083,"x":14.045791625976562,"y":3.193878173828125,"z":1.2165069580078125,"roomId":5555}
{"type":"gyro","timestamp":1531636192085,"x":1.5440673828125,"y":-4.828155517578125,"z":-1.212860107421875,"roomId":5555}
{"type":"accel","timestamp":1531636192093,"x":13.66168212890625,"y":4.408111572265625,"z":-0.274078369140625,"roomId":5555}
{"type":"accel","timestamp":1531636192104,"x":13.568359375,"y":4.1666717529296875,"z":-2.4389495849609375,"roomId":5555}
{"type":"gyro","timestamp":1531636192105,"x":1.4029083251953125,"y":-4.0998382568359375,"z":-1.4036102294921875,"roomId":5555}
{"type":"accel","timestamp":1531636192123,"x":12.780563354492188,"y":4.2180633544921875,"z":-5.101959228515625,"roomId":5555}
{"type":"gyro","timestamp":1531636192124,"x":0.9230804443359375,"y":-3.9388580322265625,"z":-1.5648040771484375,"roomId":5555}
{"type":"accel","timestamp":1531636192133,"x":11.6322021484375,"y":4.6749114990234375,"z":-5.234954833984375,"roomId":5555}
{"type":"gyro","timestamp":1531636192134,"x":0.489288330078125,"y":-4.297332763671875,"z":-1.7146148681640625,"roomId":5555}
{"type":"accel","timestamp":1531636192152,"x":10.279541015625,"y":4.6646881103515625,"z":-4.803680419921875,"roomId":5555}
{"type":"gyro","timestamp":1531636192153,"x":-0.53631591796875,"y":-5.1705780029296875,"z":-2.0779571533203125,"roomId":5555}
{"type":"accel","timestamp":1531636192172,"x":9.041671752929688,"y":4.3327178955078125,"z":-4.04046630859375,"roomId":5555}
{"type":"gyro","timestamp":1531636192173,"x":-1.4946746826171875,"y":-5.9788818359375,"z":-2.4035186767578125,"roomId":5555}
{"type":"accel","timestamp":1531636192183,"x":8.445419311523438,"y":4.1700592041015625,"z":-3.11016845703125,"roomId":5555}
{"type":"gyro","timestamp":1531636192184,"x":-1.9019775390625,"y":-6.4937896728515625,"z":-2.5834197998046875,"roomId":5555}
{"type":"accel","timestamp":1531636192193,"x":6.951690673828125,"y":4.3623046875,"z":-1.2742156982421875,"roomId":5555}
{"type":"gyro","timestamp":1531636192194,"x":-2.25274658203125,"y":-7.1191864013671875,"z":-2.7259521484375,"roomId":5555}
{"type":"accel","timestamp":1531636192203,"x":6.1017913818359375,"y":4.7776641845703125,"z":0.1702117919921875,"roomId":5555}
{"type":"gyro","timestamp":1531636192204,"x":-2.536865234375,"y":-7.743560791015625,"z":-2.8030853271484375,"roomId":5555}
{"type":"accel","timestamp":1531636192213,"x":6.183349609375,"y":5.515655517578125,"z":1.321502685546875,"roomId":5555}
{"type":"gyro","timestamp":1531636192221,"x":-2.83441162109375,"y":-8.196212768554688,"z":-2.4928741455078125,"roomId":5555}
{"type":"accel","timestamp":1531636192230,"x":6.6099853515625,"y":6.784454345703125,"z":3.2946319580078125,"roomId":5555}
{"type":"gyro","timestamp":1531636192231,"x":-2.975830078125,"y":-7.93585205078125,"z":-2.2548980712890625,"roomId":5555}
{"type":"accel","timestamp":1531636192240,"x":6.7325286865234375,"y":6.938934326171875,"z":4.5155792236328125,"roomId":5555}
{"type":"gyro","timestamp":1531636192241,"x":-3.19000244140625,"y":-7.431732177734375,"z":-2.07879638671875,"roomId":5555}
{"type":"accel","timestamp":1531636192260,"x":7.1009674072265625,"y":7.2925872802734375,"z":6.0887451171875,"roomId":5555}
{"type":"gyro","timestamp":1531636192261,"x":-3.7251129150390625,"y":-6.55133056640625,"z":-2.0469512939453125,"roomId":5555}
{"type":"accel","timestamp":1531636192273,"x":7.0831146240234375,"y":7.597015380859375,"z":8.619873046875,"roomId":5555}
{"type":"gyro","timestamp":1531636192274,"x":-3.9799957275390625,"y":-6.5581512451171875,"z":-2.23016357421875,"roomId":5555}
{"type":"accel","timestamp":1531636192284,"x":6.3991546630859375,"y":7.006103515625,"z":11.789505004882812,"roomId":5555}
{"type":"gyro","timestamp":1531636192285,"x":-4.176300048828125,"y":-6.6847076416015625,"z":-2.450347900390625,"roomId":5555}
{"type":"accel","timestamp":1531636192300,"x":5.3045501708984375,"y":4.37664794921875,"z":16.7470703125,"roomId":5555}
{"type":"gyro","timestamp":1531636192301,"x":-4.262603759765625,"y":-6.2795562744140625,"z":-2.5511627197265625,"roomId":5555}
{"type":"accel","timestamp":1531636192310,"x":5.4415130615234375,"y":3.246612548828125,"z":18.8687744140625,"roomId":5555}
{"type":"gyro","timestamp":1531636192311,"x":-4.1142120361328125,"y":-5.7224884033203125,"z":-2.3826904296875,"roomId":5555}
{"type":"accel","timestamp":1531636192320,"x":6.1190032958984375,"y":2.9495391845703125,"z":20.818862915039062,"roomId":5555}
{"type":"gyro","timestamp":1531636192330,"x":-3.1608123779296875,"y":-4.260955810546875,