{"type":"gyro","timestamp":1531636177323,"x":0.3551025390625,"y":-0.6103057861328125,"z":0.6378936767578125,"roomId":5555}
{"type":"accel","timestamp":1531636177341,"x":6.0802001953125,"y":7.209014892578125,"z":2.905029296875,"roomId":5555}
{"type":"gyro","timestamp":1531636177342,"x":-0.058868408203125,"y":-0.552459716796875,"z":0.490325927734375,"roomId":5555}
{"type":"accel","timestamp":1531636177353,"x":6.2081146240234375,"y":7.14251708984375,"z":3.2845306396484375,"roomId":5555}
{"type":"gyro","timestamp":1531636177354,"x":-0.2175445556640625,"y":-0.524658203125,"z":0.383941650390625,"roomId":5555}
{"type":"accel","timestamp":1531636177372,"x":5.9952545166015625,"y":6.813385009765625,"z":4.0818023681640625,"roomId":5555}
{"type":"gyro","timestamp":1531636177373,"x":-0.4964599609375,"y":-0.53326416015625,"z":0.097412109375,"roomId":5555}
{"type":"accel","timestamp":1531636177384,"x":5.9050750732421875,"y":6.451263427734375,"z":5.421905517578125,"roomId":5555}
{"type":"gyro","timestamp":1531636177386,"x":-0.6605072021484375,"y":-0.440704345703125,"z":0.0074615478515625,"roomId":5555}
{"type":"accel","timestamp":1531636177403,"x":6.1541290283203125,"y":6.0189666748046875,"z":7.9573974609375,"roomId":5555}
{"type":"gyro","timestamp":1531636177405,"x":-0.767974853515625,"y":-0.2707977294921875,"z":-0.12115478515625,"roomId":5555}
{"type":"accel","timestamp":1531636177415,"x":6.3413238525390625,"y":6.09844970703125,"z":8.629364013671875,"roomId":5555}
{"type":"gyro","timestamp":1531636177417,"x":-0.6530609130859375,"y":-0.3297576904296875,"z":-0.248687744140625,"roomId":5555}
{"type":"accel","timestamp":1531636177433,"x":5.3364715576171875,"y":5.7748260498046875,"z":7.860015869140625,"roomId":5555}
{"type":"gyro","timestamp":1531636177435,"x":-0.324981689453125,"y":-0.4791717529296875,"z":-0.512603759765625,"roomId":5555}
{"type":"accel","timestamp":1531636177451,"x":4.879241943359375,"y":5.1278533935546875,"z":6.9635467529296875,"roomId":5555}
{"type":"gyro","timestamp":1531636177452,"x":-0.226837158203125,"y":-0.4921112060546875,"z":-0.55340576171875,"roomId":5555}
{"type":"accel","timestamp":1531636177461,"x":5.1467132568359375,"y":4.716278076171875,"z":7.2519989013671875,"roomId":5555}
{"type":"gyro","timestamp":1531636177463,"x":-0.21124267578125,"y":-0.5727081298828125,"z":-0.524444580078125,"roomId":5555}
{"type":"accel","timestamp":1531636177472,"x":5.36688232421875,"y":4.362548828125,"z":7.212890625,"roomId":5555}
{"type":"gyro","timestamp":1531636177473,"x":-0.1230621337890625,"y":-0.738677978515625,"z":-0.503997802734375,"roomId":5555}
{"type":"accel","timestamp":1531636177491,"x":6.2271728515625,"y":3.7690582275390625,"z":6.3834991455078125,"roomId":5555}
{"type":"gyro","timestamp":1531636177491,"x":0.1266326904296875,"y":-1.4580841064453125,"z":-0.486083984375,"roomId":5555}
{"type":"accel","timestamp":1531636177501,"x":7.894622802734375,"y":3.6566619873046875,"z":6.4387969970703125,"roomId":5555}
{"type":"gyro","timestamp":1531636177502,"x":0.2387542724609375,"y":-1.9945068359375,"z":-0.497650146484375,"roomId":5555}
{"type":"accel","timestamp":1531636177512,"x":9.34722900390625,"y":3.5318603515625,"z":6.2902374267578125,"roomId":5555}
{"type":"gyro","timestamp":1531636177513,"x":0.34100341796875,"y":-2.4913177490234375,"z":-0.5745391845703125,"roomId":5555}
{"type":"accel","timestamp":1531636177533,"x":11.258041381835938,"y":2.584625244140625,"z":5.3563995361328125,"roomId":5555}
{"type":"gyro","timestamp":1531636177535,"x":0.4037933349609375,"y":-3.1424713134765625,"z":-0.857025146484375,"roomId":5555}
{"type":"accel","timestamp":1531636177552,"x":11.789077758789062,"y":2.435821533203125,"z":4.116180419921875,"roomId":5555}
{"type":"gyro","timestamp":1531636177554,"x":0.3848724365234375,"y":-4.2029571533203125,"z":-1.1983489990234375,"roomId":5555}
{"type":"accel","timestamp":1531636177562,"x":11.921340942382812,"y":2.2683563232421875,"z":4.292510986328125,"roomId":5555}
{"type":"gyro","timestamp":1531636177564,"x":0.426971435546875,"y":-5.094085693359375,"z":-1.4344482421875,"roomId":5555}
{"type":"accel","timestamp":1531636177572,"x":11.451828002929688,"y":1.23419189453125,"z":3.9117889404296875,"roomId":5555}
{"type":"gyro","timestamp":1531636177574,"x":0.50341796875,"y":-5.9505615234375,"z":-1.6716461181640625,"roomId":5555}
{"type":"accel","timestamp":1531636177591,"x":13.579116821289062,"y":1.442596435546875,"z":2.4468231201171875,"roomId":5555}
{"type":"gyro","timestamp":1531636177593,"x":0.57177734375,"y":-7.0951080322265625,"z":-1.8099517822265625,"roomId":5555}
{"type":"accel","timestamp":1531636177603,"x":12.920242309570312,"y":3.107208251953125,"z":1.211944580078125,"roomId":5555}
{"type":"gyro","timestamp":1531636177604,"x":0.482818603515625,"y":-7.2303314208984375,"z":-1.8576202392578125,"roomId":5555}
{"type":"accel","timestamp":1531636177620,"x":11.125640869140625,"y":3.5366058349609375,"z":-2.069427490234375,"roomId":5555}
{"type":"gyro","timestamp":1531636177621,"x":-0.2813873291015625,"y":-6.7488555908203125,"z":-1.886505126953125,"roomId":5555}
{"type":"accel","timestamp":1531636177631,"x":10.337066650390625,"y":3.5481414794921875,"z":-3.025848388671875,"roomId":5555}
{"type":"gyro","timestamp":1531636177631,"x":-0.9134521484375,"y":-6.87530517578125,"z":-1.9295654296875,"roomId":5555}
{"type":"accel","timestamp":1531636177651,"x":8.785140991210938,"y":4.1262969970703125,"z":-0.783111572265625,"roomId":5555}
{"type":"gyro","timestamp":1531636177653,"x":-2.195556640625,"y":-8.005813598632812,"z":-2.0652923583984375,"roomId":5555}
{"type":"accel","timestamp":1531636177670,"x":7.8190460205078125,"y":4.2092437744140625,"z":1.980865478515625,"roomId":5555}
{"type":"gyro","timestamp":1531636177671,"x":-2.81121826171875,"y":-8.862625122070312,"z":-2.10552978515625,"roomId":5555}
{"type":"accel","timestamp":1531636177680,"x":7.6013031005859375,"y":4.3957977294921875,"z":3.29296875,"roomId":5555}
{"type":"gyro","timestamp":1531636177681,"x":-3.0009613037109375,"y":-8.961593627929688,"z":-2.0395660400390625,"roomId":5555}
{"type":"accel","timestamp":1531636177690,"x":6.8106842041015625,"y":4.794525146484375,"z":4.8005828857421875,"roomId":5555}
{"type":"gyro","timestamp":1531636177691,"x":-3.1923065185546875,"y":-8.834991455078125,"z":-1.9141693115234375,"roomId":5555}
{"type":"accel","timestamp":1531636177702,"x":6.22265625,"y":5.2930145263671875,"z":6.324249267578125,"roomId":5555}
{"type":"gyro","timestamp":1531636177704,"x":-3.40399169921875,"y":-8.409286499023438,"z":-1.744110107421875,"roomId":5555}
{"type":"accel","timestamp":1531636177721,"x":5.85107421875,"y":5.911224365234375,"z":10.449020385742188,"roomId":5555}
{"type":"gyro","timestamp":1531636177723,"x":-3.86871337890625,"y":-7.097259521484375,"z":-1.5611114501953125,"roomId":5555}
{"type":"accel","timestamp":1531636177741,"x":5.137359619140625,"y":6.0240936279296875,"z":15.5211181640625,"roomId":5555}
{"type":"gyro","timestamp":1531636177743,"x":-3.968963623046875,"y":-6.1614227294921875,"z":-1.6377410888671875,"roomId":5555}
{"type":"accel","timestamp":1531636177758,"x":5.7586212158203125,"y":6.2418975830078125,"z":20.193984985351562,"roomId":5555}
{"type":"gyro","timestamp":1531636177759,"x":-3.230316162109375,"y":-6.243988037109375,"z":-1.839324951171875,"roomId":5555}
{"type":"accel","timestamp":1531636177768,"x":6.872711181640625,"y":6.3554229736328125,"z":20.032211303710938,"roomId":5555}
{"type":"gyro","timestamp":1531636177769,"x":-2.5911865234375,"y":-6.2810211181640625,"z":-1.9397430419921875,"roomId":5555}
{"type":"accel","timestamp":1531636177778,"x":8.550369262695312,"y":6.633331298828125,"z":18.733139038085938,"roomId":5555}
{"type":"gyro","timestamp":1531636177779,"x":-1.97705078125,"y":-6.139373779296875,"z":-2.0611724853515625,"roomId":5555}
{"type":"accel","timestamp":1531636177788,"x":9.663787841796875,"y":6.8506317138671875,"z":17.150726318359375,"roomId":5555}
{"type":"accel","timestamp":1531636177798,"x":9.886077880859375,