{"type":"accel","timestamp":1531636170440,"x":1.6134490966796875,"y":6.04498291015625,"z":6.82623291015625,"roomId":5555}
{"type":"gyro","timestamp":1531636170443,"x":-0.1827239990234375,"y":-0.0198974609375,"z":0.0350341796875,"roomId":5555}
{"type":"accel","timestamp":1531636170458,"x":1.9332275390625,"y":5.5261993408203125,"z":7.11883544921875,"roomId":5555}
{"type":"gyro","timestamp":1531636170459,"x":-0.1008148193359375,"y":-0.1392364501953125,"z":0.0479736328125,"roomId":5555}
{"type":"accel","timestamp":1531636170469,"x":2.0339813232421875,"y":5.205474853515625,"z":7.0987548828125,"roomId":5555}
{"type":"gyro","timestamp":1531636170471,"x":-0.01763916015625,"y":-0.2613372802734375,"z":0.045928955078125,"roomId":5555}
{"type":"accel","timestamp":1531636170479,"x":2.369049072265625,"y":5.0945587158203125,"z":6.85302734375,"roomId":5555}
{"type":"gyro","timestamp":1531636170480,"x":0.0733184814453125,"y":-0.394622802734375,"z":0.0675048828125,"roomId":5555}
{"type":"accel","timestamp":1531636170489,"x":3.0178985595703125,"y":5.2765960693359375,"z":6.59075927734375,"roomId":5555}
{"type":"gyro","timestamp":1531636170490,"x":0.1380157470703125,"y":-0.5157470703125,"z":0.092041015625,"roomId":5555}
{"type":"accel","timestamp":1531636170499,"x":3.6317291259765625,"y":5.4761810302734375,"z":6.4477386474609375,"roomId":5555}
{"type":"gyro","timestamp":1531636170500,"x":0.1732177734375,"y":-0.6404876708984375,"z":0.0832366943359375,"roomId":5555}
{"type":"accel","timestamp":1531636170509,"x":4.1047210693359375,"y":5.5305938720703125,"z":6.3725433349609375,"roomId":5555}
{"type":"gyro","timestamp":1531636170510,"x":0.2017974853515625,"y":-0.7688140869140625,"z":0.0440216064453125,"roomId":5555}
{"type":"accel","timestamp":1531636170528,"x":5.59228515625,"y":5.7572021484375,"z":6.6935272216796875,"roomId":5555}
{"type":"gyro","timestamp":1531636170529,"x":0.2673492431640625,"y":-1.0245819091796875,"z":-0.0773773193359375,"roomId":5555}
{"type":"accel","timestamp":1531636170538,"x":6.099822998046875,"y":5.75677490234375,"z":6.58612060546875,"roomId":5555}
{"type":"gyro","timestamp":1531636170539,"x":0.3102569580078125,"y":-1.050384521484375,"z":-0.1590118408203125,"roomId":5555}
{"type":"accel","timestamp":1531636170549,"x":6.3309173583984375,"y":5.518463134765625,"z":6.254852294921875,"roomId":5555}
{"type":"gyro","timestamp":1531636170550,"x":0.3263397216796875,"y":-0.975372314453125,"z":-0.219482421875,"roomId":5555}
{"type":"accel","timestamp":1531636170567,"x":6.631744384765625,"y":4.503814697265625,"z":5.8651885986328125,"roomId":5555}
{"type":"gyro","timestamp":1531636170569,"x":0.29180908203125,"y":-0.9280853271484375,"z":-0.2455596923828125,"roomId":5555}
{"type":"accel","timestamp":1531636170577,"x":6.964385986328125,"y":4.06353759765625,"z":5.7201690673828125,"roomId":5555}
{"type":"accel","timestamp":1531636170588,"x":7.9093017578125,"y":3.9861907958984375,"z":5.3544158935546875,"roomId":5555}
{"type":"gyro","timestamp":1531636170589,"x":0.4201202392578125,"y":-1.63397216796875,"z":-0.260223388671875,"roomId":5555}
{"type":"accel","timestamp":1531636170598,"x":8.731613159179688,"y":4.232940673828125,"z":4.9357452392578125,"roomId":5555}
{"type":"gyro","timestamp":1531636170599,"x":0.541412353515625,"y":-2.3743133544921875,"z":-0.357452392578125,"roomId":5555}
{"type":"accel","timestamp":1531636170608,"x":9.154541015625,"y":4.100799560546875,"z":4.641815185546875,"roomId":5555}
{"type":"gyro","timestamp":1531636170609,"x":0.6836090087890625,"y":-3.331939697265625,"z":-0.53424072265625,"roomId":5555}
{"type":"accel","timestamp":1531636170628,"x":12.645187377929688,"y":4.0326385498046875,"z":4.1459197998046875,"roomId":5555}
{"type":"gyro","timestamp":1531636170629,"x":0.924835205078125,"y":-5.2193603515625,"z":-0.80120849609375,"roomId":5555}
{"type":"accel","timestamp":1531636170648,"x":13.18634033203125,"y":4.74652099609375,"z":3.2984161376953125,"roomId":5555}
{"type":"gyro","timestamp":1531636170650,"x":0.6694183349609375,"y":-5.3750762939453125,"z":-1.1784820556640625,"roomId":5555}
{"type":"accel","timestamp":1531636170660,"x":11.7596435546875,"y":4.9118194580078125,"z":2.300567626953125,"roomId":5555}
{"type":"gyro","timestamp":1531636170661,"x":0.368499755859375,"y":-4.93597412109375,"z":-1.352630615234375,"roomId":5555}
{"type":"accel","timestamp":1531636170671,"x":10.5849609375,"y":4.903594970703125,"z":1.00335693359375,"roomId":5555}
{"type":"gyro","timestamp":1531636170673,"x":-0.00018310546875,"y":-4.5456695556640625,"z":-1.467803955078125,"roomId":5555}
{"type":"accel","timestamp":1531636170683,"x":9.750579833984375,"y":4.93878173828125,"z":0.04052734375,"roomId":5555}
{"type":"gyro","timestamp":1531636170683,"x":-0.3833465576171875,"y":-4.4531097412109375,"z":-1.6024169921875,"roomId":5555}
{"type":"accel","timestamp":1531636170697,"x":8.120147705078125,"y":5.0134124755859375,"z":-0.468536376953125,"roomId":5555}
{"type":"gyro","timestamp":1531636170697,"x":-1.013671875,"y":-5.262481689453125,"z":-2.027618408203125,"roomId":5555}
{"type":"accel","timestamp":1531636170707,"x":7.357513427734375,"y":4.8948516845703125,"z":-0.285980224609375,"roomId":5555}
{"type":"gyro","timestamp":1531636170709,"x":-1.18768310546875,"y":-5.9589385986328125,"z":-2.2557220458984375,"roomId":5555}
{"type":"accel","timestamp":1531636170717,"x":7.181854248046875,"y":5.4557647705078125,"z":-0.5183868408203125,"roomId":5555}
{"type":"accel","timestamp":1531636170727,"x":6.9640655517578125,"y":6.1308135986328125,"z":-0.7401123046875,"roomId":5555}
{"type":"accel","timestamp":1531636170737,"x":6.5004425048828125,"y":6.3383331298828125,"z":-1.0169219970703125,"roomId":5555}
{"type":"gyro","timestamp":1531636170737,"x":-1.36328125,"y":-7.3792877197265625,"z":-2.5371856689453125,"roomId":5555}
{"type":"accel","timestamp":1531636170747,"x":6.08978271484375,"y":6.123138427734375,"z":-1.4841766357421875,"roomId":5555}
{"type":"gyro","timestamp":1531636170748,"x":-1.5044708251953125,"y":-8.010787963867188,"z":-2.6323699951171875,"roomId":5555}
{"type":"accel","timestamp":1531636170757,"x":5.758697509765625,"y":5.5971832275390625,"z":-2.0181732177734375,"roomId":5555}
{"type":"accel","timestamp":1531636170767,"x":5.727294921875,"y":5.1089935302734375,"z":-2.2140350341796875,"roomId":5555}
{"type":"gyro","timestamp":1531636170769,"x":-1.928558349609375,"y":-8.916213989257812,"z":-2.61260986328125,"roomId":5555}
{"type":"accel","timestamp":1531636170786,"x":7.537078857421875,"y":4.3495025634765625,"z":-0.3802337646484375,"roomId":5555}
{"type":"gyro","timestamp":1531636170786,"x":-2.5304412841796875,"y":-9.9013671875,"z":-2.5076904296875,"roomId":5555}
{"type":"accel","timestamp":1531636170808,"x":9.09466552734375,"y":5.4030914306640625,"z":7.1960906982421875,"roomId":5555}
{"type":"gyro","timestamp":1531636170810,"x":-2.90716552734375,"y":-11.234649658203125,"z":-2.687469482421875,"roomId":5555}
{"type":"accel","timestamp":1531636170828,"x":5.59356689453125,"y":5.2090301513671875,"z":14.504974365234375,"roomId":5555}
{"type":"gyro","timestamp":1531636170830,"x":-2.7822723388671875,"y":-11.752975463867188,"z":-3.1429290771484375,"roomId":5555}
{"type":"accel","timestamp":1531636170838,"x":3.472625732421875,"y":4.10455322265625,"z":14.765853881835938,"roomId":5555}
{"type":"gyro","timestamp":1531636170840,"x":-2.39068603515625,"y":-11.321685791015625,"z":-3.131500244140625,"roomId":5555}
{"type":"accel","timestamp":1531636170857,"x":1.1891021728515625,"y":3.5497894287109375,"z":16.105682373046875,"roomId":5555}
{"type":"gyro","timestamp":1531636170858,"x":-1.8547515869140625,"y":-8.816757202148438,"z":-2.3734588623046875,"roomId":5555}
{"type":"accel","timestamp":1531636170868,"x":1.4379425048828125,"y":3.5503082275390625,"z":18.037689208984375,"roomId":5555}
{"type":"gyro","timestamp":1531636170869,"x":-1.8751983642578125,"y":-7.3295745849609375,"z":-1.788909912109375,"roomId":5555}
{"type":"accel","timestamp":1531636170887,"x":6.5494537353515625,