{"type":"gyro","timestamp":1531636168017,"x":-0.162872314453125,"y":0.2352752685546875,"z":-0.0360260009765625,"roomId":5555}
{"type":"accel","timestamp":1531636168026,"x":3.8689727783203125,"y":5.8803558349609375,"z":5.5890960693359375,"roomId":5555}
{"type":"gyro","timestamp":1531636168027,"x":-0.1623687744140625,"y":0.255462646484375,"z":-0.002044677734375,"roomId":5555}
{"type":"accel","timestamp":1531636168045,"x":4.2231903076171875,"y":5.892333984375,"z":5.95404052734375,"roomId":5555}
{"type":"gyro","timestamp":1531636168046,"x":-0.099365234375,"y":0.0728912353515625,"z":0.0228118896484375,"roomId":5555}
{"type":"accel","timestamp":1531636168055,"x":4.321868896484375,"y":5.864990234375,"z":5.67413330078125,"roomId":5555}
{"type":"gyro","timestamp":1531636168056,"x":-0.0282135009765625,"y":-0.024566650390625,"z":0.0008392333984375,"roomId":5555}
{"type":"accel","timestamp":1531636168065,"x":4.314605712890625,"y":5.8818817138671875,"z":5.14093017578125,"roomId":5555}
{"type":"accel","timestamp":1531636168075,"x":4.293975830078125,"y":5.8693695068359375,"z":4.6313323974609375,"roomId":5555}
{"type":"gyro","timestamp":1531636168075,"x":-0.0146331787109375,"y":-0.09063720703125,"z":-0.0338897705078125,"roomId":5555}
{"type":"accel","timestamp":1531636168085,"x":4.2555999755859375,"y":5.7355804443359375,"z":4.2788848876953125,"roomId":5555}
{"type":"gyro","timestamp":1531636168086,"x":-0.0716552734375,"y":-0.121429443359375,"z":-0.046783447265625,"roomId":5555}
{"type":"accel","timestamp":1531636168095,"x":4.235076904296875,"y":5.490692138671875,"z":4.1252899169921875,"roomId":5555}
{"type":"gyro","timestamp":1531636168096,"x":-0.1460723876953125,"y":-0.2117156982421875,"z":-0.0686798095703125,"roomId":5555}
{"type":"accel","timestamp":1531636168105,"x":4.49884033203125,"y":5.276702880859375,"z":4.1692962646484375,"roomId":5555}
{"type":"accel","timestamp":1531636168115,"x":5.0816802978515625,"y":5.142242431640625,"z":4.156494140625,"roomId":5555}
{"type":"gyro","timestamp":1531636168116,"x":-0.2476806640625,"y":-0.6760711669921875,"z":-0.133575439453125,"roomId":5555}
{"type":"accel","timestamp":1531636168134,"x":7.145172119140625,"y":4.6330108642578125,"z":4.2495574951171875,"roomId":5555}
{"type":"gyro","timestamp":1531636168135,"x":-0.3857879638671875,"y":-1.37890625,"z":-0.29522705078125,"roomId":5555}
{"type":"accel","timestamp":1531636168147,"x":8.411849975585938,"y":4.15045166015625,"z":4.562042236328125,"roomId":5555}
{"type":"gyro","timestamp":1531636168148,"x":-0.473602294921875,"y":-1.856109619140625,"z":-0.4220428466796875,"roomId":5555}
{"type":"accel","timestamp":1531636168165,"x":10.266693115234375,"y":2.5174713134765625,"z":6.24932861328125,"roomId":5555}
{"type":"gyro","timestamp":1531636168167,"x":-0.6331634521484375,"y":-3.0703582763671875,"z":-0.74505615234375,"roomId":5555}
{"type":"accel","timestamp":1531636168175,"x":10.664764404296875,"y":1.5853271484375,"z":7.35870361328125,"roomId":5555}
{"type":"gyro","timestamp":1531636168177,"x":-0.6328582763671875,"y":-3.8334503173828125,"z":-0.8884735107421875,"roomId":5555}
{"type":"accel","timestamp":1531636168186,"x":11.059326171875,"y":0.9912261962890625,"z":8.2021484375,"roomId":5555}
{"type":"gyro","timestamp":1531636168187,"x":-0.5495452880859375,"y":-4.586334228515625,"z":-0.998382568359375,"roomId":5555}
{"type":"accel","timestamp":1531636168197,"x":11.54339599609375,"y":0.8210906982421875,"z":7.300262451171875,"roomId":5555}
{"type":"gyro","timestamp":1531636168200,"x":-0.4283294677734375,"y":-5.076141357421875,"z":-1.0652618408203125,"roomId":5555}
{"type":"accel","timestamp":1531636168214,"x":14.920761108398438,"y":2.155914306640625,"z":4.1021881103515625,"roomId":5555}
{"type":"gyro","timestamp":1531636168216,"x":-0.4859161376953125,"y":-5.8265380859375,"z":-1.21746826171875,"roomId":5555}
{"type":"accel","timestamp":1531636168225,"x":15.839385986328125,"y":2.289154052734375,"z":3.1615753173828125,"roomId":5555}
{"type":"gyro","timestamp":1531636168227,"x":-0.6520843505859375,"y":-6.4974365234375,"z":-1.5010833740234375,"roomId":5555}
{"type":"accel","timestamp":1531636168236,"x":16.064208984375,"y":2.1286468505859375,"z":2.61016845703125,"roomId":5555}
{"type":"gyro","timestamp":1531636168237,"x":-0.825042724609375,"y":-7.4078216552734375,"z":-1.8836822509765625,"roomId":5555}
{"type":"accel","timestamp":1531636168246,"x":15.63104248046875,"y":1.98681640625,"z":2.3363037109375,"roomId":5555}
{"type":"gyro","timestamp":1531636168247,"x":-0.9258575439453125,"y":-8.523605346679688,"z":-2.28277587890625,"roomId":5555}
{"type":"accel","timestamp":1531636168264,"x":13.298263549804688,"y":2.1751861572265625,"z":1.3930206298828125,"roomId":5555}
{"type":"gyro","timestamp":1531636168265,"x":-0.9426422119140625,"y":-10.438766479492188,"z":-2.84686279296875,"roomId":5555}
{"type":"accel","timestamp":1531636168283,"x":11.851486206054688,"y":3.537353515625,"z":-0.7383880615234375,"roomId":5555}
{"type":"gyro","timestamp":1531636168283,"x":-1.23065185546875,"y":-11.0003662109375,"z":-2.85382080078125,"roomId":5555}
{"type":"accel","timestamp":1531636168303,"x":9.355636596679688,"y":5.1042938232421875,"z":-2.91741943359375,"roomId":5555}
{"type":"gyro","timestamp":1531636168304,"x":-1.954345703125,"y":-10.534744262695312,"z":-2.710235595703125,"roomId":5555}
{"type":"accel","timestamp":1531636168314,"x":7.446502685546875,"y":5.3621673583984375,"z":-3.4878387451171875,"roomId":5555}
{"type":"gyro","timestamp":1531636168314,"x":-2.5060882568359375,"y":-10.18994140625,"z":-2.6219940185546875,"roomId":5555}
{"type":"accel","timestamp":1531636168326,"x":5.852996826171875,"y":6.4225921630859375,"z":-3.277618408203125,"roomId":5555}
{"type":"gyro","timestamp":1531636168326,"x":-3.1051025390625,"y":-10.106155395507812,"z":-2.5090484619140625,"roomId":5555}
{"type":"accel","timestamp":1531636168343,"x":5.4596099853515625,"y":7.2039031982421875,"z":-0.1450653076171875,"roomId":5555}
{"type":"gyro","timestamp":1531636168344,"x":-4.2728118896484375,"y":-10.768157958984375,"z":-2.368316650390625,"roomId":5555}
{"type":"accel","timestamp":1531636168353,"x":7.0307769775390625,"y":5.4724884033203125,"z":3.9608001708984375,"roomId":5555}
{"type":"gyro","timestamp":1531636168354,"x":-4.7997589111328125,"y":-11.15130615234375,"z":-2.388763427734375,"roomId":5555}
{"type":"accel","timestamp":1531636168363,"x":9.398849487304688,"y":3.88909912109375,"z":10.667327880859375,"roomId":5555}
{"type":"gyro","timestamp":1531636168373,"x":-4.95599365234375,"y":-11.217025756835938,"z":-2.5499267578125,"roomId":5555}
{"type":"accel","timestamp":1531636168383,"x":9.528350830078125,"y":2.7451171875,"z":23.949081420898438,"roomId":5555}
{"type":"gyro","timestamp":1531636168384,"x":-4.295196533203125,"y":-10.668289184570312,"z":-2.6266326904296875,"roomId":5555}
{"type":"accel","timestamp":1531636168393,"x":7.5522003173828125,"y":3.110931396484375,"z":26.308319091796875,"roomId":5555}
{"type":"gyro","timestamp":1531636168394,"x":-3.2962188720703125,"y":-9.651153564453125,"z":-2.5671539306640625,"roomId":5555}
{"type":"accel","timestamp":1531636168403,"x":6.1025543212890625,"y":4.20440673828125,"z":26.037338256835938,"roomId":5555}
{"type":"gyro","timestamp":1531636168404,"x":-2.216217041015625,"y":-8.41485595703125,"z":-2.354888916015625,"roomId":5555}
{"type":"accel","timestamp":1531636168422,"x":3.0904998779296875,"y":5.9503631591796875,"z":17.70489501953125,"roomId":5555}
{"type":"gyro","timestamp":1531636168423,"x":-0.482940673828125,"y":-5.6745147705078125,"z":-1.8386383056640625,"roomId":5555}
{"type":"accel","timestamp":1531636168432,"x":2.3144073486328125,"y":6.50103759765625,"z":12.845474243164062,"roomId":5555}
{"type":"gyro","timestamp":1531636168433,"x":-0.1059112548828125,"y":-4.471038818359375,"z":-1.58892822265625,"roomId":5555}
{"type":"accel","timestamp":1531636168442,"x":1.877532958984375,"y":6.9615631103515625,"z":9.734893798828125,"roomId":5555}
{"type":"gyro","timestamp":1531636168443,