{"type":"gyro","timestamp":1531636254490,"x":0.352783203125,"y":1.9182586669921875,"z":0.17657470703125,"roomId":5555}
{"type":"accel","timestamp":1531636254499,"x":2.9750518798828125,"y":6.8547515869140625,"z":-5.4779205322265625,"roomId":5555}
{"type":"gyro","timestamp":1531636254499,"x":0.039154052734375,"y":2.271087646484375,"z":0.1720428466796875,"roomId":5555}
{"type":"accel","timestamp":1531636254518,"x":2.0402984619140625,"y":7.385467529296875,"z":-4.9570770263671875,"roomId":5555}
{"type":"gyro","timestamp":1531636254519,"x":-0.4032440185546875,"y":2.3886871337890625,"z":0.2937164306640625,"roomId":5555}
{"type":"accel","timestamp":1531636254529,"x":2.5826873779296875,"y":7.9181976318359375,"z":-3.6537628173828125,"roomId":5555}
{"type":"gyro","timestamp":1531636254531,"x":-0.3853302001953125,"y":2.2875823974609375,"z":0.377532958984375,"roomId":5555}
{"type":"accel","timestamp":1531636254548,"x":3.618927001953125,"y":8.763153076171875,"z":-1.57513427734375,"roomId":5555}
{"type":"gyro","timestamp":1531636254549,"x":-0.0545806884765625,"y":2.580963134765625,"z":0.53369140625,"roomId":5555}
{"type":"accel","timestamp":1531636254558,"x":3.5298919677734375,"y":8.468795776367188,"z":-1.843841552734375,"roomId":5555}
{"type":"gyro","timestamp":1531636254559,"x":0.1656951904296875,"y":2.93927001953125,"z":0.638458251953125,"roomId":5555}
{"type":"accel","timestamp":1531636254568,"x":3.18896484375,"y":7.7325286865234375,"z":-2.4207305908203125,"roomId":5555}
{"type":"gyro","timestamp":1531636254569,"x":0.3824310302734375,"y":3.3215484619140625,"z":0.8022308349609375,"roomId":5555}
{"type":"accel","timestamp":1531636254579,"x":2.819854736328125,"y":6.8345947265625,"z":-2.6526336669921875,"roomId":5555}
{"type":"gyro","timestamp":1531636254579,"x":0.5817108154296875,"y":3.6635894775390625,"z":1.0365753173828125,"roomId":5555}
{"type":"accel","timestamp":1531636254598,"x":4.207763671875,"y":5.94781494140625,"z":-4.5614166259765625,"roomId":5555}
{"type":"gyro","timestamp":1531636254599,"x":0.884765625,"y":3.953033447265625,"z":1.58734130859375,"roomId":5555}
{"type":"accel","timestamp":1531636254608,"x":5.4535675048828125,"y":5.9173736572265625,"z":-4.830535888671875,"roomId":5555}
{"type":"gyro","timestamp":1531636254609,"x":0.8588104248046875,"y":3.8902130126953125,"z":1.7122039794921875,"roomId":5555}
{"type":"accel","timestamp":1531636254618,"x":6.7090606689453125,"y":5.579315185546875,"z":-4.0081939697265625,"roomId":5555}
{"type":"gyro","timestamp":1531636254619,"x":0.8082733154296875,"y":3.729248046875,"z":1.7106475830078125,"roomId":5555}
{"type":"accel","timestamp":1531636254628,"x":7.720123291015625,"y":5.328704833984375,"z":-2.5543975830078125,"roomId":5555}
{"type":"gyro","timestamp":1531636254629,"x":0.8258514404296875,"y":3.5947418212890625,"z":1.6245880126953125,"roomId":5555}
{"type":"accel","timestamp":1531636254638,"x":8.45733642578125,"y":5.1716461181640625,"z":-1.042022705078125,"roomId":5555}
{"type":"gyro","timestamp":1531636254639,"x":0.9324798583984375,"y":3.6403350830078125,"z":1.51727294921875,"roomId":5555}
{"type":"accel","timestamp":1531636254648,"x":8.830612182617188,"y":4.8571319580078125,"z":-0.3062591552734375,"roomId":5555}
{"type":"gyro","timestamp":1531636254649,"x":1.113006591796875,"y":3.9231109619140625,"z":1.45697021484375,"roomId":5555}
{"type":"accel","timestamp":1531636254658,"x":8.71142578125,"y":4.292999267578125,"z":-0.3992156982421875,"roomId":5555}
{"type":"gyro","timestamp":1531636254659,"x":1.317962646484375,"y":4.412353515625,"z":1.4779205322265625,"roomId":5555}
{"type":"accel","timestamp":1531636254668,"x":8.509201049804688,"y":3.5894775390625,"z":-0.737945556640625,"roomId":5555}
{"type":"accel","timestamp":1531636254678,"x":8.457839965820312,"y":2.881500244140625,"z":-1.0016632080078125,"roomId":5555}
{"type":"gyro","timestamp":1531636254679,"x":1.58392333984375,"y":5.471588134765625,"z":1.7547607421875,"roomId":5555}
{"type":"accel","timestamp":1531636254697,"x":8.299789428710938,"y":2.211029052734375,"z":-0.41595458984375,"roomId":5555}
{"type":"gyro","timestamp":1531636254698,"x":1.53887939453125,"y":5.92364501953125,"z":2.066162109375,"roomId":5555}
{"type":"accel","timestamp":1531636254707,"x":8.73565673828125,"y":2.330718994140625,"z":0.3954315185546875,"roomId":5555}
{"type":"gyro","timestamp":1531636254708,"x":1.4811248779296875,"y":5.94482421875,"z":2.17034912109375,"roomId":5555}
{"type":"accel","timestamp":1531636254718,"x":9.715255737304688,"y":2.4775238037109375,"z":0.80987548828125,"roomId":5555}
{"type":"gyro","timestamp":1531636254719,"x":1.45477294921875,"y":5.874481201171875,"z":2.2144622802734375,"roomId":5555}
{"type":"accel","timestamp":1531636254737,"x":11.78228759765625,"y":2.73040771484375,"z":-0.0186004638671875,"roomId":5555}
{"type":"gyro","timestamp":1531636254738,"x":1.4381103515625,"y":5.3390655517578125,"z":2.0006561279296875,"roomId":5555}
{"type":"accel","timestamp":1531636254747,"x":12.7252197265625,"y":3.0543365478515625,"z":0.0750885009765625,"roomId":5555}
{"type":"gyro","timestamp":1531636254749,"x":1.3662567138671875,"y":4.9000091552734375,"z":1.6819915771484375,"roomId":5555}
{"type":"accel","timestamp":1531636254759,"x":12.98736572265625,"y":3.384429931640625,"z":0.8191375732421875,"roomId":5555}
{"type":"gyro","timestamp":1531636254760,"x":1.271514892578125,"y":4.404571533203125,"z":1.197540283203125,"roomId":5555}
{"type":"accel","timestamp":1531636254778,"x":10.971786499023438,"y":3.322509765625,"z":3.0251007080078125,"roomId":5555}
{"type":"gyro","timestamp":1531636254779,"x":1.2569580078125,"y":3.3931732177734375,"z":0.067047119140625,"roomId":5555}
{"type":"accel","timestamp":1531636254788,"x":9.370162963867188,"y":2.7850494384765625,"z":3.415313720703125,"roomId":5555}
{"type":"gyro","timestamp":1531636254789,"x":1.37396240234375,"y":3.038238525390625,"z":-0.34783935546875,"roomId":5555}
{"type":"accel","timestamp":1531636254799,"x":7.9901123046875,"y":2.2699737548828125,"z":3.2987060546875,"roomId":5555}
{"type":"gyro","timestamp":1531636254800,"x":1.5117034912109375,"y":2.7698516845703125,"z":-0.5780792236328125,"roomId":5555}
{"type":"accel","timestamp":1531636254816,"x":5.640777587890625,"y":2.34356689453125,"z":2.29180908203125,"roomId":5555}
{"type":"gyro","timestamp":1531636254816,"x":1.63739013671875,"y":2.2236328125,"z":-0.5731353759765625,"roomId":5555}
{"type":"accel","timestamp":1531636254828,"x":5.0089569091796875,"y":2.7202301025390625,"z":1.749114990234375,"roomId":5555}
{"type":"gyro","timestamp":1531636254830,"x":1.5582122802734375,"y":1.92669677734375,"z":-0.428924560546875,"roomId":5555}
{"type":"accel","timestamp":1531636254846,"x":5.7924346923828125,"y":3.420318603515625,"z":2.4025421142578125,"roomId":5555}
{"type":"gyro","timestamp":1531636254847,"x":1.2242431640625,"y":1.391632080078125,"z":-0.160369873046875,"roomId":5555}
{"type":"accel","timestamp":1531636254856,"x":6.5104217529296875,"y":3.5884552001953125,"z":3.4048309326171875,"roomId":5555}
{"type":"gyro","timestamp":1531636254857,"x":1.101409912109375,"y":1.273712158203125,"z":-0.130126953125,"roomId":5555}
{"type":"accel","timestamp":1531636254867,"x":6.7247161865234375,"y":3.4790191650390625,"z":4.0429229736328125,"roomId":5555}
{"type":"gyro","timestamp":1531636254869,"x":1.0584564208984375,"y":1.3133087158203125,"z":-0.1506805419921875,"roomId":5555}
{"type":"accel","timestamp":1531636254887,"x":5.837188720703125,"y":2.843963623046875,"z":3.84771728515625,"roomId":5555}
{"type":"gyro","timestamp":1531636254889,"x":1.1291046142578125,"y":1.6194305419921875,"z":-0.1585845947265625,"roomId":5555}
{"type":"accel","timestamp":1531636254897,"x":5.3136138916015625,"y":2.768585205078125,"z":3.109222412109375,"roomId":5555}
{"type":"accel","timestamp":1531636254907,"x":5.0205841064453125,"y":2.9105224609375,"z":2.5580902099609375,"roomId":5555}
{"type":"gyro","timestamp":1531636254908,"x":1.057159423828125,"y":1.7528228759765625,"z":0.0186004638671875,