{"type":"accel","timestamp":1531636312446,"x":2.46435546875,"y":5.194244384765625,"z":-4.4997406005859375,"roomId":5555}
{"type":"gyro","timestamp":1531636312447,"x":-0.6132049560546875,"y":-0.0008087158203125,"z":-0.01806640625,"roomId":5555}
{"type":"accel","timestamp":1531636312456,"x":2.136199951171875,"y":5.1829681396484375,"z":-4.5812530517578125,"roomId":5555}
{"type":"gyro","timestamp":1531636312465,"x":-0.3325347900390625,"y":0.0824737548828125,"z":-0.057342529296875,"roomId":5555}
{"type":"accel","timestamp":1531636312476,"x":1.7349090576171875,"y":5.70001220703125,"z":-5.4771575927734375,"roomId":5555}
{"type":"gyro","timestamp":1531636312477,"x":-0.252197265625,"y":0.146453857421875,"z":-0.014495849609375,"roomId":5555}
{"type":"accel","timestamp":1531636312486,"x":1.904510498046875,"y":6.0302734375,"z":-5.697174072265625,"roomId":5555}
{"type":"gyro","timestamp":1531636312487,"x":-0.2425537109375,"y":0.2221527099609375,"z":0.0197296142578125,"roomId":5555}
{"type":"accel","timestamp":1531636312496,"x":2.1573944091796875,"y":6.2871856689453125,"z":-5.7032012939453125,"roomId":5555}
{"type":"gyro","timestamp":1531636312498,"x":-0.2776031494140625,"y":0.3021392822265625,"z":0.0164642333984375,"roomId":5555}
{"type":"accel","timestamp":1531636312507,"x":2.3677978515625,"y":6.420257568359375,"z":-5.5237274169921875,"roomId":5555}
{"type":"gyro","timestamp":1531636312508,"x":-0.31756591796875,"y":0.3726043701171875,"z":-0.0289459228515625,"roomId":5555}
{"type":"accel","timestamp":1531636312524,"x":2.155731201171875,"y":6.689056396484375,"z":-5.45867919921875,"roomId":5555}
{"type":"gyro","timestamp":1531636312526,"x":-0.307952880859375,"y":0.50494384765625,"z":-0.1773834228515625,"roomId":5555}
{"type":"accel","timestamp":1531636312535,"x":2.1334075927734375,"y":7.014923095703125,"z":-5.6739959716796875,"roomId":5555}
{"type":"gyro","timestamp":1531636312537,"x":-0.271514892578125,"y":0.57965087890625,"z":-0.239471435546875,"roomId":5555}
{"type":"accel","timestamp":1531636312545,"x":2.4569549560546875,"y":7.488128662109375,"z":-5.9350128173828125,"roomId":5555}
{"type":"gyro","timestamp":1531636312546,"x":-0.2423858642578125,"y":0.6835784912109375,"z":-0.3077850341796875,"roomId":5555}
{"type":"accel","timestamp":1531636312555,"x":2.84405517578125,"y":7.9504241943359375,"z":-6.1864471435546875,"roomId":5555}
{"type":"gyro","timestamp":1531636312556,"x":-0.2404327392578125,"y":0.83013916015625,"z":-0.4056396484375,"roomId":5555}
{"type":"accel","timestamp":1531636312575,"x":2.2393035888671875,"y":8.304794311523438,"z":-6.0046844482421875,"roomId":5555}
{"type":"gyro","timestamp":1531636312576,"x":-0.2800140380859375,"y":1.268951416015625,"z":-0.6712799072265625,"roomId":5555}
{"type":"accel","timestamp":1531636312585,"x":1.8699798583984375,"y":8.17999267578125,"z":-5.729248046875,"roomId":5555}
{"type":"gyro","timestamp":1531636312586,"x":-0.27911376953125,"y":1.5174102783203125,"z":-0.7485198974609375,"roomId":5555}
{"type":"accel","timestamp":1531636312596,"x":2.0115966796875,"y":8.1412353515625,"z":-5.4657745361328125,"roomId":5555}
{"type":"gyro","timestamp":1531636312596,"x":-0.2672576904296875,"y":1.7239837646484375,"z":-0.787933349609375,"roomId":5555}
{"type":"accel","timestamp":1531636312606,"x":2.6947174072265625,"y":8.253189086914062,"z":-5.1078948974609375,"roomId":5555}
{"type":"gyro","timestamp":1531636312608,"x":-0.248992919921875,"y":1.88519287109375,"z":-0.8607635498046875,"roomId":5555}
{"type":"accel","timestamp":1531636312625,"x":4.3234100341796875,"y":8.170150756835938,"z":-4.2485809326171875,"roomId":5555}
{"type":"gyro","timestamp":1531636312626,"x":-0.137481689453125,"y":2.472869873046875,"z":-1.2940673828125,"roomId":5555}
{"type":"accel","timestamp":1531636312635,"x":4.298065185546875,"y":7.4107818603515625,"z":-4.09808349609375,"roomId":5555}
{"type":"gyro","timestamp":1531636312636,"x":-0.0016937255859375,"y":3.0592193603515625,"z":-1.5577239990234375,"roomId":5555}
{"type":"accel","timestamp":1531636312646,"x":3.849700927734375,"y":6.455474853515625,"z":-4.1660919189453125,"roomId":5555}
{"type":"gyro","timestamp":1531636312647,"x":0.190155029296875,"y":3.771942138671875,"z":-1.7281494140625,"roomId":5555}
{"type":"accel","timestamp":1531636312657,"x":3.1215362548828125,"y":5.674774169921875,"z":-4.4064788818359375,"roomId":5555}
{"type":"gyro","timestamp":1531636312658,"x":0.42022705078125,"y":4.483978271484375,"z":-1.771636962890625,"roomId":5555}
{"type":"accel","timestamp":1531636312674,"x":2.1041717529296875,"y":4.0716400146484375,"z":-5.09930419921875,"roomId":5555}
{"type":"gyro","timestamp":1531636312675,"x":0.9040374755859375,"y":5.4603271484375,"z":-1.5150299072265625,"roomId":5555}
{"type":"accel","timestamp":1531636312685,"x":2.4243316650390625,"y":3.37530517578125,"z":-5.7713775634765625,"roomId":5555}
{"type":"gyro","timestamp":1531636312686,"x":1.1174163818359375,"y":5.7053070068359375,"z":-1.3017578125,"roomId":5555}
{"type":"accel","timestamp":1531636312695,"x":3.7783355712890625,"y":3.45904541015625,"z":-6.7592315673828125,"roomId":5555}
{"type":"accel","timestamp":1531636312705,"x":5.37799072265625,"y":4.01983642578125,"z":-7.395233154296875,"roomId":5555}
{"type":"gyro","timestamp":1531636312708,"x":1.3123931884765625,"y":5.939056396484375,"z":-0.8814849853515625,"roomId":5555}
{"type":"accel","timestamp":1531636312715,"x":6.2027130126953125,"y":4.319610595703125,"z":-7.3309173583984375,"roomId":5555}
{"type":"accel","timestamp":1531636312726,"x":6.32025146484375,"y":4.164031982421875,"z":-6.7643585205078125,"roomId":5555}
{"type":"gyro","timestamp":1531636312727,"x":0.9041748046875,"y":6.7206573486328125,"z":-0.8140411376953125,"roomId":5555}
{"type":"accel","timestamp":1531636312745,"x":5.51239013671875,"y":3.7379150390625,"z":-3.735107421875,"roomId":5555}
{"type":"gyro","timestamp":1531636312746,"x":0.5432281494140625,"y":7.373138427734375,"z":-0.7581634521484375,"roomId":5555}
{"type":"accel","timestamp":1531636312764,"x":6.179412841796875,"y":3.1606903076171875,"z":-1.5940399169921875,"roomId":5555}
{"type":"gyro","timestamp":1531636312765,"x":0.840362548828125,"y":7.8738861083984375,"z":-0.432952880859375,"roomId":5555}
{"type":"accel","timestamp":1531636312784,"x":6.318756103515625,"y":3.1821441650390625,"z":-2.7118377685546875,"roomId":5555}
{"type":"gyro","timestamp":1531636312785,"x":1.27435302734375,"y":8.2159423828125,"z":-0.000518798828125,"roomId":5555}
{"type":"accel","timestamp":1531636312795,"x":5.997711181640625,"y":3.5458984375,"z":-3.6151885986328125,"roomId":5555}
{"type":"gyro","timestamp":1531636312796,"x":1.3230133056640625,"y":8.026565551757812,"z":0.1796417236328125,"roomId":5555}
{"type":"accel","timestamp":1531636312805,"x":5.1738128662109375,"y":4.3028106689453125,"z":-4.146209716796875,"roomId":5555}
{"type":"gyro","timestamp":1531636312807,"x":1.225677490234375,"y":7.592681884765625,"z":0.2911834716796875,"roomId":5555}
{"type":"accel","timestamp":1531636312825,"x":4.714447021484375,"y":6.1384429931640625,"z":-3.3802490234375,"roomId":5555}
{"type":"gyro","timestamp":1531636312826,"x":0.7211761474609375,"y":6.124664306640625,"z":0.31304931640625,"roomId":5555}
{"type":"accel","timestamp":1531636312836,"x":4.87054443359375,"y":6.6011505126953125,"z":-2.4832763671875,"roomId":5555}
{"type":"gyro","timestamp":1531636312837,"x":0.4706878662109375,"y":5.3318634033203125,"z":0.191497802734375,"roomId":5555}
{"type":"accel","timestamp":1531636312853,"x":5.3988494873046875,"y":6.5418701171875,"z":-1.0805206298828125,"roomId":5555}
{"type":"gyro","timestamp":1531636312854,"x":0.2651824951171875,"y":3.8810577392578125,"z":-0.172088623046875,"roomId":5555}
{"type":"accel","timestamp":1531636312864,"x":5.556549072265625,"y":6.530517578125,"z":-0.79864501953125,"roomId":5555}
{"type":"gyro","timestamp":1531636312865,"x":0.257080078125,"y":3.3043975830078125,"z":-0.3112640380859375,"roomId":5555}
{"type":"accel","timestamp":1531636312883,"x":6.9293975830078125,