{"type":"gyro","timestamp":1531636249167,"x":-0.5421142578125,"y":0.6135101318359375,"z":0.7573394775390625,"roomId":5555}
{"type":"accel","timestamp":1531636249175,"x":-0.4831085205078125,"y":10.004180908203125,"z":-2.4818572998046875,"roomId":5555}
{"type":"gyro","timestamp":1531636249176,"x":-0.409332275390625,"y":0.975311279296875,"z":1.0599517822265625,"roomId":5555}
{"type":"accel","timestamp":1531636249185,"x":0.473724365234375,"y":10.152725219726562,"z":-2.6065826416015625,"roomId":5555}
{"type":"gyro","timestamp":1531636249186,"x":-0.2067413330078125,"y":1.645782470703125,"z":1.51220703125,"roomId":5555}
{"type":"accel","timestamp":1531636249195,"x":3.118560791015625,"y":9.992080688476562,"z":-2.2628173828125,"roomId":5555}
{"type":"gyro","timestamp":1531636249196,"x":-0.04437255859375,"y":2.612030029296875,"z":2.046295166015625,"roomId":5555}
{"type":"accel","timestamp":1531636249205,"x":5.9754791259765625,"y":9.870513916015625,"z":-3.136627197265625,"roomId":5555}
{"type":"gyro","timestamp":1531636249206,"x":0.0605010986328125,"y":3.7197723388671875,"z":2.480560302734375,"roomId":5555}
{"type":"accel","timestamp":1531636249225,"x":7.635345458984375,"y":8.376693725585938,"z":-4.4152984619140625,"roomId":5555}
{"type":"gyro","timestamp":1531636249226,"x":-0.1199493408203125,"y":5.395233154296875,"z":2.7261505126953125,"roomId":5555}
{"type":"accel","timestamp":1531636249235,"x":8.06658935546875,"y":7.166595458984375,"z":-3.1979217529296875,"roomId":5555}
{"type":"accel","timestamp":1531636249245,"x":8.539016723632812,"y":5.97540283203125,"z":-1.94287109375,"roomId":5555}
{"type":"gyro","timestamp":1531636249247,"x":-0.120941162109375,"y":5.794830322265625,"z":2.7512054443359375,"roomId":5555}
{"type":"accel","timestamp":1531636249255,"x":9.195846557617188,"y":4.8775634765625,"z":-0.6383209228515625,"roomId":5555}
{"type":"gyro","timestamp":1531636249257,"x":0.0777740478515625,"y":5.892791748046875,"z":2.756561279296875,"roomId":5555}
{"type":"accel","timestamp":1531636249266,"x":10.137252807617188,"y":4.082366943359375,"z":0.65399169921875,"roomId":5555}
{"type":"gyro","timestamp":1531636249267,"x":0.345245361328125,"y":5.961944580078125,"z":2.758056640625,"roomId":5555}
{"type":"accel","timestamp":1531636249284,"x":11.2537841796875,"y":2.987548828125,"z":3.168243408203125,"roomId":5555}
{"type":"gyro","timestamp":1531636249285,"x":0.9552459716796875,"y":6.315948486328125,"z":2.6933441162109375,"roomId":5555}
{"type":"accel","timestamp":1531636249303,"x":11.539077758789062,"y":0.906829833984375,"z":4.7582855224609375,"roomId":5555}
{"type":"gyro","timestamp":1531636249304,"x":1.584381103515625,"y":7.165496826171875,"z":2.682037353515625,"roomId":5555}
{"type":"accel","timestamp":1531636249314,"x":11.719833374023438,"y":-0.163299560546875,"z":5.05621337890625,"roomId":5555}
{"type":"gyro","timestamp":1531636249315,"x":1.9510498046875,"y":7.4563140869140625,"z":2.7530059814453125,"roomId":5555}
{"type":"accel","timestamp":1531636249334,"x":13.320144653320312,"y":-1.2638397216796875,"z":4.19366455078125,"roomId":5555}
{"type":"gyro","timestamp":1531636249335,"x":2.75091552734375,"y":7.4217681884765625,"z":2.7666473388671875,"roomId":5555}
{"type":"accel","timestamp":1531636249344,"x":14.144760131835938,"y":-1.1750640869140625,"z":2.7264556884765625,"roomId":5555}
{"type":"gyro","timestamp":1531636249345,"x":3.0665740966796875,"y":7.2660980224609375,"z":2.6208038330078125,"roomId":5555}
{"type":"accel","timestamp":1531636249365,"x":14.468032836914062,"y":-0.557952880859375,"z":-0.1782379150390625,"roomId":5555}
{"type":"gyro","timestamp":1531636249367,"x":3.1850128173828125,"y":6.3962860107421875,"z":2.01727294921875,"roomId":5555}
{"type":"accel","timestamp":1531636249375,"x":14.699859619140625,"y":-0.0294647216796875,"z":-0.17620849609375,"roomId":5555}
{"type":"gyro","timestamp":1531636249377,"x":3.01983642578125,"y":5.4770965576171875,"z":1.4905242919921875,"roomId":5555}
{"type":"accel","timestamp":1531636249385,"x":14.089813232421875,"y":0.4589080810546875,"z":0.3777008056640625,"roomId":5555}
{"type":"gyro","timestamp":1531636249386,"x":2.8331756591796875,"y":4.3371124267578125,"z":0.7664642333984375,"roomId":5555}
{"type":"accel","timestamp":1531636249395,"x":12.605270385742188,"y":0.6558380126953125,"z":1.38568115234375,"roomId":5555}
{"type":"gyro","timestamp":1531636249405,"x":2.6771697998046875,"y":3.1536407470703125,"z":-0.0456695556640625,"roomId":5555}
{"type":"accel","timestamp":1531636249414,"x":8.553543090820312,"y":0.2469024658203125,"z":3.8433074951171875,"roomId":5555}
{"type":"gyro","timestamp":1531636249415,"x":2.5925445556640625,"y":2.02874755859375,"z":-0.8138885498046875,"roomId":5555}
{"type":"accel","timestamp":1531636249424,"x":6.8649139404296875,"y":-0.0601959228515625,"z":4.488037109375,"roomId":5555}
{"type":"gyro","timestamp":1531636249425,"x":2.5941162109375,"y":1.0245819091796875,"z":-1.455047607421875,"roomId":5555}
{"type":"accel","timestamp":1531636249437,"x":5.7456512451171875,"y":-0.325775146484375,"z":4.018310546875,"roomId":5555}
{"type":"gyro","timestamp":1531636249439,"x":2.675445556640625,"y":0.232818603515625,"z":-1.901123046875,"roomId":5555}
{"type":"accel","timestamp":1531636249454,"x":4.2321319580078125,"y":0.202178955078125,"z":2.431365966796875,"roomId":5555}
{"type":"gyro","timestamp":1531636249455,"x":2.8018646240234375,"y":-0.5537567138671875,"z":-2.211700439453125,"roomId":5555}
{"type":"accel","timestamp":1531636249465,"x":4.2371826171875,"y":0.6421051025390625,"z":1.484649658203125,"roomId":5555}
{"type":"gyro","timestamp":1531636249466,"x":2.69036865234375,"y":-0.56451416015625,"z":-2.12506103515625,"roomId":5555}
{"type":"accel","timestamp":1531636249485,"x":4.6921844482421875,"y":1.7313995361328125,"z":0.8192291259765625,"roomId":5555}
{"type":"gyro","timestamp":1531636249487,"x":2.0810089111328125,"y":-0.0232086181640625,"z":-1.6707305908203125,"roomId":5555}
{"type":"accel","timestamp":1531636249503,"x":4.20550537109375,"y":2.36962890625,"z":1.54754638671875,"roomId":5555}
{"type":"gyro","timestamp":1531636249505,"x":1.2569580078125,"y":0.847503662109375,"z":-1.2076873779296875,"roomId":5555}
{"type":"accel","timestamp":1531636249514,"x":4.3522186279296875,"y":2.797454833984375,"z":1.661651611328125,"roomId":5555}
{"type":"gyro","timestamp":1531636249515,"x":0.9714813232421875,"y":1.1913299560546875,"z":-1.009552001953125,"roomId":5555}
{"type":"accel","timestamp":1531636249524,"x":4.6858062744140625,"y":3.3438262939453125,"z":1.2400665283203125,"roomId":5555}
{"type":"gyro","timestamp":1531636249526,"x":0.79022216796875,"y":1.3853759765625,"z":-0.819610595703125,"roomId":5555}
{"type":"accel","timestamp":1531636249542,"x":5.22943115234375,"y":4.8450927734375,"z":-0.34619140625,"roomId":5555}
{"type":"gyro","timestamp":1531636249543,"x":0.5763397216796875,"y":1.4469146728515625,"z":-0.5681304931640625,"roomId":5555}
{"type":"accel","timestamp":1531636249552,"x":5.184539794921875,"y":5.5589599609375,"z":-0.703277587890625,"roomId":5555}
{"type":"gyro","timestamp":1531636249553,"x":0.48126220703125,"y":1.2991790771484375,"z":-0.527801513671875,"roomId":5555}
{"type":"accel","timestamp":1531636249562,"x":4.868194580078125,"y":5.98101806640625,"z":-0.5067901611328125,"roomId":5555}
{"type":"gyro","timestamp":1531636249564,"x":0.3903045654296875,"y":1.0714111328125,"z":-0.5392608642578125,"roomId":5555}
{"type":"accel","timestamp":1531636249572,"x":4.4647064208984375,"y":6.182891845703125,"z":-0.5042877197265625,"roomId":5555}
{"type":"accel","timestamp":1531636249583,"x":4.4081573486328125,"y":6.33331298828125,"z":-0.8120574951171875,"roomId":5555}
{"type":"gyro","timestamp":1531636249585,"x":0.3126220703125,"y":0.7093963623046875,"z":-0.6028289794921875,"roomId":5555}
{"type":"accel","timestamp":1531636249602,"x":4.4153289794921875,"y":7.4572906494140625,"z":-2.179931640625,"roomId":5555}
{"type":"gyro","timestamp":1531636249604,"x":0.331817626953125,"y":0.6394195556640625,