{"type":"gyro","timestamp":1531636276959,"x":0.111114501953125,"y":0.0373687744140625,"z":0.1179656982421875,"roomId":5555}
{"type":"accel","timestamp":1531636276978,"x":1.1491546630859375,"y":6.7564849853515625,"z":-7.62811279296875,"roomId":5555}
{"type":"gyro","timestamp":1531636276979,"x":0.0135345458984375,"y":0.1711273193359375,"z":0.1492919921875,"roomId":5555}
{"type":"accel","timestamp":1531636276988,"x":1.115753173828125,"y":6.53778076171875,"z":-7.9157867431640625,"roomId":5555}
{"type":"gyro","timestamp":1531636276990,"x":-0.0908660888671875,"y":0.143768310546875,"z":0.10382080078125,"roomId":5555}
{"type":"accel","timestamp":1531636276998,"x":0.7162017822265625,"y":6.773406982421875,"z":-7.462615966796875,"roomId":5555}
{"type":"gyro","timestamp":1531636277000,"x":-0.2572479248046875,"y":0.065338134765625,"z":-0.007904052734375,"roomId":5555}
{"type":"accel","timestamp":1531636277016,"x":0.646087646484375,"y":7.2146453857421875,"z":-6.28521728515625,"roomId":5555}
{"type":"gyro","timestamp":1531636277018,"x":-0.3276824951171875,"y":-0.100372314453125,"z":-0.0956878662109375,"roomId":5555}
{"type":"accel","timestamp":1531636277026,"x":0.4853515625,"y":7.468994140625,"z":-6.09869384765625,"roomId":5555}
{"type":"gyro","timestamp":1531636277028,"x":-0.2406158447265625,"y":-0.0648651123046875,"z":-0.0752105712890625,"roomId":5555}
{"type":"accel","timestamp":1531636277036,"x":0.2831268310546875,"y":7.7462921142578125,"z":-5.991973876953125,"roomId":5555}
{"type":"accel","timestamp":1531636277046,"x":0.0560302734375,"y":7.9071502685546875,"z":-5.8638763427734375,"roomId":5555}
{"type":"gyro","timestamp":1531636277047,"x":-0.0439605712890625,"y":0.1717681884765625,"z":0.02569580078125,"roomId":5555}
{"type":"accel","timestamp":1531636277065,"x":-0.0540618896484375,"y":8.778121948242188,"z":-5.66180419921875,"roomId":5555}
{"type":"gyro","timestamp":1531636277065,"x":0.0118255615234375,"y":0.283233642578125,"z":0.1006927490234375,"roomId":5555}
{"type":"accel","timestamp":1531636277076,"x":-0.457061767578125,"y":9.370391845703125,"z":-5.74700927734375,"roomId":5555}
{"type":"gyro","timestamp":1531636277076,"x":0.047088623046875,"y":0.4331512451171875,"z":0.17596435546875,"roomId":5555}
{"type":"accel","timestamp":1531636277096,"x":-2.2056427001953125,"y":9.172271728515625,"z":-5.984100341796875,"roomId":5555}
{"type":"gyro","timestamp":1531636277097,"x":0.0243072509765625,"y":1.063385009765625,"z":0.3440093994140625,"roomId":5555}
{"type":"accel","timestamp":1531636277107,"x":-1.0594482421875,"y":9.240829467773438,"z":-6.9143829345703125,"roomId":5555}
{"type":"gyro","timestamp":1531636277107,"x":-0.0165863037109375,"y":1.4486236572265625,"z":0.5483856201171875,"roomId":5555}
{"type":"accel","timestamp":1531636277124,"x":2.8727874755859375,"y":9.658798217773438,"z":-7.3575592041015625,"roomId":5555}
{"type":"gyro","timestamp":1531636277124,"x":-0.1603851318359375,"y":1.9944305419921875,"z":0.991455078125,"roomId":5555}
{"type":"accel","timestamp":1531636277134,"x":4.225616455078125,"y":9.270294189453125,"z":-6.48651123046875,"roomId":5555}
{"type":"gyro","timestamp":1531636277134,"x":-0.2606201171875,"y":2.0439300537109375,"z":0.945587158203125,"roomId":5555}
{"type":"gyro","timestamp":1531636277144,"x":-0.334991455078125,"y":2.0911407470703125,"z":0.6705322265625,"roomId":5555}
{"type":"accel","timestamp":1531636277154,"x":4.2780303955078125,"y":7.82489013671875,"z":-3.3640899658203125,"roomId":5555}
{"type":"gyro","timestamp":1531636277154,"x":-0.3347015380859375,"y":2.1635589599609375,"z":0.2502899169921875,"roomId":5555}
{"type":"accel","timestamp":1531636277164,"x":2.841644287109375,"y":6.86468505859375,"z":-2.0225830078125,"roomId":5555}
{"type":"gyro","timestamp":1531636277164,"x":-0.2147216796875,"y":2.249542236328125,"z":-0.169769287109375,"roomId":5555}
{"type":"accel","timestamp":1531636277174,"x":1.423187255859375,"y":5.910858154296875,"z":-1.4392242431640625,"roomId":5555}
{"type":"gyro","timestamp":1531636277175,"x":0.0310516357421875,"y":2.41375732421875,"z":-0.4129638671875,"roomId":5555}
{"type":"accel","timestamp":1531636277194,"x":0.930938720703125,"y":4.5245361328125,"z":-1.42376708984375,"roomId":5555}
{"type":"gyro","timestamp":1531636277195,"x":0.709564208984375,"y":3.14703369140625,"z":-0.126495361328125,"roomId":5555}
{"type":"accel","timestamp":1531636277204,"x":2.684112548828125,"y":4.1031646728515625,"z":-1.1928863525390625,"roomId":5555}
{"type":"gyro","timestamp":1531636277214,"x":1.3133544921875,"y":4.276947021484375,"z":0.6720123291015625,"roomId":5555}
{"type":"accel","timestamp":1531636277224,"x":7.2589569091796875,"y":3.871490478515625,"z":-2.3013916015625,"roomId":5555}
{"type":"gyro","timestamp":1531636277225,"x":1.5511322021484375,"y":5.0730133056640625,"z":0.92376708984375,"roomId":5555}
{"type":"accel","timestamp":1531636277236,"x":9.186538696289062,"y":3.903717041015625,"z":-3.6433868408203125,"roomId":5555}
{"type":"gyro","timestamp":1531636277237,"x":1.7621307373046875,"y":5.993743896484375,"z":1.0327606201171875,"roomId":5555}
{"type":"accel","timestamp":1531636277255,"x":10.167022705078125,"y":3.12933349609375,"z":-6.1004180908203125,"roomId":5555}
{"type":"gyro","timestamp":1531636277256,"x":1.974700927734375,"y":7.759765625,"z":0.93145751953125,"roomId":5555}
{"type":"accel","timestamp":1531636277275,"x":9.014694213867188,"y":2.8299713134765625,"z":-7.3822784423828125,"roomId":5555}
{"type":"gyro","timestamp":1531636277276,"x":1.8487548828125,"y":9.032012939453125,"z":0.7097320556640625,"roomId":5555}
{"type":"accel","timestamp":1531636277285,"x":7.8700714111328125,"y":2.854156494140625,"z":-7.8913116455078125,"roomId":5555}
{"type":"gyro","timestamp":1531636277287,"x":1.6748199462890625,"y":9.395797729492188,"z":0.6369781494140625,"roomId":5555}
{"type":"accel","timestamp":1531636277295,"x":7.3252105712890625,"y":2.868682861328125,"z":-7.38787841796875,"roomId":5555}
{"type":"gyro","timestamp":1531636277296,"x":1.440521240234375,"y":9.409957885742188,"z":0.664337158203125,"roomId":5555}
{"type":"gyro","timestamp":1531636277308,"x":1.1158599853515625,"y":9.026275634765625,"z":0.7934417724609375,"roomId":5555}
{"type":"accel","timestamp":1531636277318,"x":7.7448883056640625,"y":2.936370849609375,"z":-5.7193450927734375,"roomId":5555}
{"type":"gyro","timestamp":1531636277319,"x":0.7439727783203125,"y":8.341461181640625,"z":0.93218994140625,"roomId":5555}
{"type":"accel","timestamp":1531636277334,"x":9.693862915039062,"y":3.0899505615234375,"z":-1.8022613525390625,"roomId":5555}
{"type":"gyro","timestamp":1531636277334,"x":0.133026123046875,"y":6.6410064697265625,"z":0.9365386962890625,"roomId":5555}
{"type":"accel","timestamp":1531636277353,"x":12.916412353515625,"y":2.154541015625,"z":2.2265472412109375,"roomId":5555}
{"type":"gyro","timestamp":1531636277353,"x":-0.1693572998046875,"y":4.783050537109375,"z":0.35516357421875,"roomId":5555}
{"type":"accel","timestamp":1531636277364,"x":12.942428588867188,"y":1.569915771484375,"z":3.6873931884765625,"roomId":5555}
{"type":"gyro","timestamp":1531636277365,"x":-0.1154937744140625,"y":4.07916259765625,"z":-0.0948028564453125,"roomId":5555}
{"type":"accel","timestamp":1531636277374,"x":12.05841064453125,"y":0.92095947265625,"z":4.0924530029296875,"roomId":5555}
{"type":"gyro","timestamp":1531636277375,"x":0.06451416015625,"y":3.66680908203125,"z":-0.4645233154296875,"roomId":5555}
{"type":"accel","timestamp":1531636277385,"x":10.650238037109375,"y":0.2350311279296875,"z":3.5029296875,"roomId":5555}
{"type":"gyro","timestamp":1531636277386,"x":0.2663116455078125,"y":3.403350830078125,"z":-0.650604248046875,"roomId":5555}
{"type":"accel","timestamp":1531636277404,"x":8.938980102539062,"y":0.0401763916015625,"z":3.9195404052734375,"roomId":5555}
{"type":"gyro","timestamp":1531636277406,"x":0.4523468017578125,"y":2.6222686767578125,"z":-0.554962158203125,"roomId":5555}
{"type":"accel","timestamp":1531636277414,"x":8.196853637695312,"y":0.8770294189453125,