{"type":"accel","timestamp":1531636199323,"x":5.2056732177734375,"y":6.0625457763671875,"z":6.8909149169921875,"roomId":5555}
{"type":"gyro","timestamp":1531636199324,"x":-0.1862640380859375,"y":-0.0498199462890625,"z":-0.064117431640625,"roomId":5555}
{"type":"accel","timestamp":1531636199341,"x":4.7339935302734375,"y":6.009918212890625,"z":6.788482666015625,"roomId":5555}
{"type":"gyro","timestamp":1531636199343,"x":-0.117095947265625,"y":0.0025177001953125,"z":-0.0672454833984375,"roomId":5555}
{"type":"accel","timestamp":1531636199353,"x":4.8708343505859375,"y":6.18328857421875,"z":7.0047760009765625,"roomId":5555}
{"type":"gyro","timestamp":1531636199353,"x":-0.0690155029296875,"y":-0.0885772705078125,"z":-0.08984375,"roomId":5555}
{"type":"accel","timestamp":1531636199364,"x":4.7679595947265625,"y":6.232421875,"z":7.0491943359375,"roomId":5555}
{"type":"gyro","timestamp":1531636199365,"x":-0.003509521484375,"y":-0.1619110107421875,"z":-0.1494293212890625,"roomId":5555}
{"type":"accel","timestamp":1531636199382,"x":4.2365264892578125,"y":6.05169677734375,"z":6.793914794921875,"roomId":5555}
{"type":"gyro","timestamp":1531636199384,"x":0.0615997314453125,"y":-0.1263885498046875,"z":-0.2473907470703125,"roomId":5555}
{"type":"accel","timestamp":1531636199394,"x":3.8981781005859375,"y":5.9947509765625,"z":6.6577301025390625,"roomId":5555}
{"type":"gyro","timestamp":1531636199395,"x":0.070648193359375,"y":-0.041839599609375,"z":-0.26910400390625,"roomId":5555}
{"type":"accel","timestamp":1531636199404,"x":3.414215087890625,"y":5.898590087890625,"z":6.2720794677734375,"roomId":5555}
{"type":"gyro","timestamp":1531636199405,"x":0.082061767578125,"y":0.0565643310546875,"z":-0.2769775390625,"roomId":5555}
{"type":"accel","timestamp":1531636199422,"x":2.505950927734375,"y":5.7579498291015625,"z":5.2429962158203125,"roomId":5555}
{"type":"gyro","timestamp":1531636199424,"x":0.099884033203125,"y":0.040130615234375,"z":-0.2488861083984375,"roomId":5555}
{"type":"accel","timestamp":1531636199442,"x":2.4215850830078125,"y":5.6889495849609375,"z":4.585205078125,"roomId":5555}
{"type":"gyro","timestamp":1531636199444,"x":0.079010009765625,"y":-0.2322845458984375,"z":-0.207855224609375,"roomId":5555}
{"type":"accel","timestamp":1531636199454,"x":2.487579345703125,"y":5.4856719970703125,"z":4.6577301025390625,"roomId":5555}
{"type":"gyro","timestamp":1531636199455,"x":0.03448486328125,"y":-0.330047607421875,"z":-0.1914520263671875,"roomId":5555}
{"type":"accel","timestamp":1531636199472,"x":2.368499755859375,"y":5.423309326171875,"z":4.8706817626953125,"roomId":5555}
{"type":"gyro","timestamp":1531636199474,"x":-0.041839599609375,"y":-0.3176727294921875,"z":-0.16668701171875,"roomId":5555}
{"type":"accel","timestamp":1531636199482,"x":1.757080078125,"y":5.2395172119140625,"z":4.891876220703125,"roomId":5555}
{"type":"accel","timestamp":1531636199494,"x":1.313568115234375,"y":5.0517730712890625,"z":4.839141845703125,"roomId":5555}
{"type":"gyro","timestamp":1531636199497,"x":-0.12274169921875,"y":-0.246826171875,"z":-0.108184814453125,"roomId":5555}
{"type":"accel","timestamp":1531636199504,"x":1.292144775390625,"y":5.007659912109375,"z":4.94549560546875,"roomId":5555}
{"type":"gyro","timestamp":1531636199512,"x":-0.1837005615234375,"y":-0.536529541015625,"z":0.0182037353515625,"roomId":5555}
{"type":"accel","timestamp":1531636199521,"x":2.0782318115234375,"y":5.1102142333984375,"z":5.5914306640625,"roomId":5555}
{"type":"gyro","timestamp":1531636199523,"x":-0.17645263671875,"y":-0.8738861083984375,"z":0.050628662109375,"roomId":5555}
{"type":"accel","timestamp":1531636199532,"x":2.6370849609375,"y":5.1678466796875,"z":6.1404571533203125,"roomId":5555}
{"type":"gyro","timestamp":1531636199542,"x":-0.0789794921875,"y":-1.628662109375,"z":0.0927581787109375,"roomId":5555}
{"type":"accel","timestamp":1531636199551,"x":4.3480072021484375,"y":5.3787841796875,"z":6.9304962158203125,"roomId":5555}
{"type":"gyro","timestamp":1531636199552,"x":-0.0135498046875,"y":-1.8078460693359375,"z":0.1336669921875,"roomId":5555}
{"type":"accel","timestamp":1531636199561,"x":5.3208465576171875,"y":5.518341064453125,"z":6.60662841796875,"roomId":5555}
{"type":"gyro","timestamp":1531636199562,"x":0.0247802734375,"y":-1.824066162109375,"z":0.1605682373046875,"roomId":5555}
{"type":"accel","timestamp":1531636199571,"x":6.168914794921875,"y":5.689971923828125,"z":5.7179718017578125,"roomId":5555}
{"type":"accel","timestamp":1531636199581,"x":6.92254638671875,"y":5.9746551513671875,"z":4.9697265625,"roomId":5555}
{"type":"gyro","timestamp":1531636199582,"x":-0.05120849609375,"y":-1.8531951904296875,"z":0.1466522216796875,"roomId":5555}
{"type":"accel","timestamp":1531636199591,"x":7.6319732666015625,"y":5.975311279296875,"z":4.7259063720703125,"roomId":5555}
{"type":"gyro","timestamp":1531636199593,"x":-0.093353271484375,"y":-2.1058502197265625,"z":0.086883544921875,"roomId":5555}
{"type":"accel","timestamp":1531636199603,"x":8.434616088867188,"y":5.7225189208984375,"z":4.7152557373046875,"roomId":5555}
{"type":"gyro","timestamp":1531636199604,"x":-0.078399658203125,"y":-2.472991943359375,"z":0.01458740234375,"roomId":5555}
{"type":"accel","timestamp":1531636199621,"x":10.530609130859375,"y":5.1521759033203125,"z":4.510406494140625,"roomId":5555}
{"type":"gyro","timestamp":1531636199623,"x":0.1770782470703125,"y":-3.5202484130859375,"z":-0.185272216796875,"roomId":5555}
{"type":"accel","timestamp":1531636199631,"x":11.827362060546875,"y":5.1817626953125,"z":3.7206573486328125,"roomId":5555}
{"type":"accel","timestamp":1531636199641,"x":13.256790161132812,"y":5.6036224365234375,"z":3.22222900390625,"roomId":5555}
{"type":"gyro","timestamp":1531636199643,"x":0.7204132080078125,"y":-5.1635284423828125,"z":-0.6321258544921875,"roomId":5555}
{"type":"accel","timestamp":1531636199661,"x":14.723831176757812,"y":5.080535888671875,"z":0.070831298828125,"roomId":5555}
{"type":"gyro","timestamp":1531636199662,"x":1.1324310302734375,"y":-5.9075469970703125,"z":-1.040435791015625,"roomId":5555}
{"type":"accel","timestamp":1531636199671,"x":16.225631713867188,"y":5.6528472900390625,"z":-1.586456298828125,"roomId":5555}
{"type":"gyro","timestamp":1531636199673,"x":1.0588531494140625,"y":-5.859130859375,"z":-1.0660552978515625,"roomId":5555}
{"type":"accel","timestamp":1531636199682,"x":17.868881225585938,"y":6.1248321533203125,"z":-2.7465667724609375,"roomId":5555}
{"type":"gyro","timestamp":1531636199683,"x":0.7814178466796875,"y":-5.7784576416015625,"z":-1.1667633056640625,"roomId":5555}
{"type":"accel","timestamp":1531636199700,"x":16.818344116210938,"y":4.6999359130859375,"z":-4.137481689453125,"roomId":5555}
{"type":"gyro","timestamp":1531636199702,"x":-0.2557373046875,"y":-5.6536407470703125,"z":-1.8431854248046875,"roomId":5555}
{"type":"accel","timestamp":1531636199711,"x":15.313400268554688,"y":3.843353271484375,"z":-3.20623779296875,"roomId":5555}
{"type":"gyro","timestamp":1531636199712,"x":-0.8225250244140625,"y":-6.0227508544921875,"z":-2.155548095703125,"roomId":5555}
{"type":"accel","timestamp":1531636199731,"x":12.90936279296875,"y":2.0049591064453125,"z":-0.8072662353515625,"roomId":5555}
{"type":"gyro","timestamp":1531636199732,"x":-1.3459625244140625,"y":-7.483306884765625,"z":-2.6630401611328125,"roomId":5555}
{"type":"accel","timestamp":1531636199751,"x":10.775680541992188,"y":1.6093902587890625,"z":-1.5096282958984375,"roomId":5555}
{"type":"gyro","timestamp":1531636199753,"x":-1.1726226806640625,"y":-9.10107421875,"z":-3.0797271728515625,"roomId":5555}
{"type":"accel","timestamp":1531636199761,"x":9.813751220703125,"y":2.011749267578125,"z":-2.9239349365234375,"roomId":5555}
{"type":"accel","timestamp":1531636199771,"x":8.114532470703125,"y":2.31646728515625,"z":-4.2758941650390625,"roomId":5555}
{"type":"gyro","timestamp":1531636199774,"x":-1.1368560791015625,"y":-10.847366333007812,"z":-3.466278076171875,"roomId":5555}
{"type":"accel","timestamp":1531636199781,