{"type":"gyro","timestamp":1531636267859,"x":-0.035858154296875,"y":-0.386383056640625,"z":0.0078582763671875,"roomId":5555}
{"type":"accel","timestamp":1531636267868,"x":1.68731689453125,"y":7.7609405517578125,"z":-4.344970703125,"roomId":5555}
{"type":"gyro","timestamp":1531636267871,"x":0.08746337890625,"y":-0.2244873046875,"z":0.0777740478515625,"roomId":5555}
{"type":"accel","timestamp":1531636267878,"x":1.6859130859375,"y":8.25738525390625,"z":-4.98095703125,"roomId":5555}
{"type":"accel","timestamp":1531636267889,"x":2.1387786865234375,"y":8.819900512695312,"z":-5.68505859375,"roomId":5555}
{"type":"gyro","timestamp":1531636267890,"x":0.215484619140625,"y":0.088836669921875,"z":0.338226318359375,"roomId":5555}
{"type":"accel","timestamp":1531636267910,"x":2.3621063232421875,"y":8.95928955078125,"z":-6.08892822265625,"roomId":5555}
{"type":"gyro","timestamp":1531636267911,"x":-0.0289764404296875,"y":0.2042083740234375,"z":0.2600250244140625,"roomId":5555}
{"type":"accel","timestamp":1531636267928,"x":2.07708740234375,"y":8.65545654296875,"z":-5.070343017578125,"roomId":5555}
{"type":"gyro","timestamp":1531636267929,"x":-0.329376220703125,"y":0.099884033203125,"z":0.0383148193359375,"roomId":5555}
{"type":"accel","timestamp":1531636267939,"x":1.9634246826171875,"y":8.55950927734375,"z":-4.7000579833984375,"roomId":5555}
{"type":"gyro","timestamp":1531636267940,"x":-0.387420654296875,"y":0.074005126953125,"z":-0.068817138671875,"roomId":5555}
{"type":"accel","timestamp":1531636267959,"x":1.4128570556640625,"y":8.581817626953125,"z":-4.6619873046875,"roomId":5555}
{"type":"gyro","timestamp":1531636267961,"x":-0.4151763916015625,"y":0.3723297119140625,"z":-0.155609130859375,"roomId":5555}
{"type":"accel","timestamp":1531636267977,"x":0.82952880859375,"y":8.899887084960938,"z":-5.5992431640625,"roomId":5555}
{"type":"gyro","timestamp":1531636267978,"x":-0.49346923828125,"y":0.88433837890625,"z":-0.11444091796875,"roomId":5555}
{"type":"accel","timestamp":1531636267987,"x":0.553558349609375,"y":9.011795043945312,"z":-6.205780029296875,"roomId":5555}
{"type":"gyro","timestamp":1531636267988,"x":-0.57440185546875,"y":0.956268310546875,"z":-0.1259307861328125,"roomId":5555}
{"type":"accel","timestamp":1531636267997,"x":1.0911102294921875,"y":9.184814453125,"z":-6.180450439453125,"roomId":5555}
{"type":"gyro","timestamp":1531636267998,"x":-0.6502532958984375,"y":0.8317413330078125,"z":-0.1786346435546875,"roomId":5555}
{"type":"accel","timestamp":1531636268007,"x":1.9871826171875,"y":9.262420654296875,"z":-5.500396728515625,"roomId":5555}
{"type":"gyro","timestamp":1531636268008,"x":-0.674713134765625,"y":0.7119140625,"z":-0.280670166015625,"roomId":5555}
{"type":"accel","timestamp":1531636268017,"x":2.82177734375,"y":9.160324096679688,"z":-4.7385406494140625,"roomId":5555}
{"type":"gyro","timestamp":1531636268018,"x":-0.6292266845703125,"y":0.8124847412109375,"z":-0.401519775390625,"roomId":5555}
{"type":"accel","timestamp":1531636268027,"x":3.0631256103515625,"y":8.859085083007812,"z":-4.01904296875,"roomId":5555}
{"type":"gyro","timestamp":1531636268028,"x":-0.52655029296875,"y":1.1577301025390625,"z":-0.4990692138671875,"roomId":5555}
{"type":"accel","timestamp":1531636268038,"x":2.53790283203125,"y":8.3638916015625,"z":-3.39239501953125,"roomId":5555}
{"type":"gyro","timestamp":1531636268039,"x":-0.36334228515625,"y":1.6593780517578125,"z":-0.530242919921875,"roomId":5555}
{"type":"accel","timestamp":1531636268058,"x":1.5097808837890625,"y":7.2202606201171875,"z":-2.3724212646484375,"roomId":5555}
{"type":"gyro","timestamp":1531636268059,"x":0.161224365234375,"y":2.6996307373046875,"z":-0.3034820556640625,"roomId":5555}
{"type":"accel","timestamp":1531636268078,"x":1.7111358642578125,"y":6.0291900634765625,"z":-1.769866943359375,"roomId":5555}
{"type":"gyro","timestamp":1531636268080,"x":0.8808135986328125,"y":3.7812652587890625,"z":0.111419677734375,"roomId":5555}
{"type":"accel","timestamp":1531636268089,"x":2.4486236572265625,"y":5.5953521728515625,"z":-2.3159942626953125,"roomId":5555}
{"type":"gyro","timestamp":1531636268092,"x":1.25341796875,"y":4.31268310546875,"z":0.31573486328125,"roomId":5555}
{"type":"accel","timestamp":1531636268107,"x":4.10296630859375,"y":5.2653656005859375,"z":-4.6042022705078125,"roomId":5555}
{"type":"gyro","timestamp":1531636268108,"x":1.726318359375,"y":5.2447967529296875,"z":0.60247802734375,"roomId":5555}
{"type":"accel","timestamp":1531636268117,"x":4.957122802734375,"y":5.19122314453125,"z":-5.18145751953125,"roomId":5555}
{"type":"accel","timestamp":1531636268127,"x":5.4957275390625,"y":5.103302001953125,"z":-5.2094573974609375,"roomId":5555}
{"type":"gyro","timestamp":1531636268129,"x":1.7552337646484375,"y":6.13189697265625,"z":0.679931640625,"roomId":5555}
{"type":"accel","timestamp":1531636268137,"x":5.5601806640625,"y":4.885894775390625,"z":-4.8444671630859375,"roomId":5555}
{"type":"gyro","timestamp":1531636268146,"x":1.707489013671875,"y":6.8507537841796875,"z":0.658843994140625,"roomId":5555}
{"type":"accel","timestamp":1531636268156,"x":5.5854949951171875,"y":4.003509521484375,"z":-3.5877838134765625,"roomId":5555}
{"type":"gyro","timestamp":1531636268157,"x":1.7473297119140625,"y":6.97198486328125,"z":0.666717529296875,"roomId":5555}
{"type":"accel","timestamp":1531636268166,"x":5.4652557373046875,"y":3.367431640625,"z":-3.18389892578125,"roomId":5555}
{"type":"gyro","timestamp":1531636268167,"x":1.836395263671875,"y":6.985321044921875,"z":0.708160400390625,"roomId":5555}
{"type":"accel","timestamp":1531636268187,"x":6.881622314453125,"y":2.6618194580078125,"z":-3.3952178955078125,"roomId":5555}
{"type":"gyro","timestamp":1531636268188,"x":2.070343017578125,"y":6.860015869140625,"z":0.89678955078125,"roomId":5555}
{"type":"accel","timestamp":1531636268207,"x":7.964996337890625,"y":3.2940673828125,"z":-4.1160430908203125,"roomId":5555}
{"type":"gyro","timestamp":1531636268208,"x":1.98870849609375,"y":7.10284423828125,"z":1.0430908203125,"roomId":5555}
{"type":"accel","timestamp":1531636268226,"x":6.81787109375,"y":3.8181304931640625,"z":-3.25830078125,"roomId":5555}
{"type":"gyro","timestamp":1531636268228,"x":1.492431640625,"y":7.5986328125,"z":1.25628662109375,"roomId":5555}
{"type":"accel","timestamp":1531636268236,"x":6.071136474609375,"y":3.8673858642578125,"z":-2.472442626953125,"roomId":5555}
{"type":"gyro","timestamp":1531636268245,"x":1.04034423828125,"y":7.2119598388671875,"z":1.4942169189453125,"roomId":5555}
{"type":"accel","timestamp":1531636268255,"x":6.4394378662109375,"y":4.1284332275390625,"z":-0.576263427734375,"roomId":5555}
{"type":"gyro","timestamp":1531636268256,"x":0.9926910400390625,"y":6.66522216796875,"z":1.50909423828125,"roomId":5555}
{"type":"accel","timestamp":1531636268266,"x":7.0943756103515625,"y":4.2165374755859375,"z":0.1863250732421875,"roomId":5555}
{"type":"gyro","timestamp":1531636268266,"x":1.063720703125,"y":6.0552215576171875,"z":1.4342498779296875,"roomId":5555}
{"type":"accel","timestamp":1531636268285,"x":7.870269775390625,"y":4.708526611328125,"z":0.89141845703125,"roomId":5555}
{"type":"gyro","timestamp":1531636268286,"x":1.2880096435546875,"y":5.1091766357421875,"z":1.02252197265625,"roomId":5555}
{"type":"accel","timestamp":1531636268295,"x":7.3469390869140625,"y":5.0817718505859375,"z":0.327972412109375,"roomId":5555}
{"type":"gyro","timestamp":1531636268296,"x":1.328094482421875,"y":4.7852630615234375,"z":0.776153564453125,"roomId":5555}
{"type":"accel","timestamp":1531636268305,"x":6.3255767822265625,"y":5.4921722412109375,"z":-0.5023345947265625,"roomId":5555}
{"type":"gyro","timestamp":1531636268306,"x":1.2978973388671875,"y":4.3446197509765625,"z":0.5821075439453125,"roomId":5555}
{"type":"accel","timestamp":1531636268318,"x":5.8281707763671875,"y":5.84832763671875,"z":-1.0498046875,"roomId":5555}
{"type":"gyro","timestamp":1531636268319,"x":1.2259674072265625,"y":3.6621246337890625,"z":0.44384765625,"roomId":5555}
{"type":"accel",