{"type":"accel","timestamp":1531636182061,"x":0.3849029541015625,"y":4.84991455078125,"z":3.5748443603515625,"roomId":5555}
{"type":"gyro","timestamp":1531636182063,"x":0.4695587158203125,"y":-0.0803680419921875,"z":0.2496337890625,"roomId":5555}
{"type":"accel","timestamp":1531636182081,"x":1.8532562255859375,"y":5.5323028564453125,"z":2.972076416015625,"roomId":5555}
{"type":"gyro","timestamp":1531636182083,"x":0.3784027099609375,"y":-0.4068603515625,"z":0.3640594482421875,"roomId":5555}
{"type":"accel","timestamp":1531636182102,"x":4.0223388671875,"y":6.241790771484375,"z":3.4876708984375,"roomId":5555}
{"type":"gyro","timestamp":1531636182104,"x":0.1587371826171875,"y":-0.575592041015625,"z":0.32940673828125,"roomId":5555}
{"type":"accel","timestamp":1531636182120,"x":4.7573394775390625,"y":6.499603271484375,"z":3.86700439453125,"roomId":5555}
{"type":"gyro","timestamp":1531636182123,"x":-0.0555419921875,"y":-0.4253997802734375,"z":0.176727294921875,"roomId":5555}
{"type":"accel","timestamp":1531636182131,"x":4.5767822265625,"y":6.4588165283203125,"z":3.8628387451171875,"roomId":5555}
{"type":"gyro","timestamp":1531636182140,"x":-0.2766876220703125,"y":-0.162445068359375,"z":0.052276611328125,"roomId":5555}
{"type":"accel","timestamp":1531636182150,"x":3.926605224609375,"y":6.1524810791015625,"z":4.1519317626953125,"roomId":5555}
{"type":"gyro","timestamp":1531636182151,"x":-0.3854522705078125,"y":-0.1502532958984375,"z":0.0151519775390625,"roomId":5555}
{"type":"accel","timestamp":1531636182161,"x":3.7367706298828125,"y":5.8870697021484375,"z":5.0257110595703125,"roomId":5555}
{"type":"gyro","timestamp":1531636182163,"x":-0.4933624267578125,"y":-0.1884002685546875,"z":-0.0012664794921875,"roomId":5555}
{"type":"accel","timestamp":1531636182179,"x":4.55560302734375,"y":5.5613555908203125,"z":7.804840087890625,"roomId":5555}
{"type":"gyro","timestamp":1531636182180,"x":-0.5434112548828125,"y":-0.3357696533203125,"z":-0.0348968505859375,"roomId":5555}
{"type":"accel","timestamp":1531636182190,"x":4.5257720947265625,"y":5.4676055908203125,"z":8.781951904296875,"roomId":5555}
{"type":"gyro","timestamp":1531636182191,"x":-0.4537811279296875,"y":-0.3492279052734375,"z":-0.10198974609375,"roomId":5555}
{"type":"accel","timestamp":1531636182201,"x":3.7904815673828125,"y":5.2066497802734375,"z":8.981307983398438,"roomId":5555}
{"type":"gyro","timestamp":1531636182202,"x":-0.332672119140625,"y":-0.294921875,"z":-0.160888671875,"roomId":5555}
{"type":"accel","timestamp":1531636182218,"x":2.7250518798828125,"y":4.8226776123046875,"z":8.3287353515625,"roomId":5555}
{"type":"gyro","timestamp":1531636182219,"x":-0.1008148193359375,"y":-0.2288970947265625,"z":-0.1094818115234375,"roomId":5555}
{"type":"accel","timestamp":1531636182228,"x":2.9438323974609375,"y":4.84307861328125,"z":7.8440093994140625,"roomId":5555}
{"type":"gyro","timestamp":1531636182229,"x":0.0106964111328125,"y":-0.322052001953125,"z":-0.0464935302734375,"roomId":5555}
{"type":"accel","timestamp":1531636182240,"x":3.5680694580078125,"y":4.95025634765625,"z":7.4300537109375,"roomId":5555}
{"type":"gyro","timestamp":1531636182242,"x":0.1149139404296875,"y":-0.4964141845703125,"z":-0.0060272216796875,"roomId":5555}
{"type":"accel","timestamp":1531636182258,"x":4.6980743408203125,"y":4.8451690673828125,"z":6.55517578125,"roomId":5555}
{"type":"gyro","timestamp":1531636182259,"x":0.234649658203125,"y":-0.87310791015625,"z":-0.009521484375,"roomId":5555}
{"type":"accel","timestamp":1531636182268,"x":5.3608856201171875,"y":4.7049407958984375,"z":6.112884521484375,"roomId":5555}
{"type":"gyro","timestamp":1531636182269,"x":0.2356109619140625,"y":-1.1005859375,"z":-0.0224151611328125,"roomId":5555}
{"type":"accel","timestamp":1531636182278,"x":6.288787841796875,"y":4.859466552734375,"z":5.6300506591796875,"roomId":5555}
{"type":"gyro","timestamp":1531636182279,"x":0.2372283935546875,"y":-1.4654388427734375,"z":-0.0667572021484375,"roomId":5555}
{"type":"accel","timestamp":1531636182288,"x":6.8918609619140625,"y":4.9059295654296875,"z":5.2227630615234375,"roomId":5555}
{"type":"accel","timestamp":1531636182298,"x":7.2785491943359375,"y":4.6815338134765625,"z":4.979888916015625,"roomId":5555}
{"type":"gyro","timestamp":1531636182298,"x":0.2738037109375,"y":-2.94476318359375,"z":-0.3725738525390625,"roomId":5555}
{"type":"accel","timestamp":1531636182308,"x":7.9902496337890625,"y":4.3741455078125,"z":5.3712005615234375,"roomId":5555}
{"type":"gyro","timestamp":1531636182309,"x":0.3184814453125,"y":-4.0967254638671875,"z":-0.589691162109375,"roomId":5555}
{"type":"accel","timestamp":1531636182318,"x":9.211471557617188,"y":4.0210723876953125,"z":6.232147216796875,"roomId":5555}
{"type":"accel","timestamp":1531636182328,"x":10.519561767578125,"y":3.5098419189453125,"z":7.1066131591796875,"roomId":5555}
{"type":"gyro","timestamp":1531636182329,"x":0.4993438720703125,"y":-6.1767425537109375,"z":-1.0157928466796875,"roomId":5555}
{"type":"accel","timestamp":1531636182338,"x":11.683456420898438,"y":2.56646728515625,"z":7.8134613037109375,"roomId":5555}
{"type":"gyro","timestamp":1531636182339,"x":0.58416748046875,"y":-6.5154266357421875,"z":-1.17413330078125,"roomId":5555}
{"type":"accel","timestamp":1531636182348,"x":11.641708374023438,"y":1.993377685546875,"z":7.1273040771484375,"roomId":5555}
{"type":"gyro","timestamp":1531636182349,"x":0.6764373779296875,"y":-6.363922119140625,"z":-1.2366790771484375,"roomId":5555}
{"type":"accel","timestamp":1531636182358,"x":11.045150756835938,"y":2.0527801513671875,"z":5.275482177734375,"roomId":5555}
{"type":"gyro","timestamp":1531636182359,"x":0.7496185302734375,"y":-5.985992431640625,"z":-1.1791229248046875,"roomId":5555}
{"type":"accel","timestamp":1531636182369,"x":10.993820190429688,"y":2.1004486083984375,"z":3.1260986328125,"roomId":5555}
{"type":"gyro","timestamp":1531636182369,"x":0.74444580078125,"y":-5.7722930908203125,"z":-1.0828094482421875,"roomId":5555}
{"type":"accel","timestamp":1531636182379,"x":11.1654052734375,"y":2.641510009765625,"z":1.4780120849609375,"roomId":5555}
{"type":"gyro","timestamp":1531636182380,"x":0.6593475341796875,"y":-5.9385986328125,"z":-1.0631866455078125,"roomId":5555}
{"type":"accel","timestamp":1531636182398,"x":10.630020141601562,"y":4.3683319091796875,"z":0.0970458984375,"roomId":5555}
{"type":"gyro","timestamp":1531636182399,"x":0.3922271728515625,"y":-7.0083160400390625,"z":-1.3589935302734375,"roomId":5555}
{"type":"accel","timestamp":1531636182408,"x":10.178421020507812,"y":4.927001953125,"z":-0.1447296142578125,"roomId":5555}
{"type":"gyro","timestamp":1531636182409,"x":0.2875213623046875,"y":-7.565338134765625,"z":-1.5498809814453125,"roomId":5555}
{"type":"accel","timestamp":1531636182418,"x":9.942718505859375,"y":5.36700439453125,"z":-0.201904296875,"roomId":5555}
{"type":"gyro","timestamp":1531636182428,"x":0.06585693359375,"y":-8.159744262695312,"z":-1.818359375,"roomId":5555}
{"type":"accel","timestamp":1531636182438,"x":8.86602783203125,"y":5.8190460205078125,"z":-0.968841552734375,"roomId":5555}
{"type":"gyro","timestamp":1531636182438,"x":-0.1341400146484375,"y":-7.943389892578125,"z":-1.8801116943359375,"roomId":5555}
{"type":"accel","timestamp":1531636182449,"x":7.9822998046875,"y":6.0048828125,"z":-1.5181427001953125,"roomId":5555}
{"type":"gyro","timestamp":1531636182450,"x":-0.4214935302734375,"y":-7.4414215087890625,"z":-1.854766845703125,"roomId":5555}
{"type":"accel","timestamp":1531636182459,"x":7.2291259765625,"y":6.1864013671875,"z":-1.7627716064453125,"roomId":5555}
{"type":"gyro","timestamp":1531636182461,"x":-0.793670654296875,"y":-6.806884765625,"z":-1.7696990966796875,"roomId":5555}
{"type":"accel","timestamp":1531636182477,"x":5.08953857421875,"y":6.9052276611328125,"z":-1.3076629638671875,"roomId":5555}
{"type":"gyro","timestamp":1531636182478,"x":-1.592254638671875,"y":-5.7750701904296875,"z":-1.63775634765625,"roomId":5555}
{"type":"accel","timestamp":1531636182487,"x":3.7208099365234375,