{"type":"gyro","timestamp":1531636265764,"x":-0.162200927734375,"y":-0.121490478515625,"z":-0.401519775390625,"roomId":5555}
{"type":"accel","timestamp":1531636265773,"x":0.6864166259765625,"y":8.867538452148438,"z":-2.8080902099609375,"roomId":5555}
{"type":"gyro","timestamp":1531636265774,"x":-0.0101165771484375,"y":-0.0005950927734375,"z":-0.33709716796875,"roomId":5555}
{"type":"accel","timestamp":1531636265783,"x":0.2924652099609375,"y":9.066650390625,"z":-3.4543304443359375,"roomId":5555}
{"type":"gyro","timestamp":1531636265784,"x":0.13531494140625,"y":0.1286773681640625,"z":-0.244659423828125,"roomId":5555}
{"type":"accel","timestamp":1531636265803,"x":0.1876983642578125,"y":9.60400390625,"z":-4.6849365234375,"roomId":5555}
{"type":"gyro","timestamp":1531636265805,"x":0.1875152587890625,"y":0.2931671142578125,"z":-0.0182342529296875,"roomId":5555}
{"type":"accel","timestamp":1531636265821,"x":1.1024017333984375,"y":10.577774047851562,"z":-5.6888885498046875,"roomId":5555}
{"type":"gyro","timestamp":1531636265823,"x":-0.074432373046875,"y":0.3212127685546875,"z":0.1171112060546875,"roomId":5555}
{"type":"accel","timestamp":1531636265832,"x":1.6104278564453125,"y":10.910354614257812,"z":-5.8524322509765625,"roomId":5555}
{"type":"gyro","timestamp":1531636265841,"x":-0.4892578125,"y":0.3367767333984375,"z":0.0695648193359375,"roomId":5555}
{"type":"accel","timestamp":1531636265852,"x":2.0965118408203125,"y":10.787124633789062,"z":-5.26507568359375,"roomId":5555}
{"type":"gyro","timestamp":1531636265853,"x":-0.6895751953125,"y":0.389373779296875,"z":-0.001434326171875,"roomId":5555}
{"type":"accel","timestamp":1531636265863,"x":1.8236541748046875,"y":10.733871459960938,"z":-4.3629150390625,"roomId":5555}
{"type":"gyro","timestamp":1531636265865,"x":-0.8495330810546875,"y":0.4681854248046875,"z":-0.07318115234375,"roomId":5555}
{"type":"accel","timestamp":1531636265883,"x":0.784576416015625,"y":11.522918701171875,"z":-2.6665191650390625,"roomId":5555}
{"type":"gyro","timestamp":1531636265883,"x":-0.8815765380859375,"y":0.7878265380859375,"z":-0.0062713623046875,"roomId":5555}
{"type":"accel","timestamp":1531636265901,"x":1.1680450439453125,"y":12.8834228515625,"z":-1.671295166015625,"roomId":5555}
{"type":"gyro","timestamp":1531636265901,"x":-0.5619964599609375,"y":1.616424560546875,"z":0.34954833984375,"roomId":5555}
{"type":"accel","timestamp":1531636265911,"x":1.1047210693359375,"y":12.519012451171875,"z":-1.40423583984375,"roomId":5555}
{"type":"gyro","timestamp":1531636265913,"x":-0.378082275390625,"y":2.30694580078125,"z":0.570465087890625,"roomId":5555}
{"type":"accel","timestamp":1531636265921,"x":0.8511962890625,"y":11.635711669921875,"z":-1.2878265380859375,"roomId":5555}
{"type":"gyro","timestamp":1531636265923,"x":-0.1688690185546875,"y":3.072296142578125,"z":0.8598480224609375,"roomId":5555}
{"type":"accel","timestamp":1531636265933,"x":0.8942718505859375,"y":10.503753662109375,"z":-1.423431396484375,"roomId":5555}
{"type":"gyro","timestamp":1531636265934,"x":0.110595703125,"y":3.8244781494140625,"z":1.213165283203125,"roomId":5555}
{"type":"accel","timestamp":1531636265953,"x":1.806549072265625,"y":8.06109619140625,"z":-1.9091796875,"roomId":5555}
{"type":"gyro","timestamp":1531636265954,"x":0.761962890625,"y":5.1107025146484375,"z":1.947845458984375,"roomId":5555}
{"type":"accel","timestamp":1531636265963,"x":2.608062744140625,"y":6.8157501220703125,"z":-1.7985076904296875,"roomId":5555}
{"type":"gyro","timestamp":1531636265964,"x":1.0868988037109375,"y":5.5024261474609375,"z":2.26202392578125,"roomId":5555}
{"type":"accel","timestamp":1531636265983,"x":4.573974609375,"y":4.983428955078125,"z":-0.360321044921875,"roomId":5555}
{"type":"gyro","timestamp":1531636265985,"x":1.7731170654296875,"y":5.7474212646484375,"z":2.6892242431640625,"roomId":5555}
{"type":"accel","timestamp":1531636266002,"x":7.675048828125,"y":4.0367584228515625,"z":0.183349609375,"roomId":5555}
{"type":"gyro","timestamp":1531636266004,"x":2.674041748046875,"y":5.6691741943359375,"z":2.776397705078125,"roomId":5555}
{"type":"accel","timestamp":1531636266020,"x":9.546722412109375,"y":2.615570068359375,"z":-2.1109161376953125,"roomId":5555}
{"type":"gyro","timestamp":1531636266021,"x":3.6001434326171875,"y":5.7468719482421875,"z":2.654998779296875,"roomId":5555}
{"type":"accel","timestamp":1531636266033,"x":9.793106079101562,"y":2.2409820556640625,"z":-3.5750579833984375,"roomId":5555}
{"type":"gyro","timestamp":1531636266034,"x":3.8824615478515625,"y":5.9380950927734375,"z":2.557586669921875,"roomId":5555}
{"type":"accel","timestamp":1531636266052,"x":11.18145751953125,"y":2.1154022216796875,"z":-5.5865478515625,"roomId":5555}
{"type":"gyro","timestamp":1531636266053,"x":3.93426513671875,"y":6.5895843505859375,"z":2.2906494140625,"roomId":5555}
{"type":"accel","timestamp":1531636266073,"x":10.917190551757812,"y":2.5383148193359375,"z":-5.857391357421875,"roomId":5555}
{"type":"gyro","timestamp":1531636266075,"x":3.547393798828125,"y":7.030029296875,"z":1.6673431396484375,"roomId":5555}
{"type":"accel","timestamp":1531636266092,"x":9.193679809570312,"y":3.5848236083984375,"z":-5.512664794921875,"roomId":5555}
{"type":"gyro","timestamp":1531636266094,"x":2.6770782470703125,"y":6.6554718017578125,"z":0.92071533203125,"roomId":5555}
{"type":"accel","timestamp":1531636266103,"x":8.682968139648438,"y":4.0385894775390625,"z":-4.5907135009765625,"roomId":5555}
{"type":"gyro","timestamp":1531636266104,"x":1.8753204345703125,"y":6.0450592041015625,"z":0.4718017578125,"roomId":5555}
{"type":"accel","timestamp":1531636266121,"x":7.9580230712890625,"y":3.6165618896484375,"z":1.16339111328125,"roomId":5555}
{"type":"gyro","timestamp":1531636266123,"x":0.7220306396484375,"y":5.27935791015625,"z":-0.44537353515625,"roomId":5555}
{"type":"accel","timestamp":1531636266139,"x":6.6429595947265625,"y":1.7869873046875,"z":2.4732666015625,"roomId":5555}
{"type":"gyro","timestamp":1531636266140,"x":1.3072509765625,"y":4.12078857421875,"z":-1.13818359375,"roomId":5555}
{"type":"accel","timestamp":1531636266150,"x":4.69927978515625,"y":1.4056854248046875,"z":1.3777923583984375,"roomId":5555}
{"type":"gyro","timestamp":1531636266151,"x":1.63739013671875,"y":3.639312744140625,"z":-1.3397369384765625,"roomId":5555}
{"type":"accel","timestamp":1531636266160,"x":3.8718414306640625,"y":1.5861968994140625,"z":0.937530517578125,"roomId":5555}
{"type":"gyro","timestamp":1531636266161,"x":1.7984619140625,"y":3.2113037109375,"z":-1.3411407470703125,"roomId":5555}
{"type":"accel","timestamp":1531636266170,"x":3.4813079833984375,"y":2.13018798828125,"z":1.1498260498046875,"roomId":5555}
{"type":"accel","timestamp":1531636266181,"x":3.1210174560546875,"y":2.7801971435546875,"z":1.609222412109375,"roomId":5555}
{"type":"gyro","timestamp":1531636266182,"x":1.767547607421875,"y":2.6049957275390625,"z":-1.133697509765625,"roomId":5555}
{"type":"accel","timestamp":1531636266191,"x":3.451019287109375,"y":3.1824951171875,"z":1.8798370361328125,"roomId":5555}
{"type":"gyro","timestamp":1531636266192,"x":1.7404632568359375,"y":2.5034027099609375,"z":-0.97637939453125,"roomId":5555}
{"type":"accel","timestamp":1531636266210,"x":3.6396331787109375,"y":3.6014862060546875,"z":1.485137939453125,"roomId":5555}
{"type":"gyro","timestamp":1531636266211,"x":1.74163818359375,"y":2.501922607421875,"z":-0.684814453125,"roomId":5555}
{"type":"accel","timestamp":1531636266220,"x":3.4584197998046875,"y":3.9135284423828125,"z":0.7871551513671875,"roomId":5555}
{"type":"accel","timestamp":1531636266230,"x":3.4565277099609375,"y":4.2720184326171875,"z":0.0483856201171875,"roomId":5555}
{"type":"gyro","timestamp":1531636266234,"x":1.606048583984375,"y":2.5947418212890625,"z":-0.330841064453125,"roomId":5555}
{"type":"accel","timestamp":1531636266240,"x":3.2807159423828125,"y":4.6165771484375,"z":-0.8773651123046875,"roomId":5555}
{"type":"accel","timestamp":1531636266250,"x":3.059356689453125,"y":5.0538330078125,