{"type":"accel","timestamp":1531636305681,"x":3.1453399658203125,"y":4.0788421630859375,"z":-4.3625640869140625,"roomId":5555}
{"type":"gyro","timestamp":1531636305682,"x":-0.9182891845703125,"y":0.048004150390625,"z":-0.1361236572265625,"roomId":5555}
{"type":"accel","timestamp":1531636305692,"x":2.6261138916015625,"y":3.9983978271484375,"z":-3.6300506591796875,"roomId":5555}
{"type":"gyro","timestamp":1531636305693,"x":-0.7242584228515625,"y":0.0522308349609375,"z":-0.166168212890625,"roomId":5555}
{"type":"accel","timestamp":1531636305703,"x":2.0742645263671875,"y":4.171966552734375,"z":-3.2603912353515625,"roomId":5555}
{"type":"gyro","timestamp":1531636305704,"x":-0.4601593017578125,"y":0.1390533447265625,"z":-0.1240386962890625,"roomId":5555}
{"type":"accel","timestamp":1531636305713,"x":1.7718963623046875,"y":4.6256103515625,"z":-3.72674560546875,"roomId":5555}
{"type":"gyro","timestamp":1531636305714,"x":-0.2004547119140625,"y":0.2583160400390625,"z":-0.0439300537109375,"roomId":5555}
{"type":"accel","timestamp":1531636305733,"x":1.5063018798828125,"y":5.8562164306640625,"z":-5.9935150146484375,"roomId":5555}
{"type":"gyro","timestamp":1531636305734,"x":0.0377655029296875,"y":0.3881683349609375,"z":0.0478057861328125,"roomId":5555}
{"type":"accel","timestamp":1531636305754,"x":1.5159454345703125,"y":6.0014801025390625,"z":-7.446929931640625,"roomId":5555}
{"type":"gyro","timestamp":1531636305756,"x":-0.060394287109375,"y":0.3402252197265625,"z":-0.00750732421875,"roomId":5555}
{"type":"accel","timestamp":1531636305764,"x":1.5211029052734375,"y":5.6358184814453125,"z":-7.0092010498046875,"roomId":5555}
{"type":"gyro","timestamp":1531636305766,"x":-0.1787872314453125,"y":0.30364990234375,"z":-0.06365966796875,"roomId":5555}
{"type":"accel","timestamp":1531636305782,"x":1.5774383544921875,"y":5.691619873046875,"z":-5.2559051513671875,"roomId":5555}
{"type":"gyro","timestamp":1531636305784,"x":-0.220947265625,"y":0.2462158203125,"z":-0.1258087158203125,"roomId":5555}
{"type":"accel","timestamp":1531636305792,"x":1.5555572509765625,"y":5.9889678955078125,"z":-4.8679656982421875,"roomId":5555}
{"type":"gyro","timestamp":1531636305801,"x":-0.0396881103515625,"y":0.2403564453125,"z":-0.1382598876953125,"roomId":5555}
{"type":"accel","timestamp":1531636305812,"x":1.024200439453125,"y":6.39080810546875,"z":-4.8738555908203125,"roomId":5555}
{"type":"gyro","timestamp":1531636305813,"x":0.0533599853515625,"y":0.262664794921875,"z":-0.113433837890625,"roomId":5555}
{"type":"accel","timestamp":1531636305832,"x":1.6857147216796875,"y":7.089263916015625,"z":-5.0093841552734375,"roomId":5555}
{"type":"gyro","timestamp":1531636305833,"x":0.15570068359375,"y":0.490631103515625,"z":0.026336669921875,"roomId":5555}
{"type":"accel","timestamp":1531636305843,"x":2.5609893798828125,"y":7.7089385986328125,"z":-5.171112060546875,"roomId":5555}
{"type":"gyro","timestamp":1531636305844,"x":0.1343536376953125,"y":0.85906982421875,"z":0.0654296875,"roomId":5555}
{"type":"accel","timestamp":1531636305853,"x":3.3958282470703125,"y":8.24200439453125,"z":-5.2662811279296875,"roomId":5555}
{"type":"gyro","timestamp":1531636305854,"x":0.0606231689453125,"y":1.4669952392578125,"z":0.0443878173828125,"roomId":5555}
{"type":"accel","timestamp":1531636305871,"x":3.1771240234375,"y":9.056076049804688,"z":-5.2400360107421875,"roomId":5555}
{"type":"gyro","timestamp":1531636305872,"x":-0.098907470703125,"y":2.993499755859375,"z":-0.1355133056640625,"roomId":5555}
{"type":"accel","timestamp":1531636305890,"x":1.2163238525390625,"y":9.026016235351562,"z":-4.9759521484375,"roomId":5555}
{"type":"gyro","timestamp":1531636305890,"x":0.01434326171875,"y":4.165283203125,"z":-0.2251739501953125,"roomId":5555}
{"type":"accel","timestamp":1531636305900,"x":1.17333984375,"y":8.814361572265625,"z":-5.056396484375,"roomId":5555}
{"type":"gyro","timestamp":1531636305900,"x":0.2192230224609375,"y":4.5370025634765625,"z":-0.12799072265625,"roomId":5555}
{"type":"accel","timestamp":1531636305910,"x":1.682342529296875,"y":8.776214599609375,"z":-5.38079833984375,"roomId":5555}
{"type":"gyro","timestamp":1531636305910,"x":0.4751434326171875,"y":4.8872222900390625,"z":0.008056640625,"roomId":5555}
{"type":"accel","timestamp":1531636305929,"x":3.4271240234375,"y":8.168777465820312,"z":-5.8502044677734375,"roomId":5555}
{"type":"gyro","timestamp":1531636305931,"x":0.9678497314453125,"y":5.6941070556640625,"z":0.2505645751953125,"roomId":5555}
{"type":"accel","timestamp":1531636305940,"x":4.503143310546875,"y":7.391204833984375,"z":-5.72894287109375,"roomId":5555}
{"type":"gyro","timestamp":1531636305941,"x":1.1819915771484375,"y":6.0648345947265625,"z":0.3486480712890625,"roomId":5555}
{"type":"accel","timestamp":1531636305951,"x":5.6679840087890625,"y":6.4921417236328125,"z":-5.382781982421875,"roomId":5555}
{"type":"gyro","timestamp":1531636305953,"x":1.4058074951171875,"y":6.424285888671875,"z":0.4440765380859375,"roomId":5555}
{"type":"accel","timestamp":1531636305961,"x":7.042510986328125,"y":5.7004547119140625,"z":-5.4546661376953125,"roomId":5555}
{"type":"accel","timestamp":1531636305971,"x":8.478485107421875,"y":5.154510498046875,"z":-5.934967041015625,"roomId":5555}
{"type":"gyro","timestamp":1531636305973,"x":1.905548095703125,"y":7.1807708740234375,"z":0.600799560546875,"roomId":5555}
{"type":"accel","timestamp":1531636305989,"x":10.935211181640625,"y":4.19732666015625,"z":-6.6766357421875,"roomId":5555}
{"type":"gyro","timestamp":1531636305990,"x":2.1211700439453125,"y":7.9108734130859375,"z":0.5787811279296875,"roomId":5555}
{"type":"accel","timestamp":1531636306000,"x":11.978240966796875,"y":3.7728424072265625,"z":-6.5655517578125,"roomId":5555}
{"type":"gyro","timestamp":1531636306001,"x":2.0567626953125,"y":8.18304443359375,"z":0.4526824951171875,"roomId":5555}
{"type":"accel","timestamp":1531636306010,"x":12.764328002929688,"y":3.409820556640625,"z":-6.01025390625,"roomId":5555}
{"type":"gyro","timestamp":1531636306012,"x":1.929351806640625,"y":8.332000732421875,"z":0.24224853515625,"roomId":5555}
{"type":"accel","timestamp":1531636306020,"x":12.827896118164062,"y":3.0759735107421875,"z":-5.089080810546875,"roomId":5555}
{"type":"gyro","timestamp":1531636306021,"x":1.7963409423828125,"y":8.3206787109375,"z":-0.0312042236328125,"roomId":5555}
{"type":"accel","timestamp":1531636306038,"x":11.020095825195312,"y":2.3862152099609375,"z":-2.88751220703125,"roomId":5555}
{"type":"gyro","timestamp":1531636306040,"x":1.622100830078125,"y":7.703521728515625,"z":-0.5095062255859375,"roomId":5555}
{"type":"accel","timestamp":1531636306054,"x":10.171661376953125,"y":2.3444366455078125,"z":-2.1537017822265625,"roomId":5555}
{"type":"gyro","timestamp":1531636306056,"x":1.562225341796875,"y":7.060211181640625,"z":-0.6195831298828125,"roomId":5555}
{"type":"accel","timestamp":1531636306070,"x":9.330703735351562,"y":3.1404571533203125,"z":-0.708953857421875,"roomId":5555}
{"type":"gyro","timestamp":1531636306073,"x":1.3118438720703125,"y":5.4578399658203125,"z":-0.6724395751953125,"roomId":5555}
{"type":"accel","timestamp":1531636306080,"x":9.180862426757812,"y":3.6347198486328125,"z":0.4400482177734375,"roomId":5555}
{"type":"accel","timestamp":1531636306090,"x":8.461074829101562,"y":3.9307403564453125,"z":1.4603118896484375,"roomId":5555}
{"type":"gyro","timestamp":1531636306091,"x":0.8861541748046875,"y":4.070343017578125,"z":-0.920379638671875,"roomId":5555}
{"type":"accel","timestamp":1531636306100,"x":7.416717529296875,"y":3.9021759033203125,"z":2.35101318359375,"roomId":5555}
{"type":"gyro","timestamp":1531636306103,"x":0.704681396484375,"y":3.489532470703125,"z":-1.0987091064453125,"roomId":5555}
{"type":"accel","timestamp":1531636306118,"x":6.7147216796875,"y":3.118927001953125,"z":4.178741455078125,"roomId":5555}
{"type":"gyro","timestamp":1531636306120,"x":0.51715087890625,"y":2.27923583984375,"z":-1.3200836181640625,"roomId":5555}
{"type":"accel","timestamp":1531636306129,"x":7.1519775390625,