{"type":"gyro","timestamp":1531636314603,"x":0.4742279052734375,"y":-0.115570068359375,"z":-0.1287689208984375,"roomId":5555}
{"type":"accel","timestamp":1531636314613,"x":2.052947998046875,"y":5.6184234619140625,"z":-8.073226928710938,"roomId":5555}
{"type":"gyro","timestamp":1531636314614,"x":0.3601226806640625,"y":-0.0778045654296875,"z":-0.134002685546875,"roomId":5555}
{"type":"accel","timestamp":1531636314632,"x":1.2459716796875,"y":6.2961578369140625,"z":-9.280319213867188,"roomId":5555}
{"type":"gyro","timestamp":1531636314633,"x":-0.06646728515625,"y":0.0828857421875,"z":-0.0717926025390625,"roomId":5555}
{"type":"accel","timestamp":1531636314652,"x":1.11328125,"y":5.8968353271484375,"z":-9.028640747070312,"roomId":5555}
{"type":"gyro","timestamp":1531636314653,"x":-0.485565185546875,"y":0.1718597412109375,"z":-0.03985595703125,"roomId":5555}
{"type":"accel","timestamp":1531636314672,"x":2.1150970458984375,"y":5.5457611083984375,"z":-7.133636474609375,"roomId":5555}
{"type":"gyro","timestamp":1531636314674,"x":-0.581329345703125,"y":0.000762939453125,"z":-0.08001708984375,"roomId":5555}
{"type":"accel","timestamp":1531636314692,"x":2.154510498046875,"y":4.940032958984375,"z":-6.0182952880859375,"roomId":5555}
{"type":"gyro","timestamp":1531636314694,"x":-0.408233642578125,"y":0.0470428466796875,"z":-0.0936279296875,"roomId":5555}
{"type":"accel","timestamp":1531636314702,"x":2.2321014404296875,"y":4.8756256103515625,"z":-5.6693572998046875,"roomId":5555}
{"type":"gyro","timestamp":1531636314704,"x":-0.333221435546875,"y":0.16143798828125,"z":-0.0553131103515625,"roomId":5555}
{"type":"accel","timestamp":1531636314722,"x":2.5937042236328125,"y":5.2783660888671875,"z":-5.2770843505859375,"roomId":5555}
{"type":"gyro","timestamp":1531636314724,"x":-0.154052734375,"y":0.4740753173828125,"z":-0.0302581787109375,"roomId":5555}
{"type":"accel","timestamp":1531636314740,"x":3.1953277587890625,"y":6.633270263671875,"z":-7.07720947265625,"roomId":5555}
{"type":"gyro","timestamp":1531636314740,"x":0.1198577880859375,"y":0.9745635986328125,"z":-0.1272430419921875,"roomId":5555}
{"type":"accel","timestamp":1531636314750,"x":3.43878173828125,"y":7.493865966796875,"z":-8.407867431640625,"roomId":5555}
{"type":"gyro","timestamp":1531636314751,"x":0.1578826904296875,"y":1.37054443359375,"z":-0.2165374755859375,"roomId":5555}
{"type":"accel","timestamp":1531636314771,"x":2.3787384033203125,"y":8.049835205078125,"z":-9.231857299804688,"roomId":5555}
{"type":"gyro","timestamp":1531636314772,"x":-0.026580810546875,"y":2.133636474609375,"z":-0.485870361328125,"roomId":5555}
{"type":"accel","timestamp":1531636314791,"x":2.238250732421875,"y":8.166793823242188,"z":-6.8596954345703125,"roomId":5555}
{"type":"gyro","timestamp":1531636314793,"x":-0.218414306640625,"y":2.391387939453125,"z":-0.8010406494140625,"roomId":5555}
{"type":"accel","timestamp":1531636314802,"x":2.333465576171875,"y":7.862640380859375,"z":-5.1842803955078125,"roomId":5555}
{"type":"gyro","timestamp":1531636314804,"x":-0.1587371826171875,"y":2.623291015625,"z":-0.943634033203125,"roomId":5555}
{"type":"accel","timestamp":1531636314812,"x":2.3892822265625,"y":7.2151336669921875,"z":-4.130645751953125,"roomId":5555}
{"type":"gyro","timestamp":1531636314813,"x":0.072418212890625,"y":3.0944976806640625,"z":-1.0067596435546875,"roomId":5555}
{"type":"accel","timestamp":1531636314822,"x":2.6743011474609375,"y":6.5855560302734375,"z":-3.89013671875,"roomId":5555}
{"type":"gyro","timestamp":1531636314824,"x":0.437835693359375,"y":3.7801055908203125,"z":-0.9656829833984375,"roomId":5555}
{"type":"accel","timestamp":1531636314840,"x":3.7786712646484375,"y":5.3181915283203125,"z":-5.1567230224609375,"roomId":5555}
{"type":"gyro","timestamp":1531636314842,"x":1.27520751953125,"y":5.3280181884765625,"z":-0.6973114013671875,"roomId":5555}
{"type":"accel","timestamp":1531636314860,"x":4.1443023681640625,"y":4.446746826171875,"z":-7.2731475830078125,"roomId":5555}
{"type":"gyro","timestamp":1531636314860,"x":1.8340606689453125,"y":6.5030059814453125,"z":-0.3863372802734375,"roomId":5555}
{"type":"accel","timestamp":1531636314870,"x":4.7279510498046875,"y":4.3556365966796875,"z":-8.364715576171875,"roomId":5555}
{"type":"gyro","timestamp":1531636314872,"x":1.9342803955078125,"y":6.7179718017578125,"z":-0.2098388671875,"roomId":5555}
{"type":"accel","timestamp":1531636314880,"x":5.351470947265625,"y":4.59014892578125,"z":-9.0277099609375,"roomId":5555}
{"type":"accel","timestamp":1531636314892,"x":5.8351287841796875,"y":4.698516845703125,"z":-9.062515258789062,"roomId":5555}
{"type":"gyro","timestamp":1531636314894,"x":1.755126953125,"y":6.6686248779296875,"z":0.007171630859375,"roomId":5555}
{"type":"accel","timestamp":1531636314910,"x":8.248092651367188,"y":4.20697021484375,"z":-7.252593994140625,"roomId":5555}
{"type":"gyro","timestamp":1531636314911,"x":1.1882171630859375,"y":6.6775054931640625,"z":0.0387115478515625,"roomId":5555}
{"type":"accel","timestamp":1531636314920,"x":9.480941772460938,"y":3.960968017578125,"z":-5.4723358154296875,"roomId":5555}
{"type":"gyro","timestamp":1531636314929,"x":0.85015869140625,"y":6.8930511474609375,"z":-0.15472412109375,"roomId":5555}
{"type":"accel","timestamp":1531636314938,"x":10.62445068359375,"y":2.7400054931640625,"z":-2.229217529296875,"roomId":5555}
{"type":"gyro","timestamp":1531636314939,"x":0.936920166015625,"y":7.0260162353515625,"z":-0.23907470703125,"roomId":5555}
{"type":"accel","timestamp":1531636314949,"x":10.67840576171875,"y":2.2333221435546875,"z":-1.190704345703125,"roomId":5555}
{"type":"gyro","timestamp":1531636314950,"x":1.136932373046875,"y":7.11700439453125,"z":-0.2853240966796875,"roomId":5555}
{"type":"accel","timestamp":1531636314970,"x":9.640090942382812,"y":2.165740966796875,"z":-0.6334228515625,"roomId":5555}
{"type":"gyro","timestamp":1531636314972,"x":1.52734375,"y":6.8065185546875,"z":-0.25152587890625,"roomId":5555}
{"type":"accel","timestamp":1531636314990,"x":10.440475463867188,"y":2.8251800537109375,"z":-0.8425140380859375,"roomId":5555}
{"type":"gyro","timestamp":1531636314992,"x":1.54949951171875,"y":5.957305908203125,"z":-0.3607330322265625,"roomId":5555}
{"type":"accel","timestamp":1531636315001,"x":10.27862548828125,"y":2.9512939453125,"z":-0.730926513671875,"roomId":5555}
{"type":"gyro","timestamp":1531636315002,"x":1.4570159912109375,"y":5.54180908203125,"z":-0.5949859619140625,"roomId":5555}
{"type":"accel","timestamp":1531636315011,"x":9.462661743164062,"y":2.8560028076171875,"z":-0.4627227783203125,"roomId":5555}
{"type":"gyro","timestamp":1531636315013,"x":1.34600830078125,"y":5.1041412353515625,"z":-0.877227783203125,"roomId":5555}
{"type":"accel","timestamp":1531636315021,"x":8.593292236328125,"y":2.6988372802734375,"z":-0.15386962890625,"roomId":5555}
{"type":"gyro","timestamp":1531636315023,"x":1.251007080078125,"y":4.5969085693359375,"z":-1.13592529296875,"roomId":5555}
{"type":"accel","timestamp":1531636315037,"x":6.8872222900390625,"y":2.5153961181640625,"z":0.2981414794921875,"roomId":5555}
{"type":"gyro","timestamp":1531636315038,"x":1.1464996337890625,"y":3.4774627685546875,"z":-1.4959869384765625,"roomId":5555}
{"type":"accel","timestamp":1531636315048,"x":6.160186767578125,"y":2.566802978515625,"z":0.6581268310546875,"roomId":5555}
{"type":"gyro","timestamp":1531636315049,"x":1.12274169921875,"y":2.928009033203125,"z":-1.56964111328125,"roomId":5555}
{"type":"accel","timestamp":1531636315067,"x":5.6075897216796875,"y":3.1215972900390625,"z":0.5907745361328125,"roomId":5555}
{"type":"gyro","timestamp":1531636315068,"x":1.1312255859375,"y":1.948272705078125,"z":-1.5715789794921875,"roomId":5555}
{"type":"accel","timestamp":1531636315078,"x":5.816864013671875,"y":3.78155517578125,"z":0.22076416015625,"roomId":5555}
{"type":"gyro","timestamp":1531636315079,"x":1.156646728515625,"y":1.4946746826171875,"z":-1.5800323486328125,"roomId":5555}
{"type":"accel","timestamp":1531636315090,"x":5.7204742431640625,