{"type":"accel","timestamp":1531636256883,"x":5.551116943359375,"y":4.113922119140625,"z":-0.4113922119140625,"roomId":5555}
{"type":"gyro","timestamp":1531636256884,"x":1.1770782470703125,"y":4.4777374267578125,"z":1.7569580078125,"roomId":5555}
{"type":"accel","timestamp":1531636256895,"x":6.764068603515625,"y":3.824554443359375,"z":-0.1221160888671875,"roomId":5555}
{"type":"gyro","timestamp":1531636256896,"x":1.4301605224609375,"y":4.955474853515625,"z":2.0117645263671875,"roomId":5555}
{"type":"accel","timestamp":1531636256913,"x":9.21502685546875,"y":3.19256591796875,"z":-0.3239288330078125,"roomId":5555}
{"type":"gyro","timestamp":1531636256914,"x":1.9771575927734375,"y":5.5013275146484375,"z":2.2208404541015625,"roomId":5555}
{"type":"accel","timestamp":1531636256923,"x":10.46429443359375,"y":2.8100738525390625,"z":-0.8967437744140625,"roomId":5555}
{"type":"gyro","timestamp":1531636256925,"x":2.22100830078125,"y":5.68646240234375,"z":2.1988067626953125,"roomId":5555}
{"type":"accel","timestamp":1531636256934,"x":11.2626953125,"y":2.3422088623046875,"z":-1.6393585205078125,"roomId":5555}
{"type":"gyro","timestamp":1531636256935,"x":2.3881072998046875,"y":5.9679107666015625,"z":2.1309356689453125,"roomId":5555}
{"type":"accel","timestamp":1531636256953,"x":11.823226928710938,"y":1.405792236328125,"z":-2.47747802734375,"roomId":5555}
{"type":"gyro","timestamp":1531636256954,"x":2.3633270263671875,"y":6.761688232421875,"z":2.000213623046875,"roomId":5555}
{"type":"accel","timestamp":1531636256963,"x":11.9700927734375,"y":1.0743865966796875,"z":-2.2697906494140625,"roomId":5555}
{"type":"gyro","timestamp":1531636256964,"x":2.2098846435546875,"y":7.02960205078125,"z":1.91693115234375,"roomId":5555}
{"type":"accel","timestamp":1531636256983,"x":11.77545166015625,"y":0.766204833984375,"z":-0.968475341796875,"roomId":5555}
{"type":"gyro","timestamp":1531636256984,"x":1.867584228515625,"y":6.8365631103515625,"z":1.6152801513671875,"roomId":5555}
{"type":"accel","timestamp":1531636257003,"x":11.239776611328125,"y":0.6390228271484375,"z":0.4124603271484375,"roomId":5555}
{"type":"gyro","timestamp":1531636257005,"x":1.700103759765625,"y":5.823089599609375,"z":1.0548858642578125,"roomId":5555}
{"type":"accel","timestamp":1531636257024,"x":10.499755859375,"y":0.8377685546875,"z":1.269073486328125,"roomId":5555}
{"type":"gyro","timestamp":1531636257025,"x":1.732208251953125,"y":4.4186859130859375,"z":0.305877685546875,"roomId":5555}
{"type":"accel","timestamp":1531636257044,"x":9.019088745117188,"y":1.2658233642578125,"z":2.2160491943359375,"roomId":5555}
{"type":"gyro","timestamp":1531636257046,"x":1.7469482421875,"y":3.2535400390625,"z":-0.4557952880859375,"roomId":5555}
{"type":"accel","timestamp":1531636257054,"x":8.250640869140625,"y":1.2811431884765625,"z":2.758636474609375,"roomId":5555}
{"type":"gyro","timestamp":1531636257055,"x":1.7298583984375,"y":2.8845062255859375,"z":-0.743743896484375,"roomId":5555}
{"type":"accel","timestamp":1531636257064,"x":7.1794891357421875,"y":1.2050018310546875,"z":3.126983642578125,"roomId":5555}
{"type":"gyro","timestamp":1531636257065,"x":1.735443115234375,"y":2.6028900146484375,"z":-0.9487457275390625,"roomId":5555}
{"type":"accel","timestamp":1531636257081,"x":4.7727203369140625,"y":0.92633056640625,"z":2.799713134765625,"roomId":5555}
{"type":"gyro","timestamp":1531636257081,"x":1.84149169921875,"y":1.9875946044921875,"z":-1.0350189208984375,"roomId":5555}
{"type":"accel","timestamp":1531636257092,"x":4.561737060546875,"y":1.0262298583984375,"z":2.1711273193359375,"roomId":5555}
{"type":"gyro","timestamp":1531636257093,"x":1.88677978515625,"y":1.6192626953125,"z":-0.9195098876953125,"roomId":5555}
{"type":"accel","timestamp":1531636257111,"x":5.9481353759765625,"y":2.1408843994140625,"z":1.55535888671875,"roomId":5555}
{"type":"gyro","timestamp":1531636257113,"x":1.7722625732421875,"y":1.0200958251953125,"z":-0.6658782958984375,"roomId":5555}
{"type":"accel","timestamp":1531636257131,"x":6.6436920166015625,"y":3.3781890869140625,"z":1.5793609619140625,"roomId":5555}
{"type":"gyro","timestamp":1531636257133,"x":1.4901580810546875,"y":1.0223846435546875,"z":-0.6272735595703125,"roomId":5555}
{"type":"accel","timestamp":1531636257152,"x":5.257720947265625,"y":3.717437744140625,"z":0.80364990234375,"roomId":5555}
{"type":"gyro","timestamp":1531636257154,"x":1.1536865234375,"y":1.48309326171875,"z":-0.5518341064453125,"roomId":5555}
{"type":"accel","timestamp":1531636257163,"x":4.4833984375,"y":3.9025115966796875,"z":0.2629241943359375,"roomId":5555}
{"type":"gyro","timestamp":1531636257165,"x":0.94403076171875,"y":1.6667938232421875,"z":-0.424591064453125,"roomId":5555}
{"type":"accel","timestamp":1531636257182,"x":4.2624053955078125,"y":4.5523529052734375,"z":-0.2446441650390625,"roomId":5555}
{"type":"gyro","timestamp":1531636257183,"x":0.57342529296875,"y":1.4808807373046875,"z":-0.090301513671875,"roomId":5555}
{"type":"accel","timestamp":1531636257200,"x":5.8217010498046875,"y":4.8881072998046875,"z":0.519805908203125,"roomId":5555}
{"type":"gyro","timestamp":1531636257201,"x":0.3048248291015625,"y":0.948150634765625,"z":-0.0413970947265625,"roomId":5555}
{"type":"accel","timestamp":1531636257211,"x":6.0677642822265625,"y":4.908843994140625,"z":1.070770263671875,"roomId":5555}
{"type":"gyro","timestamp":1531636257211,"x":0.2528228759765625,"y":0.7362823486328125,"z":-0.158966064453125,"roomId":5555}
{"type":"accel","timestamp":1531636257231,"x":5.2930908203125,"y":4.5677947998046875,"z":1.5402984619140625,"roomId":5555}
{"type":"gyro","timestamp":1531636257232,"x":0.2776031494140625,"y":0.57037353515625,"z":-0.2798614501953125,"roomId":5555}
{"type":"accel","timestamp":1531636257253,"x":4.3765716552734375,"y":4.3837738037109375,"z":1.277984619140625,"roomId":5555}
{"type":"gyro","timestamp":1531636257254,"x":0.2901763916015625,"y":0.717437744140625,"z":-0.0251007080078125,"roomId":5555}
{"type":"accel","timestamp":1531636257271,"x":4.660919189453125,"y":5.239837646484375,"z":-0.5290374755859375,"roomId":5555}
{"type":"gyro","timestamp":1531636257274,"x":0.0984649658203125,"y":0.730072021484375,"z":0.3905181884765625,"roomId":5555}
{"type":"accel","timestamp":1531636257281,"x":5.894256591796875,"y":5.4744415283203125,"z":0.544219970703125,"roomId":5555}
{"type":"gyro","timestamp":1531636257291,"x":-0.0537567138671875,"y":0.5666351318359375,"z":0.5264129638671875,"roomId":5555}
{"type":"accel","timestamp":1531636257302,"x":7.47894287109375,"y":5.9891204833984375,"z":-0.5499114990234375,"roomId":5555}
{"type":"gyro","timestamp":1531636257304,"x":-0.161102294921875,"y":0.4605560302734375,"z":0.42425537109375,"roomId":5555}
{"type":"accel","timestamp":1531636257319,"x":7.160064697265625,"y":5.797210693359375,"z":0.495574951171875,"roomId":5555}
{"type":"gyro","timestamp":1531636257320,"x":-0.2152099609375,"y":0.27593994140625,"z":0.1994476318359375,"roomId":5555}
{"type":"accel","timestamp":1531636257330,"x":6.9164581298828125,"y":5.529205322265625,"z":1.0761260986328125,"roomId":5555}
{"type":"gyro","timestamp":1531636257332,"x":-0.2626495361328125,"y":0.2020263671875,"z":0.148162841796875,"roomId":5555}
{"type":"accel","timestamp":1531636257348,"x":7.413970947265625,"y":5.623565673828125,"z":1.9706573486328125,"roomId":5555}
{"type":"gyro","timestamp":1531636257349,"x":-0.3007965087890625,"y":0.206390380859375,"z":0.188262939453125,"roomId":5555}
{"type":"accel","timestamp":1531636257358,"x":7.5996246337890625,"y":5.839691162109375,"z":1.998077392578125,"roomId":5555}
{"type":"gyro","timestamp":1531636257359,"x":-0.29718017578125,"y":0.3318939208984375,"z":0.21600341796875,"roomId":5555}
{"type":"accel","timestamp":1531636257370,"x":7.6352386474609375,"y":5.9661865234375,"z":1.9620208740234375,"roomId":5555}
{"type":"gyro","timestamp":1531636257371,"x":-0.298248291015625,"y":0.5300445556640625,"z":0.244873046875,"roomId":5555}
{"type":"accel","timestamp":1531636257389,"x":7.4078369140625,"y":6.0246429443359375,