{"type":"gyro","timestamp":1531636272468,"x":0.110931396484375,"y":0.333465576171875,"z":0.0902252197265625,"roomId":5555}
{"type":"accel","timestamp":1531636272477,"x":1.7523345947265625,"y":6.817718505859375,"z":-6.3826751708984375,"roomId":5555}
{"type":"gyro","timestamp":1531636272478,"x":0.1532440185546875,"y":0.407073974609375,"z":0.079437255859375,"roomId":5555}
{"type":"accel","timestamp":1531636272487,"x":2.0863800048828125,"y":6.8412628173828125,"z":-6.944122314453125,"roomId":5555}
{"type":"accel","timestamp":1531636272497,"x":2.33978271484375,"y":7.084991455078125,"z":-7.5238037109375,"roomId":5555}
{"type":"gyro","timestamp":1531636272499,"x":0.0699920654296875,"y":0.5405731201171875,"z":-0.0195465087890625,"roomId":5555}
{"type":"accel","timestamp":1531636272507,"x":2.212005615234375,"y":7.4498291015625,"z":-7.8550872802734375,"roomId":5555}
{"type":"accel","timestamp":1531636272518,"x":1.654083251953125,"y":7.7369384765625,"z":-8.027847290039062,"roomId":5555}
{"type":"gyro","timestamp":1531636272519,"x":-0.135162353515625,"y":0.57916259765625,"z":-0.245269775390625,"roomId":5555}
{"type":"accel","timestamp":1531636272536,"x":0.8573455810546875,"y":7.9122161865234375,"z":-7.81707763671875,"roomId":5555}
{"type":"gyro","timestamp":1531636272537,"x":-0.297882080078125,"y":0.6324615478515625,"z":-0.322784423828125,"roomId":5555}
{"type":"accel","timestamp":1531636272546,"x":1.1641387939453125,"y":8.09991455078125,"z":-7.5291595458984375,"roomId":5555}
{"type":"gyro","timestamp":1531636272547,"x":-0.38189697265625,"y":0.6645660400390625,"z":-0.2867584228515625,"roomId":5555}
{"type":"accel","timestamp":1531636272557,"x":1.9224090576171875,"y":8.546600341796875,"z":-7.1481475830078125,"roomId":5555}
{"type":"gyro","timestamp":1531636272557,"x":-0.4600372314453125,"y":0.7960968017578125,"z":-0.2647857666015625,"roomId":5555}
{"type":"accel","timestamp":1531636272576,"x":3.6625518798828125,"y":9.461166381835938,"z":-7.902587890625,"roomId":5555}
{"type":"gyro","timestamp":1531636272576,"x":-0.5825042724609375,"y":1.4271697998046875,"z":-0.378814697265625,"roomId":5555}
{"type":"accel","timestamp":1531636272587,"x":2.5723114013671875,"y":9.263153076171875,"z":-8.5987548828125,"roomId":5555}
{"type":"gyro","timestamp":1531636272588,"x":-0.7243194580078125,"y":1.8751220703125,"z":-0.491241455078125,"roomId":5555}
{"type":"accel","timestamp":1531636272597,"x":1.457122802734375,"y":8.755477905273438,"z":-8.541976928710938,"roomId":5555}
{"type":"gyro","timestamp":1531636272599,"x":-0.922119140625,"y":2.2593536376953125,"z":-0.54034423828125,"roomId":5555}
{"type":"accel","timestamp":1531636272617,"x":1.247802734375,"y":8.61199951171875,"z":-6.4544219970703125,"roomId":5555}
{"type":"gyro","timestamp":1531636272618,"x":-1.0716094970703125,"y":2.73785400390625,"z":-0.6494293212890625,"roomId":5555}
{"type":"accel","timestamp":1531636272629,"x":1.8602294921875,"y":8.66558837890625,"z":-5.2138671875,"roomId":5555}
{"type":"gyro","timestamp":1531636272630,"x":-0.930450439453125,"y":2.9529571533203125,"z":-0.73046875,"roomId":5555}
{"type":"accel","timestamp":1531636272646,"x":2.9252166748046875,"y":7.9489898681640625,"z":-4.507537841796875,"roomId":5555}
{"type":"gyro","timestamp":1531636272647,"x":-0.3574066162109375,"y":3.8062896728515625,"z":-0.887969970703125,"roomId":5555}
{"type":"accel","timestamp":1531636272656,"x":2.5552825927734375,"y":7.4257049560546875,"z":-5.1581573486328125,"roomId":5555}
{"type":"gyro","timestamp":1531636272656,"x":-0.0413055419921875,"y":4.4260101318359375,"z":-0.88043212890625,"roomId":5555}
{"type":"accel","timestamp":1531636272668,"x":2.6610107421875,"y":6.8311614990234375,"z":-5.748992919921875,"roomId":5555}
{"type":"gyro","timestamp":1531636272670,"x":0.2155914306640625,"y":5.03558349609375,"z":-0.7495880126953125,"roomId":5555}
{"type":"accel","timestamp":1531636272687,"x":3.410614013671875,"y":5.1685333251953125,"z":-6.0990142822265625,"roomId":5555}
{"type":"gyro","timestamp":1531636272688,"x":0.59765625,"y":6.17095947265625,"z":-0.438934326171875,"roomId":5555}
{"type":"gyro","timestamp":1531636272698,"x":0.7901458740234375,"y":6.5434417724609375,"z":-0.34942626953125,"roomId":5555}
{"type":"accel","timestamp":1531636272706,"x":4.7647552490234375,"y":4.2027740478515625,"z":-5.432708740234375,"roomId":5555}
{"type":"gyro","timestamp":1531636272708,"x":1.0260772705078125,"y":6.615509033203125,"z":-0.32452392578125,"roomId":5555}
{"type":"accel","timestamp":1531636272716,"x":5.263092041015625,"y":4.0768280029296875,"z":-4.869171142578125,"roomId":5555}
{"type":"gyro","timestamp":1531636272718,"x":1.3193206787109375,"y":6.428192138671875,"z":-0.3514404296875,"roomId":5555}
{"type":"accel","timestamp":1531636272736,"x":6.357940673828125,"y":3.6740875244140625,"z":-4.9097137451171875,"roomId":5555}
{"type":"gyro","timestamp":1531636272737,"x":1.8383026123046875,"y":6.017974853515625,"z":-0.3985443115234375,"roomId":5555}
{"type":"accel","timestamp":1531636272755,"x":7.4947967529296875,"y":3.108489990234375,"z":-4.47674560546875,"roomId":5555}
{"type":"gyro","timestamp":1531636272756,"x":2.007720947265625,"y":6.09197998046875,"z":-0.444549560546875,"roomId":5555}
{"type":"accel","timestamp":1531636272766,"x":6.92864990234375,"y":2.8808135986328125,"z":-4.9229736328125,"roomId":5555}
{"type":"gyro","timestamp":1531636272767,"x":1.97174072265625,"y":6.3481597900390625,"z":-0.4428558349609375,"roomId":5555}
{"type":"accel","timestamp":1531636272776,"x":6.40264892578125,"y":2.8686370849609375,"z":-5.89599609375,"roomId":5555}
{"type":"gyro","timestamp":1531636272779,"x":1.8255767822265625,"y":6.4873199462890625,"z":-0.3523712158203125,"roomId":5555}
{"type":"accel","timestamp":1531636272795,"x":6.38909912109375,"y":3.1651458740234375,"z":-5.9548187255859375,"roomId":5555}
{"type":"accel","timestamp":1531636272805,"x":5.97235107421875,"y":3.7035980224609375,"z":-4.4897003173828125,"roomId":5555}
{"type":"gyro","timestamp":1531636272807,"x":1.1118011474609375,"y":6.007293701171875,"z":-0.1967315673828125,"roomId":5555}
{"type":"accel","timestamp":1531636272816,"x":5.2207794189453125,"y":4.1282806396484375,"z":-3.1917877197265625,"roomId":5555}
{"type":"gyro","timestamp":1531636272816,"x":0.721038818359375,"y":5.7689208984375,"z":-0.224273681640625,"roomId":5555}
{"type":"accel","timestamp":1531636272834,"x":4.1444854736328125,"y":4.7169647216796875,"z":-1.5237884521484375,"roomId":5555}
{"type":"gyro","timestamp":1531636272834,"x":0.3036041259765625,"y":5.466796875,"z":-0.218597412109375,"roomId":5555}
{"type":"accel","timestamp":1531636272844,"x":3.786895751953125,"y":5.0241546630859375,"z":-0.866058349609375,"roomId":5555}
{"type":"gyro","timestamp":1531636272845,"x":0.1848602294921875,"y":5.2277069091796875,"z":-0.1362762451171875,"roomId":5555}
{"type":"accel","timestamp":1531636272856,"x":3.6591644287109375,"y":5.214752197265625,"z":-0.5796661376953125,"roomId":5555}
{"type":"gyro","timestamp":1531636272858,"x":0.0888214111328125,"y":4.9894256591796875,"z":-0.056060791015625,"roomId":5555}
{"type":"accel","timestamp":1531636272875,"x":3.6358489990234375,"y":5.3259429931640625,"z":-0.4320526123046875,"roomId":5555}
{"type":"gyro","timestamp":1531636272876,"x":-0.02886962890625,"y":4.4689178466796875,"z":0.0468292236328125,"roomId":5555}
{"type":"accel","timestamp":1531636272896,"x":4.5743255615234375,"y":5.1213226318359375,"z":0.3186187744140625,"roomId":5555}
{"type":"gyro","timestamp":1531636272897,"x":0.0679168701171875,"y":3.3667755126953125,"z":-0.0319976806640625,"roomId":5555}
{"type":"accel","timestamp":1531636272915,"x":4.9152069091796875,"y":4.9137420654296875,"z":-0.2264251708984375,"roomId":5555}
{"type":"gyro","timestamp":1531636272917,"x":0.411651611328125,"y":2.49102783203125,"z":-0.2962188720703125,"roomId":5555}
{"type":"accel","timestamp":1531636272937,"x":4.0655517578125,"y":5.226226806640625,"z":-1.7083740234375,"roomId":5555}
{"type":"gyro","timestamp":1531636272939,"x":0.7359619140625,