{"type":"gyro","timestamp":1531636259079,"x":-0.0604400634765625,"y":-0.113861083984375,"z":0.1372222900390625,"roomId":5555}
{"type":"accel","timestamp":1531636259088,"x":3.9943389892578125,"y":5.921661376953125,"z":-6.000579833984375,"roomId":5555}
{"type":"gyro","timestamp":1531636259090,"x":-0.0833892822265625,"y":-0.1057281494140625,"z":0.1476898193359375,"roomId":5555}
{"type":"accel","timestamp":1531636259099,"x":4.81732177734375,"y":5.906524658203125,"z":-5.759979248046875,"roomId":5555}
{"type":"gyro","timestamp":1531636259100,"x":-0.118316650390625,"y":-0.020050048828125,"z":0.1499786376953125,"roomId":5555}
{"type":"accel","timestamp":1531636259118,"x":5.17279052734375,"y":5.854156494140625,"z":-5.386505126953125,"roomId":5555}
{"type":"gyro","timestamp":1531636259120,"x":-0.1533355712890625,"y":0.355224609375,"z":0.05657958984375,"roomId":5555}
{"type":"accel","timestamp":1531636259137,"x":4.3522796630859375,"y":6.0823211669921875,"z":-5.623443603515625,"roomId":5555}
{"type":"gyro","timestamp":1531636259138,"x":-0.029998779296875,"y":0.4577484130859375,"z":-0.1141510009765625,"roomId":5555}
{"type":"accel","timestamp":1531636259148,"x":3.8958587646484375,"y":6.321990966796875,"z":-6.0372161865234375,"roomId":5555}
{"type":"gyro","timestamp":1531636259149,"x":0.064788818359375,"y":0.4198760986328125,"z":-0.1635894775390625,"roomId":5555}
{"type":"accel","timestamp":1531636259158,"x":3.7088470458984375,"y":6.5227203369140625,"z":-6.5423126220703125,"roomId":5555}
{"type":"gyro","timestamp":1531636259159,"x":0.1310272216796875,"y":0.3839111328125,"z":-0.1757659912109375,"roomId":5555}
{"type":"accel","timestamp":1531636259171,"x":3.7129974365234375,"y":6.715576171875,"z":-6.98809814453125,"roomId":5555}
{"type":"gyro","timestamp":1531636259173,"x":0.1379241943359375,"y":0.382171630859375,"z":-0.1639862060546875,"roomId":5555}
{"type":"accel","timestamp":1531636259188,"x":3.6844024658203125,"y":7.2991180419921875,"z":-6.949432373046875,"roomId":5555}
{"type":"gyro","timestamp":1531636259189,"x":-0.0278778076171875,"y":0.6219940185546875,"z":-0.12103271484375,"roomId":5555}
{"type":"accel","timestamp":1531636259208,"x":3.127349853515625,"y":8.224899291992188,"z":-5.82452392578125,"roomId":5555}
{"type":"gyro","timestamp":1531636259210,"x":-0.2334442138671875,"y":1.0913543701171875,"z":-0.049285888671875,"roomId":5555}
{"type":"accel","timestamp":1531636259218,"x":3.063201904296875,"y":8.908401489257812,"z":-5.8296661376953125,"roomId":5555}
{"type":"gyro","timestamp":1531636259221,"x":-0.2719573974609375,"y":1.3887176513671875,"z":-0.0081939697265625,"roomId":5555}
{"type":"accel","timestamp":1531636259237,"x":4.1368865966796875,"y":10.2235107421875,"z":-7.7487335205078125,"roomId":5555}
{"type":"gyro","timestamp":1531636259240,"x":-0.3003387451171875,"y":2.114959716796875,"z":0.0493011474609375,"roomId":5555}
{"type":"accel","timestamp":1531636259257,"x":6.0370025634765625,"y":10.20965576171875,"z":-8.980911254882812,"roomId":5555}
{"type":"gyro","timestamp":1531636259259,"x":-0.5348663330078125,"y":2.9509429931640625,"z":-0.1156463623046875,"roomId":5555}
{"type":"accel","timestamp":1531636259268,"x":5.762847900390625,"y":9.496658325195312,"z":-8.530258178710938,"roomId":5555}
{"type":"gyro","timestamp":1531636259269,"x":-0.7319488525390625,"y":3.41619873046875,"z":-0.2751312255859375,"roomId":5555}
{"type":"accel","timestamp":1531636259287,"x":3.535186767578125,"y":8.26727294921875,"z":-6.14666748046875,"roomId":5555}
{"type":"gyro","timestamp":1531636259289,"x":-0.967010498046875,"y":4.2392730712890625,"z":-0.3977203369140625,"roomId":5555}
{"type":"accel","timestamp":1531636259307,"x":3.1383056640625,"y":7.7017822265625,"z":-3.7044677734375,"roomId":5555}
{"type":"gyro","timestamp":1531636259309,"x":-0.71673583984375,"y":4.971282958984375,"z":0.004119873046875,"roomId":5555}
{"type":"accel","timestamp":1531636259317,"x":4.0272979736328125,"y":7.133331298828125,"z":-3.274261474609375,"roomId":5555}
{"type":"gyro","timestamp":1531636259318,"x":-0.4591217041015625,"y":5.343658447265625,"z":0.29571533203125,"roomId":5555}
{"type":"accel","timestamp":1531636259335,"x":5.5572357177734375,"y":5.631439208984375,"z":-3.212677001953125,"roomId":5555}
{"type":"gyro","timestamp":1531636259336,"x":0.059722900390625,"y":5.9554443359375,"z":0.784881591796875,"roomId":5555}
{"type":"accel","timestamp":1531636259345,"x":5.4017486572265625,"y":4.8731231689453125,"z":-1.2706298828125,"roomId":5555}
{"type":"gyro","timestamp":1531636259346,"x":0.31573486328125,"y":6.1406707763671875,"z":1.0077056884765625,"roomId":5555}
{"type":"accel","timestamp":1531636259355,"x":6.0818634033203125,"y":3.75177001953125,"z":-1.643035888671875,"roomId":5555}
{"type":"gyro","timestamp":1531636259355,"x":0.6886444091796875,"y":6.1742095947265625,"z":1.2623748779296875,"roomId":5555}
{"type":"accel","timestamp":1531636259367,"x":6.5920257568359375,"y":3.300384521484375,"z":-3.19384765625,"roomId":5555}
{"type":"gyro","timestamp":1531636259368,"x":0.8142547607421875,"y":6.245330810546875,"z":1.4303436279296875,"roomId":5555}
{"type":"accel","timestamp":1531636259387,"x":6.9109039306640625,"y":3.3959197998046875,"z":-0.9003753662109375,"roomId":5555}
{"type":"gyro","timestamp":1531636259389,"x":0.505767822265625,"y":6.685791015625,"z":1.745941162109375,"roomId":5555}
{"type":"accel","timestamp":1531636259406,"x":8.8775634765625,"y":2.5945892333984375,"z":0.9241485595703125,"roomId":5555}
{"type":"gyro","timestamp":1531636259407,"x":0.3123931884765625,"y":6.9230499267578125,"z":1.926483154296875,"roomId":5555}
{"type":"accel","timestamp":1531636259416,"x":9.485794067382812,"y":2.352294921875,"z":1.867706298828125,"roomId":5555}
{"type":"gyro","timestamp":1531636259417,"x":0.2977447509765625,"y":6.835418701171875,"z":1.8604888916015625,"roomId":5555}
{"type":"accel","timestamp":1531636259427,"x":9.94134521484375,"y":2.1435394287109375,"z":2.966796875,"roomId":5555}
{"type":"gyro","timestamp":1531636259429,"x":0.352752685546875,"y":6.4749298095703125,"z":1.6963653564453125,"roomId":5555}
{"type":"accel","timestamp":1531636259446,"x":9.676101684570312,"y":1.5654449462890625,"z":4.9724273681640625,"roomId":5555}
{"type":"gyro","timestamp":1531636259448,"x":0.7664794921875,"y":5.17254638671875,"z":1.0641021728515625,"roomId":5555}
{"type":"accel","timestamp":1531636259456,"x":9.353118896484375,"y":1.2140655517578125,"z":5.4148101806640625,"roomId":5555}
{"type":"gyro","timestamp":1531636259457,"x":1.09552001953125,"y":4.45672607421875,"z":0.669891357421875,"roomId":5555}
{"type":"accel","timestamp":1531636259467,"x":9.060348510742188,"y":0.88751220703125,"z":5.1605377197265625,"roomId":5555}
{"type":"gyro","timestamp":1531636259467,"x":1.4302215576171875,"y":3.787628173828125,"z":0.270050048828125,"roomId":5555}
{"type":"accel","timestamp":1531636259486,"x":7.819488525390625,"y":1.1233062744140625,"z":3.644256591796875,"roomId":5555}
{"type":"gyro","timestamp":1531636259487,"x":1.8778839111328125,"y":2.5953216552734375,"z":-0.4561309814453125,"roomId":5555}
{"type":"accel","timestamp":1531636259496,"x":6.7419586181640625,"y":1.66912841796875,"z":3.149383544921875,"roomId":5555}
{"type":"gyro","timestamp":1531636259499,"x":1.96490478515625,"y":2.0234832763671875,"z":-0.7452545166015625,"roomId":5555}
{"type":"accel","timestamp":1531636259517,"x":4.8419036865234375,"y":2.6322784423828125,"z":3.012176513671875,"roomId":5555}
{"type":"gyro","timestamp":1531636259519,"x":1.938323974609375,"y":1.0965728759765625,"z":-1.14654541015625,"roomId":5555}
{"type":"accel","timestamp":1531636259535,"x":4.1137542724609375,"y":3.1314544677734375,"z":3.0888519287109375,"roomId":5555}
{"type":"gyro","timestamp":1531636259536,"x":1.9290771484375,"y":0.451446533203125,"z":-1.345306396484375,"roomId":5555}
{"type":"accel","timestamp":1531636259545,"x":3.8228302001953125,"y":3.397369384765625,"z":2.7114410400390625,"roomId":5555}
{"type":"gyro","timestamp":1531636259547,"x":1.95343017578125,