{"type":"gyro","timestamp":1531636160290,"x":-0.2099456787109375,"y":-0.43927001953125,"z":-0.1280670166015625,"roomId":5555}
{"type":"accel","timestamp":1531636160299,"x":2.676055908203125,"y":5.3618621826171875,"z":7.76708984375,"roomId":5555}
{"type":"gyro","timestamp":1531636160300,"x":-0.1577606201171875,"y":-0.6523590087890625,"z":-0.1618804931640625,"roomId":5555}
{"type":"accel","timestamp":1531636160318,"x":3.835784912109375,"y":4.8427886962890625,"z":8.125259399414062,"roomId":5555}
{"type":"gyro","timestamp":1531636160318,"x":-0.02581787109375,"y":-1.237213134765625,"z":-0.222991943359375,"roomId":5555}
{"type":"accel","timestamp":1531636160328,"x":4.47119140625,"y":4.60711669921875,"z":7.92138671875,"roomId":5555}
{"type":"gyro","timestamp":1531636160329,"x":0.0861053466796875,"y":-1.5890045166015625,"z":-0.2490692138671875,"roomId":5555}
{"type":"accel","timestamp":1531636160347,"x":7.266571044921875,"y":4.195037841796875,"z":7.27386474609375,"roomId":5555}
{"type":"gyro","timestamp":1531636160348,"x":0.3012542724609375,"y":-2.3446197509765625,"z":-0.287750244140625,"roomId":5555}
{"type":"accel","timestamp":1531636160357,"x":9.082290649414062,"y":4.3690338134765625,"z":7.1118011474609375,"roomId":5555}
{"type":"gyro","timestamp":1531636160358,"x":0.3710174560546875,"y":-2.880035400390625,"z":-0.301666259765625,"roomId":5555}
{"type":"accel","timestamp":1531636160377,"x":9.850601196289062,"y":4.207611083984375,"z":6.8923797607421875,"roomId":5555}
{"type":"gyro","timestamp":1531636160378,"x":0.4896087646484375,"y":-4.2859954833984375,"z":-0.5952606201171875,"roomId":5555}
{"type":"accel","timestamp":1531636160389,"x":9.927078247070312,"y":3.8535919189453125,"z":6.348114013671875,"roomId":5555}
{"type":"gyro","timestamp":1531636160390,"x":0.5581207275390625,"y":-5.0963897705078125,"z":-0.877227783203125,"roomId":5555}
{"type":"accel","timestamp":1531636160399,"x":10.45062255859375,"y":3.481658935546875,"z":6.2876739501953125,"roomId":5555}
{"type":"gyro","timestamp":1531636160401,"x":0.6483612060546875,"y":-5.9096832275390625,"z":-1.1650543212890625,"roomId":5555}
{"type":"accel","timestamp":1531636160417,"x":10.629592895507812,"y":1.88177490234375,"z":3.0658721923828125,"roomId":5555}
{"type":"gyro","timestamp":1531636160420,"x":0.7824859619140625,"y":-6.8774261474609375,"z":-1.5242919921875,"roomId":5555}
{"type":"accel","timestamp":1531636160427,"x":12.132553100585938,"y":2.3438720703125,"z":1.8078155517578125,"roomId":5555}
{"type":"gyro","timestamp":1531636160430,"x":0.7015838623046875,"y":-7.2735595703125,"z":-1.5885009765625,"roomId":5555}
{"type":"accel","timestamp":1531636160438,"x":12.610107421875,"y":3.42584228515625,"z":0.5567169189453125,"roomId":5555}
{"type":"gyro","timestamp":1531636160440,"x":0.52569580078125,"y":-7.7601318359375,"z":-1.74725341796875,"roomId":5555}
{"type":"accel","timestamp":1531636160457,"x":11.643875122070312,"y":4.035247802734375,"z":-0.127288818359375,"roomId":5555}
{"type":"gyro","timestamp":1531636160459,"x":-0.0279541015625,"y":-8.849868774414062,"z":-2.375335693359375,"roomId":5555}
{"type":"accel","timestamp":1531636160467,"x":10.592544555664062,"y":4.292938232421875,"z":0.3855438232421875,"roomId":5555}
{"type":"gyro","timestamp":1531636160469,"x":-0.26348876953125,"y":-9.324996948242188,"z":-2.6460113525390625,"roomId":5555}
{"type":"accel","timestamp":1531636160477,"x":9.137802124023438,"y":4.6553802490234375,"z":0.3173065185546875,"roomId":5555}
{"type":"gyro","timestamp":1531636160478,"x":-0.421630859375,"y":-9.633316040039062,"z":-2.8173370361328125,"roomId":5555}
{"type":"accel","timestamp":1531636160496,"x":6.5518951416015625,"y":4.832244873046875,"z":-0.074066162109375,"roomId":5555}
{"type":"gyro","timestamp":1531636160497,"x":-0.8030853271484375,"y":-9.602371215820312,"z":-2.79608154296875,"roomId":5555}
{"type":"accel","timestamp":1531636160506,"x":5.6581573486328125,"y":4.7646026611328125,"z":-0.2950897216796875,"roomId":5555}
{"type":"gyro","timestamp":1531636160507,"x":-1.106689453125,"y":-9.264755249023438,"z":-2.61224365234375,"roomId":5555}
{"type":"accel","timestamp":1531636160516,"x":5.666107177734375,"y":4.532867431640625,"z":-0.20220947265625,"roomId":5555}
{"type":"gyro","timestamp":1531636160517,"x":-1.5020599365234375,"y":-8.774246215820312,"z":-2.3842010498046875,"roomId":5555}
{"type":"accel","timestamp":1531636160526,"x":5.7148284912109375,"y":4.39349365234375,"z":0.904815673828125,"roomId":5555}
{"type":"gyro","timestamp":1531636160527,"x":-1.94268798828125,"y":-8.2906494140625,"z":-2.1934356689453125,"roomId":5555}
{"type":"accel","timestamp":1531636160548,"x":4.012420654296875,"y":4.6438140869140625,"z":4.1451416015625,"roomId":5555}
{"type":"gyro","timestamp":1531636160549,"x":-2.588287353515625,"y":-7.294158935546875,"z":-1.9254913330078125,"roomId":5555}
{"type":"accel","timestamp":1531636160567,"x":1.447235107421875,"y":5.734588623046875,"z":8.051742553710938,"roomId":5555}
{"type":"gyro","timestamp":1531636160568,"x":-2.7563018798828125,"y":-6.2564697265625,"z":-1.5819549560546875,"roomId":5555}
{"type":"accel","timestamp":1531636160587,"x":1.47869873046875,"y":8.178558349609375,"z":10.912460327148438,"roomId":5555}
{"type":"gyro","timestamp":1531636160589,"x":-2.4156646728515625,"y":-5.691802978515625,"z":-1.155487060546875,"roomId":5555}
{"type":"accel","timestamp":1531636160608,"x":5.8487548828125,"y":8.5919189453125,"z":13.611190795898438,"roomId":5555}
{"type":"gyro","timestamp":1531636160609,"x":-1.65789794921875,"y":-5.8098602294921875,"z":-1.12872314453125,"roomId":5555}
{"type":"accel","timestamp":1531636160627,"x":9.027435302734375,"y":8.434326171875,"z":12.9683837890625,"roomId":5555}
{"type":"gyro","timestamp":1531636160628,"x":-0.800323486328125,"y":-5.4183807373046875,"z":-1.580841064453125,"roomId":5555}
{"type":"accel","timestamp":1531636160646,"x":5.8417510986328125,"y":8.20263671875,"z":10.3736572265625,"roomId":5555}
{"type":"gyro","timestamp":1531636160649,"x":-0.4026947021484375,"y":-4.02044677734375,"z":-1.9218292236328125,"roomId":5555}
{"type":"accel","timestamp":1531636160657,"x":3.4404296875,"y":8.015045166015625,"z":9.230224609375,"roomId":5555}
{"type":"accel","timestamp":1531636160667,"x":1.4096221923828125,"y":7.99908447265625,"z":8.47760009765625,"roomId":5555}
{"type":"gyro","timestamp":1531636160668,"x":-0.4261016845703125,"y":-2.5739593505859375,"z":-1.61077880859375,"roomId":5555}
{"type":"accel","timestamp":1531636160677,"x":0.1801300048828125,"y":7.93096923828125,"z":7.9213714599609375,"roomId":5555}
{"type":"gyro","timestamp":1531636160678,"x":-0.4733123779296875,"y":-2.1251983642578125,"z":-1.3429107666015625,"roomId":5555}
{"type":"accel","timestamp":1531636160697,"x":0.73187255859375,"y":8.232879638671875,"z":6.120086669921875,"roomId":5555}
{"type":"gyro","timestamp":1531636160700,"x":-0.4065399169921875,"y":-1.938873291015625,"z":-0.954925537109375,"roomId":5555}
{"type":"accel","timestamp":1531636160714,"x":1.4752349853515625,"y":8.840560913085938,"z":2.794403076171875,"roomId":5555}
{"type":"gyro","timestamp":1531636160715,"x":-0.1622772216796875,"y":-2.3305206298828125,"z":-0.9622650146484375,"roomId":5555}
{"type":"accel","timestamp":1531636160725,"x":1.6438751220703125,"y":9.013870239257812,"z":1.704498291015625,"roomId":5555}
{"type":"gyro","timestamp":1531636160726,"x":-0.0933837890625,"y":-2.5712738037109375,"z":-1.0698089599609375,"roomId":5555}
{"type":"accel","timestamp":1531636160735,"x":1.3166351318359375,"y":8.827438354492188,"z":1.2753448486328125,"roomId":5555}
{"type":"gyro","timestamp":1531636160736,"x":-0.0629425048828125,"y":-2.68988037109375,"z":-1.16802978515625,"roomId":5555}
{"type":"accel","timestamp":1531636160754,"x":0.469146728515625,"y":8.38153076171875,"z":0.4293060302734375,"roomId":5555}
{"type":"gyro","timestamp":1531636160755,"x":-0.073272705078125,"y":-2.1184234619140625,"z":-1.1613922119140625,"roomId":5555}
{"type":"accel","timestamp":1531636160774,"x":-0.76483154296875,