{"type":"gyro","timestamp":1531636307987,"x":0.02960205078125,"y":-0.075408935546875,"z":-0.129638671875,"roomId":5555}
{"type":"accel","timestamp":1531636307996,"x":2.232513427734375,"y":5.86322021484375,"z":-7.3592071533203125,"roomId":5555}
{"type":"gyro","timestamp":1531636308006,"x":-0.2209930419921875,"y":0.241455078125,"z":-0.090087890625,"roomId":5555}
{"type":"accel","timestamp":1531636308015,"x":2.03485107421875,"y":5.7651214599609375,"z":-7.0724334716796875,"roomId":5555}
{"type":"gyro","timestamp":1531636308016,"x":-0.2930755615234375,"y":0.301177978515625,"z":-0.0543365478515625,"roomId":5555}
{"type":"accel","timestamp":1531636308026,"x":2.4250946044921875,"y":5.8698883056640625,"z":-6.639556884765625,"roomId":5555}
{"type":"gyro","timestamp":1531636308027,"x":-0.2949981689453125,"y":0.21282958984375,"z":-0.0350189208984375,"roomId":5555}
{"type":"accel","timestamp":1531636308036,"x":3.06463623046875,"y":6.0125579833984375,"z":-6.2327423095703125,"roomId":5555}
{"type":"gyro","timestamp":1531636308038,"x":-0.252655029296875,"y":0.0502777099609375,"z":-0.0480499267578125,"roomId":5555}
{"type":"accel","timestamp":1531636308046,"x":3.444549560546875,"y":5.9664154052734375,"z":-5.9244384765625,"roomId":5555}
{"type":"gyro","timestamp":1531636308047,"x":-0.1889495849609375,"y":-0.0687713623046875,"z":-0.0916595458984375,"roomId":5555}
{"type":"accel","timestamp":1531636308056,"x":3.60284423828125,"y":5.8755950927734375,"z":-5.896728515625,"roomId":5555}
{"type":"gyro","timestamp":1531636308057,"x":-0.1260528564453125,"y":-0.07952880859375,"z":-0.1201171875,"roomId":5555}
{"type":"accel","timestamp":1531636308066,"x":3.5369720458984375,"y":6.034088134765625,"z":-6.09051513671875,"roomId":5555}
{"type":"gyro","timestamp":1531636308068,"x":-0.0858001708984375,"y":-0.0078582763671875,"z":-0.1249237060546875,"roomId":5555}
{"type":"accel","timestamp":1531636308076,"x":3.163970947265625,"y":6.2779388427734375,"z":-6.4537506103515625,"roomId":5555}
{"type":"accel","timestamp":1531636308086,"x":2.7349090576171875,"y":6.4810333251953125,"z":-6.582763671875,"roomId":5555}
{"type":"gyro","timestamp":1531636308088,"x":-0.1231842041015625,"y":0.2691650390625,"z":-0.133941650390625,"roomId":5555}
{"type":"accel","timestamp":1531636308108,"x":2.4224700927734375,"y":6.84625244140625,"z":-5.860260009765625,"roomId":5555}
{"type":"gyro","timestamp":1531636308110,"x":-0.228302001953125,"y":0.5538787841796875,"z":-0.1310577392578125,"roomId":5555}
{"type":"accel","timestamp":1531636308126,"x":2.782806396484375,"y":7.533966064453125,"z":-5.6550140380859375,"roomId":5555}
{"type":"gyro","timestamp":1531636308128,"x":-0.2387847900390625,"y":0.77191162109375,"z":-0.1105499267578125,"roomId":5555}
{"type":"accel","timestamp":1531636308139,"x":3.203643798828125,"y":7.9703826904296875,"z":-6.22705078125,"roomId":5555}
{"type":"gyro","timestamp":1531636308142,"x":-0.249114990234375,"y":0.9619293212890625,"z":-0.087310791015625,"roomId":5555}
{"type":"accel","timestamp":1531636308156,"x":4.1621856689453125,"y":9.008743286132812,"z":-6.91790771484375,"roomId":5555}
{"type":"gyro","timestamp":1531636308159,"x":-0.4746246337890625,"y":1.8128814697265625,"z":-0.0593109130859375,"roomId":5555}
{"type":"accel","timestamp":1531636308175,"x":5.2850341796875,"y":8.716201782226562,"z":-4.7358856201171875,"roomId":5555}
{"type":"gyro","timestamp":1531636308177,"x":-0.7128448486328125,"y":3.2042388916015625,"z":-0.0893402099609375,"roomId":5555}
{"type":"accel","timestamp":1531636308185,"x":5.480743408203125,"y":8.305679321289062,"z":-3.243011474609375,"roomId":5555}
{"type":"gyro","timestamp":1531636308195,"x":0.2479705810546875,"y":4.4009246826171875,"z":-0.54248046875,"roomId":5555}
{"type":"accel","timestamp":1531636308205,"x":3.9663238525390625,"y":8.558563232421875,"z":-3.4626617431640625,"roomId":5555}
{"type":"gyro","timestamp":1531636308207,"x":0.9116058349609375,"y":4.4139556884765625,"z":-0.607452392578125,"roomId":5555}
{"type":"accel","timestamp":1531636308225,"x":4.6530303955078125,"y":6.7860107421875,"z":-5.123626708984375,"roomId":5555}
{"type":"gyro","timestamp":1531636308226,"x":1.6520538330078125,"y":4.4974822998046875,"z":-0.44659423828125,"roomId":5555}
{"type":"accel","timestamp":1531636308246,"x":6.4205780029296875,"y":5.102935791015625,"z":-4.7537384033203125,"roomId":5555}
{"type":"gyro","timestamp":1531636308247,"x":1.8681793212890625,"y":5.1681671142578125,"z":-0.4197998046875,"roomId":5555}
{"type":"accel","timestamp":1531636308256,"x":7.5982818603515625,"y":3.998992919921875,"z":-4.417144775390625,"roomId":5555}
{"type":"gyro","timestamp":1531636308257,"x":1.9994659423828125,"y":5.4162139892578125,"z":-0.45147705078125,"roomId":5555}
{"type":"accel","timestamp":1531636308277,"x":9.391845703125,"y":1.8793792724609375,"z":-4.3639373779296875,"roomId":5555}
{"type":"gyro","timestamp":1531636308278,"x":2.330108642578125,"y":5.9977264404296875,"z":-0.55755615234375,"roomId":5555}
{"type":"accel","timestamp":1531636308294,"x":10.241928100585938,"y":0.9344635009765625,"z":-3.6683349609375,"roomId":5555}
{"type":"gyro","timestamp":1531636308296,"x":2.4865875244140625,"y":6.7297821044921875,"z":-0.6313323974609375,"roomId":5555}
{"type":"accel","timestamp":1531636308305,"x":10.25653076171875,"y":0.8613739013671875,"z":-3.5316619873046875,"roomId":5555}
{"type":"gyro","timestamp":1531636308306,"x":2.4884033203125,"y":7.0725860595703125,"z":-0.6474456787109375,"roomId":5555}
{"type":"accel","timestamp":1531636308315,"x":10.095367431640625,"y":1.04547119140625,"z":-3.8233489990234375,"roomId":5555}
{"type":"gyro","timestamp":1531636308317,"x":2.436553955078125,"y":7.25665283203125,"z":-0.62408447265625,"roomId":5555}
{"type":"accel","timestamp":1531636308334,"x":10.074737548828125,"y":1.9953460693359375,"z":-4.645904541015625,"roomId":5555}
{"type":"gyro","timestamp":1531636308336,"x":2.14794921875,"y":6.853759765625,"z":-0.52362060546875,"roomId":5555}
{"type":"accel","timestamp":1531636308345,"x":10.4317626953125,"y":2.71820068359375,"z":-4.44049072265625,"roomId":5555}
{"type":"gyro","timestamp":1531636308346,"x":1.9268035888671875,"y":6.3297882080078125,"z":-0.5831146240234375,"roomId":5555}
{"type":"accel","timestamp":1531636308363,"x":9.210769653320312,"y":3.8848114013671875,"z":-3.3768463134765625,"roomId":5555}
{"type":"gyro","timestamp":1531636308365,"x":1.4330596923828125,"y":5.0764007568359375,"z":-1.0707244873046875,"roomId":5555}
{"type":"accel","timestamp":1531636308374,"x":7.544158935546875,"y":4.1638031005859375,"z":-3.0440673828125,"roomId":5555}
{"type":"gyro","timestamp":1531636308375,"x":1.1977081298828125,"y":4.3672027587890625,"z":-1.33721923828125,"roomId":5555}
{"type":"accel","timestamp":1531636308385,"x":6.1120758056640625,"y":4.416778564453125,"z":-2.843994140625,"roomId":5555}
{"type":"gyro","timestamp":1531636308387,"x":0.977630615234375,"y":3.6168060302734375,"z":-1.4919586181640625,"roomId":5555}
{"type":"accel","timestamp":1531636308405,"x":4.56671142578125,"y":5.0770416259765625,"z":-1.8047027587890625,"roomId":5555}
{"type":"gyro","timestamp":1531636308407,"x":0.635162353515625,"y":2.2180633544921875,"z":-1.5624542236328125,"roomId":5555}
{"type":"accel","timestamp":1531636308424,"x":4.6189422607421875,"y":5.3984375,"z":-0.4837493896484375,"roomId":5555}
{"type":"gyro","timestamp":1531636308425,"x":0.515594482421875,"y":1.454315185546875,"z":-1.586456298828125,"roomId":5555}
{"type":"accel","timestamp":1531636308442,"x":3.7444305419921875,"y":4.75225830078125,"z":-0.0370025634765625,"roomId":5555}
{"type":"gyro","timestamp":1531636308444,"x":0.6875,"y":1.4175567626953125,"z":-1.5440826416015625,"roomId":5555}
{"type":"accel","timestamp":1531636308454,"x":2.537200927734375,"y":4.3860321044921875,"z":-0.6022186279296875,"roomId":5555}
{"type":"gyro","timestamp":1531636308455,"x":0.8058013916015625,"y":1.61456298828125,"z":-1.3779296875,"roomId":5555}
{"type":"accel","timestamp":1531636308464,"x":1.573760986328125,