{"type":"accel","timestamp":1531636319577,"x":1.8271026611328125,"y":8.779495239257812,"z":-4.7740936279296875,"roomId":5555}
{"type":"gyro","timestamp":1531636319578,"x":-0.0048675537109375,"y":1.5414886474609375,"z":-0.355255126953125,"roomId":5555}
{"type":"accel","timestamp":1531636319587,"x":2.8836212158203125,"y":9.0289306640625,"z":-3.9880218505859375,"roomId":5555}
{"type":"gyro","timestamp":1531636319588,"x":0.0181121826171875,"y":2.072174072265625,"z":-0.4081268310546875,"roomId":5555}
{"type":"accel","timestamp":1531636319597,"x":3.2255859375,"y":9.279998779296875,"z":-3.7520599365234375,"roomId":5555}
{"type":"gyro","timestamp":1531636319598,"x":0.204681396484375,"y":2.7725372314453125,"z":-0.5998382568359375,"roomId":5555}
{"type":"accel","timestamp":1531636319607,"x":1.8993988037109375,"y":9.636886596679688,"z":-4.21075439453125,"roomId":5555}
{"type":"accel","timestamp":1531636319617,"x":1.0129547119140625,"y":8.892608642578125,"z":-5.0176239013671875,"roomId":5555}
{"type":"gyro","timestamp":1531636319620,"x":0.450164794921875,"y":3.3646087646484375,"z":-0.81854248046875,"roomId":5555}
{"type":"accel","timestamp":1531636319627,"x":1.2586822509765625,"y":7.6906280517578125,"z":-5.3814849853515625,"roomId":5555}
{"type":"accel","timestamp":1531636319637,"x":1.8561553955078125,"y":7.133087158203125,"z":-5.5064697265625,"roomId":5555}
{"type":"gyro","timestamp":1531636319638,"x":0.7300262451171875,"y":3.8692779541015625,"z":-0.6804656982421875,"roomId":5555}
{"type":"accel","timestamp":1531636319647,"x":2.56146240234375,"y":7.1383819580078125,"z":-5.66156005859375,"roomId":5555}
{"type":"accel","timestamp":1531636319657,"x":3.7298583984375,"y":7.209442138671875,"z":-5.9605255126953125,"roomId":5555}
{"type":"gyro","timestamp":1531636319657,"x":0.979339599609375,"y":4.548614501953125,"z":-0.4552764892578125,"roomId":5555}
{"type":"accel","timestamp":1531636319667,"x":4.342864990234375,"y":6.841888427734375,"z":-6.3572235107421875,"roomId":5555}
{"type":"gyro","timestamp":1531636319668,"x":1.1265716552734375,"y":5.05877685546875,"z":-0.4391326904296875,"roomId":5555}
{"type":"accel","timestamp":1531636319678,"x":4.296661376953125,"y":6.092071533203125,"z":-6.894744873046875,"roomId":5555}
{"type":"gyro","timestamp":1531636319679,"x":1.2562255859375,"y":5.481475830078125,"z":-0.4880828857421875,"roomId":5555}
{"type":"accel","timestamp":1531636319697,"x":4.703216552734375,"y":5.000640869140625,"z":-7.2304840087890625,"roomId":5555}
{"type":"gyro","timestamp":1531636319699,"x":1.465057373046875,"y":5.8444671630859375,"z":-0.582275390625,"roomId":5555}
{"type":"accel","timestamp":1531636319708,"x":5.116546630859375,"y":5.06719970703125,"z":-7.2795562744140625,"roomId":5555}
{"type":"gyro","timestamp":1531636319710,"x":1.5020751953125,"y":5.758544921875,"z":-0.5686187744140625,"roomId":5555}
{"type":"accel","timestamp":1531636319727,"x":6.6071624755859375,"y":4.95269775390625,"z":-6.30841064453125,"roomId":5555}
{"type":"gyro","timestamp":1531636319728,"x":1.4581756591796875,"y":5.18609619140625,"z":-0.4540557861328125,"roomId":5555}
{"type":"accel","timestamp":1531636319737,"x":7.8447418212890625,"y":4.666961669921875,"z":-5.185760498046875,"roomId":5555}
{"type":"gyro","timestamp":1531636319738,"x":1.3877716064453125,"y":4.970489501953125,"z":-0.3892822265625,"roomId":5555}
{"type":"accel","timestamp":1531636319747,"x":8.379180908203125,"y":4.1532440185546875,"z":-4.24346923828125,"roomId":5555}
{"type":"gyro","timestamp":1531636319749,"x":1.3094482421875,"y":5.0044403076171875,"z":-0.349395751953125,"roomId":5555}
{"type":"accel","timestamp":1531636319757,"x":8.616134643554688,"y":3.5239105224609375,"z":-3.6928863525390625,"roomId":5555}
{"type":"gyro","timestamp":1531636319759,"x":1.2577667236328125,"y":5.303802490234375,"z":-0.317657470703125,"roomId":5555}
{"type":"accel","timestamp":1531636319775,"x":8.825241088867188,"y":2.5759124755859375,"z":-3.5211181640625,"roomId":5555}
{"type":"gyro","timestamp":1531636319776,"x":1.2467803955078125,"y":6.0550537109375,"z":-0.13812255859375,"roomId":5555}
{"type":"accel","timestamp":1531636319786,"x":9.222702026367188,"y":2.578582763671875,"z":-3.2060089111328125,"roomId":5555}
{"type":"gyro","timestamp":1531636319787,"x":1.2536773681640625,"y":6.236724853515625,"z":-0.0144500732421875,"roomId":5555}
{"type":"accel","timestamp":1531636319798,"x":9.189254760742188,"y":2.778045654296875,"z":-2.8611297607421875,"roomId":5555}
{"type":"gyro","timestamp":1531636319799,"x":1.2468414306640625,"y":6.296051025390625,"z":0.07147216796875,"roomId":5555}
{"type":"accel","timestamp":1531636319816,"x":7.7715911865234375,"y":3.1040802001953125,"z":-2.4789886474609375,"roomId":5555}
{"type":"gyro","timestamp":1531636319817,"x":1.1760406494140625,"y":6.1707305908203125,"z":-0.0169219970703125,"roomId":5555}
{"type":"accel","timestamp":1531636319827,"x":7.5804595947265625,"y":3.1620330810546875,"z":-2.3846282958984375,"roomId":5555}
{"type":"gyro","timestamp":1531636319830,"x":1.1112823486328125,"y":5.824615478515625,"z":-0.1207733154296875,"roomId":5555}
{"type":"accel","timestamp":1531636319839,"x":8.18035888671875,"y":3.1654052734375,"z":-2.1732330322265625,"roomId":5555}
{"type":"gyro","timestamp":1531636319840,"x":1.0316009521484375,"y":5.21722412109375,"z":-0.2501373291015625,"roomId":5555}
{"type":"accel","timestamp":1531636319855,"x":8.664077758789062,"y":3.1178436279296875,"z":-1.1521759033203125,"roomId":5555}
{"type":"gyro","timestamp":1531636319857,"x":0.897979736328125,"y":3.617401123046875,"z":-0.727447509765625,"roomId":5555}
{"type":"accel","timestamp":1531636319865,"x":7.7781982421875,"y":2.928558349609375,"z":-0.8754425048828125,"roomId":5555}
{"type":"gyro","timestamp":1531636319876,"x":0.8697967529296875,"y":2.2783660888671875,"z":-1.4194793701171875,"roomId":5555}
{"type":"accel","timestamp":1531636319886,"x":6.763397216796875,"y":3.0395050048828125,"z":-0.59375,"roomId":5555}
{"type":"gyro","timestamp":1531636319888,"x":0.8757476806640625,"y":1.7615966796875,"z":-1.6345977783203125,"roomId":5555}
{"type":"accel","timestamp":1531636319896,"x":5.950347900390625,"y":3.1869354248046875,"z":-0.3124542236328125,"roomId":5555}
{"type":"accel","timestamp":1531636319908,"x":5.7242279052734375,"y":3.443878173828125,"z":-0.244903564453125,"roomId":5555}
{"type":"gyro","timestamp":1531636319909,"x":0.9276275634765625,"y":1.0125732421875,"z":-1.674041748046875,"roomId":5555}
{"type":"accel","timestamp":1531636319925,"x":6.0790252685546875,"y":4.0701751708984375,"z":-0.8694610595703125,"roomId":5555}
{"type":"gyro","timestamp":1531636319926,"x":0.9733428955078125,"y":0.838531494140625,"z":-1.4925994873046875,"roomId":5555}
{"type":"accel","timestamp":1531636319935,"x":5.8692169189453125,"y":4.5653533935546875,"z":-1.1114501953125,"roomId":5555}
{"type":"gyro","timestamp":1531636319944,"x":0.87591552734375,"y":1.1260223388671875,"z":-1.28033447265625,"roomId":5555}
{"type":"accel","timestamp":1531636319954,"x":5.1105804443359375,"y":5.174774169921875,"z":-1.455078125,"roomId":5555}
{"type":"gyro","timestamp":1531636319955,"x":0.799407958984375,"y":1.3324127197265625,"z":-1.14044189453125,"roomId":5555}
{"type":"accel","timestamp":1531636319965,"x":4.679962158203125,"y":5.3996734619140625,"z":-1.887298583984375,"roomId":5555}
{"type":"gyro","timestamp":1531636319965,"x":0.7306976318359375,"y":1.5048675537109375,"z":-0.984527587890625,"roomId":5555}
{"type":"accel","timestamp":1531636319984,"x":3.5398712158203125,"y":6.303253173828125,"z":-4.278045654296875,"roomId":5555}
{"type":"gyro","timestamp":1531636319985,"x":0.3291015625,"y":1.947052001953125,"z":-0.63946533203125,"roomId":5555}
{"type":"accel","timestamp":1531636319995,"x":3.690582275390625,"y":6.3086090087890625,"z":-3.5307159423828125,"roomId":5555}
{"type":"gyro","timestamp":1531636319996,"x":0.0112457275390625,"y":2.1258697509765625,"z":-0.4777679443359375,"roomId":5555}
{"type":"accel","timestamp":1531636320015,"x":3.114501953125,