{"type":"gyro","timestamp":1531636201738,"x":-0.1947784423828125,"y":-0.152496337890625,"z":0.00445556640625,"roomId":5555}
{"type":"accel","timestamp":1531636201749,"x":5.5250244140625,"y":6.1035003662109375,"z":6.871337890625,"roomId":5555}
{"type":"gyro","timestamp":1531636201750,"x":-0.1524810791015625,"y":-0.1368560791015625,"z":-0.041748046875,"roomId":5555}
{"type":"accel","timestamp":1531636201767,"x":4.6833038330078125,"y":5.7641448974609375,"z":7.083282470703125,"roomId":5555}
{"type":"gyro","timestamp":1531636201768,"x":0.034576416015625,"y":-0.1292266845703125,"z":-0.0320892333984375,"roomId":5555}
{"type":"accel","timestamp":1531636201787,"x":4.86016845703125,"y":5.928131103515625,"z":5.6178741455078125,"roomId":5555}
{"type":"gyro","timestamp":1531636201789,"x":0.234954833984375,"y":-0.1628570556640625,"z":0.0141143798828125,"roomId":5555}
{"type":"accel","timestamp":1531636201797,"x":4.8895721435546875,"y":6.070587158203125,"z":4.5253143310546875,"roomId":5555}
{"type":"gyro","timestamp":1531636201800,"x":0.2640838623046875,"y":-0.201568603515625,"z":0.0070343017578125,"roomId":5555}
{"type":"accel","timestamp":1531636201809,"x":4.996063232421875,"y":6.112335205078125,"z":3.8082733154296875,"roomId":5555}
{"type":"gyro","timestamp":1531636201811,"x":0.2301483154296875,"y":-0.2797393798828125,"z":-0.0223388671875,"roomId":5555}
{"type":"accel","timestamp":1531636201825,"x":4.828948974609375,"y":5.9254150390625,"z":4.179443359375,"roomId":5555}
{"type":"gyro","timestamp":1531636201826,"x":0.1252288818359375,"y":-0.56781005859375,"z":-0.1465301513671875,"roomId":5555}
{"type":"accel","timestamp":1531636201835,"x":4.477691650390625,"y":5.709136962890625,"z":4.2921600341796875,"roomId":5555}
{"type":"gyro","timestamp":1531636201836,"x":0.1292877197265625,"y":-0.7655029296875,"z":-0.2041778564453125,"roomId":5555}
{"type":"accel","timestamp":1531636201846,"x":4.3732147216796875,"y":5.5518646240234375,"z":4.3124237060546875,"roomId":5555}
{"type":"gyro","timestamp":1531636201846,"x":0.156097412109375,"y":-1.0346527099609375,"z":-0.2437286376953125,"roomId":5555}
{"type":"accel","timestamp":1531636201866,"x":4.8941497802734375,"y":5.2635955810546875,"z":4.133270263671875,"roomId":5555}
{"type":"gyro","timestamp":1531636201867,"x":0.2062530517578125,"y":-1.6504669189453125,"z":-0.302276611328125,"roomId":5555}
{"type":"accel","timestamp":1531636201887,"x":6.6058197021484375,"y":5.20147705078125,"z":4.433563232421875,"roomId":5555}
{"type":"gyro","timestamp":1531636201889,"x":0.2593231201171875,"y":-2.383392333984375,"z":-0.3760223388671875,"roomId":5555}
{"type":"accel","timestamp":1531636201906,"x":8.175796508789062,"y":4.8513946533203125,"z":4.1393280029296875,"roomId":5555}
{"type":"gyro","timestamp":1531636201908,"x":0.3358154296875,"y":-2.6873931884765625,"z":-0.395172119140625,"roomId":5555}
{"type":"accel","timestamp":1531636201917,"x":8.886566162109375,"y":4.98028564453125,"z":3.4232940673828125,"roomId":5555}
{"type":"gyro","timestamp":1531636201919,"x":0.3582611083984375,"y":-2.85369873046875,"z":-0.40179443359375,"roomId":5555}
{"type":"accel","timestamp":1531636201927,"x":9.7027587890625,"y":5.0368804931640625,"z":2.5929412841796875,"roomId":5555}
{"type":"gyro","timestamp":1531636201929,"x":0.386810302734375,"y":-3.150787353515625,"z":-0.442962646484375,"roomId":5555}
{"type":"accel","timestamp":1531636201944,"x":11.202804565429688,"y":4.67803955078125,"z":0.273712158203125,"roomId":5555}
{"type":"gyro","timestamp":1531636201945,"x":0.3997344970703125,"y":-3.97357177734375,"z":-0.6476287841796875,"roomId":5555}
{"type":"accel","timestamp":1531636201955,"x":11.572097778320312,"y":4.5373992919921875,"z":-0.6562957763671875,"roomId":5555}
{"type":"gyro","timestamp":1531636201956,"x":0.34466552734375,"y":-4.5868682861328125,"z":-0.8228302001953125,"roomId":5555}
{"type":"accel","timestamp":1531636201965,"x":11.643585205078125,"y":4.2552947998046875,"z":-1.030670166015625,"roomId":5555}
{"type":"gyro","timestamp":1531636201966,"x":0.2877960205078125,"y":-5.349945068359375,"z":-1.0373077392578125,"roomId":5555}
{"type":"accel","timestamp":1531636201986,"x":12.224227905273438,"y":3.8745880126953125,"z":-1.5344696044921875,"roomId":5555}
{"type":"gyro","timestamp":1531636201987,"x":0.2416534423828125,"y":-6.7048797607421875,"z":-1.4904632568359375,"roomId":5555}
{"type":"gyro","timestamp":1531636201999,"x":0.2017822265625,"y":-6.9351348876953125,"z":-1.653350830078125,"roomId":5555}
{"type":"accel","timestamp":1531636202005,"x":13.013198852539062,"y":4.0183563232421875,"z":-4.02191162109375,"roomId":5555}
{"type":"accel","timestamp":1531636202015,"x":12.697662353515625,"y":4.1082000732421875,"z":-5.26031494140625,"roomId":5555}
{"type":"gyro","timestamp":1531636202016,"x":-0.315155029296875,"y":-6.42010498046875,"z":-1.766143798828125,"roomId":5555}
{"type":"accel","timestamp":1531636202035,"x":11.142013549804688,"y":4.079803466796875,"z":-5.5505523681640625,"roomId":5555}
{"type":"gyro","timestamp":1531636202036,"x":-1.0359039306640625,"y":-6.6777496337890625,"z":-1.9587860107421875,"roomId":5555}
{"type":"accel","timestamp":1531636202046,"x":10.723831176757812,"y":4.098785400390625,"z":-5.547698974609375,"roomId":5555}
{"type":"gyro","timestamp":1531636202047,"x":-1.238250732421875,"y":-7.1786346435546875,"z":-2.1048736572265625,"roomId":5555}
{"type":"accel","timestamp":1531636202065,"x":9.894927978515625,"y":4.356903076171875,"z":-5.7227630615234375,"roomId":5555}
{"type":"gyro","timestamp":1531636202066,"x":-1.45477294921875,"y":-8.646514892578125,"z":-2.541351318359375,"roomId":5555}
{"type":"accel","timestamp":1531636202075,"x":8.985244750976562,"y":3.9534454345703125,"z":-5.2269439697265625,"roomId":5555}
{"type":"gyro","timestamp":1531636202076,"x":-1.5649871826171875,"y":-9.392654418945312,"z":-2.771514892578125,"roomId":5555}
{"type":"accel","timestamp":1531636202085,"x":7.558929443359375,"y":3.727752685546875,"z":-3.8782958984375,"roomId":5555}
{"type":"gyro","timestamp":1531636202095,"x":-1.7182159423828125,"y":-10.350555419921875,"z":-2.8786468505859375,"roomId":5555}
{"type":"accel","timestamp":1531636202105,"x":5.9727020263671875,"y":4.085723876953125,"z":-2.1488494873046875,"roomId":5555}
{"type":"gyro","timestamp":1531636202107,"x":-1.7188873291015625,"y":-10.413055419921875,"z":-2.6874847412109375,"roomId":5555}
{"type":"accel","timestamp":1531636202117,"x":5.7233428955078125,"y":4.4014129638671875,"z":-1.7822418212890625,"roomId":5555}
{"type":"gyro","timestamp":1531636202119,"x":-1.74603271484375,"y":-10.140335083007812,"z":-2.4605560302734375,"roomId":5555}
{"type":"accel","timestamp":1531636202134,"x":4.0052032470703125,"y":5.36138916015625,"z":-0.0678253173828125,"roomId":5555}
{"type":"gyro","timestamp":1531636202136,"x":-2.1943511962890625,"y":-8.777587890625,"z":-2.005645751953125,"roomId":5555}
{"type":"accel","timestamp":1531636202144,"x":3.6667938232421875,"y":6.0487213134765625,"z":1.7602996826171875,"roomId":5555}
{"type":"gyro","timestamp":1531636202146,"x":-2.5863037109375,"y":-7.7825775146484375,"z":-1.69146728515625,"roomId":5555}
{"type":"accel","timestamp":1531636202154,"x":3.1622772216796875,"y":6.9697723388671875,"z":6.9146728515625,"roomId":5555}
{"type":"accel","timestamp":1531636202165,"x":3.4997100830078125,"y":8.0592041015625,"z":12.109939575195312,"roomId":5555}
{"type":"gyro","timestamp":1531636202166,"x":-3.22296142578125,"y":-5.4967193603515625,"z":-1.0002899169921875,"roomId":5555}
{"type":"accel","timestamp":1531636202175,"x":4.35186767578125,"y":8.100555419921875,"z":15.7857666015625,"roomId":5555}
{"type":"gyro","timestamp":1531636202176,"x":-3.1459503173828125,"y":-4.3241119384765625,"z":-0.6902008056640625,"roomId":5555}
{"type":"accel","timestamp":1531636202194,"x":4.514556884765625,"y":6.65325927734375,"z":21.645172119140625,"roomId":5555}
{"type":"gyro","timestamp":1531636202196,"x":-2.777587890625,"y":-1.8893280029296875,"z":-0.3033599853515625,"roomId":5555}
{"type":"accel",